{
  "volume": [
    11792.141238689423
  ],
  "volume_endpoints": [
    3231.3605365753174
  ],
  "streamlines_count": [
    2841
  ],
  "avg_length": [
    59.47067642211914
  ],
  "std_length": [
    6.068246364593506
  ],
  "min_length": [
    45.08998107910156
  ],
  "max_length": [
    82.103515625
  ],
  "span": [
    25.82571029663086
  ],
  "curl": [
    2.30277021383135
  ],
  "diameter": [
    15.889124073622185
  ],
  "elongation": [
    3.7428543037716886
  ],
  "surface_area": [
    6999.990181083191
  ],
  "end_surface_area_head": [
    955.718216605454
  ],
  "end_surface_area_tail": [
    2505.5315408305146
  ],
  "radius_head": [
    4.739881159213868
  ],
  "radius_tail": [
    6.966105094001522
  ],
  "irregularity": [
    2.3580050104990353
  ],
  "irregularity_of_end_surface_head": [
    0.07385075074440194
  ],
  "irregularity_of_end_surface_tail": [
    0.06084572114890009
  ],
  "mean_curvature": [
    0.4050905305770282
  ],
  "fractal_dimension": [
    2.3407624207237654
  ]
}