{
  "volume": [
    8014.471546649933
  ],
  "volume_endpoints": [
    2005.0708365440369
  ],
  "streamlines_count": [
    2854
  ],
  "avg_length": [
    57.40460205078125
  ],
  "std_length": [
    4.849969387054443
  ],
  "min_length": [
    43.90108871459961
  ],
  "max_length": [
    74.6484603881836
  ],
  "span": [
    24.559541702270508
  ],
  "curl": [
    2.337364546402519
  ],
  "diameter": [
    13.33273200684099
  ],
  "elongation": [
    4.30553933142338
  ],
  "surface_area": [
    4416.967974041423
  ],
  "end_surface_area_head": [
    949.2606610878496
  ],
  "end_surface_area_tail": [
    852.3973283237833
  ],
  "radius_head": [
    4.550453993042235
  ],
  "radius_tail": [
    4.431692893938013
  ],
  "irregularity": [
    1.8369972972612885
  ],
  "irregularity_of_end_surface_head": [
    0.06852891329224918
  ],
  "irregularity_of_end_surface_tail": [
    0.07238475473288254
  ],
  "mean_curvature": [
    0.3978930413409723
  ],
  "fractal_dimension": [
    2.333639058688876
  ]
}