{
  "volume": [
    7973.788949966431
  ],
  "volume_endpoints": [
    1452.94988155365
  ],
  "streamlines_count": [
    782
  ],
  "avg_length": [
    76.8411636352539
  ],
  "std_length": [
    5.463005542755127
  ],
  "min_length": [
    59.33043670654297
  ],
  "max_length": [
    94.98595428466797
  ],
  "span": [
    36.025177001953125
  ],
  "curl": [
    2.132985040742143
  ],
  "diameter": [
    11.494509965717052
  ],
  "elongation": [
    6.685031712046577
  ],
  "surface_area": [
    5217.704858224371
  ],
  "end_surface_area_head": [
    1071.9542159223336
  ],
  "end_surface_area_tail": [
    658.6706627956507
  ],
  "radius_head": [
    4.448566407983445
  ],
  "radius_tail": [
    4.489724296726512
  ],
  "irregularity": [
    1.8803783517270918
  ],
  "irregularity_of_end_surface_head": [
    0.05799810343827362
  ],
  "irregularity_of_end_surface_tail": [
    0.0961437147089435
  ],
  "mean_curvature": [
    0.3802288937599153
  ],
  "fractal_dimension": [
    2.2979546026478466
  ]
}