{
  "volume": [
    18004.95493221283
  ],
  "volume_endpoints": [
    4666.8750195503235
  ],
  "streamlines_count": [
    3860
  ],
  "avg_length": [
    66.75733947753906
  ],
  "std_length": [
    5.833621978759766
  ],
  "min_length": [
    47.99628448486328
  ],
  "max_length": [
    85.39533996582031
  ],
  "span": [
    28.688018798828125
  ],
  "curl": [
    2.3270111451637097
  ],
  "diameter": [
    18.531115740914938
  ],
  "elongation": [
    3.602445768019527
  ],
  "surface_area": [
    9712.163498477046
  ],
  "end_surface_area_head": [
    968.6333276406629
  ],
  "end_surface_area_tail": [
    3932.651310221091
  ],
  "radius_head": [
    4.530393604572818
  ],
  "radius_tail": [
    8.50776294286415
  ],
  "irregularity": [
    2.4989957842517083
  ],
  "irregularity_of_end_surface_head": [
    0.06656751366240862
  ],
  "irregularity_of_end_surface_tail": [
    0.05782227730848342
  ],
  "mean_curvature": [
    0.39302633882649823
  ],
  "fractal_dimension": [
    2.411093387263718
  ]
}