{
  "volume": [
    20248.309549331665
  ],
  "volume_endpoints": [
    3655.621901988983
  ],
  "streamlines_count": [
    4282
  ],
  "avg_length": [
    75.67766571044922
  ],
  "std_length": [
    5.687788009643555
  ],
  "min_length": [
    58.97332000732422
  ],
  "max_length": [
    93.32473754882812
  ],
  "span": [
    30.17491912841797
  ],
  "curl": [
    2.507965817186828
  ],
  "diameter": [
    18.457189928707976
  ],
  "elongation": [
    4.10017266998708
  ],
  "surface_area": [
    10209.395273332586
  ],
  "end_surface_area_head": [
    949.2606610878496
  ],
  "end_surface_area_tail": [
    2266.601986679151
  ],
  "radius_head": [
    4.442798954579094
  ],
  "radius_tail": [
    8.607419730424825
  ],
  "irregularity": [
    2.326573820373227
  ],
  "irregularity_of_end_surface_head": [
    0.06532474322881514
  ],
  "irregularity_of_end_surface_tail": [
    0.10268820685494422
  ],
  "mean_curvature": [
    0.3903366167834294
  ],
  "fractal_dimension": [
    2.4285546012579946
  ]
}