{
  "volume": [
    8642.14589548111
  ],
  "volume_endpoints": [
    1272.7840962409973
  ],
  "streamlines_count": [
    419
  ],
  "avg_length": [
    82.80242919921875
  ],
  "std_length": [
    5.794783592224121
  ],
  "min_length": [
    64.68973541259766
  ],
  "max_length": [
    100.21542358398438
  ],
  "span": [
    39.11544418334961
  ],
  "curl": [
    2.116873038973836
  ],
  "diameter": [
    11.527743834851906
  ],
  "elongation": [
    7.182882477738758
  ],
  "surface_area": [
    6121.762630688989
  ],
  "end_surface_area_head": [
    1020.2937717814982
  ],
  "end_surface_area_tail": [
    768.4491065949259
  ],
  "radius_head": [
    4.446872781788822
  ],
  "radius_tail": [
    5.022047647752765
  ],
  "irregularity": [
    2.0414522121540486
  ],
  "irregularity_of_end_surface_head": [
    0.060888327849120634
  ],
  "irregularity_of_end_surface_tail": [
    0.103108963321277
  ],
  "mean_curvature": [
    0.37407190781220045
  ],
  "fractal_dimension": [
    2.2628432708488817
  ]
}