{
  "volume": [
    9967.236187458038
  ],
  "volume_endpoints": [
    2109.6832280158997
  ],
  "streamlines_count": [
    1220
  ],
  "avg_length": [
    80.51534271240234
  ],
  "std_length": [
    6.929856300354004
  ],
  "min_length": [
    64.59774780273438
  ],
  "max_length": [
    102.5815200805664
  ],
  "span": [
    33.05888748168945
  ],
  "curl": [
    2.4355127726847408
  ],
  "diameter": [
    12.554606675080475
  ],
  "elongation": [
    6.413211086271346
  ],
  "surface_area": [
    6476.928184157232
  ],
  "end_surface_area_head": [
    955.718216605454
  ],
  "end_surface_area_tail": [
    1459.4075469785987
  ],
  "radius_head": [
    4.614416575523301
  ],
  "radius_tail": [
    5.72446191470298
  ],
  "irregularity": [
    2.039564536384665
  ],
  "irregularity_of_end_surface_head": [
    0.06999283847505162
  ],
  "irregularity_of_end_surface_tail": [
    0.0705411646297198
  ],
  "mean_curvature": [
    0.37342912996890115
  ],
  "fractal_dimension": [
    2.279419049877251
  ]
}