{
  "volume": [
    9827.752998828888
  ],
  "volume_endpoints": [
    2289.8490133285522
  ],
  "streamlines_count": [
    2778
  ],
  "avg_length": [
    74.44387817382812
  ],
  "std_length": [
    6.14470100402832
  ],
  "min_length": [
    59.42863082885742
  ],
  "max_length": [
    91.68251037597656
  ],
  "span": [
    33.77647399902344
  ],
  "curl": [
    2.204015675999232
  ],
  "diameter": [
    12.964855504716892
  ],
  "elongation": [
    5.741975153270613
  ],
  "surface_area": [
    5740.766855150328
  ],
  "end_surface_area_head": [
    897.6002169470142
  ],
  "end_surface_area_tail": [
    1330.2564366265103
  ],
  "radius_head": [
    4.610937894583005
  ],
  "radius_tail": [
    5.658228528254298
  ],
  "irregularity": [
    1.893317139028656
  ],
  "irregularity_of_end_surface_head": [
    0.07441242694304731
  ],
  "irregularity_of_end_surface_tail": [
    0.07560934430100841
  ],
  "mean_curvature": [
    0.36705826363433086
  ],
  "fractal_dimension": [
    2.374780876790937
  ]
}