{
  "volume": [
    7090.3954219818115
  ],
  "volume_endpoints": [
    2458.3911995887756
  ],
  "streamlines_count": [
    2474
  ],
  "avg_length": [
    54.425045013427734
  ],
  "std_length": [
    5.381601810455322
  ],
  "min_length": [
    39.106361389160156
  ],
  "max_length": [
    72.93603515625
  ],
  "span": [
    25.99811363220215
  ],
  "curl": [
    2.093422845341172
  ],
  "diameter": [
    12.879259353578194
  ],
  "elongation": [
    4.225789971246059
  ],
  "surface_area": [
    4804.421305097688
  ],
  "end_surface_area_head": [
    878.227550394201
  ],
  "end_surface_area_tail": [
    1795.2004338940285
  ],
  "radius_head": [
    4.4993839218782625
  ],
  "radius_tail": [
    5.579797771800251
  ],
  "irregularity": [
    2.18173262383844
  ],
  "irregularity_of_end_surface_head": [
    0.07241839908180162
  ],
  "irregularity_of_end_surface_tail": [
    0.054484609977323926
  ],
  "mean_curvature": [
    0.37455791544557676
  ],
  "fractal_dimension": [
    2.205588955554472
  ]
}