{
  "volume": [
    7985.41254901886
  ],
  "volume_endpoints": [
    1749.3516573905945
  ],
  "streamlines_count": [
    1439
  ],
  "avg_length": [
    63.548622131347656
  ],
  "std_length": [
    4.918329238891602
  ],
  "min_length": [
    50.32621383666992
  ],
  "max_length": [
    81.49820709228516
  ],
  "span": [
    26.57090950012207
  ],
  "curl": [
    2.3916615323632677
  ],
  "diameter": [
    12.64883912472102
  ],
  "elongation": [
    5.024067545230106
  ],
  "surface_area": [
    4714.015527851226
  ],
  "end_surface_area_head": [
    723.2462179716949
  ],
  "end_surface_area_tail": [
    981.5484386758717
  ],
  "radius_head": [
    4.021810508209268
  ],
  "radius_tail": [
    4.6714855301572005
  ],
  "irregularity": [
    1.8667421275107805
  ],
  "irregularity_of_end_surface_head": [
    0.07025980019504358
  ],
  "irregularity_of_end_surface_tail": [
    0.06984706346260175
  ],
  "mean_curvature": [
    0.3800781103287247
  ],
  "fractal_dimension": [
    2.3871588395403256
  ]
}