{
  "volume": [
    8694.452091217041
  ],
  "volume_endpoints": [
    1842.340449810028
  ],
  "streamlines_count": [
    2429
  ],
  "avg_length": [
    72.96075439453125
  ],
  "std_length": [
    4.82554817199707
  ],
  "min_length": [
    58.73973083496094
  ],
  "max_length": [
    89.11883544921875
  ],
  "span": [
    34.21133804321289
  ],
  "curl": [
    2.132648372372146
  ],
  "diameter": [
    12.317753554746623
  ],
  "elongation": [
    5.923219203100224
  ],
  "surface_area": [
    5327.483302023646
  ],
  "end_surface_area_head": [
    1059.0391048871247
  ],
  "end_surface_area_tail": [
    761.9915510773214
  ],
  "radius_head": [
    4.769446420105573
  ],
  "radius_tail": [
    4.500278639660904
  ],
  "irregularity": [
    1.8869109201155327
  ],
  "irregularity_of_end_surface_head": [
    0.06747980588430848
  ],
  "irregularity_of_end_surface_tail": [
    0.0834984715249891
  ],
  "mean_curvature": [
    0.36788511876217767
  ],
  "fractal_dimension": [
    2.3544083200824293
  ]
}