{
  "volume": [
    19039.45524787903
  ],
  "volume_endpoints": [
    4498.3328332901
  ],
  "streamlines_count": [
    3738
  ],
  "avg_length": [
    71.51136779785156
  ],
  "std_length": [
    7.753417015075684
  ],
  "min_length": [
    49.1451301574707
  ],
  "max_length": [
    95.7627182006836
  ],
  "span": [
    31.908308029174805
  ],
  "curl": [
    2.2411519825014348
  ],
  "diameter": [
    18.41173756756733
  ],
  "elongation": [
    3.884009726698493
  ],
  "surface_area": [
    10687.254381635314
  ],
  "end_surface_area_head": [
    949.2606610878496
  ],
  "end_surface_area_tail": [
    4094.0901981612014
  ],
  "radius_head": [
    4.623592799814794
  ],
  "radius_tail": [
    8.385902616425321
  ],
  "irregularity": [
    2.5837257478049884
  ],
  "irregularity_of_end_surface_head": [
    0.0707495279952223
  ],
  "irregularity_of_end_surface_tail": [
    0.053962504223447484
  ],
  "mean_curvature": [
    0.38794959013222247
  ],
  "fractal_dimension": [
    2.42538767355643
  ]
}