{
  "volume": [
    10757.640923023224
  ],
  "volume_endpoints": [
    2272.4136147499084
  ],
  "streamlines_count": [
    3264
  ],
  "avg_length": [
    63.4415168762207
  ],
  "std_length": [
    5.69575309753418
  ],
  "min_length": [
    48.69904327392578
  ],
  "max_length": [
    83.02925109863281
  ],
  "span": [
    28.729249954223633
  ],
  "curl": [
    2.208255244300029
  ],
  "diameter": [
    14.693552266185787
  ],
  "elongation": [
    4.317643257867494
  ],
  "surface_area": [
    6050.7295199953405
  ],
  "end_surface_area_head": [
    897.6002169470142
  ],
  "end_surface_area_tail": [
    1388.3744362849502
  ],
  "radius_head": [
    4.551293409741535
  ],
  "radius_tail": [
    5.855629148278895
  ],
  "irregularity": [
    2.066129346730865
  ],
  "irregularity_of_end_surface_head": [
    0.07249976389646419
  ],
  "irregularity_of_end_surface_tail": [
    0.0775872559045543
  ],
  "mean_curvature": [
    0.3874410089361025
  ],
  "fractal_dimension": [
    2.383726363342158
  ]
}