{
  "volume": [
    15755.78851556778
  ],
  "volume_endpoints": [
    3161.618942260742
  ],
  "streamlines_count": [
    2464
  ],
  "avg_length": [
    82.51236724853516
  ],
  "std_length": [
    5.639516830444336
  ],
  "min_length": [
    61.875999450683594
  ],
  "max_length": [
    100.48748779296875
  ],
  "span": [
    37.02402877807617
  ],
  "curl": [
    2.228616657120658
  ],
  "diameter": [
    15.592494775083152
  ],
  "elongation": [
    5.291800217909333
  ],
  "surface_area": [
    8872.681281188472
  ],
  "end_surface_area_head": [
    962.1757721230584
  ],
  "end_surface_area_tail": [
    2389.295541513635
  ],
  "radius_head": [
    4.699134872969289
  ],
  "radius_tail": [
    8.490699321518083
  ],
  "irregularity": [
    2.1951810977472332
  ],
  "irregularity_of_end_surface_head": [
    0.07209933781104201
  ],
  "irregularity_of_end_surface_tail": [
    0.0947909603514819
  ],
  "mean_curvature": [
    0.3745000817050988
  ],
  "fractal_dimension": [
    2.3896410028706168
  ]
}