{
  "volume": [
    13768.153077602386
  ],
  "volume_endpoints": [
    3376.6555247306824
  ],
  "streamlines_count": [
    8898
  ],
  "avg_length": [
    57.62192153930664
  ],
  "std_length": [
    7.112495422363281
  ],
  "min_length": [
    42.098480224609375
  ],
  "max_length": [
    99.65155029296875
  ],
  "span": [
    25.83344268798828
  ],
  "curl": [
    2.2305165531073015
  ],
  "diameter": [
    17.44211051524864
  ],
  "elongation": [
    3.3036094736890407
  ],
  "surface_area": [
    7019.362847636004
  ],
  "end_surface_area_head": [
    1504.6104356018295
  ],
  "end_surface_area_tail": [
    1214.0204373096308
  ],
  "radius_head": [
    5.256174179729012
  ],
  "radius_tail": [
    4.934307326088433
  ],
  "irregularity": [
    2.2231104971927396
  ],
  "irregularity_of_end_surface_head": [
    0.05768531918665404
  ],
  "irregularity_of_end_surface_tail": [
    0.06300518129735402
  ],
  "mean_curvature": [
    0.39243431287847175
  ],
  "fractal_dimension": [
    2.435640325761269
  ]
}