{
  "volume": [
    6544.086266517639
  ],
  "volume_endpoints": [
    1482.008879184723
  ],
  "streamlines_count": [
    1437
  ],
  "avg_length": [
    81.70831298828125
  ],
  "std_length": [
    4.421573162078857
  ],
  "min_length": [
    70.43548583984375
  ],
  "max_length": [
    94.02315521240234
  ],
  "span": [
    39.64468002319336
  ],
  "curl": [
    2.0610158271041503
  ],
  "diameter": [
    10.098257604662956
  ],
  "elongation": [
    8.091327849524431
  ],
  "surface_area": [
    4371.765085418192
  ],
  "end_surface_area_head": [
    981.5484386758717
  ],
  "end_surface_area_tail": [
    406.8259976090784
  ],
  "radius_head": [
    4.457002199550656
  ],
  "radius_tail": [
    2.9680822834063987
  ],
  "irregularity": [
    1.6865307172637827
  ],
  "irregularity_of_end_surface_head": [
    0.06358048448819927
  ],
  "irregularity_of_end_surface_tail": [
    0.06802883721597924
  ],
  "mean_curvature": [
    0.3569093166786345
  ],
  "fractal_dimension": [
    2.231258503870944
  ]
}