{
  "volume": [
    8299.249723434448
  ],
  "volume_endpoints": [
    1871.399447441101
  ],
  "streamlines_count": [
    2711
  ],
  "avg_length": [
    70.63770294189453
  ],
  "std_length": [
    4.591275691986084
  ],
  "min_length": [
    56.63418197631836
  ],
  "max_length": [
    85.39088439941406
  ],
  "span": [
    33.5922966003418
  ],
  "curl": [
    2.102794690767758
  ],
  "diameter": [
    12.230837373027136
  ],
  "elongation": [
    5.775377497674281
  ],
  "surface_area": [
    4972.317748555402
  ],
  "end_surface_area_head": [
    994.4635497110805
  ],
  "end_surface_area_tail": [
    729.7037734892994
  ],
  "radius_head": [
    4.492498719430161
  ],
  "radius_tail": [
    4.699664296583969
  ],
  "irregularity": [
    1.8319610740797923
  ],
  "irregularity_of_end_surface_head": [
    0.06375832911842289
  ],
  "irregularity_of_end_surface_tail": [
    0.09509046128708135
  ],
  "mean_curvature": [
    0.3642311134777224
  ],
  "fractal_dimension": [
    2.3461742541847173
  ]
}