{
  "volume": [
    9083.84265947342
  ],
  "volume_endpoints": [
    1702.8572611808777
  ],
  "streamlines_count": [
    896
  ],
  "avg_length": [
    57.98977279663086
  ],
  "std_length": [
    5.91567850112915
  ],
  "min_length": [
    44.198089599609375
  ],
  "max_length": [
    77.22692108154297
  ],
  "span": [
    23.63394546508789
  ],
  "curl": [
    2.4536644921303328
  ],
  "diameter": [
    14.122583699956412
  ],
  "elongation": [
    4.106173064976052
  ],
  "surface_area": [
    5101.468858907491
  ],
  "end_surface_area_head": [
    1188.190215239213
  ],
  "end_surface_area_tail": [
    813.6519952181568
  ],
  "radius_head": [
    4.978451649103974
  ],
  "radius_tail": [
    4.116937742837639
  ],
  "irregularity": [
    1.9828040745924422
  ],
  "irregularity_of_end_surface_head": [
    0.06553185901766348
  ],
  "irregularity_of_end_surface_tail": [
    0.06544248438855697
  ],
  "mean_curvature": [
    0.41353595230196205
  ],
  "fractal_dimension": [
    2.3151061657700676
  ]
}