{
  "volume": [
    13849.51827096939
  ],
  "volume_endpoints": [
    2998.8885555267334
  ],
  "streamlines_count": [
    3162
  ],
  "avg_length": [
    71.86357116699219
  ],
  "std_length": [
    7.370530128479004
  ],
  "min_length": [
    54.187503814697266
  ],
  "max_length": [
    95.54367065429688
  ],
  "span": [
    31.63514518737793
  ],
  "curl": [
    2.271637153594128
  ],
  "diameter": [
    15.664552605919347
  ],
  "elongation": [
    4.587655515921742
  ],
  "surface_area": [
    7464.934178350708
  ],
  "end_surface_area_head": [
    994.4635497110805
  ],
  "end_surface_area_tail": [
    1672.5068790595446
  ],
  "radius_head": [
    4.6614500797711536
  ],
  "radius_tail": [
    5.669708312198955
  ],
  "irregularity": [
    2.110810857255817
  ],
  "irregularity_of_end_surface_head": [
    0.06864407838059425
  ],
  "irregularity_of_end_surface_tail": [
    0.0603814298297196
  ],
  "mean_curvature": [
    0.3852748895732004
  ],
  "fractal_dimension": [
    2.324337250833611
  ]
}