{
  "volume": [
    4922.594198703766
  ],
  "volume_endpoints": [
    947.3233227729797
  ],
  "streamlines_count": [
    319
  ],
  "avg_length": [
    57.96322250366211
  ],
  "std_length": [
    4.902186393737793
  ],
  "min_length": [
    47.061851501464844
  ],
  "max_length": [
    72.36717987060547
  ],
  "span": [
    25.531877517700195
  ],
  "curl": [
    2.2702295380932562
  ],
  "diameter": [
    10.398622585230312
  ],
  "elongation": [
    5.574125037097721
  ],
  "surface_area": [
    3758.297311245772
  ],
  "end_surface_area_head": [
    736.1613290069038
  ],
  "end_surface_area_tail": [
    555.34977451398
  ],
  "radius_head": [
    3.54761772955304
  ],
  "radius_tail": [
    3.6077607509264196
  ],
  "irregularity": [
    1.984782501116059
  ],
  "irregularity_of_end_surface_head": [
    0.053709425383334244
  ],
  "irregularity_of_end_surface_tail": [
    0.07363066653334173
  ],
  "mean_curvature": [
    0.40435181730966957
  ],
  "fractal_dimension": [
    2.149070923974853
  ]
}