{
  "volume": [
    9647.587213516235
  ],
  "volume_endpoints": [
    2005.0708365440369
  ],
  "streamlines_count": [
    1055
  ],
  "avg_length": [
    66.34432983398438
  ],
  "std_length": [
    10.692437171936035
  ],
  "min_length": [
    46.185951232910156
  ],
  "max_length": [
    99.36466979980469
  ],
  "span": [
    27.876609802246094
  ],
  "curl": [
    2.379928201622237
  ],
  "diameter": [
    13.607003929207483
  ],
  "elongation": [
    4.875748561487223
  ],
  "surface_area": [
    6173.423074829825
  ],
  "end_surface_area_head": [
    1168.8175486863997
  ],
  "end_surface_area_tail": [
    1039.6664383343114
  ],
  "radius_head": [
    4.607205326368115
  ],
  "radius_tail": [
    4.966891478539146
  ],
  "irregularity": [
    2.1767564826515216
  ],
  "irregularity_of_end_surface_head": [
    0.057052973554047315
  ],
  "irregularity_of_end_surface_tail": [
    0.07454614512591355
  ],
  "mean_curvature": [
    0.38650924696176536
  ],
  "fractal_dimension": [
    2.2931607580994595
  ]
}