{
  "volume": [
    10019.54238319397
  ],
  "volume_endpoints": [
    2772.228374004364
  ],
  "streamlines_count": [
    3470
  ],
  "avg_length": [
    60.43772506713867
  ],
  "std_length": [
    5.646285057067871
  ],
  "min_length": [
    46.24699783325195
  ],
  "max_length": [
    79.23054504394531
  ],
  "span": [
    26.23157501220703
  ],
  "curl": [
    2.3040067185829898
  ],
  "diameter": [
    14.528639519470374
  ],
  "elongation": [
    4.159902583180195
  ],
  "surface_area": [
    5372.686190646877
  ],
  "end_surface_area_head": [
    1130.0722155807734
  ],
  "end_surface_area_tail": [
    1356.086658696928
  ],
  "radius_head": [
    4.549124742272005
  ],
  "radius_tail": [
    5.36210723262967
  ],
  "irregularity": [
    1.9476393713866942
  ],
  "irregularity_of_end_surface_head": [
    0.0575306614229695
  ],
  "irregularity_of_end_surface_tail": [
    0.0666090775133743
  ],
  "mean_curvature": [
    0.39040477733618933
  ],
  "fractal_dimension": [
    2.3863685956445044
  ]
}