{
  "volume": [
    15976.636897563934
  ],
  "volume_endpoints": [
    4056.6360692977905
  ],
  "streamlines_count": [
    2995
  ],
  "avg_length": [
    79.326171875
  ],
  "std_length": [
    6.722218990325928
  ],
  "min_length": [
    60.22356033325195
  ],
  "max_length": [
    101.12985229492188
  ],
  "span": [
    32.41584777832031
  ],
  "curl": [
    2.447141670255907
  ],
  "diameter": [
    16.013619077284023
  ],
  "elongation": [
    4.953669216943435
  ],
  "surface_area": [
    8821.020837047636
  ],
  "end_surface_area_head": [
    1123.614660063169
  ],
  "end_surface_area_tail": [
    2473.2437632424926
  ],
  "radius_head": [
    4.664734595147806
  ],
  "radius_tail": [
    7.1470699314176915
  ],
  "irregularity": [
    2.210359859571013
  ],
  "irregularity_of_end_surface_head": [
    0.060839600567168486
  ],
  "irregularity_of_end_surface_tail": [
    0.06488420879413903
  ],
  "mean_curvature": [
    0.3816047461880666
  ],
  "fractal_dimension": [
    2.376854011163717
  ]
}