{
  "volume": [
    10978.489305019379
  ],
  "volume_endpoints": [
    2568.815390586853
  ],
  "streamlines_count": [
    1935
  ],
  "avg_length": [
    76.82926940917969
  ],
  "std_length": [
    5.817752838134766
  ],
  "min_length": [
    59.5805778503418
  ],
  "max_length": [
    93.52359008789062
  ],
  "span": [
    34.46044158935547
  ],
  "curl": [
    2.2294917263309704
  ],
  "diameter": [
    13.488479592155688
  ],
  "elongation": [
    5.695917681771951
  ],
  "surface_area": [
    6580.249072438903
  ],
  "end_surface_area_head": [
    1446.4924359433899
  ],
  "end_surface_area_tail": [
    1071.9542159223336
  ],
  "radius_head": [
    5.493264250571362
  ],
  "radius_tail": [
    4.908436298477058
  ],
  "irregularity": [
    2.0211695994528474
  ],
  "irregularity_of_end_surface_head": [
    0.06553822692767318
  ],
  "irregularity_of_end_surface_tail": [
    0.07060898266890782
  ],
  "mean_curvature": [
    0.37658777848386643
  ],
  "fractal_dimension": [
    2.3259024277863882
  ]
}