{
  "volume": [
    10478.674545764923
  ],
  "volume_endpoints": [
    2487.4501972198486
  ],
  "streamlines_count": [
    2146
  ],
  "avg_length": [
    76.13581848144531
  ],
  "std_length": [
    5.227840900421143
  ],
  "min_length": [
    57.981651306152344
  ],
  "max_length": [
    92.22801208496094
  ],
  "span": [
    33.56867980957031
  ],
  "curl": [
    2.268061148467902
  ],
  "diameter": [
    13.237736278376005
  ],
  "elongation": [
    5.75142281734484
  ],
  "surface_area": [
    6134.677741724198
  ],
  "end_surface_area_head": [
    1362.5442142145325
  ],
  "end_surface_area_tail": [
    1013.8362162638938
  ],
  "radius_head": [
    5.57919550457753
  ],
  "radius_tail": [
    4.568025726015621
  ],
  "irregularity": [
    1.9374885092358807
  ],
  "irregularity_of_end_surface_head": [
    0.07176991451934651
  ],
  "irregularity_of_end_surface_tail": [
    0.06466051418526292
  ],
  "mean_curvature": [
    0.3823740765632921
  ],
  "fractal_dimension": [
    2.337764277349143
  ]
}