{
  "volume": [
    8700.263890743256
  ],
  "volume_endpoints": [
    1383.2082872390747
  ],
  "streamlines_count": [
    1141
  ],
  "avg_length": [
    58.06370544433594
  ],
  "std_length": [
    6.085272789001465
  ],
  "min_length": [
    43.89558410644531
  ],
  "max_length": [
    76.7726058959961
  ],
  "span": [
    25.236827850341797
  ],
  "curl": [
    2.300752923016414
  ],
  "diameter": [
    13.812392094801934
  ],
  "elongation": [
    4.203740021700314
  ],
  "surface_area": [
    4533.203973358302
  ],
  "end_surface_area_head": [
    497.23177485554027
  ],
  "end_surface_area_tail": [
    1117.1571045455644
  ],
  "radius_head": [
    3.3474864755575977
  ],
  "radius_tail": [
    5.2296820647476014
  ],
  "irregularity": [
    1.7992095272063593
  ],
  "irregularity_of_end_surface_head": [
    0.07079925064046044
  ],
  "irregularity_of_end_surface_tail": [
    0.07691059921044069
  ],
  "mean_curvature": [
    0.3928747320519948
  ],
  "fractal_dimension": [
    2.413093085375936
  ]
}