{
  "volume": [
    11251.643882751465
  ],
  "volume_endpoints": [
    3068.6301498413086
  ],
  "streamlines_count": [
    1787
  ],
  "avg_length": [
    78.08837890625
  ],
  "std_length": [
    6.341155529022217
  ],
  "min_length": [
    57.10794448852539
  ],
  "max_length": [
    98.57948303222656
  ],
  "span": [
    35.847286224365234
  ],
  "curl": [
    2.17836235684624
  ],
  "diameter": [
    13.544714175791357
  ],
  "elongation": [
    5.7652289958113965
  ],
  "surface_area": [
    6864.381515213498
  ],
  "end_surface_area_head": [
    1433.577324908181
  ],
  "end_surface_area_tail": [
    1769.3702118236108
  ],
  "radius_head": [
    5.588891250918696
  ],
  "radius_tail": [
    5.799022116219215
  ],
  "irregularity": [
    2.0658333703505054
  ],
  "irregularity_of_end_surface_head": [
    0.06845104268545361
  ],
  "irregularity_of_end_surface_tail": [
    0.05970912286187003
  ],
  "mean_curvature": [
    0.3887099459742326
  ],
  "fractal_dimension": [
    2.298001180021475
  ]
}