{
  "volume": [
    12501.180780887604
  ],
  "volume_endpoints": [
    2127.1186265945435
  ],
  "streamlines_count": [
    2779
  ],
  "avg_length": [
    79.6692123413086
  ],
  "std_length": [
    5.970179557800293
  ],
  "min_length": [
    65.23799133300781
  ],
  "max_length": [
    99.27385711669922
  ],
  "span": [
    37.645240783691406
  ],
  "curl": [
    2.116315653261082
  ],
  "diameter": [
    14.134658343168354
  ],
  "elongation": [
    5.636444150757615
  ],
  "surface_area": [
    6657.739738650156
  ],
  "end_surface_area_head": [
    955.718216605454
  ],
  "end_surface_area_tail": [
    1020.2937717814982
  ],
  "radius_head": [
    4.451734700832356
  ],
  "radius_tail": [
    4.770196150816387
  ],
  "irregularity": [
    1.8819197600803221
  ],
  "irregularity_of_end_surface_head": [
    0.06514462048831593
  ],
  "irregularity_of_end_surface_tail": [
    0.07006435242627343
  ],
  "mean_curvature": [
    0.3771247426225539
  ],
  "fractal_dimension": [
    2.2764050339337016
  ]
}