{
  "volume": [
    10757.640923023224
  ],
  "volume_endpoints": [
    2028.3180346488953
  ],
  "streamlines_count": [
    2079
  ],
  "avg_length": [
    80.44017791748047
  ],
  "std_length": [
    6.629973411560059
  ],
  "min_length": [
    64.01054382324219
  ],
  "max_length": [
    101.43316650390625
  ],
  "span": [
    31.601787567138672
  ],
  "curl": [
    2.5454312591205035
  ],
  "diameter": [
    13.048995160195627
  ],
  "elongation": [
    6.164472967455261
  ],
  "surface_area": [
    6005.5266313721095
  ],
  "end_surface_area_head": [
    988.0059941934761
  ],
  "end_surface_area_tail": [
    936.3455500526408
  ],
  "radius_head": [
    4.529726895493451
  ],
  "radius_tail": [
    4.463687291707904
  ],
  "irregularity": [
    1.8211727019881176
  ],
  "irregularity_of_end_surface_head": [
    0.06524306124782199
  ],
  "irregularity_of_end_surface_tail": [
    0.06684997449658013
  ],
  "mean_curvature": [
    0.3756500088921988
  ],
  "fractal_dimension": [
    2.3028028903264923
  ]
}