{
  "volume": [
    9171.019652366638
  ],
  "volume_endpoints": [
    2371.2142066955566
  ],
  "streamlines_count": [
    1098
  ],
  "avg_length": [
    62.72893142700195
  ],
  "std_length": [
    5.731344223022461
  ],
  "min_length": [
    48.07963943481445
  ],
  "max_length": [
    80.67211151123047
  ],
  "span": [
    27.447525024414062
  ],
  "curl": [
    2.28541303345951
  ],
  "diameter": [
    13.643629789500265
  ],
  "elongation": [
    4.597671762926042
  ],
  "surface_area": [
    5850.545298949603
  ],
  "end_surface_area_head": [
    1046.1239938519159
  ],
  "end_surface_area_tail": [
    1743.5399897531931
  ],
  "radius_head": [
    4.4451430609622005
  ],
  "radius_tail": [
    6.536417911296494
  ],
  "irregularity": [
    2.175948726294868
  ],
  "irregularity_of_end_surface_head": [
    0.05933872287955487
  ],
  "irregularity_of_end_surface_tail": [
    0.0769834876967065
  ],
  "mean_curvature": [
    0.38813271114300724
  ],
  "fractal_dimension": [
    2.2586844030264195
  ]
}