{
  "volume": [
    9136.14885520935
  ],
  "volume_endpoints": [
    2074.812430858612
  ],
  "streamlines_count": [
    2541
  ],
  "avg_length": [
    61.00079345703125
  ],
  "std_length": [
    4.802982807159424
  ],
  "min_length": [
    47.81079864501953
  ],
  "max_length": [
    77.99249267578125
  ],
  "span": [
    27.10436248779297
  ],
  "curl": [
    2.2505894940161113
  ],
  "diameter": [
    13.809212119638275
  ],
  "elongation": [
    4.417398540086235
  ],
  "surface_area": [
    5049.808414766656
  ],
  "end_surface_area_head": [
    1039.6664383343114
  ],
  "end_surface_area_tail": [
    826.5671062533656
  ],
  "radius_head": [
    4.610276454635358
  ],
  "radius_tail": [
    4.385274502815565
  ],
  "irregularity": [
    1.9081857319806428
  ],
  "irregularity_of_end_surface_head": [
    0.06422583884003186
  ],
  "irregularity_of_end_surface_tail": [
    0.07309123871371401
  ],
  "mean_curvature": [
    0.3851730523851621
  ],
  "fractal_dimension": [
    2.356276750135117
  ]
}