{
  "volume": [
    12297.767797470093
  ],
  "volume_endpoints": [
    2743.169376373291
  ],
  "streamlines_count": [
    3211
  ],
  "avg_length": [
    73.55679321289062
  ],
  "std_length": [
    4.68194055557251
  ],
  "min_length": [
    59.62056350708008
  ],
  "max_length": [
    88.62386322021484
  ],
  "span": [
    34.16246795654297
  ],
  "curl": [
    2.153146350739647
  ],
  "diameter": [
    14.590050996481914
  ],
  "elongation": [
    5.041572043211317
  ],
  "surface_area": [
    6696.485071755783
  ],
  "end_surface_area_head": [
    975.0908831582673
  ],
  "end_surface_area_tail": [
    1756.455100788402
  ],
  "radius_head": [
    4.509198696716128
  ],
  "radius_tail": [
    5.844991386670381
  ],
  "irregularity": [
    1.9861746518379555
  ],
  "irregularity_of_end_surface_head": [
    0.06550938501199177
  ],
  "irregularity_of_end_surface_tail": [
    0.06110553784307177
  ],
  "mean_curvature": [
    0.37960324737373
  ],
  "fractal_dimension": [
    2.3389503544539525
  ]
}