{
  "volume": [
    17569.069967746735
  ],
  "volume_endpoints": [
    4143.8130621910095
  ],
  "streamlines_count": [
    4441
  ],
  "avg_length": [
    75.32504272460938
  ],
  "std_length": [
    5.688940048217773
  ],
  "min_length": [
    60.801551818847656
  ],
  "max_length": [
    93.37724304199219
  ],
  "span": [
    30.355175018310547
  ],
  "curl": [
    2.4814563803098664
  ],
  "diameter": [
    17.23295492941927
  ],
  "elongation": [
    4.370988204467365
  ],
  "surface_area": [
    8976.002169470143
  ],
  "end_surface_area_head": [
    988.0059941934761
  ],
  "end_surface_area_tail": [
    2666.970428770625
  ],
  "radius_head": [
    4.541401205923542
  ],
  "radius_tail": [
    7.200740833721229
  ],
  "irregularity": [
    2.2010704197321687
  ],
  "irregularity_of_end_surface_head": [
    0.06557979203895013
  ],
  "irregularity_of_end_surface_tail": [
    0.06107817231755887
  ],
  "mean_curvature": [
    0.3771257021088397
  ],
  "fractal_dimension": [
    2.3954767906661516
  ]
}