{
  "volume": [
    9647.587213516235
  ],
  "volume_endpoints": [
    1824.9050512313843
  ],
  "streamlines_count": [
    1242
  ],
  "avg_length": [
    87.18072509765625
  ],
  "std_length": [
    5.253505706787109
  ],
  "min_length": [
    73.11550903320312
  ],
  "max_length": [
    105.50081634521484
  ],
  "span": [
    39.13203811645508
  ],
  "curl": [
    2.227860579053168
  ],
  "diameter": [
    11.87009452941777
  ],
  "elongation": [
    7.344568729557748
  ],
  "surface_area": [
    6070.102186548154
  ],
  "end_surface_area_head": [
    1104.2419935103558
  ],
  "end_surface_area_tail": [
    723.2462179716949
  ],
  "radius_head": [
    4.596095349030653
  ],
  "radius_tail": [
    4.249036707141139
  ],
  "irregularity": [
    1.8671167506163233
  ],
  "irregularity_of_end_surface_head": [
    0.06009850564267458
  ],
  "irregularity_of_end_surface_tail": [
    0.07842321948490268
  ],
  "mean_curvature": [
    0.37286212202911406
  ],
  "fractal_dimension": [
    2.2398994795622578
  ]
}