{
  "volume": [
    10525.16894197464
  ],
  "volume_endpoints": [
    1853.9640488624573
  ],
  "streamlines_count": [
    1463
  ],
  "avg_length": [
    87.3971939086914
  ],
  "std_length": [
    4.59381103515625
  ],
  "min_length": [
    75.6416244506836
  ],
  "max_length": [
    101.90587615966797
  ],
  "span": [
    40.816890716552734
  ],
  "curl": [
    2.141201653884152
  ],
  "diameter": [
    12.382856858809223
  ],
  "elongation": [
    7.057918451711458
  ],
  "surface_area": [
    6186.338185865034
  ],
  "end_surface_area_head": [
    1091.3268824751467
  ],
  "end_surface_area_tail": [
    703.8735514188817
  ],
  "radius_head": [
    4.649574906499449
  ],
  "radius_tail": [
    5.009394765280792
  ],
  "irregularity": [
    1.8195560721655355
  ],
  "irregularity_of_end_surface_head": [
    0.06223311175947375
  ],
  "irregularity_of_end_surface_tail": [
    0.11200199058303996
  ],
  "mean_curvature": [
    0.37689324577866723
  ],
  "fractal_dimension": [
    2.257598357252663
  ]
}