{
  "volume": [
    7514.656787395477
  ],
  "volume_endpoints": [
    1691.2336621284485
  ],
  "streamlines_count": [
    1518
  ],
  "avg_length": [
    75.5736083984375
  ],
  "std_length": [
    5.819859504699707
  ],
  "min_length": [
    62.51264953613281
  ],
  "max_length": [
    93.40946960449219
  ],
  "span": [
    33.776588439941406
  ],
  "curl": [
    2.2374553467060747
  ],
  "diameter": [
    11.251866089848676
  ],
  "elongation": [
    6.716539976121763
  ],
  "surface_area": [
    4720.47308336883
  ],
  "end_surface_area_head": [
    1059.0391048871247
  ],
  "end_surface_area_tail": [
    548.8922189963756
  ],
  "radius_head": [
    4.5560450370367676
  ],
  "radius_tail": [
    4.19640907652413
  ],
  "irregularity": [
    1.7670178598139976
  ],
  "irregularity_of_end_surface_head": [
    0.06157634303726695
  ],
  "irregularity_of_end_surface_tail": [
    0.10079022942328682
  ],
  "mean_curvature": [
    0.3622704827581313
  ],
  "fractal_dimension": [
    2.207371478914163
  ]
}