{
  "volume": [
    12024.613219738007
  ],
  "volume_endpoints": [
    2516.5091948509216
  ],
  "streamlines_count": [
    2929
  ],
  "avg_length": [
    77.90320587158203
  ],
  "std_length": [
    5.018005847930908
  ],
  "min_length": [
    61.93136978149414
  ],
  "max_length": [
    94.22273254394531
  ],
  "span": [
    35.23379898071289
  ],
  "curl": [
    2.211036224456708
  ],
  "diameter": [
    14.018868183936052
  ],
  "elongation": [
    5.557025349653391
  ],
  "surface_area": [
    6631.909516579738
  ],
  "end_surface_area_head": [
    1026.7513272991027
  ],
  "end_surface_area_tail": [
    1239.8506593800485
  ],
  "radius_head": [
    4.670705603333875
  ],
  "radius_tail": [
    5.094348726099247
  ],
  "irregularity": [
    1.9329491855944303
  ],
  "irregularity_of_end_surface_head": [
    0.06674974155206392
  ],
  "irregularity_of_end_surface_tail": [
    0.0657593991904992
  ],
  "mean_curvature": [
    0.37609082931501947
  ],
  "fractal_dimension": [
    2.330871330234098
  ]
}