{
  "volume": [
    12844.076952934265
  ],
  "volume_endpoints": [
    2626.933385848999
  ],
  "streamlines_count": [
    3400
  ],
  "avg_length": [
    76.1468276977539
  ],
  "std_length": [
    6.708525657653809
  ],
  "min_length": [
    56.54523468017578
  ],
  "max_length": [
    97.94105529785156
  ],
  "span": [
    31.905860900878906
  ],
  "curl": [
    2.386609404908936
  ],
  "diameter": [
    14.654823801163133
  ],
  "elongation": [
    5.196024785484643
  ],
  "surface_area": [
    7058.10818074163
  ],
  "end_surface_area_head": [
    955.718216605454
  ],
  "end_surface_area_tail": [
    1297.968659038488
  ],
  "radius_head": [
    4.493883649371572
  ],
  "radius_tail": [
    5.423163374298614
  ],
  "irregularity": [
    2.013288540261482
  ],
  "irregularity_of_end_surface_head": [
    0.06638403654887695
  ],
  "irregularity_of_end_surface_tail": [
    0.07118541846592444
  ],
  "mean_curvature": [
    0.3830600885082694
  ],
  "fractal_dimension": [
    2.39274242383403
  ]
}