{
  "volume": [
    15831.34190940857
  ],
  "volume_endpoints": [
    4068.2596683502197
  ],
  "streamlines_count": [
    8827
  ],
  "avg_length": [
    65.63992309570312
  ],
  "std_length": [
    7.711053848266602
  ],
  "min_length": [
    49.589176177978516
  ],
  "max_length": [
    111.74674987792969
  ],
  "span": [
    30.683088302612305
  ],
  "curl": [
    2.139286712221685
  ],
  "diameter": [
    17.523864715723775
  ],
  "elongation": [
    3.7457446836373873
  ],
  "surface_area": [
    8381.907061850536
  ],
  "end_surface_area_head": [
    1588.558657330687
  ],
  "end_surface_area_tail": [
    1749.9975452707977
  ],
  "radius_head": [
    5.8340771983420465
  ],
  "radius_tail": [
    5.4455233362643165
  ],
  "irregularity": [
    2.3195033979454656
  ],
  "irregularity_of_end_surface_head": [
    0.06731176214747184
  ],
  "irregularity_of_end_surface_tail": [
    0.05323431624038053
  ],
  "mean_curvature": [
    0.36982480680414487
  ],
  "fractal_dimension": [
    2.4573102671445355
  ]
}