{
  "volume": [
    19684.56499528885
  ],
  "volume_endpoints": [
    5817.611325740814
  ],
  "streamlines_count": [
    6498
  ],
  "avg_length": [
    83.4073486328125
  ],
  "std_length": [
    9.65404224395752
  ],
  "min_length": [
    48.64397048950195
  ],
  "max_length": [
    126.90923309326172
  ],
  "span": [
    32.95924377441406
  ],
  "curl": [
    2.5306208238175905
  ],
  "diameter": [
    17.33467933372564
  ],
  "elongation": [
    4.811588782639815
  ],
  "surface_area": [
    12534.115259670178
  ],
  "end_surface_area_head": [
    6606.079294509321
  ],
  "end_surface_area_tail": [
    665.1282183132552
  ],
  "radius_head": [
    8.810368003392
  ],
  "radius_tail": [
    3.82447035523623
  ],
  "irregularity": [
    2.7594573312940955
  ],
  "irregularity_of_end_surface_head": [
    0.03691426183237225
  ],
  "irregularity_of_end_surface_tail": [
    0.06908553055423099
  ],
  "mean_curvature": [
    0.3487753395384442
  ],
  "fractal_dimension": [
    2.341908645013201
  ]
}