{
  "volume": [
    20149.508957386017
  ],
  "volume_endpoints": [
    6294.178886890411
  ],
  "streamlines_count": [
    8884
  ],
  "avg_length": [
    49.838714599609375
  ],
  "std_length": [
    8.13502025604248
  ],
  "min_length": [
    27.840068817138672
  ],
  "max_length": [
    80.65792083740234
  ],
  "span": [
    24.21574592590332
  ],
  "curl": [
    2.0581118893511947
  ],
  "diameter": [
    22.688400318310425
  ],
  "elongation": [
    2.196660579872949
  ],
  "surface_area": [
    11242.604156149293
  ],
  "end_surface_area_head": [
    1465.8651024962032
  ],
  "end_surface_area_tail": [
    5527.667523069383
  ],
  "radius_head": [
    5.62377190506039
  ],
  "radius_tail": [
    14.001290074136433
  ],
  "irregularity": [
    3.1648004953182083
  ],
  "irregularity_of_end_surface_head": [
    0.06778151356904874
  ],
  "irregularity_of_end_surface_tail": [
    0.11141510295434302
  ],
  "mean_curvature": [
    0.36540094252637195
  ],
  "fractal_dimension": [
    2.3751647599927668
  ]
}