{
  "volume": [
    41722.90879869461
  ],
  "volume_endpoints": [
    5381.726361274719
  ],
  "streamlines_count": [
    9184
  ],
  "avg_length": [
    72.88485717773438
  ],
  "std_length": [
    14.798388481140137
  ],
  "min_length": [
    48.66612243652344
  ],
  "max_length": [
    155.02224731445312
  ],
  "span": [
    30.944955825805664
  ],
  "curl": [
    2.355306551026133
  ],
  "diameter": [
    26.997509026104016
  ],
  "elongation": [
    2.6996882233565205
  ],
  "surface_area": [
    18578.387224147915
  ],
  "end_surface_area_head": [
    1898.5213221756992
  ],
  "end_surface_area_tail": [
    1801.657989411633
  ],
  "radius_head": [
    6.113889854840099
  ],
  "radius_tail": [
    6.01870518405771
  ],
  "irregularity": [
    3.0053643862318724
  ],
  "irregularity_of_end_surface_head": [
    0.06185425984638688
  ],
  "irregularity_of_end_surface_tail": [
    0.06316604162200484
  ],
  "mean_curvature": [
    0.3846766318191323
  ],
  "fractal_dimension": [
    2.557515977570312
  ]
}