{
  "volume": [
    25106.97395324707
  ],
  "volume_endpoints": [
    10414.744750976562
  ],
  "streamlines_count": [
    7518
  ],
  "avg_length": [
    50.508148193359375
  ],
  "std_length": [
    8.981279373168945
  ],
  "min_length": [
    24.037647247314453
  ],
  "max_length": [
    77.41837310791016
  ],
  "span": [
    23.500661849975586
  ],
  "curl": [
    2.1492223715142664
  ],
  "diameter": [
    25.157734082331082
  ],
  "elongation": [
    2.0076588785010068
  ],
  "surface_area": [
    12947.39881279686
  ],
  "end_surface_area_head": [
    1272.1384369680704
  ],
  "end_surface_area_tail": [
    9518.436832948913
  ],
  "radius_head": [
    5.20148636712993
  ],
  "radius_tail": [
    14.585216761169907
  ],
  "irregularity": [
    3.243393817558273
  ],
  "irregularity_of_end_surface_head": [
    0.0668144545030075
  ],
  "irregularity_of_end_surface_tail": [
    0.07021178532161423
  ],
  "mean_curvature": [
    0.37783864624134306
  ],
  "fractal_dimension": [
    2.4425531638083964
  ]
}