{
  "volume": [
    14715.476400375366
  ],
  "volume_endpoints": [
    2417.7086029052734
  ],
  "streamlines_count": [
    2091
  ],
  "avg_length": [
    74.8006820678711
  ],
  "std_length": [
    12.101547241210938
  ],
  "min_length": [
    49.48344802856445
  ],
  "max_length": [
    111.41002655029297
  ],
  "span": [
    30.35521697998047
  ],
  "curl": [
    2.4641787972460483
  ],
  "diameter": [
    15.826666230855116
  ],
  "elongation": [
    4.726243731736902
  ],
  "surface_area": [
    7761.9817321605115
  ],
  "end_surface_area_head": [
    1414.2046583553679
  ],
  "end_surface_area_tail": [
    1097.7844379927512
  ],
  "radius_head": [
    5.686496511255689
  ],
  "radius_tail": [
    4.766045219068635
  ],
  "irregularity": [
    2.0870254353736972
  ],
  "irregularity_of_end_surface_head": [
    0.07183352247522355
  ],
  "irregularity_of_end_surface_tail": [
    0.0650053528081509
  ],
  "mean_curvature": [
    0.3866393680010385
  ],
  "fractal_dimension": [
    2.436466316506239
  ]
}