{
  "volume": [
    11094.72529554367
  ],
  "volume_endpoints": [
    2074.812430858612
  ],
  "streamlines_count": [
    2359
  ],
  "avg_length": [
    74.87791442871094
  ],
  "std_length": [
    4.282815456390381
  ],
  "min_length": [
    61.33208084106445
  ],
  "max_length": [
    88.46566772460938
  ],
  "span": [
    35.6297607421875
  ],
  "curl": [
    2.101555353416998
  ],
  "diameter": [
    13.735246767516045
  ],
  "elongation": [
    5.451515775151396
  ],
  "surface_area": [
    6283.2015186291
  ],
  "end_surface_area_head": [
    1078.411771439938
  ],
  "end_surface_area_tail": [
    1065.496660404729
  ],
  "radius_head": [
    4.617814480550141
  ],
  "radius_tail": [
    5.050187529565665
  ],
  "irregularity": [
    1.9446475926507663
  ],
  "irregularity_of_end_surface_head": [
    0.062120968136465136
  ],
  "irregularity_of_end_surface_tail": [
    0.07519912550211909
  ],
  "mean_curvature": [
    0.36827226741781877
  ],
  "fractal_dimension": [
    2.3828339417662856
  ]
}