{
  "volume": [
    24967.49076461792
  ],
  "volume_endpoints": [
    2894.2761640548706
  ],
  "streamlines_count": [
    2386
  ],
  "avg_length": [
    62.63895034790039
  ],
  "std_length": [
    9.267741203308105
  ],
  "min_length": [
    45.1467170715332
  ],
  "max_length": [
    98.65558624267578
  ],
  "span": [
    26.012062072753906
  ],
  "curl": [
    2.408073230515276
  ],
  "diameter": [
    22.52787732294186
  ],
  "elongation": [
    2.7805083208665367
  ],
  "surface_area": [
    11100.537934761996
  ],
  "end_surface_area_head": [
    2027.6724325277876
  ],
  "end_surface_area_tail": [
    1020.2937717814982
  ],
  "radius_head": [
    8.084099807784451
  ],
  "radius_tail": [
    4.734561676627302
  ],
  "irregularity": [
    2.5039716562883805
  ],
  "irregularity_of_end_surface_head": [
    0.1012547508835172
  ],
  "irregularity_of_end_surface_tail": [
    0.06902146832213561
  ],
  "mean_curvature": [
    0.40868945258660966
  ],
  "fractal_dimension": [
    2.4986451579703846
  ]
}