{
  "volume": [
    4742.428413391113
  ],
  "volume_endpoints": [
    772.9693369865417
  ],
  "streamlines_count": [
    369
  ],
  "avg_length": [
    65.20853424072266
  ],
  "std_length": [
    4.762410640716553
  ],
  "min_length": [
    52.79800033569336
  ],
  "max_length": [
    83.86163330078125
  ],
  "span": [
    28.405784606933594
  ],
  "curl": [
    2.2956075722972935
  ],
  "diameter": [
    9.622839277462093
  ],
  "elongation": [
    6.776433894458706
  ],
  "surface_area": [
    3706.6368671049368
  ],
  "end_surface_area_head": [
    471.4015527851226
  ],
  "end_surface_area_tail": [
    684.5008848660684
  ],
  "radius_head": [
    3.550919640482939
  ],
  "radius_tail": [
    4.450936551510699
  ],
  "irregularity": [
    1.8802798757778962
  ],
  "irregularity_of_end_surface_head": [
    0.08403119740244583
  ],
  "irregularity_of_end_surface_tail": [
    0.09092402770852161
  ],
  "mean_curvature": [
    0.37728038252530705
  ],
  "fractal_dimension": [
    2.097243742280577
  ]
}