{
  "volume": [
    8031.906945228577
  ],
  "volume_endpoints": [
    2301.4726123809814
  ],
  "streamlines_count": [
    2094
  ],
  "avg_length": [
    69.09368896484375
  ],
  "std_length": [
    5.355596542358398
  ],
  "min_length": [
    55.78874969482422
  ],
  "max_length": [
    88.01399993896484
  ],
  "span": [
    33.01193618774414
  ],
  "curl": [
    2.0929911100002414
  ],
  "diameter": [
    12.165926913846686
  ],
  "elongation": [
    5.679278648814219
  ],
  "surface_area": [
    5178.959525118744
  ],
  "end_surface_area_head": [
    865.3124393589922
  ],
  "end_surface_area_tail": [
    1607.9313238835002
  ],
  "radius_head": [
    4.204843303210913
  ],
  "radius_tail": [
    6.22807108966213
  ],
  "irregularity": [
    1.9611420893575757
  ],
  "irregularity_of_end_surface_head": [
    0.06419135717644096
  ],
  "irregularity_of_end_surface_tail": [
    0.07578608964547948
  ],
  "mean_curvature": [
    0.36903905666432385
  ],
  "fractal_dimension": [
    2.2437529740436095
  ]
}