{
  "volume": [
    14233.097039699554
  ],
  "volume_endpoints": [
    2533.9445934295654
  ],
  "streamlines_count": [
    1982
  ],
  "avg_length": [
    83.93614196777344
  ],
  "std_length": [
    5.5225090980529785
  ],
  "min_length": [
    67.06596374511719
  ],
  "max_length": [
    100.14180755615234
  ],
  "span": [
    36.66108322143555
  ],
  "curl": [
    2.2895161460667484
  ],
  "diameter": [
    14.693669350476283
  ],
  "elongation": [
    5.712401712990276
  ],
  "surface_area": [
    7665.118399396445
  ],
  "end_surface_area_head": [
    1188.190215239213
  ],
  "end_surface_area_tail": [
    1362.5442142145325
  ],
  "radius_head": [
    4.862844745498068
  ],
  "radius_tail": [
    5.38889097454577
  ],
  "irregularity": [
    1.9782889658314453
  ],
  "irregularity_of_end_surface_head": [
    0.06252370559716959
  ],
  "irregularity_of_end_surface_tail": [
    0.06695732012106738
  ],
  "mean_curvature": [
    0.3756016174821873
  ],
  "fractal_dimension": [
    2.3837662347732453
  ]
}