{
  "volume": [
    4515.768231868744
  ],
  "volume_endpoints": [
    1051.9357142448425
  ],
  "streamlines_count": [
    315
  ],
  "avg_length": [
    55.20771408081055
  ],
  "std_length": [
    5.3961896896362305
  ],
  "min_length": [
    43.30002975463867
  ],
  "max_length": [
    73.19263458251953
  ],
  "span": [
    25.27092742919922
  ],
  "curl": [
    2.1846334779554213
  ],
  "diameter": [
    10.205187742024554
  ],
  "elongation": [
    5.4097695678314075
  ],
  "surface_area": [
    3396.6742022599246
  ],
  "end_surface_area_head": [
    1000.921105228685
  ],
  "end_surface_area_tail": [
    497.23177485554027
  ],
  "radius_head": [
    4.27204218872349
  ],
  "radius_tail": [
    3.419245626736451
  ],
  "irregularity": [
    1.9190365931495816
  ],
  "irregularity_of_end_surface_head": [
    0.057282384983715524
  ],
  "irregularity_of_end_surface_tail": [
    0.0738671935573176
  ],
  "mean_curvature": [
    0.403171398999199
  ],
  "fractal_dimension": [
    2.140952508860243
  ]
}