{
  "volume": [
    7613.4573793411255
  ],
  "volume_endpoints": [
    2161.989423751831
  ],
  "streamlines_count": [
    1760
  ],
  "avg_length": [
    69.8847427368164
  ],
  "std_length": [
    5.334475517272949
  ],
  "min_length": [
    55.73067092895508
  ],
  "max_length": [
    86.8195571899414
  ],
  "span": [
    33.630062103271484
  ],
  "curl": [
    2.078043820502434
  ],
  "diameter": [
    11.777546683864387
  ],
  "elongation": [
    5.933726659097919
  ],
  "surface_area": [
    4946.487526484985
  ],
  "end_surface_area_head": [
    968.6333276406629
  ],
  "end_surface_area_tail": [
    1130.0722155807734
  ],
  "radius_head": [
    4.490884885537199
  ],
  "radius_tail": [
    5.192314218297264
  ],
  "irregularity": [
    1.9129774050620427
  ],
  "irregularity_of_end_surface_head": [
    0.06541153051178739
  ],
  "irregularity_of_end_surface_tail": [
    0.0749489595192256
  ],
  "mean_curvature": [
    0.3674422739581628
  ],
  "fractal_dimension": [
    2.3274008825988077
  ]
}