{
  "volume": [
    10949.430307388306
  ],
  "volume_endpoints": [
    2284.0372138023376
  ],
  "streamlines_count": [
    1935
  ],
  "avg_length": [
    83.55074310302734
  ],
  "std_length": [
    4.576851844787598
  ],
  "min_length": [
    70.85978698730469
  ],
  "max_length": [
    98.37654113769531
  ],
  "span": [
    37.0539665222168
  ],
  "curl": [
    2.2548393854928332
  ],
  "diameter": [
    12.917416494879816
  ],
  "elongation": [
    6.468069148048686
  ],
  "surface_area": [
    6354.234629322748
  ],
  "end_surface_area_head": [
    1181.7326597216088
  ],
  "end_surface_area_tail": [
    1020.2937717814982
  ],
  "radius_head": [
    4.861960976196349
  ],
  "radius_tail": [
    4.487681270234481
  ],
  "irregularity": [
    1.8740768448419916
  ],
  "irregularity_of_end_surface_head": [
    0.0628425170701123
  ],
  "irregularity_of_end_surface_tail": [
    0.062010987273278285
  ],
  "mean_curvature": [
    0.3690742398879325
  ],
  "fractal_dimension": [
    2.3833982451809574
  ]
}