{
  "volume": [
    11565.481057167053
  ],
  "volume_endpoints": [
    2318.9080109596252
  ],
  "streamlines_count": [
    2909
  ],
  "avg_length": [
    66.3866958618164
  ],
  "std_length": [
    5.4826273918151855
  ],
  "min_length": [
    52.211421966552734
  ],
  "max_length": [
    85.04254913330078
  ],
  "span": [
    26.95499610900879
  ],
  "curl": [
    2.4628716544176728
  ],
  "diameter": [
    14.893486743466008
  ],
  "elongation": [
    4.4574314265892925
  ],
  "surface_area": [
    5966.781298266484
  ],
  "end_surface_area_head": [
    1071.9542159223336
  ],
  "end_surface_area_tail": [
    968.6333276406629
  ],
  "radius_head": [
    4.678046140642404
  ],
  "radius_tail": [
    4.584509654471293
  ],
  "irregularity": [
    1.920935621433208
  ],
  "irregularity_of_end_surface_head": [
    0.06413611334637043
  ],
  "irregularity_of_end_surface_tail": [
    0.06816732443627639
  ],
  "mean_curvature": [
    0.39036165867814004
  ],
  "fractal_dimension": [
    2.4287063059067098
  ]
}