{
  "volume": [
    10007.91878414154
  ],
  "volume_endpoints": [
    1952.7646408081055
  ],
  "streamlines_count": [
    918
  ],
  "avg_length": [
    73.43000793457031
  ],
  "std_length": [
    10.313797950744629
  ],
  "min_length": [
    48.73533630371094
  ],
  "max_length": [
    104.22117614746094
  ],
  "span": [
    29.177440643310547
  ],
  "curl": [
    2.5166706303078525
  ],
  "diameter": [
    13.173165798235281
  ],
  "elongation": [
    5.574211169831873
  ],
  "surface_area": [
    6050.7295199953405
  ],
  "end_surface_area_head": [
    1033.208882816707
  ],
  "end_surface_area_tail": [
    1207.5628817920265
  ],
  "radius_head": [
    4.413135688827533
  ],
  "radius_tail": [
    5.019252945746456
  ],
  "irregularity": [
    1.991104866215507
  ],
  "irregularity_of_end_surface_head": [
    0.059218350051280746
  ],
  "irregularity_of_end_surface_tail": [
    0.06554178765764096
  ],
  "mean_curvature": [
    0.3789480388619022
  ],
  "fractal_dimension": [
    2.3158517799594245
  ]
}