{
  "volume": [
    8706.07569026947
  ],
  "volume_endpoints": [
    1586.6212706565857
  ],
  "streamlines_count": [
    661
  ],
  "avg_length": [
    85.46617126464844
  ],
  "std_length": [
    9.142630577087402
  ],
  "min_length": [
    51.56268310546875
  ],
  "max_length": [
    106.75100708007812
  ],
  "span": [
    37.87310791015625
  ],
  "curl": [
    2.256645307995159
  ],
  "diameter": [
    11.388568916681805
  ],
  "elongation": [
    7.504557586639255
  ],
  "surface_area": [
    5598.700633763031
  ],
  "end_surface_area_head": [
    1039.6664383343114
  ],
  "end_surface_area_tail": [
    942.8031055702452
  ],
  "radius_head": [
    4.319304492690227
  ],
  "radius_tail": [
    6.519854395463769
  ],
  "irregularity": [
    1.8309394002496564
  ],
  "irregularity_of_end_surface_head": [
    0.056374602171714104
  ],
  "irregularity_of_end_surface_tail": [
    0.14164611330798618
  ],
  "mean_curvature": [
    0.3768394760753672
  ],
  "fractal_dimension": [
    2.3621191144494396
  ]
}