{
  "volume": [
    17569.069967746735
  ],
  "volume_endpoints": [
    3039.5711522102356
  ],
  "streamlines_count": [
    3113
  ],
  "avg_length": [
    79.2362060546875
  ],
  "std_length": [
    6.896389007568359
  ],
  "min_length": [
    62.44011306762695
  ],
  "max_length": [
    101.72637176513672
  ],
  "span": [
    33.179107666015625
  ],
  "curl": [
    2.388135535539034
  ],
  "diameter": [
    16.802256456607722
  ],
  "elongation": [
    4.715807442846568
  ],
  "surface_area": [
    8659.581949107525
  ],
  "end_surface_area_head": [
    1013.8362162638938
  ],
  "end_surface_area_tail": [
    1666.04932354194
  ],
  "radius_head": [
    4.643082531627092
  ],
  "radius_tail": [
    6.698883578983983
  ],
  "irregularity": [
    2.0704072125477495
  ],
  "irregularity_of_end_surface_head": [
    0.06680283267113271
  ],
  "irregularity_of_end_surface_tail": [
    0.08461880316890337
  ],
  "mean_curvature": [
    0.3850095254544694
  ],
  "fractal_dimension": [
    2.4375887549206436
  ]
}