{
  "volume": [
    3893.9056825637817
  ],
  "volume_endpoints": [
    714.8513417243958
  ],
  "streamlines_count": [
    258
  ],
  "avg_length": [
    60.617919921875
  ],
  "std_length": [
    4.226157188415527
  ],
  "min_length": [
    52.403114318847656
  ],
  "max_length": [
    74.72914123535156
  ],
  "span": [
    28.188718795776367
  ],
  "curl": [
    2.150431893022312
  ],
  "diameter": [
    9.043723136704674
  ],
  "elongation": [
    6.702761573477667
  ],
  "surface_area": [
    3060.8813153444944
  ],
  "end_surface_area_head": [
    639.2979962428375
  ],
  "end_surface_area_tail": [
    426.19866416189166
  ],
  "radius_head": [
    3.433235188850326
  ],
  "radius_tail": [
    3.102699774904332
  ],
  "irregularity": [
    1.7772492085672529
  ],
  "irregularity_of_end_surface_head": [
    0.057923345790947656
  ],
  "irregularity_of_end_surface_tail": [
    0.070960602927976
  ],
  "mean_curvature": [
    0.3722974070051844
  ],
  "fractal_dimension": [
    2.155380493257723
  ]
}