{
  "volume": [
    12948.689344406128
  ],
  "volume_endpoints": [
    2679.2395815849304
  ],
  "streamlines_count": [
    2696
  ],
  "avg_length": [
    82.5303955078125
  ],
  "std_length": [
    5.109732151031494
  ],
  "min_length": [
    67.29930114746094
  ],
  "max_length": [
    100.18234252929688
  ],
  "span": [
    37.893951416015625
  ],
  "curl": [
    2.177930577937343
  ],
  "diameter": [
    14.13386705571357
  ],
  "elongation": [
    5.839194268807691
  ],
  "surface_area": [
    7226.004624199345
  ],
  "end_surface_area_head": [
    1033.208882816707
  ],
  "end_surface_area_tail": [
    1517.5255466370386
  ],
  "radius_head": [
    4.446172611425768
  ],
  "radius_tail": [
    5.930808830611676
  ],
  "irregularity": [
    1.9718479991669213
  ],
  "irregularity_of_end_surface_head": [
    0.06010829090186387
  ],
  "irregularity_of_end_surface_tail": [
    0.0728184973608951
  ],
  "mean_curvature": [
    0.36887468226276093
  ],
  "fractal_dimension": [
    2.4050434843729587
  ]
}