{
  "volume": [
    9351.18543767929
  ],
  "volume_endpoints": [
    1801.6578531265259
  ],
  "streamlines_count": [
    1851
  ],
  "avg_length": [
    86.1109390258789
  ],
  "std_length": [
    4.501972198486328
  ],
  "min_length": [
    72.69873046875
  ],
  "max_length": [
    99.04362487792969
  ],
  "span": [
    37.176918029785156
  ],
  "curl": [
    2.3162473811543256
  ],
  "diameter": [
    11.758697862295584
  ],
  "elongation": [
    7.323169625949379
  ],
  "surface_area": [
    5656.8186334214715
  ],
  "end_surface_area_head": [
    923.4304390174319
  ],
  "end_surface_area_tail": [
    858.8548838413877
  ],
  "radius_head": [
    4.164509892061462
  ],
  "radius_tail": [
    4.176668611162359
  ],
  "irregularity": [
    1.778299169006602
  ],
  "irregularity_of_end_surface_head": [
    0.05900291695966204
  ],
  "irregularity_of_end_surface_tail": [
    0.06381020208645018
  ],
  "mean_curvature": [
    0.3619827607526836
  ],
  "fractal_dimension": [
    2.3656265279565627
  ]
}