{
  "volume": [
    12687.158365726471
  ],
  "volume_endpoints": [
    1912.0820441246033
  ],
  "streamlines_count": [
    2469
  ],
  "avg_length": [
    60.717445373535156
  ],
  "std_length": [
    6.429862022399902
  ],
  "min_length": [
    41.583431243896484
  ],
  "max_length": [
    80.96723937988281
  ],
  "span": [
    22.726041793823242
  ],
  "curl": [
    2.6717122992371545
  ],
  "diameter": [
    16.31099649499128
  ],
  "elongation": [
    3.722485342460839
  ],
  "surface_area": [
    5740.766855150328
  ],
  "end_surface_area_head": [
    1007.3786607462894
  ],
  "end_surface_area_tail": [
    807.1944397005524
  ],
  "radius_head": [
    4.573320083983393
  ],
  "radius_tail": [
    4.191050803520222
  ],
  "irregularity": [
    1.845126098249767
  ],
  "irregularity_of_end_surface_head": [
    0.0652259363963396
  ],
  "irregularity_of_end_surface_tail": [
    0.06836244102813584
  ],
  "mean_curvature": [
    0.4117671098845263
  ],
  "fractal_dimension": [
    2.5283467437792964
  ]
}