{
  "volume": [
    5259.678571224213
  ],
  "volume_endpoints": [
    1999.2590370178223
  ],
  "streamlines_count": [
    2793
  ],
  "avg_length": [
    42.60640335083008
  ],
  "std_length": [
    7.240120887756348
  ],
  "min_length": [
    25.500810623168945
  ],
  "max_length": [
    63.76154708862305
  ],
  "span": [
    19.56892967224121
  ],
  "curl": [
    2.177247507372252
  ],
  "diameter": [
    12.537103877974484
  ],
  "elongation": [
    3.398424689268319
  ],
  "surface_area": [
    3448.33464640076
  ],
  "end_surface_area_head": [
    897.6002169470142
  ],
  "end_surface_area_tail": [
    1142.987326615982
  ],
  "radius_head": [
    4.40971674578573
  ],
  "radius_tail": [
    5.339001363893936
  ],
  "irregularity": [
    2.054884584795183
  ],
  "irregularity_of_end_surface_head": [
    0.06805943062088385
  ],
  "irregularity_of_end_surface_tail": [
    0.0783481094431556
  ],
  "mean_curvature": [
    0.40523221453927216
  ],
  "fractal_dimension": [
    2.3869724735876825
  ]
}