{
  "volume": [
    6445.285674571991
  ],
  "volume_endpoints": [
    1330.9020915031433
  ],
  "streamlines_count": [
    1251
  ],
  "avg_length": [
    76.35233306884766
  ],
  "std_length": [
    4.49615478515625
  ],
  "min_length": [
    61.9277229309082
  ],
  "max_length": [
    90.76599884033203
  ],
  "span": [
    30.966001510620117
  ],
  "curl": [
    2.465682663054247
  ],
  "diameter": [
    10.367283837960034
  ],
  "elongation": [
    7.364738369492879
  ],
  "surface_area": [
    4475.085973699863
  ],
  "end_surface_area_head": [
    820.1095507357612
  ],
  "end_surface_area_tail": [
    574.7224410667933
  ],
  "radius_head": [
    4.159568546138058
  ],
  "radius_tail": [
    3.5750008499527066
  ],
  "irregularity": [
    1.7995512080890477
  ],
  "irregularity_of_end_surface_head": [
    0.06627879043600747
  ],
  "irregularity_of_end_surface_tail": [
    0.06986248288082596
  ],
  "mean_curvature": [
    0.38187461119475696
  ],
  "fractal_dimension": [
    2.258554970091567
  ]
}