{
  "volume": [
    5898.976519107819
  ],
  "volume_endpoints": [
    953.1351222991943
  ],
  "streamlines_count": [
    529
  ],
  "avg_length": [
    53.80314254760742
  ],
  "std_length": [
    5.007232189178467
  ],
  "min_length": [
    42.35271072387695
  ],
  "max_length": [
    70.91426086425781
  ],
  "span": [
    24.255477905273438
  ],
  "curl": [
    2.2181852181073687
  ],
  "diameter": [
    11.815159033177343
  ],
  "elongation": [
    4.553738328576576
  ],
  "surface_area": [
    3622.688645376079
  ],
  "end_surface_area_head": [
    568.2648855491889
  ],
  "end_surface_area_tail": [
    639.2979962428375
  ],
  "radius_head": [
    3.4254647217724212
  ],
  "radius_tail": [
    3.711993489017767
  ],
  "irregularity": [
    1.813985965792494
  ],
  "irregularity_of_end_surface_head": [
    0.06486912654375444
  ],
  "irregularity_of_end_surface_tail": [
    0.06771126711224632
  ],
  "mean_curvature": [
    0.3933534717965442
  ],
  "fractal_dimension": [
    2.3074451879833613
  ]
}