{
  "volume": [
    12489.557181835175
  ],
  "volume_endpoints": [
    1144.9245066642761
  ],
  "streamlines_count": [
    291
  ],
  "avg_length": [
    73.61575317382812
  ],
  "std_length": [
    6.4837565422058105
  ],
  "min_length": [
    60.20698165893555
  ],
  "max_length": [
    96.98863220214844
  ],
  "span": [
    31.978065490722656
  ],
  "curl": [
    2.3020702485954074
  ],
  "diameter": [
    14.697490893703083
  ],
  "elongation": [
    5.008729293063735
  ],
  "surface_area": [
    8317.33150667449
  ],
  "end_surface_area_head": [
    761.9915510773214
  ],
  "end_surface_area_tail": [
    1046.1239938519159
  ],
  "radius_head": [
    3.748611794667888
  ],
  "radius_tail": [
    8.523237286994618
  ],
  "irregularity": [
    2.446922302758855
  ],
  "irregularity_of_end_surface_head": [
    0.05793495198910203
  ],
  "irregularity_of_end_surface_tail": [
    0.21816037340272096
  ],
  "mean_curvature": [
    0.3930713126749517
  ],
  "fractal_dimension": [
    2.2873824490699173
  ]
}