{
  "volume": [
    9920.741791248322
  ],
  "volume_endpoints": [
    1726.104459285736
  ],
  "streamlines_count": [
    1708
  ],
  "avg_length": [
    67.20245361328125
  ],
  "std_length": [
    3.9403610229492188
  ],
  "min_length": [
    55.16115951538086
  ],
  "max_length": [
    79.72868347167969
  ],
  "span": [
    30.955841064453125
  ],
  "curl": [
    2.1709135110675586
  ],
  "diameter": [
    13.70990885611263
  ],
  "elongation": [
    4.901743280614058
  ],
  "surface_area": [
    5650.361077903866
  ],
  "end_surface_area_head": [
    774.9066621125303
  ],
  "end_surface_area_tail": [
    1233.3931038624441
  ],
  "radius_head": [
    4.028648374994745
  ],
  "radius_tail": [
    5.667866472415868
  ],
  "irregularity": [
    1.9521205422997112
  ],
  "irregularity_of_end_surface_head": [
    0.06579898656597202
  ],
  "irregularity_of_end_surface_tail": [
    0.0818252945597796
  ],
  "mean_curvature": [
    0.38260836937667614
  ],
  "fractal_dimension": [
    2.3775516739738727
  ]
}