{
  "volume": [
    15197.855761051178
  ],
  "volume_endpoints": [
    1168.1717047691345
  ],
  "streamlines_count": [
    347
  ],
  "avg_length": [
    70.21746826171875
  ],
  "std_length": [
    14.525251388549805
  ],
  "min_length": [
    49.51669692993164
  ],
  "max_length": [
    120.88949584960938
  ],
  "span": [
    26.551298141479492
  ],
  "curl": [
    2.644596429431156
  ],
  "diameter": [
    16.600594268746192
  ],
  "elongation": [
    4.2298165430087415
  ],
  "surface_area": [
    10803.490380952193
  ],
  "end_surface_area_head": [
    761.9915510773214
  ],
  "end_surface_area_tail": [
    833.02466177097
  ],
  "radius_head": [
    4.363559547972553
  ],
  "radius_tail": [
    3.914223868220458
  ],
  "irregularity": [
    2.9501589454498975
  ],
  "irregularity_of_end_surface_head": [
    0.07850214629571658
  ],
  "irregularity_of_end_surface_tail": [
    0.057780771388126644
  ],
  "mean_curvature": [
    0.40165855492913416
  ],
  "fractal_dimension": [
    2.264369426147048
  ]
}