{
  "volume": [
    8438.732912063599
  ],
  "volume_endpoints": [
    1592.4330701828003
  ],
  "streamlines_count": [
    1391
  ],
  "avg_length": [
    74.7076416015625
  ],
  "std_length": [
    5.290927886962891
  ],
  "min_length": [
    62.89984893798828
  ],
  "max_length": [
    91.91986083984375
  ],
  "span": [
    34.58787536621094
  ],
  "curl": [
    2.1599372846863196
  ],
  "diameter": [
    11.992539753902202
  ],
  "elongation": [
    6.229509606357877
  ],
  "surface_area": [
    5288.737968918019
  ],
  "end_surface_area_head": [
    929.8879945350363
  ],
  "end_surface_area_tail": [
    665.1282183132552
  ],
  "radius_head": [
    4.311159885652348
  ],
  "radius_tail": [
    5.007495775485642
  ],
  "irregularity": [
    1.878996556744659
  ],
  "irregularity_of_end_surface_head": [
    0.06279245906890771
  ],
  "irregularity_of_end_surface_tail": [
    0.1184365321126667
  ],
  "mean_curvature": [
    0.373801113824721
  ],
  "fractal_dimension": [
    2.2950773641916835
  ]
}