{
  "volume": [
    12321.014995574951
  ],
  "volume_endpoints": [
    2080.6242303848267
  ],
  "streamlines_count": [
    2903
  ],
  "avg_length": [
    72.94076538085938
  ],
  "std_length": [
    7.2585554122924805
  ],
  "min_length": [
    56.676387786865234
  ],
  "max_length": [
    98.54869079589844
  ],
  "span": [
    28.62328338623047
  ],
  "curl": [
    2.5483018281525416
  ],
  "diameter": [
    14.665374046525564
  ],
  "elongation": [
    4.973672348857688
  ],
  "surface_area": [
    6812.721071072662
  ],
  "end_surface_area_head": [
    871.7699948765966
  ],
  "end_surface_area_tail": [
    975.0908831582673
  ],
  "radius_head": [
    4.156260093972115
  ],
  "radius_tail": [
    4.317656799664716
  ],
  "irregularity": [
    2.0272498413850157
  ],
  "irregularity_of_end_surface_head": [
    0.06225201169116116
  ],
  "irregularity_of_end_surface_tail": [
    0.06006216924761358
  ],
  "mean_curvature": [
    0.3779347420477925
  ],
  "fractal_dimension": [
    2.3846306343217916
  ]
}