{
  "volume": [
    15738.353116989136
  ],
  "volume_endpoints": [
    3928.7764797210693
  ],
  "streamlines_count": [
    4121
  ],
  "avg_length": [
    68.85047149658203
  ],
  "std_length": [
    5.56395959854126
  ],
  "min_length": [
    49.470462799072266
  ],
  "max_length": [
    86.24650573730469
  ],
  "span": [
    28.760120391845703
  ],
  "curl": [
    2.3939563033297686
  ],
  "diameter": [
    17.060087039366383
  ],
  "elongation": [
    4.0357632020111405
  ],
  "surface_area": [
    8091.317063558337
  ],
  "end_surface_area_head": [
    1130.0722155807734
  ],
  "end_surface_area_tail": [
    2402.210652548844
  ],
  "radius_head": [
    4.98618202648597
  ],
  "radius_tail": [
    7.079251605754492
  ],
  "irregularity": [
    2.1927099414615157
  ],
  "irregularity_of_end_surface_head": [
    0.06911621281050499
  ],
  "irregularity_of_end_surface_tail": [
    0.06554106289611482
  ],
  "mean_curvature": [
    0.3728272772491976
  ],
  "fractal_dimension": [
    2.4234385189721523
  ]
}