{
  "volume": [
    4370.473243713379
  ],
  "volume_endpoints": [
    1162.35990524292
  ],
  "streamlines_count": [
    789
  ],
  "avg_length": [
    54.32484817504883
  ],
  "std_length": [
    4.7187275886535645
  ],
  "min_length": [
    41.481685638427734
  ],
  "max_length": [
    69.9647445678711
  ],
  "span": [
    25.950639724731445
  ],
  "curl": [
    2.0933914828803326
  ],
  "diameter": [
    10.120920922170287
  ],
  "elongation": [
    5.367579550596829
  ],
  "surface_area": [
    3183.5748701789785
  ],
  "end_surface_area_head": [
    904.0577724646187
  ],
  "end_surface_area_tail": [
    335.7928869154298
  ],
  "radius_head": [
    4.166316283179448
  ],
  "radius_tail": [
    3.0022339530603723
  ],
  "irregularity": [
    1.8430904226011005
  ],
  "irregularity_of_end_surface_head": [
    0.060319559383469605
  ],
  "irregularity_of_end_surface_tail": [
    0.08432715428793702
  ],
  "mean_curvature": [
    0.38377956500222626
  ],
  "fractal_dimension": [
    2.1778957501731084
  ]
}