{
  "volume": [
    8130.707537174225
  ],
  "volume_endpoints": [
    1894.6466455459595
  ],
  "streamlines_count": [
    2516
  ],
  "avg_length": [
    75.47138977050781
  ],
  "std_length": [
    4.604598045349121
  ],
  "min_length": [
    63.68342590332031
  ],
  "max_length": [
    90.19502258300781
  ],
  "span": [
    37.157554626464844
  ],
  "curl": [
    2.031118315755757
  ],
  "diameter": [
    11.711918874358565
  ],
  "elongation": [
    6.443981603709768
  ],
  "surface_area": [
    5146.671747530722
  ],
  "end_surface_area_head": [
    761.9915510773214
  ],
  "end_surface_area_tail": [
    1084.8693269575424
  ],
  "radius_head": [
    4.133243721787469
  ],
  "radius_tail": [
    4.868610430596638
  ],
  "irregularity": [
    1.8533873498843763
  ],
  "irregularity_of_end_surface_head": [
    0.0704339015965347
  ],
  "irregularity_of_end_surface_tail": [
    0.06864082468848733
  ],
  "mean_curvature": [
    0.3603144526860672
  ],
  "fractal_dimension": [
    2.3802230568393163
  ]
}