{
  "volume": [
    8990.853867053986
  ],
  "volume_endpoints": [
    2057.3770322799683
  ],
  "streamlines_count": [
    2872
  ],
  "avg_length": [
    73.61282348632812
  ],
  "std_length": [
    3.9923720359802246
  ],
  "min_length": [
    62.700592041015625
  ],
  "max_length": [
    86.70683288574219
  ],
  "span": [
    36.326637268066406
  ],
  "curl": [
    2.0264144721988573
  ],
  "diameter": [
    12.470354251436689
  ],
  "elongation": [
    5.903025848511667
  ],
  "surface_area": [
    5469.549523410943
  ],
  "end_surface_area_head": [
    897.6002169470142
  ],
  "end_surface_area_tail": [
    1149.4448821335866
  ],
  "radius_head": [
    4.3070847238270815
  ],
  "radius_tail": [
    4.469614623259976
  ],
  "irregularity": [
    1.89657237124744
  ],
  "irregularity_of_end_surface_head": [
    0.064928258340288
  ],
  "irregularity_of_end_surface_tail": [
    0.054601161365281446
  ],
  "mean_curvature": [
    0.35847710843994424
  ],
  "fractal_dimension": [
    2.3995002057290997
  ]
}