{
  "volume": [
    10711.146526813507
  ],
  "volume_endpoints": [
    2196.8602209091187
  ],
  "streamlines_count": [
    3172
  ],
  "avg_length": [
    76.24486541748047
  ],
  "std_length": [
    4.406394958496094
  ],
  "min_length": [
    62.79755783081055
  ],
  "max_length": [
    90.59860229492188
  ],
  "span": [
    35.254817962646484
  ],
  "curl": [
    2.162679310903382
  ],
  "diameter": [
    13.374197691088316
  ],
  "elongation": [
    5.700892657530031
  ],
  "surface_area": [
    5973.238853784088
  ],
  "end_surface_area_head": [
    962.1757721230584
  ],
  "end_surface_area_tail": [
    1117.1571045455644
  ],
  "radius_head": [
    4.439238952893786
  ],
  "radius_tail": [
    5.045489582056693
  ],
  "irregularity": [
    1.8645827756770517
  ],
  "irregularity_of_end_surface_head": [
    0.06434465859268756
  ],
  "irregularity_of_end_surface_tail": [
    0.07158833281959742
  ],
  "mean_curvature": [
    0.36887705765786716
  ],
  "fractal_dimension": [
    2.4409615700527336
  ]
}