{
  "volume": [
    5957.094514369965
  ],
  "volume_endpoints": [
    2301.4726123809814
  ],
  "streamlines_count": [
    4059
  ],
  "avg_length": [
    34.31987380981445
  ],
  "std_length": [
    5.925935745239258
  ],
  "min_length": [
    20.15380859375
  ],
  "max_length": [
    53.712135314941406
  ],
  "span": [
    15.577302932739258
  ],
  "curl": [
    2.2031974314169243
  ],
  "diameter": [
    14.866182618978208
  ],
  "elongation": [
    2.3085868571264294
  ],
  "surface_area": [
    3842.2455329746294
  ],
  "end_surface_area_head": [
    1459.4075469785987
  ],
  "end_surface_area_tail": [
    807.1944397005524
  ],
  "radius_head": [
    5.317955646149233
  ],
  "radius_tail": [
    4.073249609886777
  ],
  "irregularity": [
    2.397121768941549
  ],
  "irregularity_of_end_surface_head": [
    0.060878326650510704
  ],
  "irregularity_of_end_surface_tail": [
    0.0645734157922939
  ],
  "mean_curvature": [
    0.40385848771662336
  ],
  "fractal_dimension": [
    2.3367105105835657
  ]
}