{
  "volume": [
    5230.61957359314
  ],
  "volume_endpoints": [
    860.1463298797607
  ],
  "streamlines_count": [
    259
  ],
  "avg_length": [
    58.76551818847656
  ],
  "std_length": [
    4.276145935058594
  ],
  "min_length": [
    49.78376007080078
  ],
  "max_length": [
    72.298828125
  ],
  "span": [
    25.240570068359375
  ],
  "curl": [
    2.3282167569639323
  ],
  "diameter": [
    10.64560484698778
  ],
  "elongation": [
    5.520167151902554
  ],
  "surface_area": [
    3906.8210881506734
  ],
  "end_surface_area_head": [
    452.02888623230933
  ],
  "end_surface_area_tail": [
    904.0577724646187
  ],
  "radius_head": [
    3.2780209249889296
  ],
  "radius_tail": [
    3.760018473013828
  ],
  "irregularity": [
    1.9878368579078562
  ],
  "irregularity_of_end_surface_head": [
    0.07468048454789146
  ],
  "irregularity_of_end_surface_tail": [
    0.04912851597991107
  ],
  "mean_curvature": [
    0.3888101066861834
  ],
  "fractal_dimension": [
    2.1503315481515983
  ]
}