{
  "volume": [
    7561.151183605194
  ],
  "volume_endpoints": [
    1470.3852801322937
  ],
  "streamlines_count": [
    607
  ],
  "avg_length": [
    70.08747100830078
  ],
  "std_length": [
    8.631244659423828
  ],
  "min_length": [
    51.657562255859375
  ],
  "max_length": [
    91.62088012695312
  ],
  "span": [
    26.757123947143555
  ],
  "curl": [
    2.619394787973202
  ],
  "diameter": [
    11.720032755793246
  ],
  "elongation": [
    5.9801429286668455
  ],
  "surface_area": [
    5043.350859249052
  ],
  "end_surface_area_head": [
    1123.614660063169
  ],
  "end_surface_area_tail": [
    626.3828852076286
  ],
  "radius_head": [
    4.478276482627201
  ],
  "radius_tail": [
    3.8290243466770004
  ],
  "irregularity": [
    1.954339882712602
  ],
  "irregularity_of_end_surface_head": [
    0.05607306316307389
  ],
  "irregularity_of_end_surface_tail": [
    0.07353367061548303
  ],
  "mean_curvature": [
    0.3730330821709735
  ],
  "fractal_dimension": [
    2.203193064435745
  ]
}