{
  "volume": [
    9711.517008304596
  ],
  "volume_endpoints": [
    1714.4808602333069
  ],
  "streamlines_count": [
    1305
  ],
  "avg_length": [
    73.9817886352539
  ],
  "std_length": [
    5.475320816040039
  ],
  "min_length": [
    60.209449768066406
  ],
  "max_length": [
    95.18328094482422
  ],
  "span": [
    34.601097106933594
  ],
  "curl": [
    2.1381341870928408
  ],
  "diameter": [
    12.928144076560505
  ],
  "elongation": [
    5.722537449856186
  ],
  "surface_area": [
    5753.681966185537
  ],
  "end_surface_area_head": [
    1097.7844379927512
  ],
  "end_surface_area_tail": [
    645.7555517604419
  ],
  "radius_head": [
    4.602366670902703
  ],
  "radius_tail": [
    4.812508848884361
  ],
  "irregularity": [
    1.9148509281800747
  ],
  "irregularity_of_end_surface_head": [
    0.06061711107381246
  ],
  "irregularity_of_end_surface_tail": [
    0.11267428379660992
  ],
  "mean_curvature": [
    0.3686772543351769
  ],
  "fractal_dimension": [
    2.288048672775216
  ]
}