{
  "volume": [
    16865.842225074768
  ],
  "volume_endpoints": [
    3440.585319519043
  ],
  "streamlines_count": [
    4050
  ],
  "avg_length": [
    80.07084655761719
  ],
  "std_length": [
    5.109526634216309
  ],
  "min_length": [
    66.11763763427734
  ],
  "max_length": [
    96.95462036132812
  ],
  "span": [
    31.93777084350586
  ],
  "curl": [
    2.5070893942461416
  ],
  "diameter": [
    16.37652927498808
  ],
  "elongation": [
    4.889366068542351
  ],
  "surface_area": [
    8627.294171519505
  ],
  "end_surface_area_head": [
    1084.8693269575424
  ],
  "end_surface_area_tail": [
    1846.8608780348638
  ],
  "radius_head": [
    4.752831749670745
  ],
  "radius_tail": [
    7.74658248572084
  ],
  "irregularity": [
    2.0942496330508167
  ],
  "irregularity_of_end_surface_head": [
    0.06541499663845014
  ],
  "irregularity_of_end_surface_tail": [
    0.10207890204680416
  ],
  "mean_curvature": [
    0.37405638072225783
  ],
  "fractal_dimension": [
    2.3617253585447497
  ]
}