{
  "volume": [
    8049.3423438072205
  ],
  "volume_endpoints": [
    1627.303867340088
  ],
  "streamlines_count": [
    944
  ],
  "avg_length": [
    80.21320343017578
  ],
  "std_length": [
    6.467433452606201
  ],
  "min_length": [
    61.00991439819336
  ],
  "max_length": [
    98.95951080322266
  ],
  "span": [
    36.82487487792969
  ],
  "curl": [
    2.1782342423721333
  ],
  "diameter": [
    11.303484111560932
  ],
  "elongation": [
    7.096325578777577
  ],
  "surface_area": [
    5062.7235258018645
  ],
  "end_surface_area_head": [
    1239.8506593800485
  ],
  "end_surface_area_tail": [
    419.74110864428724
  ],
  "radius_head": [
    4.806949444840286
  ],
  "radius_tail": [
    3.6656850679369297
  ],
  "irregularity": [
    1.7773630593297591
  ],
  "irregularity_of_end_surface_head": [
    0.058549016553468385
  ],
  "irregularity_of_end_surface_tail": [
    0.10057236626251596
  ],
  "mean_curvature": [
    0.3801570971954172
  ],
  "fractal_dimension": [
    2.2780248918259534
  ]
}