{
  "volume": [
    6055.895106315613
  ],
  "volume_endpoints": [
    2214.2956194877625
  ],
  "streamlines_count": [
    2604
  ],
  "avg_length": [
    32.623146057128906
  ],
  "std_length": [
    6.385505676269531
  ],
  "min_length": [
    20.1379337310791
  ],
  "max_length": [
    54.745113372802734
  ],
  "span": [
    14.111527442932129
  ],
  "curl": [
    2.3118082850392265
  ],
  "diameter": [
    15.373802980140987
  ],
  "elongation": [
    2.1219958457428945
  ],
  "surface_area": [
    3390.21664674232
  ],
  "end_surface_area_head": [
    988.0059941934761
  ],
  "end_surface_area_tail": [
    962.1757721230584
  ],
  "radius_head": [
    4.621734643307654
  ],
  "radius_tail": [
    4.441291725629533
  ],
  "irregularity": [
    2.1516440539341106
  ],
  "irregularity_of_end_surface_head": [
    0.06792041126973399
  ],
  "irregularity_of_end_surface_tail": [
    0.06440418028156988
  ],
  "mean_curvature": [
    0.453801386092665
  ],
  "fractal_dimension": [
    2.3390658255798327
  ]
}