{
  "volume": [
    9955.61258840561
  ],
  "volume_endpoints": [
    1394.831886291504
  ],
  "streamlines_count": [
    535
  ],
  "avg_length": [
    82.68314361572266
  ],
  "std_length": [
    7.554050922393799
  ],
  "min_length": [
    54.43014144897461
  ],
  "max_length": [
    104.31539916992188
  ],
  "span": [
    37.0074462890625
  ],
  "curl": [
    2.234229916052315
  ],
  "diameter": [
    12.381708158864086
  ],
  "elongation": [
    6.677846267643584
  ],
  "surface_area": [
    6341.31951828754
  ],
  "end_surface_area_head": [
    1130.0722155807734
  ],
  "end_surface_area_tail": [
    561.8073300315845
  ],
  "radius_head": [
    4.575958849373665
  ],
  "radius_tail": [
    4.560945681374719
  ],
  "irregularity": [
    1.9716608827513469
  ],
  "irregularity_of_end_surface_head": [
    0.058211380114364504
  ],
  "irregularity_of_end_surface_tail": [
    0.11632478848574805
  ],
  "mean_curvature": [
    0.3892096501644527
  ],
  "fractal_dimension": [
    2.306610359840902
  ]
}