{
  "volume": [
    12797.582556724548
  ],
  "volume_endpoints": [
    2714.110378742218
  ],
  "streamlines_count": [
    1628
  ],
  "avg_length": [
    75.89370727539062
  ],
  "std_length": [
    8.759529113769531
  ],
  "min_length": [
    57.18144989013672
  ],
  "max_length": [
    103.4260482788086
  ],
  "span": [
    32.24875259399414
  ],
  "curl": [
    2.3533842760021892
  ],
  "diameter": [
    14.652648965264376
  ],
  "elongation": [
    5.17952129033491
  ],
  "surface_area": [
    7193.716846611323
  ],
  "end_surface_area_head": [
    1175.2751042040043
  ],
  "end_surface_area_tail": [
    1672.5068790595446
  ],
  "radius_head": [
    5.0390745382259
  ],
  "radius_tail": [
    6.578883291393886
  ],
  "irregularity": [
    2.059119510299969
  ],
  "irregularity_of_end_surface_head": [
    0.06787532171979843
  ],
  "irregularity_of_end_surface_tail": [
    0.08129920976819509
  ],
  "mean_curvature": [
    0.38485254114836964
  ],
  "fractal_dimension": [
    2.375102806083991
  ]
}