{
  "volume": [
    11106.3488945961
  ],
  "volume_endpoints": [
    2313.0962114334106
  ],
  "streamlines_count": [
    1007
  ],
  "avg_length": [
    74.04524230957031
  ],
  "std_length": [
    12.958005905151367
  ],
  "min_length": [
    41.16255569458008
  ],
  "max_length": [
    103.48197174072266
  ],
  "span": [
    31.558185577392578
  ],
  "curl": [
    2.3463086028182274
  ],
  "diameter": [
    13.819493823551804
  ],
  "elongation": [
    5.358028539611131
  ],
  "surface_area": [
    7090.395958329652
  ],
  "end_surface_area_head": [
    1175.2751042040043
  ],
  "end_surface_area_tail": [
    1420.6622138729722
  ],
  "radius_head": [
    4.643509407637097
  ],
  "radius_tail": [
    7.443516910167626
  ],
  "irregularity": [
    2.2056231999057125
  ],
  "irregularity_of_end_surface_head": [
    0.05763721603864766
  ],
  "irregularity_of_end_surface_tail": [
    0.12252237365826485
  ],
  "mean_curvature": [
    0.3988547391427427
  ],
  "fractal_dimension": [
    2.3056755252987613
  ]
}