{
  "volume": [
    15441.951341152191
  ],
  "volume_endpoints": [
    3463.8325176239014
  ],
  "streamlines_count": [
    2886
  ],
  "avg_length": [
    72.62752532958984
  ],
  "std_length": [
    7.396285057067871
  ],
  "min_length": [
    54.845123291015625
  ],
  "max_length": [
    94.8601303100586
  ],
  "span": [
    29.9739933013916
  ],
  "curl": [
    2.4230180009487747
  ],
  "diameter": [
    16.453395070114222
  ],
  "elongation": [
    4.4141361111245505
  ],
  "surface_area": [
    8226.92572942803
  ],
  "end_surface_area_head": [
    1168.8175486863997
  ],
  "end_surface_area_tail": [
    2221.39909805592
  ],
  "radius_head": [
    4.9214359810291715
  ],
  "radius_tail": [
    7.148806040284079
  ],
  "irregularity": [
    2.1914467972392133
  ],
  "irregularity_of_end_surface_head": [
    0.06510087553458968
  ],
  "irregularity_of_end_surface_tail": [
    0.07227536766382317
  ],
  "mean_curvature": [
    0.3898472398498863
  ],
  "fractal_dimension": [
    2.423150379566034
  ]
}