{
  "volume": [
    13518.245697975159
  ],
  "volume_endpoints": [
    2679.2395815849304
  ],
  "streamlines_count": [
    2081
  ],
  "avg_length": [
    79.62743377685547
  ],
  "std_length": [
    5.418586730957031
  ],
  "min_length": [
    67.25677490234375
  ],
  "max_length": [
    96.88580322265625
  ],
  "span": [
    38.02106475830078
  ],
  "curl": [
    2.094297839448885
  ],
  "diameter": [
    14.702252167676646
  ],
  "elongation": [
    5.416002451101936
  ],
  "surface_area": [
    7439.103956280291
  ],
  "end_surface_area_head": [
    1239.8506593800485
  ],
  "end_surface_area_tail": [
    1330.2564366265103
  ],
  "radius_head": [
    4.9739382065507
  ],
  "radius_tail": [
    5.576313079125801
  ],
  "irregularity": [
    2.022665971428085
  ],
  "irregularity_of_end_surface_head": [
    0.06268754562230333
  ],
  "irregularity_of_end_surface_tail": [
    0.07343596424492659
  ],
  "mean_curvature": [
    0.37882781415418726
  ],
  "fractal_dimension": [
    2.4017028923004418
  ]
}