{
  "volume": [
    17452.833977222443
  ],
  "volume_endpoints": [
    3690.4926991462708
  ],
  "streamlines_count": [
    8766
  ],
  "avg_length": [
    63.48168182373047
  ],
  "std_length": [
    8.744539260864258
  ],
  "min_length": [
    43.81344223022461
  ],
  "max_length": [
    113.5975341796875
  ],
  "span": [
    28.021806716918945
  ],
  "curl": [
    2.265438573073935
  ],
  "diameter": [
    18.709570850371644
  ],
  "elongation": [
    3.3930057686207955
  ],
  "surface_area": [
    9408.65838914964
  ],
  "end_surface_area_head": [
    1640.2191014715224
  ],
  "end_surface_area_tail": [
    1491.695324566621
  ],
  "radius_head": [
    5.792633146269694
  ],
  "radius_tail": [
    5.417244154105732
  ],
  "irregularity": [
    2.5215383497098043
  ],
  "irregularity_of_end_surface_head": [
    0.06426878024211004
  ],
  "irregularity_of_end_surface_tail": [
    0.061805420189925235
  ],
  "mean_curvature": [
    0.3781761515536266
  ],
  "fractal_dimension": [
    2.409319302033936
  ]
}