{
  "volume": [
    10966.86570596695
  ],
  "volume_endpoints": [
    3254.607734680176
  ],
  "streamlines_count": [
    1331
  ],
  "avg_length": [
    63.338043212890625
  ],
  "std_length": [
    8.08923625946045
  ],
  "min_length": [
    43.29346466064453
  ],
  "max_length": [
    92.41400146484375
  ],
  "span": [
    27.255399703979492
  ],
  "curl": [
    2.323871375977025
  ],
  "diameter": [
    14.84786468587102
  ],
  "elongation": [
    4.26580148411253
  ],
  "surface_area": [
    6999.990181083191
  ],
  "end_surface_area_head": [
    1485.2377690490164
  ],
  "end_surface_area_tail": [
    2460.3286522072835
  ],
  "radius_head": [
    5.223587504589486
  ],
  "radius_tail": [
    7.027749824575326
  ],
  "irregularity": [
    2.369293784517649
  ],
  "irregularity_of_end_surface_head": [
    0.05771539027103554
  ],
  "irregularity_of_end_surface_tail": [
    0.06306513567166845
  ],
  "mean_curvature": [
    0.3914898992435633
  ],
  "fractal_dimension": [
    2.2669837841495095
  ]
}