{
  "volume": [
    11879.318231582642
  ],
  "volume_endpoints": [
    1743.5398578643799
  ],
  "streamlines_count": [
    899
  ],
  "avg_length": [
    57.928749084472656
  ],
  "std_length": [
    7.150115013122559
  ],
  "min_length": [
    40.863494873046875
  ],
  "max_length": [
    81.4599838256836
  ],
  "span": [
    23.95212173461914
  ],
  "curl": [
    2.4185226564185953
  ],
  "diameter": [
    16.158600452182483
  ],
  "elongation": [
    3.585010301845073
  ],
  "surface_area": [
    6212.168407935451
  ],
  "end_surface_area_head": [
    548.8922189963756
  ],
  "end_surface_area_tail": [
    1349.6291031793235
  ],
  "radius_head": [
    3.486295127005624
  ],
  "radius_tail": [
    5.496685805274447
  ],
  "irregularity": [
    2.112493858835833
  ],
  "irregularity_of_end_surface_head": [
    0.06956504911498819
  ],
  "irregularity_of_end_surface_tail": [
    0.07032945696455631
  ],
  "mean_curvature": [
    0.41277344314354547
  ],
  "fractal_dimension": [
    2.4211086090830274
  ]
}