{
  "volume": [
    12536.051578044891
  ],
  "volume_endpoints": [
    3004.700355052948
  ],
  "streamlines_count": [
    1975
  ],
  "avg_length": [
    74.5882568359375
  ],
  "std_length": [
    5.2342915534973145
  ],
  "min_length": [
    59.09993362426758
  ],
  "max_length": [
    91.7145004272461
  ],
  "span": [
    34.42778396606445
  ],
  "curl": [
    2.1665134447648247
  ],
  "diameter": [
    14.628514134720875
  ],
  "elongation": [
    5.098826589564676
  ],
  "surface_area": [
    7154.971513505696
  ],
  "end_surface_area_head": [
    1607.9313238835002
  ],
  "end_surface_area_tail": [
    1440.0348804257856
  ],
  "radius_head": [
    5.716933829301644
  ],
  "radius_tail": [
    5.122838783202521
  ],
  "irregularity": [
    2.087311967153835
  ],
  "irregularity_of_end_surface_head": [
    0.06385702888214452
  ],
  "irregularity_of_end_surface_tail": [
    0.057252998724349684
  ],
  "mean_curvature": [
    0.3849303762520416
  ],
  "fractal_dimension": [
    2.3434825737464124
  ]
}