{
  "volume": [
    7718.069770812988
  ],
  "volume_endpoints": [
    2324.71981048584
  ],
  "streamlines_count": [
    1556
  ],
  "avg_length": [
    66.32447814941406
  ],
  "std_length": [
    7.111732006072998
  ],
  "min_length": [
    46.224002838134766
  ],
  "max_length": [
    87.98453521728516
  ],
  "span": [
    25.65495491027832
  ],
  "curl": [
    2.5852502326107007
  ],
  "diameter": [
    12.172295548022905
  ],
  "elongation": [
    5.448806093127345
  ],
  "surface_area": [
    4894.82708234415
  ],
  "end_surface_area_head": [
    1110.69954902796
  ],
  "end_surface_area_tail": [
    1246.3082148976528
  ],
  "radius_head": [
    4.6062457943767905
  ],
  "radius_tail": [
    4.825471469340359
  ],
  "irregularity": [
    1.929928196816612
  ],
  "irregularity_of_end_surface_head": [
    0.06001329809269763
  ],
  "irregularity_of_end_surface_tail": [
    0.05869538011017195
  ],
  "mean_curvature": [
    0.41748453040815564
  ],
  "fractal_dimension": [
    2.3052818375653543
  ]
}