{
  "volume": [
    14157.543645858765
  ],
  "volume_endpoints": [
    3777.6696920394897
  ],
  "streamlines_count": [
    3955
  ],
  "avg_length": [
    66.83769989013672
  ],
  "std_length": [
    6.599784851074219
  ],
  "min_length": [
    49.10547637939453
  ],
  "max_length": [
    87.71295166015625
  ],
  "span": [
    28.753448486328125
  ],
  "curl": [
    2.324510742491188
  ],
  "diameter": [
    16.422462011557
  ],
  "elongation": [
    4.069895235142024
  ],
  "surface_area": [
    7458.476622833104
  ],
  "end_surface_area_head": [
    1259.2233259328618
  ],
  "end_surface_area_tail": [
    2344.092652890404
  ],
  "radius_head": [
    5.156632634312691
  ],
  "radius_tail": [
    6.908705605893446
  ],
  "irregularity": [
    2.1629202082380874
  ],
  "irregularity_of_end_surface_head": [
    0.06634061576032171
  ],
  "irregularity_of_end_surface_tail": [
    0.06396883962669925
  ],
  "mean_curvature": [
    0.3821817027557966
  ],
  "fractal_dimension": [
    2.5021420282955202
  ]
}