{
  "volume": [
    10019.54238319397
  ],
  "volume_endpoints": [
    1476.1970796585083
  ],
  "streamlines_count": [
    2941
  ],
  "avg_length": [
    69.41999816894531
  ],
  "std_length": [
    6.584249496459961
  ],
  "min_length": [
    50.61574172973633
  ],
  "max_length": [
    88.07622528076172
  ],
  "span": [
    29.564178466796875
  ],
  "curl": [
    2.348111862702695
  ],
  "diameter": [
    13.556160551299309
  ],
  "elongation": [
    5.120918855028731
  ],
  "surface_area": [
    5643.903522386262
  ],
  "end_surface_area_head": [
    852.3973283237833
  ],
  "end_surface_area_tail": [
    639.2979962428375
  ],
  "radius_head": [
    4.568911334642301
  ],
  "radius_tail": [
    7.804308662685084
  ],
  "irregularity": [
    1.9090108948948468
  ],
  "irregularity_of_end_surface_head": [
    0.076936646616982
  ],
  "irregularity_of_end_surface_tail": [
    0.29930598730900265
  ],
  "mean_curvature": [
    0.3601140289718462
  ],
  "fractal_dimension": [
    2.321236507708739
  ]
}