{
  "volume": [
    7212.443212032318
  ],
  "volume_endpoints": [
    1412.2672848701477
  ],
  "streamlines_count": [
    1326
  ],
  "avg_length": [
    86.53597259521484
  ],
  "std_length": [
    4.120709419250488
  ],
  "min_length": [
    74.35302734375
  ],
  "max_length": [
    99.54759216308594
  ],
  "span": [
    40.072998046875
  ],
  "curl": [
    2.15945840872675
  ],
  "diameter": [
    10.301439661537124
  ],
  "elongation": [
    8.400376591858077
  ],
  "surface_area": [
    5062.7235258018645
  ],
  "end_surface_area_head": [
    1046.1239938519159
  ],
  "end_surface_area_tail": [
    413.2835531266828
  ],
  "radius_head": [
    4.725891426590706
  ],
  "radius_tail": [
    3.2250876167039264
  ],
  "irregularity": [
    1.807755686626635
  ],
  "irregularity_of_end_surface_head": [
    0.0670709085283463
  ],
  "irregularity_of_end_surface_tail": [
    0.07906509289035396
  ],
  "mean_curvature": [
    0.3364796657143315
  ],
  "fractal_dimension": [
    2.229036685449581
  ]
}