{
  "volume": [
    6985.783030509949
  ],
  "volume_endpoints": [
    1894.6466455459595
  ],
  "streamlines_count": [
    3257
  ],
  "avg_length": [
    70.57098388671875
  ],
  "std_length": [
    4.7355780601501465
  ],
  "min_length": [
    56.50688171386719
  ],
  "max_length": [
    85.13572692871094
  ],
  "span": [
    34.92500686645508
  ],
  "curl": [
    2.0206433790139373
  ],
  "diameter": [
    11.226632841183921
  ],
  "elongation": [
    6.28603294371891
  ],
  "surface_area": [
    4843.1666382033145
  ],
  "end_surface_area_head": [
    968.6333276406629
  ],
  "end_surface_area_tail": [
    1136.5297710983778
  ],
  "radius_head": [
    4.7468327384754385
  ],
  "radius_tail": [
    5.0748267872461135
  ],
  "irregularity": [
    1.9458253068522002
  ],
  "irregularity_of_end_surface_head": [
    0.07307996370666185
  ],
  "irregularity_of_end_surface_tail": [
    0.07118877232836508
  ],
  "mean_curvature": [
    0.340532758181396
  ],
  "fractal_dimension": [
    2.283859298577655
  ]
}