{
  "volume": [
    3812.5404891967773
  ],
  "volume_endpoints": [
    813.651933670044
  ],
  "streamlines_count": [
    311
  ],
  "avg_length": [
    74.4539794921875
  ],
  "std_length": [
    4.363874435424805
  ],
  "min_length": [
    61.93674850463867
  ],
  "max_length": [
    87.44660949707031
  ],
  "span": [
    34.85224533081055
  ],
  "curl": [
    2.1362749741224762
  ],
  "diameter": [
    8.074550107657046
  ],
  "elongation": [
    9.220820788712828
  ],
  "surface_area": [
    3364.386424671902
  ],
  "end_surface_area_head": [
    1013.8362162638938
  ],
  "end_surface_area_tail": [
    148.52377690490164
  ],
  "radius_head": [
    4.163539705619096
  ],
  "radius_tail": [
    2.7125573005214516
  ],
  "irregularity": [
    1.78135201740885
  ],
  "irregularity_of_end_surface_head": [
    0.053716473450567376
  ],
  "irregularity_of_end_surface_tail": [
    0.1556365983648011
  ],
  "mean_curvature": [
    0.34493608633804934
  ],
  "fractal_dimension": [
    2.0609958395829793
  ]
}