{
  "volume": [
    9147.77245426178
  ],
  "volume_endpoints": [
    2307.284411907196
  ],
  "streamlines_count": [
    4101
  ],
  "avg_length": [
    68.3088150024414
  ],
  "std_length": [
    5.414431095123291
  ],
  "min_length": [
    55.355445861816406
  ],
  "max_length": [
    84.5220947265625
  ],
  "span": [
    32.61431884765625
  ],
  "curl": [
    2.0944424846496603
  ],
  "diameter": [
    13.057930724289392
  ],
  "elongation": [
    5.231212850239619
  ],
  "surface_area": [
    5501.837300998965
  ],
  "end_surface_area_head": [
    1033.208882816707
  ],
  "end_surface_area_tail": [
    1330.2564366265103
  ],
  "radius_head": [
    4.755336004285535
  ],
  "radius_tail": [
    5.9477602647125565
  ],
  "irregularity": [
    1.9633908334505428
  ],
  "irregularity_of_end_surface_head": [
    0.06875814621921451
  ],
  "irregularity_of_end_surface_tail": [
    0.08354518288411639
  ],
  "mean_curvature": [
    0.3517550534662518
  ],
  "fractal_dimension": [
    2.327361423224797
  ]
}