{
  "volume": [
    7845.9293603897095
  ],
  "volume_endpoints": [
    1708.6690607070923
  ],
  "streamlines_count": [
    1958
  ],
  "avg_length": [
    72.74385070800781
  ],
  "std_length": [
    6.626070499420166
  ],
  "min_length": [
    58.369232177734375
  ],
  "max_length": [
    95.05583190917969
  ],
  "span": [
    33.692935943603516
  ],
  "curl": [
    2.159023803380304
  ],
  "diameter": [
    11.718691267326843
  ],
  "elongation": [
    6.207506371537122
  ],
  "surface_area": [
    5153.129303048327
  ],
  "end_surface_area_head": [
    749.0764400421126
  ],
  "end_surface_area_tail": [
    955.718216605454
  ],
  "radius_head": [
    3.961278650204515
  ],
  "radius_tail": [
    5.191277413787958
  ],
  "irregularity": [
    1.9241803166081206
  ],
  "irregularity_of_end_surface_head": [
    0.06581039862228572
  ],
  "irregularity_of_end_surface_tail": [
    0.08858669182264854
  ],
  "mean_curvature": [
    0.36785153362736395
  ],
  "fractal_dimension": [
    2.3384221955854554
  ]
}