{
  "volume": [
    11931.624427318573
  ],
  "volume_endpoints": [
    1749.3516573905945
  ],
  "streamlines_count": [
    1290
  ],
  "avg_length": [
    96.33789825439453
  ],
  "std_length": [
    6.419946670532227
  ],
  "min_length": [
    73.77388763427734
  ],
  "max_length": [
    118.21484375
  ],
  "span": [
    40.1020622253418
  ],
  "curl": [
    2.4023178088212003
  ],
  "diameter": [
    12.557588945038807
  ],
  "elongation": [
    7.671687509126125
  ],
  "surface_area": [
    7548.882400079566
  ],
  "end_surface_area_head": [
    1013.8362162638938
  ],
  "end_surface_area_tail": [
    716.7886624540905
  ],
  "radius_head": [
    4.53482512256547
  ],
  "radius_tail": [
    5.264201880459703
  ],
  "irregularity": [
    1.9862291750818397
  ],
  "irregularity_of_end_surface_head": [
    0.06372401915735677
  ],
  "irregularity_of_end_surface_tail": [
    0.12145735445910286
  ],
  "mean_curvature": [
    0.3745415329471115
  ],
  "fractal_dimension": [
    2.3359681091094964
  ]
}