{
  "volume": [
    4364.661444187164
  ],
  "volume_endpoints": [
    865.9581294059753
  ],
  "streamlines_count": [
    568
  ],
  "avg_length": [
    65.26274871826172
  ],
  "std_length": [
    3.220686435699463
  ],
  "min_length": [
    57.642189025878906
  ],
  "max_length": [
    76.61770629882812
  ],
  "span": [
    32.02869415283203
  ],
  "curl": [
    2.037633766985504
  ],
  "diameter": [
    9.227789090336092
  ],
  "elongation": [
    7.072414429866942
  ],
  "surface_area": [
    3312.725980531067
  ],
  "end_surface_area_head": [
    761.9915510773214
  ],
  "end_surface_area_tail": [
    238.9295541513635
  ],
  "radius_head": [
    3.800769068685015
  ],
  "radius_tail": [
    2.2327859088433835
  ],
  "irregularity": [
    1.7509454658350043
  ],
  "irregularity_of_end_surface_head": [
    0.059558353469740685
  ],
  "irregularity_of_end_surface_tail": [
    0.06555022176407657
  ],
  "mean_curvature": [
    0.3564985946975124
  ],
  "fractal_dimension": [
    2.22133608994927
  ]
}