{
  "volume": [
    3213.9251379966736
  ],
  "volume_endpoints": [
    1609.868468761444
  ],
  "streamlines_count": [
    2764
  ],
  "avg_length": [
    25.984535217285156
  ],
  "std_length": [
    3.875779628753662
  ],
  "min_length": [
    20.079492568969727
  ],
  "max_length": [
    41.461238861083984
  ],
  "span": [
    12.119132041931152
  ],
  "curl": [
    2.1440920956534595
  ],
  "diameter": [
    12.54918324714327
  ],
  "elongation": [
    2.0706156492854104
  ],
  "surface_area": [
    2182.6537649502934
  ],
  "end_surface_area_head": [
    445.5713307147049
  ],
  "end_surface_area_tail": [
    1104.2419935103558
  ],
  "radius_head": [
    3.197336844028539
  ],
  "radius_tail": [
    4.992478782308755
  ],
  "irregularity": [
    2.130612948758792
  ],
  "irregularity_of_end_surface_head": [
    0.07207911037446937
  ],
  "irregularity_of_end_surface_tail": [
    0.07091172812965753
  ],
  "mean_curvature": [
    0.4312087980391493
  ],
  "fractal_dimension": [
    2.2687659767735386
  ]
}