{
  "volume": [
    13372.950709819794
  ],
  "volume_endpoints": [
    2301.4726123809814
  ],
  "streamlines_count": [
    1675
  ],
  "avg_length": [
    89.00576782226562
  ],
  "std_length": [
    10.990922927856445
  ],
  "min_length": [
    56.906097412109375
  ],
  "max_length": [
    119.13492584228516
  ],
  "span": [
    34.04017639160156
  ],
  "curl": [
    2.614726986086513
  ],
  "diameter": [
    13.831191861014528
  ],
  "elongation": [
    6.435148085331887
  ],
  "surface_area": [
    8071.944397005524
  ],
  "end_surface_area_head": [
    1104.2419935103558
  ],
  "end_surface_area_tail": [
    1226.9355483448396
  ],
  "radius_head": [
    4.742932824996327
  ],
  "radius_tail": [
    7.36845579359078
  ],
  "irregularity": [
    2.0871349575162137
  ],
  "irregularity_of_end_surface_head": [
    0.06399993915327326
  ],
  "irregularity_of_end_surface_tail": [
    0.13902121757261215
  ],
  "mean_curvature": [
    0.3747050416113725
  ],
  "fractal_dimension": [
    2.382063889521177
  ]
}