{
  "volume": [
    13047.489936351776
  ],
  "volume_endpoints": [
    3405.7145223617554
  ],
  "streamlines_count": [
    3210
  ],
  "avg_length": [
    72.33699035644531
  ],
  "std_length": [
    4.8546552658081055
  ],
  "min_length": [
    57.231781005859375
  ],
  "max_length": [
    87.9657974243164
  ],
  "span": [
    34.31849670410156
  ],
  "curl": [
    2.107813491370092
  ],
  "diameter": [
    15.1543853631132
  ],
  "elongation": [
    4.77333713134407
  ],
  "surface_area": [
    7277.66506834018
  ],
  "end_surface_area_head": [
    949.2606610878496
  ],
  "end_surface_area_tail": [
    2305.3473197847775
  ],
  "radius_head": [
    4.456456984757125
  ],
  "radius_tail": [
    7.377876887377955
  ],
  "irregularity": [
    2.1132137584950033
  ],
  "irregularity_of_end_surface_head": [
    0.06572700258520003
  ],
  "irregularity_of_end_surface_tail": [
    0.07417820433372611
  ],
  "mean_curvature": [
    0.37383605352257643
  ],
  "fractal_dimension": [
    2.357717286705256
  ]
}