{
  "volume": [
    30622.371703624725
  ],
  "volume_endpoints": [
    4695.9340171813965
  ],
  "streamlines_count": [
    8910
  ],
  "avg_length": [
    64.33129119873047
  ],
  "std_length": [
    13.126017570495605
  ],
  "min_length": [
    43.57991027832031
  ],
  "max_length": [
    144.91864013671875
  ],
  "span": [
    27.75539207458496
  ],
  "curl": [
    2.317794359591746
  ],
  "diameter": [
    24.618599153133005
  ],
  "elongation": [
    2.6131174563823043
  ],
  "surface_area": [
    13916.032140437523
  ],
  "end_surface_area_head": [
    1595.0162128482916
  ],
  "end_surface_area_tail": [
    1711.252212165171
  ],
  "radius_head": [
    5.768964199908763
  ],
  "radius_tail": [
    6.107722743865692
  ],
  "irregularity": [
    2.7969193599968167
  ],
  "irregularity_of_end_surface_head": [
    0.06555117164957348
  ],
  "irregularity_of_end_surface_tail": [
    0.06848484525061066
  ],
  "mean_curvature": [
    0.4076134452748914
  ],
  "fractal_dimension": [
    2.500375592901811
  ]
}