{
  "volume": [
    17894.530741214752
  ],
  "volume_endpoints": [
    4858.664403915405
  ],
  "streamlines_count": [
    5288
  ],
  "avg_length": [
    73.88434600830078
  ],
  "std_length": [
    9.556172370910645
  ],
  "min_length": [
    50.169700622558594
  ],
  "max_length": [
    114.79864501953125
  ],
  "span": [
    29.612232208251953
  ],
  "curl": [
    2.4950616856135435
  ],
  "diameter": [
    17.56058581118114
  ],
  "elongation": [
    4.20739642758713
  ],
  "surface_area": [
    11688.175486863998
  ],
  "end_surface_area_head": [
    5476.007078928547
  ],
  "end_surface_area_tail": [
    768.4491065949259
  ],
  "radius_head": [
    8.338736176627476
  ],
  "radius_tail": [
    3.956029720411202
  ],
  "irregularity": [
    2.8675131466354102
  ],
  "irregularity_of_end_surface_head": [
    0.03989204858017236
  ],
  "irregularity_of_end_surface_tail": [
    0.06398141696888865
  ],
  "mean_curvature": [
    0.35110563571239384
  ],
  "fractal_dimension": [
    2.289812311219351
  ]
}