{
  "volume": [
    9298.87924194336
  ],
  "volume_endpoints": [
    1946.9528412818909
  ],
  "streamlines_count": [
    2180
  ],
  "avg_length": [
    77.32123565673828
  ],
  "std_length": [
    4.37761926651001
  ],
  "min_length": [
    63.78022766113281
  ],
  "max_length": [
    92.449951171875
  ],
  "span": [
    36.12416076660156
  ],
  "curl": [
    2.1404299509215257
  ],
  "diameter": [
    12.374309391147348
  ],
  "elongation": [
    6.248529369409039
  ],
  "surface_area": [
    5792.427299291164
  ],
  "end_surface_area_head": [
    852.3973283237833
  ],
  "end_surface_area_tail": [
    1149.4448821335866
  ],
  "radius_head": [
    4.271570107463441
  ],
  "radius_tail": [
    4.970509745333004
  ],
  "irregularity": [
    1.9270410353285001
  ],
  "irregularity_of_end_surface_head": [
    0.06724854156954178
  ],
  "irregularity_of_end_surface_tail": [
    0.06752484267579711
  ],
  "mean_curvature": [
    0.3674856532057491
  ],
  "fractal_dimension": [
    2.308839911951504
  ]
}