{
  "volume": [
    8276.00252532959
  ],
  "volume_endpoints": [
    1673.7982635498047
  ],
  "streamlines_count": [
    1210
  ],
  "avg_length": [
    83.2410659790039
  ],
  "std_length": [
    7.115466117858887
  ],
  "min_length": [
    63.6356201171875
  ],
  "max_length": [
    102.36502838134766
  ],
  "span": [
    37.337547302246094
  ],
  "curl": [
    2.229419766252199
  ],
  "diameter": [
    11.251140551534862
  ],
  "elongation": [
    7.398455791901764
  ],
  "surface_area": [
    5579.327967210218
  ],
  "end_surface_area_head": [
    1059.0391048871247
  ],
  "end_surface_area_tail": [
    619.9253296900242
  ],
  "radius_head": [
    4.608813251640427
  ],
  "radius_tail": [
    4.872605839012898
  ],
  "irregularity": [
    1.8962597869583027
  ],
  "irregularity_of_end_surface_head": [
    0.0630109602270646
  ],
  "irregularity_of_end_surface_tail": [
    0.12031867860094152
  ],
  "mean_curvature": [
    0.3724227086817923
  ],
  "fractal_dimension": [
    2.2879978214358863
  ]
}