{
  "volume": [
    4719.181215286255
  ],
  "volume_endpoints": [
    1266.9722967147827
  ],
  "streamlines_count": [
    557
  ],
  "avg_length": [
    57.62034225463867
  ],
  "std_length": [
    5.182395935058594
  ],
  "min_length": [
    46.5350456237793
  ],
  "max_length": [
    73.83329010009766
  ],
  "span": [
    26.59031105041504
  ],
  "curl": [
    2.1669675900139307
  ],
  "diameter": [
    10.21175695325329
  ],
  "elongation": [
    5.642549320201145
  ],
  "surface_area": [
    3512.910201576804
  ],
  "end_surface_area_head": [
    1059.0391048871247
  ],
  "end_surface_area_tail": [
    516.6044414083535
  ],
  "radius_head": [
    4.3003108987085845
  ],
  "radius_tail": [
    3.67468527114437
  ],
  "irregularity": [
    1.900381842771129
  ],
  "irregularity_of_end_surface_head": [
    0.05485769880214005
  ],
  "irregularity_of_end_surface_tail": [
    0.08211680326673339
  ],
  "mean_curvature": [
    0.3948896893800054
  ],
  "fractal_dimension": [
    2.2170162367327597
  ]
}