{
  "volume": [
    20998.03168821335
  ],
  "volume_endpoints": [
    7950.541751861572
  ],
  "streamlines_count": [
    6281
  ],
  "avg_length": [
    52.822296142578125
  ],
  "std_length": [
    7.480177402496338
  ],
  "min_length": [
    32.92334747314453
  ],
  "max_length": [
    78.16050720214844
  ],
  "span": [
    25.02829933166504
  ],
  "curl": [
    2.1105028129397896
  ],
  "diameter": [
    22.497575339663204
  ],
  "elongation": [
    2.347910623481832
  ],
  "surface_area": [
    11345.925044430964
  ],
  "end_surface_area_head": [
    1104.2419935103558
  ],
  "end_surface_area_tail": [
    7503.679511456335
  ],
  "radius_head": [
    5.036295374344526
  ],
  "radius_tail": [
    12.037407602538352
  ],
  "irregularity": [
    3.0390444122976747
  ],
  "irregularity_of_end_surface_head": [
    0.07216190673088294
  ],
  "irregularity_of_end_surface_tail": [
    0.060665464766522424
  ],
  "mean_curvature": [
    0.38668672855521746
  ],
  "fractal_dimension": [
    2.3661860559382073
  ]
}