{
  "volume": [
    8589.839699745178
  ],
  "volume_endpoints": [
    1749.3516573905945
  ],
  "streamlines_count": [
    1165
  ],
  "avg_length": [
    60.93284606933594
  ],
  "std_length": [
    6.133084774017334
  ],
  "min_length": [
    42.68460464477539
  ],
  "max_length": [
    80.30464172363281
  ],
  "span": [
    24.52943992614746
  ],
  "curl": [
    2.4840700094576484
  ],
  "diameter": [
    13.3974411207376
  ],
  "elongation": [
    4.548095828166719
  ],
  "surface_area": [
    5114.3839699427
  ],
  "end_surface_area_head": [
    1059.0391048871247
  ],
  "end_surface_area_tail": [
    858.8548838413877
  ],
  "radius_head": [
    4.6090475119948
  ],
  "radius_tail": [
    4.442326055517922
  ],
  "irregularity": [
    1.994206542299742
  ],
  "irregularity_of_end_surface_head": [
    0.06301736593031497
  ],
  "irregularity_of_end_surface_tail": [
    0.0721856624069955
  ],
  "mean_curvature": [
    0.4037407792177323
  ],
  "fractal_dimension": [
    2.359413761807622
  ]
}