{
  "volume": [
    10804.13531923294
  ],
  "volume_endpoints": [
    2301.4726123809814
  ],
  "streamlines_count": [
    3041
  ],
  "avg_length": [
    74.653564453125
  ],
  "std_length": [
    4.57540225982666
  ],
  "min_length": [
    60.43117141723633
  ],
  "max_length": [
    89.89209747314453
  ],
  "span": [
    34.2948112487793
  ],
  "curl": [
    2.1768180589062798
  ],
  "diameter": [
    13.57452971360193
  ],
  "elongation": [
    5.499532287908343
  ],
  "surface_area": [
    5934.493520678461
  ],
  "end_surface_area_head": [
    1071.9542159223336
  ],
  "end_surface_area_tail": [
    1046.1239938519159
  ],
  "radius_head": [
    4.868055869540669
  ],
  "radius_tail": [
    5.152646329385656
  ],
  "irregularity": [
    1.8640538148440016
  ],
  "irregularity_of_end_surface_head": [
    0.0694519979563032
  ],
  "irregularity_of_end_surface_tail": [
    0.07973103058723861
  ],
  "mean_curvature": [
    0.372643115958741
  ],
  "fractal_dimension": [
    2.3400646011757678
  ]
}