{
  "volume": [
    15668.61152267456
  ],
  "volume_endpoints": [
    2772.228374004364
  ],
  "streamlines_count": [
    3497
  ],
  "avg_length": [
    77.5223388671875
  ],
  "std_length": [
    8.21923828125
  ],
  "min_length": [
    56.90632629394531
  ],
  "max_length": [
    103.12493133544922
  ],
  "span": [
    30.165185928344727
  ],
  "curl": [
    2.569927433941112
  ],
  "diameter": [
    16.041939803894568
  ],
  "elongation": [
    4.83247910258129
  ],
  "surface_area": [
    8104.232174593546
  ],
  "end_surface_area_head": [
    1110.69954902796
  ],
  "end_surface_area_tail": [
    1536.8982131898517
  ],
  "radius_head": [
    4.7496037568557785
  ],
  "radius_tail": [
    6.565762749904448
  ],
  "irregularity": [
    2.074331929690722
  ],
  "irregularity_of_end_surface_head": [
    0.06380695740235605
  ],
  "irregularity_of_end_surface_tail": [
    0.08812013187128993
  ],
  "mean_curvature": [
    0.3778193843409031
  ],
  "fractal_dimension": [
    2.4027865692505164
  ]
}