{
  "volume": [
    5468.903354167938
  ],
  "volume_endpoints": [
    1313.4666929244995
  ],
  "streamlines_count": [
    1661
  ],
  "avg_length": [
    74.69124603271484
  ],
  "std_length": [
    5.362866401672363
  ],
  "min_length": [
    60.00944900512695
  ],
  "max_length": [
    90.44047546386719
  ],
  "span": [
    34.241092681884766
  ],
  "curl": [
    2.1813336018984644
  ],
  "diameter": [
    9.655401357870561
  ],
  "elongation": [
    7.735695624069587
  ],
  "surface_area": [
    4010.141976432344
  ],
  "end_surface_area_head": [
    871.7699948765966
  ],
  "end_surface_area_tail": [
    393.91088657386956
  ],
  "radius_head": [
    4.321419973744549
  ],
  "radius_tail": [
    2.945927946231948
  ],
  "irregularity": [
    1.769986036368234
  ],
  "irregularity_of_end_surface_head": [
    0.06729780593150524
  ],
  "irregularity_of_end_surface_tail": [
    0.0692143476051346
  ],
  "mean_curvature": [
    0.3483528480480982
  ],
  "fractal_dimension": [
    2.215580097823872
  ]
}