{
  "volume": [
    7840.117560863495
  ],
  "volume_endpoints": [
    1284.4076952934265
  ],
  "streamlines_count": [
    2220
  ],
  "avg_length": [
    62.53339767456055
  ],
  "std_length": [
    5.201533317565918
  ],
  "min_length": [
    48.575809478759766
  ],
  "max_length": [
    79.18067932128906
  ],
  "span": [
    25.532442092895508
  ],
  "curl": [
    2.4491741701417853
  ],
  "diameter": [
    12.63456615323682
  ],
  "elongation": [
    4.949390182150438
  ],
  "surface_area": [
    4933.572415449777
  ],
  "end_surface_area_head": [
    645.7555517604419
  ],
  "end_surface_area_tail": [
    891.1426614294098
  ],
  "radius_head": [
    3.7031344345631236
  ],
  "radius_tail": [
    5.6812654572851615
  ],
  "irregularity": [
    1.9876470783404705
  ],
  "irregularity_of_end_surface_head": [
    0.0667145684433608
  ],
  "irregularity_of_end_surface_tail": [
    0.11378704051526904
  ],
  "mean_curvature": [
    0.35961066977129325
  ],
  "fractal_dimension": [
    2.2070995213805027
  ]
}