{
  "volume": [
    20120.449959754944
  ],
  "volume_endpoints": [
    7578.586582183838
  ],
  "streamlines_count": [
    6261
  ],
  "avg_length": [
    54.827571868896484
  ],
  "std_length": [
    7.79701566696167
  ],
  "min_length": [
    33.19546890258789
  ],
  "max_length": [
    79.46117401123047
  ],
  "span": [
    25.96710777282715
  ],
  "curl": [
    2.1114238962827385
  ],
  "diameter": [
    21.61595349199668
  ],
  "elongation": [
    2.53644012924049
  ],
  "surface_area": [
    10797.032825434588
  ],
  "end_surface_area_head": [
    1097.7844379927512
  ],
  "end_surface_area_tail": [
    6999.990181083191
  ],
  "radius_head": [
    5.016965816037122
  ],
  "radius_tail": [
    11.490965773894587
  ],
  "irregularity": [
    2.8998874263868366
  ],
  "irregularity_of_end_surface_head": [
    0.0720302772620719
  ],
  "irregularity_of_end_surface_tail": [
    0.059260526282455706
  ],
  "mean_curvature": [
    0.37922160718468045
  ],
  "fractal_dimension": [
    2.3927693738671287
  ]
}