{
  "volume": [
    11513.174861431122
  ],
  "volume_endpoints": [
    1691.2336621284485
  ],
  "streamlines_count": [
    826
  ],
  "avg_length": [
    63.79390335083008
  ],
  "std_length": [
    7.256684303283691
  ],
  "min_length": [
    48.01957321166992
  ],
  "max_length": [
    97.77468872070312
  ],
  "span": [
    25.78899574279785
  ],
  "curl": [
    2.4736869937498804
  ],
  "diameter": [
    15.158737122673033
  ],
  "elongation": [
    4.2083916908495675
  ],
  "surface_area": [
    6857.923959695893
  ],
  "end_surface_area_head": [
    916.9728834998275
  ],
  "end_surface_area_tail": [
    968.6333276406629
  ],
  "radius_head": [
    4.19062062120032
  ],
  "radius_tail": [
    4.526961451593169
  ],
  "irregularity": [
    2.2573588033602734
  ],
  "irregularity_of_end_surface_head": [
    0.06016585201300292
  ],
  "irregularity_of_end_surface_tail": [
    0.0664666909225984
  ],
  "mean_curvature": [
    0.39997293892120334
  ],
  "fractal_dimension": [
    2.354713809246828
  ]
}