{
  "volume": [
    8322.496921539307
  ],
  "volume_endpoints": [
    2045.753433227539
  ],
  "streamlines_count": [
    2706
  ],
  "avg_length": [
    76.71634674072266
  ],
  "std_length": [
    3.553539276123047
  ],
  "min_length": [
    64.66853332519531
  ],
  "max_length": [
    87.80339050292969
  ],
  "span": [
    35.13334274291992
  ],
  "curl": [
    2.1835766468928592
  ],
  "diameter": [
    11.752707407788233
  ],
  "elongation": [
    6.527546724245394
  ],
  "surface_area": [
    5275.82285788281
  ],
  "end_surface_area_head": [
    749.0764400421126
  ],
  "end_surface_area_tail": [
    1194.6477707568174
  ],
  "radius_head": [
    4.009117770161491
  ],
  "radius_tail": [
    4.931686983714487
  ],
  "irregularity": [
    1.8625781111298227
  ],
  "irregularity_of_end_surface_head": [
    0.06740953991954887
  ],
  "irregularity_of_end_surface_tail": [
    0.06395890259836455
  ],
  "mean_curvature": [
    0.3518116068196843
  ],
  "fractal_dimension": [
    2.2594059387123338
  ]
}