{
  "volume": [
    7607.645579814911
  ],
  "volume_endpoints": [
    1836.5286502838135
  ],
  "streamlines_count": [
    1540
  ],
  "avg_length": [
    71.00203704833984
  ],
  "std_length": [
    4.758102893829346
  ],
  "min_length": [
    53.98828125
  ],
  "max_length": [
    86.20213317871094
  ],
  "span": [
    32.04270553588867
  ],
  "curl": [
    2.2158564909200846
  ],
  "diameter": [
    11.680052390530738
  ],
  "elongation": [
    6.078914261198235
  ],
  "surface_area": [
    4701.100416816017
  ],
  "end_surface_area_head": [
    936.3455500526408
  ],
  "end_surface_area_tail": [
    678.043329348464
  ],
  "radius_head": [
    4.470793826744773
  ],
  "radius_tail": [
    3.7040882869718836
  ],
  "irregularity": [
    1.8044051403776382
  ],
  "irregularity_of_end_surface_head": [
    0.06706300459045396
  ],
  "irregularity_of_end_surface_tail": [
    0.06357042048783121
  ],
  "mean_curvature": [
    0.37769840201000116
  ],
  "fractal_dimension": [
    2.275198561132912
  ]
}