{
  "volume": [
    8851.370678424835
  ],
  "volume_endpoints": [
    1720.2926597595215
  ],
  "streamlines_count": [
    2063
  ],
  "avg_length": [
    74.76472473144531
  ],
  "std_length": [
    4.516009330749512
  ],
  "min_length": [
    63.21989059448242
  ],
  "max_length": [
    90.44303894042969
  ],
  "span": [
    30.84638214111328
  ],
  "curl": [
    2.423776130031013
  ],
  "diameter": [
    12.277556863926169
  ],
  "elongation": [
    6.089544162578346
  ],
  "surface_area": [
    5501.837300998965
  ],
  "end_surface_area_head": [
    858.8548838413877
  ],
  "end_surface_area_tail": [
    820.1095507357612
  ],
  "radius_head": [
    4.1958672567762365
  ],
  "radius_tail": [
    4.339394220553827
  ],
  "irregularity": [
    1.907871751539438
  ],
  "irregularity_of_end_surface_head": [
    0.0643981755039669
  ],
  "irregularity_of_end_surface_tail": [
    0.07213336885462635
  ],
  "mean_curvature": [
    0.37653965501893916
  ],
  "fractal_dimension": [
    2.258439747675118
  ]
}