{
  "volume": [
    5986.153512001038
  ],
  "volume_endpoints": [
    1644.7392659187317
  ],
  "streamlines_count": [
    1508
  ],
  "avg_length": [
    60.38199234008789
  ],
  "std_length": [
    8.259408950805664
  ],
  "min_length": [
    40.26429748535156
  ],
  "max_length": [
    84.23796844482422
  ],
  "span": [
    28.26922035217285
  ],
  "curl": [
    2.135962420889572
  ],
  "diameter": [
    11.235056606726955
  ],
  "elongation": [
    5.374427068212043
  ],
  "surface_area": [
    4042.429754020366
  ],
  "end_surface_area_head": [
    975.0908831582673
  ],
  "end_surface_area_tail": [
    645.7555517604419
  ],
  "radius_head": [
    4.385561192963922
  ],
  "radius_tail": [
    5.933223455091866
  ],
  "irregularity": [
    1.8967491822622113
  ],
  "irregularity_of_end_surface_head": [
    0.06196623749919202
  ],
  "irregularity_of_end_surface_tail": [
    0.17126283698279254
  ],
  "mean_curvature": [
    0.3802451230486761
  ],
  "fractal_dimension": [
    2.2850591068502464
  ]
}