{
  "volume": [
    11937.436226844788
  ],
  "volume_endpoints": [
    1051.9357142448425
  ],
  "streamlines_count": [
    243
  ],
  "avg_length": [
    72.6110610961914
  ],
  "std_length": [
    12.717010498046875
  ],
  "min_length": [
    46.51850509643555
  ],
  "max_length": [
    105.98185729980469
  ],
  "span": [
    25.13532066345215
  ],
  "curl": [
    2.8888058389392683
  ],
  "diameter": [
    14.4680233129522
  ],
  "elongation": [
    5.0187271284798
  ],
  "surface_area": [
    7607.000399738005
  ],
  "end_surface_area_head": [
    884.6851059118054
  ],
  "end_surface_area_tail": [
    736.1613290069038
  ],
  "radius_head": [
    3.937869736852131
  ],
  "radius_tail": [
    4.590460117640443
  ],
  "irregularity": [
    2.3048973212009343
  ],
  "irregularity_of_end_surface_head": [
    0.05506604031895945
  ],
  "irregularity_of_end_surface_tail": [
    0.0899268352627121
  ],
  "mean_curvature": [
    0.4071525515597544
  ],
  "fractal_dimension": [
    2.3146577185800585
  ]
}