{
  "volume": [
    9374.43263578415
  ],
  "volume_endpoints": [
    2121.306827068329
  ],
  "streamlines_count": [
    3253
  ],
  "avg_length": [
    69.166748046875
  ],
  "std_length": [
    6.319391250610352
  ],
  "min_length": [
    53.13668441772461
  ],
  "max_length": [
    88.85198974609375
  ],
  "span": [
    29.589263916015625
  ],
  "curl": [
    2.3375623078422536
  ],
  "diameter": [
    13.136476007509408
  ],
  "elongation": [
    5.265243738681221
  ],
  "surface_area": [
    5340.398413058854
  ],
  "end_surface_area_head": [
    820.1095507357612
  ],
  "end_surface_area_tail": [
    1104.2419935103558
  ],
  "radius_head": [
    4.189653089336146
  ],
  "radius_tail": [
    4.991217639489099
  ],
  "irregularity": [
    1.8708869738926
  ],
  "irregularity_of_end_surface_head": [
    0.06724099500437992
  ],
  "irregularity_of_end_surface_tail": [
    0.07087590683715295
  ],
  "mean_curvature": [
    0.37011216369695454
  ],
  "fractal_dimension": [
    2.3376021914611393
  ]
}