{
  "volume": [
    20108.826360702515
  ],
  "volume_endpoints": [
    6114.013101577759
  ],
  "streamlines_count": [
    8375
  ],
  "avg_length": [
    75.46066284179688
  ],
  "std_length": [
    12.063246726989746
  ],
  "min_length": [
    45.69226837158203
  ],
  "max_length": [
    129.5794677734375
  ],
  "span": [
    31.41753387451172
  ],
  "curl": [
    2.401864613027959
  ],
  "diameter": [
    18.4199358541876
  ],
  "elongation": [
    4.096684344567986
  ],
  "surface_area": [
    12469.539704494133
  ],
  "end_surface_area_head": [
    6496.300850710046
  ],
  "end_surface_area_tail": [
    716.7886624540905
  ],
  "radius_head": [
    8.920382260353463
  ],
  "radius_tail": [
    3.823319962753918
  ],
  "irregularity": [
    2.855563489484563
  ],
  "irregularity_of_end_surface_head": [
    0.03848138318794748
  ],
  "irregularity_of_end_surface_tail": [
    0.06406783288605222
  ],
  "mean_curvature": [
    0.35092474207237584
  ],
  "fractal_dimension": [
    2.2770740106541734
  ]
}