{
  "volume": [
    42106.487567424774
  ],
  "volume_endpoints": [
    4719.181215286255
  ],
  "streamlines_count": [
    7571
  ],
  "avg_length": [
    68.82784271240234
  ],
  "std_length": [
    18.269672393798828
  ],
  "min_length": [
    41.520931243896484
  ],
  "max_length": [
    170.4842529296875
  ],
  "span": [
    27.09116554260254
  ],
  "curl": [
    2.540601016378062
  ],
  "diameter": [
    27.909206436480492
  ],
  "elongation": [
    2.466133993062467
  ],
  "surface_area": [
    17157.725010274942
  ],
  "end_surface_area_head": [
    1685.4219900947533
  ],
  "end_surface_area_tail": [
    1672.5068790595446
  ],
  "radius_head": [
    5.796762362278799
  ],
  "radius_tail": [
    6.040698946223345
  ],
  "irregularity": [
    2.8431396024504276
  ],
  "irregularity_of_end_surface_head": [
    0.06263429745622895
  ],
  "irregularity_of_end_surface_tail": [
    0.06854193237555051
  ],
  "mean_curvature": [
    0.40418831598820104
  ],
  "fractal_dimension": [
    2.5565604276640155
  ]
}