{
  "volume": [
    18754.677071094513
  ],
  "volume_endpoints": [
    4219.366456031799
  ],
  "streamlines_count": [
    8946
  ],
  "avg_length": [
    64.68921661376953
  ],
  "std_length": [
    8.893174171447754
  ],
  "min_length": [
    46.229209899902344
  ],
  "max_length": [
    112.09024047851562
  ],
  "span": [
    28.626850128173828
  ],
  "curl": [
    2.259739242149594
  ],
  "diameter": [
    19.21294363609244
  ],
  "elongation": [
    3.36696020344575
  ],
  "surface_area": [
    9214.931723621507
  ],
  "end_surface_area_head": [
    1595.0162128482916
  ],
  "end_surface_area_tail": [
    1504.6104356018295
  ],
  "radius_head": [
    5.683854280487022
  ],
  "radius_tail": [
    5.6203193726410525
  ],
  "irregularity": [
    2.360024157510698
  ],
  "irregularity_of_end_surface_head": [
    0.06363127731236178
  ],
  "irregularity_of_end_surface_tail": [
    0.0659550103520695
  ],
  "mean_curvature": [
    0.38516194208966736
  ],
  "fractal_dimension": [
    2.4769723538806954
  ]
}