{
  "volume": [
    9537.163022518158
  ],
  "volume_endpoints": [
    2254.9782161712646
  ],
  "streamlines_count": [
    2515
  ],
  "avg_length": [
    66.82612609863281
  ],
  "std_length": [
    7.775417804718018
  ],
  "min_length": [
    49.869415283203125
  ],
  "max_length": [
    92.1774673461914
  ],
  "span": [
    31.870393753051758
  ],
  "curl": [
    2.096808926065868
  ],
  "diameter": [
    13.480050510223165
  ],
  "elongation": [
    4.957409176468026
  ],
  "surface_area": [
    5495.37974548136
  ],
  "end_surface_area_head": [
    1007.3786607462894
  ],
  "end_surface_area_tail": [
    1110.69954902796
  ],
  "radius_head": [
    4.637581879557053
  ],
  "radius_tail": [
    5.776222699887355
  ],
  "irregularity": [
    1.9418247430352404
  ],
  "irregularity_of_end_surface_head": [
    0.06707185327900238
  ],
  "irregularity_of_end_surface_tail": [
    0.09437156018437898
  ],
  "mean_curvature": [
    0.3878179684903465
  ],
  "fractal_dimension": [
    2.38046004333015
  ]
}