{
  "volume": [
    5590.951144218445
  ],
  "volume_endpoints": [
    2679.2395815849304
  ],
  "streamlines_count": [
    4240
  ],
  "avg_length": [
    27.149667739868164
  ],
  "std_length": [
    5.359866619110107
  ],
  "min_length": [
    20.084287643432617
  ],
  "max_length": [
    46.25111770629883
  ],
  "span": [
    11.678825378417969
  ],
  "curl": [
    2.3246916415104324
  ],
  "diameter": [
    16.192564976227533
  ],
  "elongation": [
    1.6766749294955348
  ],
  "surface_area": [
    3170.65975914377
  ],
  "end_surface_area_head": [
    1239.8506593800485
  ],
  "end_surface_area_tail": [
    1046.1239938519159
  ],
  "radius_head": [
    5.103744784189404
  ],
  "radius_tail": [
    4.60145064269682
  ],
  "irregularity": [
    2.295723609592656
  ],
  "irregularity_of_end_surface_head": [
    0.06600219723149
  ],
  "irregularity_of_end_surface_tail": [
    0.06358522983277724
  ],
  "mean_curvature": [
    0.4602602090335117
  ],
  "fractal_dimension": [
    2.4251792874801685
  ]
}