{
  "volume": [
    11768.894040584564
  ],
  "volume_endpoints": [
    2382.837805747986
  ],
  "streamlines_count": [
    2034
  ],
  "avg_length": [
    73.0689697265625
  ],
  "std_length": [
    7.370140075683594
  ],
  "min_length": [
    53.65750503540039
  ],
  "max_length": [
    97.31961059570312
  ],
  "span": [
    33.52679443359375
  ],
  "curl": [
    2.17942010147405
  ],
  "diameter": [
    14.320441047678328
  ],
  "elongation": [
    5.102424533105331
  ],
  "surface_area": [
    6586.706627956508
  ],
  "end_surface_area_head": [
    1188.190215239213
  ],
  "end_surface_area_tail": [
    1059.0391048871247
  ],
  "radius_head": [
    4.943938708265077
  ],
  "radius_tail": [
    5.161111835516918
  ],
  "irregularity": [
    2.003683261118862
  ],
  "irregularity_of_end_surface_head": [
    0.06462641380530765
  ],
  "irregularity_of_end_surface_tail": [
    0.07901770570766682
  ],
  "mean_curvature": [
    0.3812991276075706
  ],
  "fractal_dimension": [
    2.3464819737085416
  ]
}