{
  "volume": [
    9112.901657104492
  ],
  "volume_endpoints": [
    1714.4808602333069
  ],
  "streamlines_count": [
    1273
  ],
  "avg_length": [
    89.24526977539062
  ],
  "std_length": [
    4.351068496704102
  ],
  "min_length": [
    77.10724639892578
  ],
  "max_length": [
    104.13906860351562
  ],
  "span": [
    41.26765441894531
  ],
  "curl": [
    2.162596130843326
  ],
  "diameter": [
    11.402256271123363
  ],
  "elongation": [
    7.826983331483926
  ],
  "surface_area": [
    5837.630187914395
  ],
  "end_surface_area_head": [
    1110.69954902796
  ],
  "end_surface_area_tail": [
    703.8735514188817
  ],
  "radius_head": [
    4.717826347673504
  ],
  "radius_tail": [
    4.238821577473592
  ],
  "irregularity": [
    1.8260417461751486
  ],
  "irregularity_of_end_surface_head": [
    0.06295600773882826
  ],
  "irregularity_of_end_surface_tail": [
    0.0801946689577066
  ],
  "mean_curvature": [
    0.36789715566320486
  ],
  "fractal_dimension": [
    2.2628575948324112
  ]
}