{
  "volume": [
    9862.623795986176
  ],
  "volume_endpoints": [
    2411.896803379059
  ],
  "streamlines_count": [
    1954
  ],
  "avg_length": [
    79.30601501464844
  ],
  "std_length": [
    6.315523624420166
  ],
  "min_length": [
    59.92110061645508
  ],
  "max_length": [
    98.6378402709961
  ],
  "span": [
    38.465736389160156
  ],
  "curl": [
    2.0617313604061738
  ],
  "diameter": [
    12.583406576954085
  ],
  "elongation": [
    6.302428084926833
  ],
  "surface_area": [
    5908.663298608043
  ],
  "end_surface_area_head": [
    1162.3599931687954
  ],
  "end_surface_area_tail": [
    1233.3931038624441
  ],
  "radius_head": [
    4.891517090673019
  ],
  "radius_tail": [
    5.658294034809942
  ],
  "irregularity": [
    1.8846686782012962
  ],
  "irregularity_of_end_surface_head": [
    0.06466903337656124
  ],
  "irregularity_of_end_surface_tail": [
    0.08154913911334083
  ],
  "mean_curvature": [
    0.3700463719963417
  ],
  "fractal_dimension": [
    2.305019812398343
  ]
}