{
  "volume": [
    14692.229202270508
  ],
  "volume_endpoints": [
    1534.3150749206543
  ],
  "streamlines_count": [
    5309
  ],
  "avg_length": [
    48.420772552490234
  ],
  "std_length": [
    11.318950653076172
  ],
  "min_length": [
    24.353851318359375
  ],
  "max_length": [
    112.49949645996094
  ],
  "span": [
    16.33688735961914
  ],
  "curl": [
    2.963892171539038
  ],
  "diameter": [
    19.65545264221271
  ],
  "elongation": [
    2.4634778671288475
  ],
  "surface_area": [
    8530.430838755437
  ],
  "end_surface_area_head": [
    497.23177485554027
  ],
  "end_surface_area_tail": [
    1155.9024376511911
  ],
  "radius_head": [
    3.1937203512866206
  ],
  "radius_tail": [
    5.918275158651834
  ],
  "irregularity": [
    2.8530299429122206
  ],
  "irregularity_of_end_surface_head": [
    0.06444433853548374
  ],
  "irregularity_of_end_surface_tail": [
    0.09519606547225393
  ],
  "mean_curvature": [
    0.4121787565467182
  ],
  "fractal_dimension": [
    2.3995868402443166
  ]
}