{
  "volume": [
    25769.519099235535
  ],
  "volume_endpoints": [
    1046.123914718628
  ],
  "streamlines_count": [
    2080
  ],
  "avg_length": [
    70.60935974121094
  ],
  "std_length": [
    34.94927978515625
  ],
  "min_length": [
    24.60987091064453
  ],
  "max_length": [
    164.9791259765625
  ],
  "span": [
    14.271388053894043
  ],
  "curl": [
    4.947616831282554
  ],
  "diameter": [
    21.556441982142765
  ],
  "elongation": [
    3.2755572464000937
  ],
  "surface_area": [
    15917.874350894894
  ],
  "end_surface_area_head": [
    400.368442091474
  ],
  "end_surface_area_tail": [
    1013.8362162638938
  ],
  "radius_head": [
    2.930144776697972
  ],
  "radius_tail": [
    5.152334584509748
  ],
  "irregularity": [
    3.3288624207803257
  ],
  "irregularity_of_end_surface_head": [
    0.06737025525062773
  ],
  "irregularity_of_end_surface_tail": [
    0.0822602806735952
  ],
  "mean_curvature": [
    0.407773532360219
  ],
  "fractal_dimension": [
    2.353637485047528
  ]
}