{
  "volume": [
    6991.594830036163
  ],
  "volume_endpoints": [
    1737.7280583381653
  ],
  "streamlines_count": [
    1460
  ],
  "avg_length": [
    75.1839599609375
  ],
  "std_length": [
    5.532355308532715
  ],
  "min_length": [
    58.157291412353516
  ],
  "max_length": [
    90.44437408447266
  ],
  "span": [
    35.9234619140625
  ],
  "curl": [
    2.0928929439149124
  ],
  "diameter": [
    10.881295072386148
  ],
  "elongation": [
    6.9094679871088625
  ],
  "surface_area": [
    4804.421305097688
  ],
  "end_surface_area_head": [
    794.2793286653435
  ],
  "end_surface_area_tail": [
    1226.9355483448396
  ],
  "radius_head": [
    4.06914116631921
  ],
  "radius_tail": [
    5.7233309528413265
  ],
  "irregularity": [
    1.869327640677803
  ],
  "irregularity_of_end_surface_head": [
    0.06549107600803648
  ],
  "irregularity_of_end_surface_tail": [
    0.08387370788806749
  ],
  "mean_curvature": [
    0.36549428466656436
  ],
  "fractal_dimension": [
    2.151437882009453
  ]
}