{
  "volume": [
    5050.453788280487
  ],
  "volume_endpoints": [
    1098.4301104545593
  ],
  "streamlines_count": [
    842
  ],
  "avg_length": [
    79.1669692993164
  ],
  "std_length": [
    3.7453484535217285
  ],
  "min_length": [
    70.3145980834961
  ],
  "max_length": [
    92.21934509277344
  ],
  "span": [
    39.01069259643555
  ],
  "curl": [
    2.0293659002237243
  ],
  "diameter": [
    9.012561689956346
  ],
  "elongation": [
    8.784069615583388
  ],
  "surface_area": [
    3758.297311245772
  ],
  "end_surface_area_head": [
    697.4159959012773
  ],
  "end_surface_area_tail": [
    516.6044414083535
  ],
  "radius_head": [
    3.7524779918137323
  ],
  "radius_tail": [
    3.382791785895324
  ],
  "irregularity": [
    1.6766753932784648
  ],
  "irregularity_of_end_surface_head": [
    0.0634299364345566
  ],
  "irregularity_of_end_surface_tail": [
    0.06958926857247502
  ],
  "mean_curvature": [
    0.35265728767580773
  ],
  "fractal_dimension": [
    2.1797863254251113
  ]
}