{
  "volume": [
    8520.098105430603
  ],
  "volume_endpoints": [
    1470.3852801322937
  ],
  "streamlines_count": [
    1543
  ],
  "avg_length": [
    75.68207550048828
  ],
  "std_length": [
    5.811233043670654
  ],
  "min_length": [
    56.30868148803711
  ],
  "max_length": [
    93.59199523925781
  ],
  "span": [
    33.93413162231445
  ],
  "curl": [
    2.2302640993683527
  ],
  "diameter": [
    11.972389579478458
  ],
  "elongation": [
    6.321384298270149
  ],
  "surface_area": [
    5340.398413058854
  ],
  "end_surface_area_head": [
    865.3124393589922
  ],
  "end_surface_area_tail": [
    755.533995559717
  ],
  "radius_head": [
    4.149974943889502
  ],
  "radius_tail": [
    4.098387161160994
  ],
  "irregularity": [
    1.876073770500843
  ],
  "irregularity_of_end_surface_head": [
    0.06252704072408079
  ],
  "irregularity_of_end_surface_tail": [
    0.06984282977512263
  ],
  "mean_curvature": [
    0.3751789008883478
  ],
  "fractal_dimension": [
    2.240104711438512
  ]
}