{
  "volume": [
    9606.904616832733
  ],
  "volume_endpoints": [
    1691.2336621284485
  ],
  "streamlines_count": [
    1180
  ],
  "avg_length": [
    65.51558685302734
  ],
  "std_length": [
    7.937308311462402
  ],
  "min_length": [
    43.59090805053711
  ],
  "max_length": [
    86.8114013671875
  ],
  "span": [
    25.35129165649414
  ],
  "curl": [
    2.584309617859036
  ],
  "diameter": [
    13.663893895886817
  ],
  "elongation": [
    4.794796223699397
  ],
  "surface_area": [
    6631.909516579738
  ],
  "end_surface_area_head": [
    807.1944397005524
  ],
  "end_surface_area_tail": [
    1330.2564366265103
  ],
  "radius_head": [
    4.1144396553504325
  ],
  "radius_tail": [
    4.880379444677108
  ],
  "irregularity": [
    2.358140097563054
  ],
  "irregularity_of_end_surface_head": [
    0.06588599443832456
  ],
  "irregularity_of_end_surface_tail": [
    0.05624989061754311
  ],
  "mean_curvature": [
    0.40969901845111684
  ],
  "fractal_dimension": [
    2.2212100451481938
  ]
}