{
  "volume": [
    8543.345303535461
  ],
  "volume_endpoints": [
    1296.0312943458557
  ],
  "streamlines_count": [
    1986
  ],
  "avg_length": [
    73.3722152709961
  ],
  "std_length": [
    4.019440650939941
  ],
  "min_length": [
    61.98517608642578
  ],
  "max_length": [
    86.54769897460938
  ],
  "span": [
    34.02302551269531
  ],
  "curl": [
    2.1565458734296885
  ],
  "diameter": [
    12.175960302789514
  ],
  "elongation": [
    6.025990020202884
  ],
  "surface_area": [
    5333.94085754125
  ],
  "end_surface_area_head": [
    897.6002169470142
  ],
  "end_surface_area_tail": [
    535.9771079611668
  ],
  "radius_head": [
    4.1906747574514425
  ],
  "radius_tail": [
    4.183754510119534
  ],
  "irregularity": [
    1.9004807201218066
  ],
  "irregularity_of_end_surface_head": [
    0.06146598363922122
  ],
  "irregularity_of_end_surface_tail": [
    0.10259732054027665
  ],
  "mean_curvature": [
    0.38132239012319635
  ],
  "fractal_dimension": [
    2.3172782049581424
  ]
}