{
  "volume": [
    8485.227308273315
  ],
  "volume_endpoints": [
    1511.067876815796
  ],
  "streamlines_count": [
    1708
  ],
  "avg_length": [
    74.7125015258789
  ],
  "std_length": [
    5.186003684997559
  ],
  "min_length": [
    62.61900329589844
  ],
  "max_length": [
    92.1246566772461
  ],
  "span": [
    34.008480072021484
  ],
  "curl": [
    2.1968785834490823
  ],
  "diameter": [
    12.025140545701715
  ],
  "elongation": [
    6.213025223441921
  ],
  "surface_area": [
    5301.653079953228
  ],
  "end_surface_area_head": [
    916.9728834998275
  ],
  "end_surface_area_tail": [
    703.8735514188817
  ],
  "radius_head": [
    4.283197023496298
  ],
  "radius_tail": [
    4.499488818301068
  ],
  "irregularity": [
    1.8783563802948746
  ],
  "irregularity_of_end_surface_head": [
    0.06285350251292525
  ],
  "irregularity_of_end_surface_tail": [
    0.09036111472844911
  ],
  "mean_curvature": [
    0.37698852068437066
  ],
  "fractal_dimension": [
    2.2574140559671347
  ]
}