{
  "volume": [
    10298.50876045227
  ],
  "volume_endpoints": [
    1441.3262825012207
  ],
  "streamlines_count": [
    1556
  ],
  "avg_length": [
    67.25325012207031
  ],
  "std_length": [
    4.66005277633667
  ],
  "min_length": [
    55.179100036621094
  ],
  "max_length": [
    86.34300994873047
  ],
  "span": [
    31.410043716430664
  ],
  "curl": [
    2.141138380106424
  ],
  "diameter": [
    13.963220367766128
  ],
  "elongation": [
    4.8164569741607295
  ],
  "surface_area": [
    6392.979962428375
  ],
  "end_surface_area_head": [
    897.6002169470142
  ],
  "end_surface_area_tail": [
    690.9584403836728
  ],
  "radius_head": [
    4.278793374202169
  ],
  "radius_tail": [
    4.884325665644318
  ],
  "irregularity": [
    2.1669784941315227
  ],
  "irregularity_of_end_surface_head": [
    0.06407808925695793
  ],
  "irregularity_of_end_surface_tail": [
    0.10846938370217832
  ],
  "mean_curvature": [
    0.3761517355137129
  ],
  "fractal_dimension": [
    2.350906536069146
  ]
}