{
  "volume": [
    11629.410851955414
  ],
  "volume_endpoints": [
    2330.5316100120544
  ],
  "streamlines_count": [
    2490
  ],
  "avg_length": [
    72.84233856201172
  ],
  "std_length": [
    6.650649547576904
  ],
  "min_length": [
    56.440635681152344
  ],
  "max_length": [
    95.03379821777344
  ],
  "span": [
    33.66147232055664
  ],
  "curl": [
    2.1639676918566577
  ],
  "diameter": [
    14.25745390544337
  ],
  "elongation": [
    5.109070598797528
  ],
  "surface_area": [
    7116.22618040007
  ],
  "end_surface_area_head": [
    852.3973283237833
  ],
  "end_surface_area_tail": [
    1582.1011018130826
  ],
  "radius_head": [
    4.175080686897456
  ],
  "radius_tail": [
    7.369842431924109
  ],
  "irregularity": [
    2.1810921473013307
  ],
  "irregularity_of_end_surface_head": [
    0.06424473452821754
  ],
  "irregularity_of_end_surface_tail": [
    0.10785295413257931
  ],
  "mean_curvature": [
    0.36802967065070047
  ],
  "fractal_dimension": [
    2.273882095228048
  ]
}