{
  "volume": [
    8973.418468475342
  ],
  "volume_endpoints": [
    1708.6690607070923
  ],
  "streamlines_count": [
    1312
  ],
  "avg_length": [
    86.40846252441406
  ],
  "std_length": [
    5.747333526611328
  ],
  "min_length": [
    69.13723754882812
  ],
  "max_length": [
    104.91818237304688
  ],
  "span": [
    38.71385955810547
  ],
  "curl": [
    2.231977475527181
  ],
  "diameter": [
    11.498888982615256
  ],
  "elongation": [
    7.51450532786705
  ],
  "surface_area": [
    5747.224410667933
  ],
  "end_surface_area_head": [
    1123.614660063169
  ],
  "end_surface_area_tail": [
    626.3828852076286
  ],
  "radius_head": [
    4.634044461436158
  ],
  "radius_tail": [
    4.272689405956232
  ],
  "irregularity": [
    1.841179470472072
  ],
  "irregularity_of_end_surface_head": [
    0.06004168454618076
  ],
  "irregularity_of_end_surface_tail": [
    0.09156144489985532
  ],
  "mean_curvature": [
    0.36837024393877604
  ],
  "fractal_dimension": [
    2.293781129854342
  ]
}