{
  "volume": [
    8258.567126750946
  ],
  "volume_endpoints": [
    1197.2307024002075
  ],
  "streamlines_count": [
    1033
  ],
  "avg_length": [
    73.35935974121094
  ],
  "std_length": [
    7.077517032623291
  ],
  "min_length": [
    56.929893493652344
  ],
  "max_length": [
    94.4413070678711
  ],
  "span": [
    29.53433609008789
  ],
  "curl": [
    2.4838668970734474
  ],
  "diameter": [
    11.972356622081037
  ],
  "elongation": [
    6.127395136719508
  ],
  "surface_area": [
    5204.789747189162
  ],
  "end_surface_area_head": [
    736.1613290069038
  ],
  "end_surface_area_tail": [
    794.2793286653435
  ],
  "radius_head": [
    3.9725998968320386
  ],
  "radius_tail": [
    4.721904700342973
  ],
  "irregularity": [
    1.8863320367783591
  ],
  "irregularity_of_end_surface_head": [
    0.06734828277603419
  ],
  "irregularity_of_end_surface_tail": [
    0.0881883156785118
  ],
  "mean_curvature": [
    0.3792625498044641
  ],
  "fractal_dimension": [
    2.331686728390588
  ]
}