{
  "volume": [
    14047.119454860687
  ],
  "volume_endpoints": [
    2737.3575768470764
  ],
  "streamlines_count": [
    3074
  ],
  "avg_length": [
    73.78457641601562
  ],
  "std_length": [
    5.326696395874023
  ],
  "min_length": [
    59.321006774902344
  ],
  "max_length": [
    91.62139892578125
  ],
  "span": [
    32.555274963378906
  ],
  "curl": [
    2.2664399701435523
  ],
  "diameter": [
    15.569185851995316
  ],
  "elongation": [
    4.739141604283665
  ],
  "surface_area": [
    7206.631957646532
  ],
  "end_surface_area_head": [
    1046.1239938519159
  ],
  "end_surface_area_tail": [
    1517.5255466370386
  ],
  "radius_head": [
    4.668948173923911
  ],
  "radius_tail": [
    5.955472761613887
  ],
  "irregularity": [
    1.9968754568521692
  ],
  "irregularity_of_end_surface_head": [
    0.06546434334770249
  ],
  "irregularity_of_end_surface_tail": [
    0.07342540439814099
  ],
  "mean_curvature": [
    0.38298049475088786
  ],
  "fractal_dimension": [
    2.3918012698791578
  ]
}