{
  "volume": [
    14413.262825012207
  ],
  "volume_endpoints": [
    3411.52632188797
  ],
  "streamlines_count": [
    3625
  ],
  "avg_length": [
    68.74869537353516
  ],
  "std_length": [
    6.039674282073975
  ],
  "min_length": [
    52.503883361816406
  ],
  "max_length": [
    88.04850006103516
  ],
  "span": [
    29.9268856048584
  ],
  "curl": [
    2.297221845308699
  ],
  "diameter": [
    16.338191487717268
  ],
  "elongation": [
    4.207852223131249
  ],
  "surface_area": [
    7671.575954914049
  ],
  "end_surface_area_head": [
    1071.9542159223336
  ],
  "end_surface_area_tail": [
    2408.668208066448
  ],
  "radius_head": [
    4.684841735045394
  ],
  "radius_tail": [
    8.124911839714676
  ],
  "irregularity": [
    2.174033709189769
  ],
  "irregularity_of_end_surface_head": [
    0.06432258417837108
  ],
  "irregularity_of_end_surface_tail": [
    0.08610139876958638
  ],
  "mean_curvature": [
    0.38292335740451156
  ],
  "fractal_dimension": [
    2.420570212399998
  ]
}