{
  "volume": [
    17766.67115163803
  ],
  "volume_endpoints": [
    4829.605406284332
  ],
  "streamlines_count": [
    3922
  ],
  "avg_length": [
    69.84231567382812
  ],
  "std_length": [
    6.172951698303223
  ],
  "min_length": [
    48.62451171875
  ],
  "max_length": [
    89.46684265136719
  ],
  "span": [
    30.26387596130371
  ],
  "curl": [
    2.307778282039306
  ],
  "diameter": [
    17.99694444957496
  ],
  "elongation": [
    3.8807874230826784
  ],
  "surface_area": [
    9189.101501551087
  ],
  "end_surface_area_head": [
    1039.6664383343114
  ],
  "end_surface_area_tail": [
    3642.0613119288923
  ],
  "radius_head": [
    4.642056721571727
  ],
  "radius_tail": [
    8.302371515243365
  ],
  "irregularity": [
    2.3270502934039174
  ],
  "irregularity_of_end_surface_head": [
    0.0651143536110081
  ],
  "irregularity_of_end_surface_tail": [
    0.05945754137194333
  ],
  "mean_curvature": [
    0.392236863955863
  ],
  "fractal_dimension": [
    2.3988995538489855
  ]
}