{
  "volume": [
    4864.47620344162
  ],
  "volume_endpoints": [
    1022.8767166137695
  ],
  "streamlines_count": [
    1220
  ],
  "avg_length": [
    77.85663604736328
  ],
  "std_length": [
    4.685586929321289
  ],
  "min_length": [
    64.88626098632812
  ],
  "max_length": [
    90.10951232910156
  ],
  "span": [
    36.324981689453125
  ],
  "curl": [
    2.1433358649143868
  ],
  "diameter": [
    8.919187284559188
  ],
  "elongation": [
    8.729117750688783
  ],
  "surface_area": [
    3706.6368671049368
  ],
  "end_surface_area_head": [
    710.3311069364861
  ],
  "end_surface_area_tail": [
    393.91088657386956
  ],
  "radius_head": [
    3.9644784460665834
  ],
  "radius_tail": [
    3.612835413219174
  ],
  "irregularity": [
    1.699062089674247
  ],
  "irregularity_of_end_surface_head": [
    0.06951222036243099
  ],
  "irregularity_of_end_surface_tail": [
    0.10409940411869092
  ],
  "mean_curvature": [
    0.3429739439829451
  ],
  "fractal_dimension": [
    2.1765462096876704
  ]
}