{
  "volume": [
    3498.703314781189
  ],
  "volume_endpoints": [
    598.6153512001038
  ],
  "streamlines_count": [
    1862
  ],
  "avg_length": [
    57.2172737121582
  ],
  "std_length": [
    2.7633442878723145
  ],
  "min_length": [
    48.9260139465332
  ],
  "max_length": [
    66.2114028930664
  ],
  "span": [
    27.337173461914062
  ],
  "curl": [
    2.0930208381591777
  ],
  "diameter": [
    8.823584257936263
  ],
  "elongation": [
    6.484584046522233
  ],
  "surface_area": [
    2725.088428429065
  ],
  "end_surface_area_head": [
    284.13244277459444
  ],
  "end_surface_area_tail": [
    439.1137751971005
  ],
  "radius_head": [
    2.4191258469267356
  ],
  "radius_tail": [
    3.1198695251450133
  ],
  "irregularity": [
    1.7181399217951954
  ],
  "irregularity_of_end_surface_head": [
    0.06470621119669392
  ],
  "irregularity_of_end_surface_tail": [
    0.0696379014711207
  ],
  "mean_curvature": [
    0.3360188981292071
  ],
  "fractal_dimension": [
    2.2293986516683533
  ]
}