{
  "volume": [
    5033.018389701843
  ],
  "volume_endpoints": [
    1749.3516573905945
  ],
  "streamlines_count": [
    4130
  ],
  "avg_length": [
    53.713863372802734
  ],
  "std_length": [
    5.180456638336182
  ],
  "min_length": [
    41.23127746582031
  ],
  "max_length": [
    68.82246398925781
  ],
  "span": [
    25.754934310913086
  ],
  "curl": [
    2.085575630843006
  ],
  "diameter": [
    10.922602347663704
  ],
  "elongation": [
    4.917680023780403
  ],
  "surface_area": [
    3364.386424671902
  ],
  "end_surface_area_head": [
    942.8031055702452
  ],
  "end_surface_area_tail": [
    678.043329348464
  ],
  "radius_head": [
    4.607517350564262
  ],
  "radius_tail": [
    4.060972641748734
  ],
  "irregularity": [
    1.8253388034384948
  ],
  "irregularity_of_end_surface_head": [
    0.07073963700321649
  ],
  "irregularity_of_end_surface_tail": [
    0.07641041394393452
  ],
  "mean_curvature": [
    0.3563759388451715
  ],
  "fractal_dimension": [
    2.2146442563733406
  ]
}