{
  "volume": [
    8554.96890258789
  ],
  "volume_endpoints": [
    2318.9080109596252
  ],
  "streamlines_count": [
    2417
  ],
  "avg_length": [
    64.9713134765625
  ],
  "std_length": [
    6.278383255004883
  ],
  "min_length": [
    46.92683410644531
  ],
  "max_length": [
    83.98613739013672
  ],
  "span": [
    28.328195571899414
  ],
  "curl": [
    2.293521072023796
  ],
  "diameter": [
    12.948022743914217
  ],
  "elongation": [
    5.0178559894096635
  ],
  "surface_area": [
    5340.398413058854
  ],
  "end_surface_area_head": [
    981.5484386758717
  ],
  "end_surface_area_tail": [
    1349.6291031793235
  ],
  "radius_head": [
    4.675981606496687
  ],
  "radius_tail": [
    5.454511796032776
  ],
  "irregularity": [
    2.020685314616754
  ],
  "irregularity_of_end_surface_head": [
    0.06998157692747965
  ],
  "irregularity_of_end_surface_tail": [
    0.06925437409413943
  ],
  "mean_curvature": [
    0.36450101333459545
  ],
  "fractal_dimension": [
    2.3770049410501413
  ]
}