{
  "volume": [
    9601.092817306519
  ],
  "volume_endpoints": [
    2440.955801010132
  ],
  "streamlines_count": [
    2760
  ],
  "avg_length": [
    74.31243133544922
  ],
  "std_length": [
    4.345547199249268
  ],
  "min_length": [
    62.323486328125
  ],
  "max_length": [
    88.0949935913086
  ],
  "span": [
    34.522178649902344
  ],
  "curl": [
    2.152599697981675
  ],
  "diameter": [
    12.825805748348216
  ],
  "elongation": [
    5.79397760994623
  ],
  "surface_area": [
    5953.866187231274
  ],
  "end_surface_area_head": [
    988.0059941934761
  ],
  "end_surface_area_tail": [
    1381.9168807673457
  ],
  "radius_head": [
    4.666133348268453
  ],
  "radius_tail": [
    5.493684828188479
  ],
  "irregularity": [
    1.9883968581013514
  ],
  "irregularity_of_end_surface_head": [
    0.06923163448557407
  ],
  "irregularity_of_end_surface_tail": [
    0.06861126577922595
  ],
  "mean_curvature": [
    0.3561772831864115
  ],
  "fractal_dimension": [
    2.3629937353597823
  ]
}