{
  "volume": [
    5027.206590175629
  ],
  "volume_endpoints": [
    1389.0200867652893
  ],
  "streamlines_count": [
    1084
  ],
  "avg_length": [
    52.71036911010742
  ],
  "std_length": [
    5.17019510269165
  ],
  "min_length": [
    40.03409194946289
  ],
  "max_length": [
    68.40473175048828
  ],
  "span": [
    24.913366317749023
  ],
  "curl": [
    2.1157465610159227
  ],
  "diameter": [
    11.019715871060663
  ],
  "elongation": [
    4.783278419050016
  ],
  "surface_area": [
    3293.353313978254
  ],
  "end_surface_area_head": [
    897.6002169470142
  ],
  "end_surface_area_tail": [
    458.48644174991375
  ],
  "radius_head": [
    4.3074675227048385
  ],
  "radius_tail": [
    3.4304347967489006
  ],
  "irregularity": [
    1.8047705585632459
  ],
  "irregularity_of_end_surface_head": [
    0.06493980005377208
  ],
  "irregularity_of_end_surface_tail": [
    0.08063465150536253
  ],
  "mean_curvature": [
    0.3955118263559588
  ],
  "fractal_dimension": [
    2.2088939555221425
  ]
}