{
  "volume": [
    5683.939936637878
  ],
  "volume_endpoints": [
    1197.2307024002075
  ],
  "streamlines_count": [
    501
  ],
  "avg_length": [
    67.58599853515625
  ],
  "std_length": [
    5.572720527648926
  ],
  "min_length": [
    53.13780212402344
  ],
  "max_length": [
    83.70724487304688
  ],
  "span": [
    30.891193389892578
  ],
  "curl": [
    2.187872695046803
  ],
  "diameter": [
    10.347881150565161
  ],
  "elongation": [
    6.531385271221922
  ],
  "surface_area": [
    3926.193754703487
  ],
  "end_surface_area_head": [
    1201.105326274422
  ],
  "end_surface_area_tail": [
    348.7079979506386
  ],
  "radius_head": [
    4.508416244395882
  ],
  "radius_tail": [
    2.8620046911845094
  ],
  "irregularity": [
    1.7869552986424904
  ],
  "irregularity_of_end_surface_head": [
    0.053163895015193606
  ],
  "irregularity_of_end_surface_tail": [
    0.07379529051827777
  ],
  "mean_curvature": [
    0.3896957001167381
  ],
  "fractal_dimension": [
    2.231252265393997
  ]
}