{
  "volume": [
    14238.908839225769
  ],
  "volume_endpoints": [
    3545.1977109909058
  ],
  "streamlines_count": [
    1945
  ],
  "avg_length": [
    77.50200653076172
  ],
  "std_length": [
    8.910454750061035
  ],
  "min_length": [
    54.310977935791016
  ],
  "max_length": [
    104.55806732177734
  ],
  "span": [
    34.486236572265625
  ],
  "curl": [
    2.247331522196019
  ],
  "diameter": [
    15.294558354779916
  ],
  "elongation": [
    5.067292871947524
  ],
  "surface_area": [
    8194.637951840008
  ],
  "end_surface_area_head": [
    1330.2564366265103
  ],
  "end_surface_area_tail": [
    2647.5977622178116
  ],
  "radius_head": [
    5.134923426854156
  ],
  "radius_tail": [
    8.878227086513437
  ],
  "irregularity": [
    2.2005437664829888
  ],
  "irregularity_of_end_surface_head": [
    0.06227051350243943
  ],
  "irregularity_of_end_surface_tail": [
    0.09352987753701397
  ],
  "mean_curvature": [
    0.3861770662826254
  ],
  "fractal_dimension": [
    2.2883585114116096
  ]
}