{
  "volume": [
    7334.491002082825
  ],
  "volume_endpoints": [
    1656.362864971161
  ],
  "streamlines_count": [
    922
  ],
  "avg_length": [
    69.1083984375
  ],
  "std_length": [
    6.2231645584106445
  ],
  "min_length": [
    50.62397384643555
  ],
  "max_length": [
    89.494140625
  ],
  "span": [
    32.2484245300293
  ],
  "curl": [
    2.143000764987672
  ],
  "diameter": [
    11.624509457024299
  ],
  "elongation": [
    5.945059332868461
  ],
  "surface_area": [
    4920.657304414567
  ],
  "end_surface_area_head": [
    1162.3599931687954
  ],
  "end_surface_area_tail": [
    639.2979962428375
  ],
  "radius_head": [
    4.653013648118136
  ],
  "radius_tail": [
    4.727605526811729
  ],
  "irregularity": [
    1.9496999639681643
  ],
  "irregularity_of_end_surface_head": [
    0.05851643662350354
  ],
  "irregularity_of_end_surface_tail": [
    0.10983202550105285
  ],
  "mean_curvature": [
    0.37997362295614145
  ],
  "fractal_dimension": [
    2.293627270173111
  ]
}