{
  "volume": [
    9293.067442417145
  ],
  "volume_endpoints": [
    2318.9080109596252
  ],
  "streamlines_count": [
    3197
  ],
  "avg_length": [
    61.32451248168945
  ],
  "std_length": [
    5.938630104064941
  ],
  "min_length": [
    45.14040756225586
  ],
  "max_length": [
    81.70046997070312
  ],
  "span": [
    26.891788482666016
  ],
  "curl": [
    2.280417775902788
  ],
  "diameter": [
    13.890489535560311
  ],
  "elongation": [
    4.414856101701512
  ],
  "surface_area": [
    5017.5206371786335
  ],
  "end_surface_area_head": [
    1291.5111035208838
  ],
  "end_surface_area_tail": [
    794.2793286653435
  ],
  "radius_head": [
    5.047906856601174
  ],
  "radius_tail": [
    4.102746725980925
  ],
  "irregularity": [
    1.8749411412605574
  ],
  "irregularity_of_end_surface_head": [
    0.06198325711207543
  ],
  "irregularity_of_end_surface_tail": [
    0.06657727687512244
  ],
  "mean_curvature": [
    0.3955167579788844
  ],
  "fractal_dimension": [
    2.399465862310936
  ]
}