{
  "volume": [
    14262.156037330627
  ],
  "volume_endpoints": [
    1266.9722967147827
  ],
  "streamlines_count": [
    445
  ],
  "avg_length": [
    84.43264770507812
  ],
  "std_length": [
    7.875192642211914
  ],
  "min_length": [
    68.48121643066406
  ],
  "max_length": [
    109.05729675292969
  ],
  "span": [
    33.7755241394043
  ],
  "curl": [
    2.499817541145855
  ],
  "diameter": [
    14.665350495919629
  ],
  "elongation": [
    5.757288087220963
  ],
  "surface_area": [
    8730.615059801174
  ],
  "end_surface_area_head": [
    897.6002169470142
  ],
  "end_surface_area_tail": [
    703.8735514188817
  ],
  "radius_head": [
    3.9379609390829677
  ],
  "radius_tail": [
    4.533945854947876
  ],
  "irregularity": [
    2.244357893045858
  ],
  "irregularity_of_end_surface_head": [
    0.05427623721222714
  ],
  "irregularity_of_end_surface_tail": [
    0.09175038281397173
  ],
  "mean_curvature": [
    0.3804400762815154
  ],
  "fractal_dimension": [
    2.3486560006104082
  ]
}