{
  "volume": [
    9781.258602619171
  ],
  "volume_endpoints": [
    2028.3180346488953
  ],
  "streamlines_count": [
    1937
  ],
  "avg_length": [
    73.63465118408203
  ],
  "std_length": [
    5.570030689239502
  ],
  "min_length": [
    59.59519958496094
  ],
  "max_length": [
    90.11647033691406
  ],
  "span": [
    31.357656478881836
  ],
  "curl": [
    2.3482192055287077
  ],
  "diameter": [
    13.00502864107017
  ],
  "elongation": [
    5.662013765317068
  ],
  "surface_area": [
    5643.903522386262
  ],
  "end_surface_area_head": [
    800.736884182948
  ],
  "end_surface_area_tail": [
    1291.5111035208838
  ],
  "radius_head": [
    3.9705206328727902
  ],
  "radius_tail": [
    4.793068120344749
  ],
  "irregularity": [
    1.8760143744797764
  ],
  "irregularity_of_end_surface_head": [
    0.06185217176593281
  ],
  "irregularity_of_end_surface_tail": [
    0.05588289944496471
  ],
  "mean_curvature": [
    0.37357358453688577
  ],
  "fractal_dimension": [
    2.3285109480993142
  ]
}