{
  "volume": [
    5468.903354167938
  ],
  "volume_endpoints": [
    1516.8796763420105
  ],
  "streamlines_count": [
    1011
  ],
  "avg_length": [
    73.12533569335938
  ],
  "std_length": [
    5.5145182609558105
  ],
  "min_length": [
    59.65410614013672
  ],
  "max_length": [
    88.71197509765625
  ],
  "span": [
    36.486083984375
  ],
  "curl": [
    2.004197976540178
  ],
  "diameter": [
    9.758234428427576
  ],
  "elongation": [
    7.4937055703777204
  ],
  "surface_area": [
    4113.462864714015
  ],
  "end_surface_area_head": [
    723.2462179716949
  ],
  "end_surface_area_tail": [
    1130.0722155807734
  ],
  "radius_head": [
    3.8307883151890856
  ],
  "radius_tail": [
    5.513839979987972
  ],
  "irregularity": [
    1.8349261427302053
  ],
  "irregularity_of_end_surface_head": [
    0.06374410231599058
  ],
  "irregularity_of_end_surface_tail": [
    0.08451854101424053
  ],
  "mean_curvature": [
    0.3384483728546771
  ],
  "fractal_dimension": [
    2.0771076673193467
  ]
}