{
  "volume": [
    5492.150552272797
  ],
  "volume_endpoints": [
    1232.1014995574951
  ],
  "streamlines_count": [
    1534
  ],
  "avg_length": [
    76.09162902832031
  ],
  "std_length": [
    4.01824951171875
  ],
  "min_length": [
    66.70451354980469
  ],
  "max_length": [
    89.03095245361328
  ],
  "span": [
    37.76771545410156
  ],
  "curl": [
    2.0147268139846353
  ],
  "diameter": [
    9.586450524462903
  ],
  "elongation": [
    7.937414252975919
  ],
  "surface_area": [
    3874.5333105626514
  ],
  "end_surface_area_head": [
    736.1613290069038
  ],
  "end_surface_area_tail": [
    523.0619969259579
  ],
  "radius_head": [
    3.9146600787839487
  ],
  "radius_tail": [
    3.495305265367705
  ],
  "irregularity": [
    1.6907321427906574
  ],
  "irregularity_of_end_surface_head": [
    0.0653980782689064
  ],
  "irregularity_of_end_surface_tail": [
    0.07337817862433202
  ],
  "mean_curvature": [
    0.34336982347857997
  ],
  "fractal_dimension": [
    2.08750024231798
  ]
}