{
  "volume": [
    7456.538792133331
  ],
  "volume_endpoints": [
    1313.4666929244995
  ],
  "streamlines_count": [
    1294
  ],
  "avg_length": [
    79.21672821044922
  ],
  "std_length": [
    4.566250324249268
  ],
  "min_length": [
    68.00601959228516
  ],
  "max_length": [
    93.65930938720703
  ],
  "span": [
    37.39336013793945
  ],
  "curl": [
    2.118470442833395
  ],
  "diameter": [
    10.947507451065835
  ],
  "elongation": [
    7.236051545480956
  ],
  "surface_area": [
    4991.690415108216
  ],
  "end_surface_area_head": [
    916.9728834998275
  ],
  "end_surface_area_tail": [
    561.8073300315845
  ],
  "radius_head": [
    4.3825984379479905
  ],
  "radius_tail": [
    4.3661737717243785
  ],
  "irregularity": [
    1.8321693729557
  ],
  "irregularity_of_end_surface_head": [
    0.06580467353727679
  ],
  "irregularity_of_end_surface_tail": [
    0.10660179175190197
  ],
  "mean_curvature": [
    0.3499008732426111
  ],
  "fractal_dimension": [
    2.254805208544244
  ]
}