{
  "volume": [
    4434.4030385017395
  ],
  "volume_endpoints": [
    563.7445540428162
  ],
  "streamlines_count": [
    1391
  ],
  "avg_length": [
    64.42286682128906
  ],
  "std_length": [
    3.001424551010132
  ],
  "min_length": [
    56.57182312011719
  ],
  "max_length": [
    73.58335876464844
  ],
  "span": [
    29.4324893951416
  ],
  "curl": [
    2.1888351323732507
  ],
  "diameter": [
    9.36165467907826
  ],
  "elongation": [
    6.881568379707858
  ],
  "surface_area": [
    3306.2684250134625
  ],
  "end_surface_area_head": [
    529.5195524435624
  ],
  "end_surface_area_tail": [
    322.87777588022095
  ],
  "radius_head": [
    4.1608805694789215
  ],
  "radius_tail": [
    2.7688186340287806
  ],
  "irregularity": [
    1.7450005673014928
  ],
  "irregularity_of_end_surface_head": [
    0.10271606474361727
  ],
  "irregularity_of_end_surface_tail": [
    0.07459345753085989
  ],
  "mean_curvature": [
    0.348048026145233
  ],
  "fractal_dimension": [
    2.168852469458164
  ]
}