{
  "volume": [
    7061.3364243507385
  ],
  "volume_endpoints": [
    1272.7840962409973
  ],
  "streamlines_count": [
    1678
  ],
  "avg_length": [
    71.55841064453125
  ],
  "std_length": [
    5.197827339172363
  ],
  "min_length": [
    54.52557373046875
  ],
  "max_length": [
    87.81608581542969
  ],
  "span": [
    29.690061569213867
  ],
  "curl": [
    2.4101806080028947
  ],
  "diameter": [
    11.209033518971173
  ],
  "elongation": [
    6.383994706003812
  ],
  "surface_area": [
    5017.5206371786335
  ],
  "end_surface_area_head": [
    761.9915510773214
  ],
  "end_surface_area_tail": [
    994.4635497110805
  ],
  "radius_head": [
    4.7579356658937115
  ],
  "radius_tail": [
    5.531167199461912
  ],
  "irregularity": [
    1.9911796303288332
  ],
  "irregularity_of_end_surface_head": [
    0.09333334860355218
  ],
  "irregularity_of_end_surface_tail": [
    0.09664837953866597
  ],
  "mean_curvature": [
    0.35628857666957364
  ],
  "fractal_dimension": [
    2.2377796333083513
  ]
}