{
  "volume": [
    10217.143567085266
  ],
  "volume_endpoints": [
    2504.8855957984924
  ],
  "streamlines_count": [
    3463
  ],
  "avg_length": [
    74.02082061767578
  ],
  "std_length": [
    5.740835666656494
  ],
  "min_length": [
    55.72569274902344
  ],
  "max_length": [
    91.35509490966797
  ],
  "span": [
    29.96396255493164
  ],
  "curl": [
    2.470328164440087
  ],
  "diameter": [
    13.256926838705075
  ],
  "elongation": [
    5.583558053708477
  ],
  "surface_area": [
    6476.928184157232
  ],
  "end_surface_area_head": [
    1117.1571045455644
  ],
  "end_surface_area_tail": [
    1569.185990777874
  ],
  "radius_head": [
    5.041555599091776
  ],
  "radius_tail": [
    6.539797236858577
  ],
  "irregularity": [
    2.100982591492902
  ],
  "irregularity_of_end_surface_head": [
    0.07147674107635286
  ],
  "irregularity_of_end_surface_tail": [
    0.08562567682327948
  ],
  "mean_curvature": [
    0.3601312000576623
  ],
  "fractal_dimension": [
    2.2904545103357035
  ]
}