{
  "volume": [
    6317.42608499527
  ],
  "volume_endpoints": [
    1284.4076952934265
  ],
  "streamlines_count": [
    783
  ],
  "avg_length": [
    69.30738830566406
  ],
  "std_length": [
    4.494685649871826
  ],
  "min_length": [
    58.20976638793945
  ],
  "max_length": [
    83.66525268554688
  ],
  "span": [
    32.76186752319336
  ],
  "curl": [
    2.115489547615036
  ],
  "diameter": [
    10.772968180534757
  ],
  "elongation": [
    6.433453356976659
  ],
  "surface_area": [
    4455.713307147049
  ],
  "end_surface_area_head": [
    1220.477992827235
  ],
  "end_surface_area_tail": [
    238.9295541513635
  ],
  "radius_head": [
    4.894215768477569
  ],
  "radius_tail": [
    2.4544356306843587
  ],
  "irregularity": [
    1.8995575505620017
  ],
  "irregularity_of_end_surface_head": [
    0.061657532959658236
  ],
  "irregularity_of_end_surface_tail": [
    0.07921059832905662
  ],
  "mean_curvature": [
    0.3498032528474109
  ],
  "fractal_dimension": [
    2.2276219211695993
  ]
}