{
  "volume": [
    4265.860852241516
  ],
  "volume_endpoints": [
    941.5115232467651
  ],
  "streamlines_count": [
    366
  ],
  "avg_length": [
    66.14551544189453
  ],
  "std_length": [
    9.262778282165527
  ],
  "min_length": [
    47.16257095336914
  ],
  "max_length": [
    94.25497436523438
  ],
  "span": [
    28.09276008605957
  ],
  "curl": [
    2.3545395767188366
  ],
  "diameter": [
    9.061669102299332
  ],
  "elongation": [
    7.29948475221972
  ],
  "surface_area": [
    3499.9950905415953
  ],
  "end_surface_area_head": [
    891.1426614294098
  ],
  "end_surface_area_tail": [
    361.62310898584747
  ],
  "radius_head": [
    4.146643046982659
  ],
  "radius_tail": [
    3.04310952396977
  ],
  "irregularity": [
    1.8586985410866668
  ],
  "irregularity_of_end_surface_head": [
    0.06061720971549882
  ],
  "irregularity_of_end_surface_tail": [
    0.08045052148374007
  ],
  "mean_curvature": [
    0.35855858923633244
  ],
  "fractal_dimension": [
    2.0999148663025453
  ]
}