{
  "volume": [
    4573.88622713089
  ],
  "volume_endpoints": [
    1028.6885161399841
  ],
  "streamlines_count": [
    706
  ],
  "avg_length": [
    68.1884765625
  ],
  "std_length": [
    4.928152084350586
  ],
  "min_length": [
    54.18156051635742
  ],
  "max_length": [
    82.18388366699219
  ],
  "span": [
    26.809436798095703
  ],
  "curl": [
    2.5434505422860463
  ],
  "diameter": [
    9.241495241669067
  ],
  "elongation": [
    7.378511245133181
  ],
  "surface_area": [
    3596.8584233056613
  ],
  "end_surface_area_head": [
    800.736884182948
  ],
  "end_surface_area_tail": [
    400.368442091474
  ],
  "radius_head": [
    3.9872220546799584
  ],
  "radius_tail": [
    3.1737164322603233
  ],
  "irregularity": [
    1.8168548775199638
  ],
  "irregularity_of_end_surface_head": [
    0.06237361060438937
  ],
  "irregularity_of_end_surface_tail": [
    0.07903624075833407
  ],
  "mean_curvature": [
    0.3499603607921357
  ],
  "fractal_dimension": [
    2.1693265948659293
  ]
}