{
  "volume": [
    20196.003353595734
  ],
  "volume_endpoints": [
    6305.802485942841
  ],
  "streamlines_count": [
    6742
  ],
  "avg_length": [
    84.88968658447266
  ],
  "std_length": [
    6.745626926422119
  ],
  "min_length": [
    64.38229370117188
  ],
  "max_length": [
    112.73075103759766
  ],
  "span": [
    34.54775619506836
  ],
  "curl": [
    2.457169319626915
  ],
  "diameter": [
    17.404450307011917
  ],
  "elongation": [
    4.8774701347661775
  ],
  "surface_area": [
    12495.36992656455
  ],
  "end_surface_area_head": [
    6702.942627273387
  ],
  "end_surface_area_tail": [
    690.9584403836728
  ],
  "radius_head": [
    9.022971522592506
  ],
  "radius_tail": [
    3.802595412389098
  ],
  "irregularity": [
    2.6920554669533687
  ],
  "irregularity_of_end_surface_head": [
    0.03815781902845322
  ],
  "irregularity_of_end_surface_tail": [
    0.06574431219258198
  ],
  "mean_curvature": [
    0.3466503509328331
  ],
  "fractal_dimension": [
    2.3397987119702153
  ]
}