{
  "volume": [
    13547.304695606232
  ],
  "volume_endpoints": [
    1912.0820441246033
  ],
  "streamlines_count": [
    2233
  ],
  "avg_length": [
    59.24660110473633
  ],
  "std_length": [
    6.0254011154174805
  ],
  "min_length": [
    41.838172912597656
  ],
  "max_length": [
    79.17899322509766
  ],
  "span": [
    25.577816009521484
  ],
  "curl": [
    2.3163275974258886
  ],
  "diameter": [
    17.062779890421584
  ],
  "elongation": [
    3.472271311311657
  ],
  "surface_area": [
    7535.967289044357
  ],
  "end_surface_area_head": [
    1013.8362162638938
  ],
  "end_surface_area_tail": [
    1175.2751042040043
  ],
  "radius_head": [
    4.958622451243024
  ],
  "radius_tail": [
    10.187449518482676
  ],
  "irregularity": [
    2.3728806947865517
  ],
  "irregularity_of_end_surface_head": [
    0.07619108470798366
  ],
  "irregularity_of_end_surface_tail": [
    0.27742224092808115
  ],
  "mean_curvature": [
    0.3837316966062162
  ],
  "fractal_dimension": [
    2.3368036165253545
  ]
}