{
  "volume": [
    4928.4059982299805
  ],
  "volume_endpoints": [
    1545.9386739730835
  ],
  "streamlines_count": [
    1158
  ],
  "avg_length": [
    67.59168243408203
  ],
  "std_length": [
    6.155581474304199
  ],
  "min_length": [
    49.56800842285156
  ],
  "max_length": [
    85.82925415039062
  ],
  "span": [
    24.126079559326172
  ],
  "curl": [
    2.8016024015784944
  ],
  "diameter": [
    9.635220763499676
  ],
  "elongation": [
    7.015063182582605
  ],
  "surface_area": [
    3900.363532633069
  ],
  "end_surface_area_head": [
    400.368442091474
  ],
  "end_surface_area_tail": [
    1381.9168807673457
  ],
  "radius_head": [
    3.2100001389630193
  ],
  "radius_tail": [
    5.625465795589708
  ],
  "irregularity": [
    1.9063396820554213
  ],
  "irregularity_of_end_surface_head": [
    0.0808537443548241
  ],
  "irregularity_of_end_surface_tail": [
    0.07194240094703276
  ],
  "mean_curvature": [
    0.36087113919962255
  ],
  "fractal_dimension": [
    2.120017710861239
  ]
}