{
  "volume": [
    4602.945224761963
  ],
  "volume_endpoints": [
    1272.7840962409973
  ],
  "streamlines_count": [
    2156
  ],
  "avg_length": [
    63.603633880615234
  ],
  "std_length": [
    5.316215515136719
  ],
  "min_length": [
    50.69806671142578
  ],
  "max_length": [
    81.00360107421875
  ],
  "span": [
    28.790454864501953
  ],
  "curl": [
    2.2091916984277042
  ],
  "diameter": [
    9.599132760621798
  ],
  "elongation": [
    6.625977103008128
  ],
  "surface_area": [
    3480.622423988782
  ],
  "end_surface_area_head": [
    975.0908831582673
  ],
  "end_surface_area_tail": [
    464.94399726751817
  ],
  "radius_head": [
    4.574033453215995
  ],
  "radius_tail": [
    3.4084791483374763
  ],
  "irregularity": [
    1.8146510063669823
  ],
  "irregularity_of_end_surface_head": [
    0.06740675957931716
  ],
  "irregularity_of_end_surface_tail": [
    0.07850015434689331
  ],
  "mean_curvature": [
    0.34012947329674226
  ],
  "fractal_dimension": [
    2.138200252247683
  ]
}