{
  "volume": [
    4910.970599651337
  ],
  "volume_endpoints": [
    557.9327545166016
  ],
  "streamlines_count": [
    97
  ],
  "avg_length": [
    86.78912353515625
  ],
  "std_length": [
    11.68739128112793
  ],
  "min_length": [
    52.24346923828125
  ],
  "max_length": [
    110.30621337890625
  ],
  "span": [
    13.461739540100098
  ],
  "curl": [
    6.447095732065464
  ],
  "diameter": [
    8.488013763796294
  ],
  "elongation": [
    10.224903723098995
  ],
  "surface_area": [
    4681.727750263204
  ],
  "end_surface_area_head": [
    736.1613290069038
  ],
  "end_surface_area_tail": [
    452.02888623230933
  ],
  "radius_head": [
    5.567917859205165
  ],
  "radius_tail": [
    3.255287596229919
  ],
  "irregularity": [
    2.0229488639884368
  ],
  "irregularity_of_end_surface_head": [
    0.13230081275214522
  ],
  "irregularity_of_end_surface_tail": [
    0.07364824645024878
  ],
  "mean_curvature": [
    0.3770818765630427
  ],
  "fractal_dimension": [
    1.9687445071151501
  ]
}