{
  "volume": [
    15779.035713672638
  ],
  "volume_endpoints": [
    1005.4413180351257
  ],
  "streamlines_count": [
    876
  ],
  "avg_length": [
    58.07147216796875
  ],
  "std_length": [
    27.500192642211914
  ],
  "min_length": [
    26.384389877319336
  ],
  "max_length": [
    150.9537353515625
  ],
  "span": [
    15.885275840759277
  ],
  "curl": [
    3.655679180525522
  ],
  "diameter": [
    18.600039688353956
  ],
  "elongation": [
    3.1221154976528918
  ],
  "surface_area": [
    10977.844379927512
  ],
  "end_surface_area_head": [
    1026.7513272991027
  ],
  "end_surface_area_tail": [
    380.9957755386607
  ],
  "radius_head": [
    5.307551308640717
  ],
  "radius_tail": [
    2.854282599285548
  ],
  "irregularity": [
    3.235120714352249
  ],
  "irregularity_of_end_surface_head": [
    0.08619319952749738
  ],
  "irregularity_of_end_surface_tail": [
    0.06717747132879819
  ],
  "mean_curvature": [
    0.4216175125954358
  ],
  "fractal_dimension": [
    2.2055091753837606
  ]
}