{
  "volume": [
    17220.36199617386
  ],
  "volume_endpoints": [
    6143.072099208832
  ],
  "streamlines_count": [
    6123
  ],
  "avg_length": [
    54.99540710449219
  ],
  "std_length": [
    7.720985412597656
  ],
  "min_length": [
    31.416467666625977
  ],
  "max_length": [
    80.36592864990234
  ],
  "span": [
    26.484516143798828
  ],
  "curl": [
    2.07651167972608
  ],
  "diameter": [
    19.96700777427683
  ],
  "elongation": [
    2.754313902523836
  ],
  "surface_area": [
    9156.813723963067
  ],
  "end_surface_area_head": [
    1039.6664383343114
  ],
  "end_surface_area_tail": [
    5450.17685685813
  ],
  "radius_head": [
    4.846503492776194
  ],
  "radius_tail": [
    10.867349061233258
  ],
  "irregularity": [
    2.65433111764141
  ],
  "irregularity_of_end_surface_head": [
    0.07097622684288561
  ],
  "irregularity_of_end_surface_tail": [
    0.06807482150071487
  ],
  "mean_curvature": [
    0.37398936213883194
  ],
  "fractal_dimension": [
    2.365895980138205
  ]
}