{
  "volume": [
    15197.855761051178
  ],
  "volume_endpoints": [
    2911.7115626335144
  ],
  "streamlines_count": [
    7931
  ],
  "avg_length": [
    60.01518630981445
  ],
  "std_length": [
    8.002664566040039
  ],
  "min_length": [
    44.80850601196289
  ],
  "max_length": [
    99.9535903930664
  ],
  "span": [
    26.624345779418945
  ],
  "curl": [
    2.2541468927363155
  ],
  "diameter": [
    17.956249828975647
  ],
  "elongation": [
    3.3423006964944943
  ],
  "surface_area": [
    7865.302620442182
  ],
  "end_surface_area_head": [
    975.0908831582673
  ],
  "end_surface_area_tail": [
    1446.4924359433899
  ],
  "radius_head": [
    5.167214483222948
  ],
  "radius_tail": [
    5.469340952920452
  ],
  "irregularity": [
    2.3232115940181184
  ],
  "irregularity_of_end_surface_head": [
    0.0860236279374152
  ],
  "irregularity_of_end_surface_tail": [
    0.06496862883861718
  ],
  "mean_curvature": [
    0.3923752613843818
  ],
  "fractal_dimension": [
    2.507573143772434
  ]
}