{
  "volume": [
    10036.977781772614
  ],
  "volume_endpoints": [
    2772.228374004364
  ],
  "streamlines_count": [
    4060
  ],
  "avg_length": [
    64.9947280883789
  ],
  "std_length": [
    6.964574813842773
  ],
  "min_length": [
    44.182029724121094
  ],
  "max_length": [
    88.3797836303711
  ],
  "span": [
    30.023408889770508
  ],
  "curl": [
    2.1648017494283844
  ],
  "diameter": [
    14.02224255189344
  ],
  "elongation": [
    4.635116519190619
  ],
  "surface_area": [
    5960.323742748878
  ],
  "end_surface_area_head": [
    1039.6664383343114
  ],
  "end_surface_area_tail": [
    1685.4219900947533
  ],
  "radius_head": [
    4.905998555555771
  ],
  "radius_tail": [
    5.960164990629465
  ],
  "irregularity": [
    2.0817298549871275
  ],
  "irregularity_of_end_surface_head": [
    0.07272951308668946
  ],
  "irregularity_of_end_surface_tail": [
    0.06621521309124877
  ],
  "mean_curvature": [
    0.35439902400148326
  ],
  "fractal_dimension": [
    2.3114575675010833
  ]
}