{
  "volume": [
    6032.647908210754
  ],
  "volume_endpoints": [
    1266.9722967147827
  ],
  "streamlines_count": [
    580
  ],
  "avg_length": [
    71.65972900390625
  ],
  "std_length": [
    4.893847465515137
  ],
  "min_length": [
    57.79671859741211
  ],
  "max_length": [
    86.21495819091797
  ],
  "span": [
    26.781442642211914
  ],
  "curl": [
    2.675723259618541
  ],
  "diameter": [
    10.353125247643755
  ],
  "elongation": [
    6.921555307197228
  ],
  "surface_area": [
    4345.934863347774
  ],
  "end_surface_area_head": [
    1084.8693269575424
  ],
  "end_surface_area_tail": [
    516.6044414083535
  ],
  "radius_head": [
    4.479309052162425
  ],
  "radius_tail": [
    3.227625236530997
  ],
  "irregularity": [
    1.8646044259064836
  ],
  "irregularity_of_end_surface_head": [
    0.05810245701057689
  ],
  "irregularity_of_end_surface_tail": [
    0.06335165167854004
  ],
  "mean_curvature": [
    0.3499513848588384
  ],
  "fractal_dimension": [
    2.1915469622486765
  ]
}