{
  "volume": [
    9107.089857578278
  ],
  "volume_endpoints": [
    1708.6690607070923
  ],
  "streamlines_count": [
    1651
  ],
  "avg_length": [
    72.8327407836914
  ],
  "std_length": [
    10.971807479858398
  ],
  "min_length": [
    44.264522552490234
  ],
  "max_length": [
    96.07389068603516
  ],
  "span": [
    30.21748924255371
  ],
  "curl": [
    2.4102843290211173
  ],
  "diameter": [
    12.617739110533154
  ],
  "elongation": [
    5.772249699067832
  ],
  "surface_area": [
    5618.073300315845
  ],
  "end_surface_area_head": [
    1214.0204373096308
  ],
  "end_surface_area_tail": [
    316.42022036261653
  ],
  "radius_head": [
    4.9744414505465855
  ],
  "radius_tail": [
    2.9093933841520507
  ],
  "irregularity": [
    1.9459394909848682
  ],
  "irregularity_of_end_surface_head": [
    0.06403427870809635
  ],
  "irregularity_of_end_surface_tail": [
    0.08404086966778795
  ],
  "mean_curvature": [
    0.33801707820340693
  ],
  "fractal_dimension": [
    2.3227661353916758
  ]
}