{
  "volume": [
    1528.5032753944397
  ],
  "volume_endpoints": [
    255.71917915344238
  ],
  "streamlines_count": [
    52
  ],
  "avg_length": [
    58.1536865234375
  ],
  "std_length": [
    4.328794002532959
  ],
  "min_length": [
    50.52894973754883
  ],
  "max_length": [
    68.2693099975586
  ],
  "span": [
    29.30880355834961
  ],
  "curl": [
    1.9841712885912208
  ],
  "diameter": [
    5.78495014636464
  ],
  "elongation": [
    10.052582140225056
  ],
  "surface_area": [
    1730.6248787179843
  ],
  "end_surface_area_head": [
    548.8922189963756
  ],
  "end_surface_area_tail": [
    64.57555517604419
  ],
  "radius_head": [
    3.7161611889494877
  ],
  "radius_tail": [
    1.2717022147802703
  ],
  "irregularity": [
    1.6374807314132742
  ],
  "irregularity_of_end_surface_head": [
    0.07904090150362446
  ],
  "irregularity_of_end_surface_tail": [
    0.07867786734838944
  ],
  "mean_curvature": [
    0.3184802970634057
  ],
  "fractal_dimension": [
    1.922199674030688
  ]
}