{
  "volume": [
    6648.698657989502
  ],
  "volume_endpoints": [
    1778.4106550216675
  ],
  "streamlines_count": [
    2448
  ],
  "avg_length": [
    77.53514099121094
  ],
  "std_length": [
    4.44844913482666
  ],
  "min_length": [
    62.84800720214844
  ],
  "max_length": [
    93.30843353271484
  ],
  "span": [
    38.87112045288086
  ],
  "curl": [
    1.9946721393122222
  ],
  "diameter": [
    10.448984710010333
  ],
  "elongation": [
    7.420351655499194
  ],
  "surface_area": [
    4772.133527509665
  ],
  "end_surface_area_head": [
    845.9397728061789
  ],
  "end_surface_area_tail": [
    1026.7513272991027
  ],
  "radius_head": [
    4.355124639398106
  ],
  "radius_tail": [
    4.515505311675162
  ],
  "irregularity": [
    1.8749515066063513
  ],
  "irregularity_of_end_surface_head": [
    0.07043874435729047
  ],
  "irregularity_of_end_surface_tail": [
    0.0623874614781094
  ],
  "mean_curvature": [
    0.3245814994975827
  ],
  "fractal_dimension": [
    2.197610945110696
  ]
}