{
  "volume": [
    7689.010773181915
  ],
  "volume_endpoints": [
    2231.7310180664062
  ],
  "streamlines_count": [
    3707
  ],
  "avg_length": [
    58.878116607666016
  ],
  "std_length": [
    6.058667182922363
  ],
  "min_length": [
    40.8837776184082
  ],
  "max_length": [
    77.94197082519531
  ],
  "span": [
    27.70142364501953
  ],
  "curl": [
    2.1254545384439756
  ],
  "diameter": [
    12.894762255815335
  ],
  "elongation": [
    4.566049023595833
  ],
  "surface_area": [
    4636.524861639973
  ],
  "end_surface_area_head": [
    942.8031055702452
  ],
  "end_surface_area_tail": [
    1252.7657704152573
  ],
  "radius_head": [
    4.4826292978903215
  ],
  "radius_tail": [
    5.434448581383013
  ],
  "irregularity": [
    1.9439069454991524
  ],
  "irregularity_of_end_surface_head": [
    0.06695677366698737
  ],
  "irregularity_of_end_surface_tail": [
    0.07406123709864128
  ],
  "mean_curvature": [
    0.3618507757401061
  ],
  "fractal_dimension": [
    2.3038419942016204
  ]
}