{
  "volume": [
    13861.14187002182
  ],
  "volume_endpoints": [
    3272.0431332588196
  ],
  "streamlines_count": [
    3111
  ],
  "avg_length": [
    84.54994201660156
  ],
  "std_length": [
    5.598257064819336
  ],
  "min_length": [
    67.99150085449219
  ],
  "max_length": [
    102.34073638916016
  ],
  "span": [
    38.64873123168945
  ],
  "curl": [
    2.1876511678933483
  ],
  "diameter": [
    14.447673101227261
  ],
  "elongation": [
    5.852149437781746
  ],
  "surface_area": [
    8188.180396322403
  ],
  "end_surface_area_head": [
    1110.69954902796
  ],
  "end_surface_area_tail": [
    2311.8048753023822
  ],
  "radius_head": [
    4.972364860475596
  ],
  "radius_tail": [
    7.830553446911903
  ],
  "irregularity": [
    2.133665371317589
  ],
  "irregularity_of_end_surface_head": [
    0.0699325322782978
  ],
  "irregularity_of_end_surface_tail": [
    0.08332659082794824
  ],
  "mean_curvature": [
    0.3574861449871137
  ],
  "fractal_dimension": [
    2.3684286202750364
  ]
}