{
  "volume": [
    9566.222020149231
  ],
  "volume_endpoints": [
    2225.9192185401917
  ],
  "streamlines_count": [
    2020
  ],
  "avg_length": [
    81.76708984375
  ],
  "std_length": [
    5.317781448364258
  ],
  "min_length": [
    69.705078125
  ],
  "max_length": [
    99.3685073852539
  ],
  "span": [
    39.62083053588867
  ],
  "curl": [
    2.063739925130674
  ],
  "diameter": [
    12.20495034310737
  ],
  "elongation": [
    6.699502049996228
  ],
  "surface_area": [
    6225.0835189706595
  ],
  "end_surface_area_head": [
    936.3455500526408
  ],
  "end_surface_area_tail": [
    1472.3226580138075
  ],
  "radius_head": [
    4.403445263986487
  ],
  "radius_tail": [
    5.7044582843216425
  ],
  "irregularity": [
    1.9855496524830751
  ],
  "irregularity_of_end_surface_head": [
    0.0650577331000814
  ],
  "irregularity_of_end_surface_tail": [
    0.06943456102725766
  ],
  "mean_curvature": [
    0.36019636211123796
  ],
  "fractal_dimension": [
    2.3069962685378127
  ]
}