{
  "volume": [
    6491.780070781708
  ],
  "volume_endpoints": [
    1284.4076952934265
  ],
  "streamlines_count": [
    1676
  ],
  "avg_length": [
    71.9781723022461
  ],
  "std_length": [
    4.689945220947266
  ],
  "min_length": [
    59.58021926879883
  ],
  "max_length": [
    86.51847076416016
  ],
  "span": [
    34.792335510253906
  ],
  "curl": [
    2.068793923909847
  ],
  "diameter": [
    10.716094903583313
  ],
  "elongation": [
    6.7168285602041085
  ],
  "surface_area": [
    4378.222640935796
  ],
  "end_surface_area_head": [
    781.3642176301347
  ],
  "end_surface_area_tail": [
    510.1468858907491
  ],
  "radius_head": [
    4.0138296584820905
  ],
  "radius_tail": [
    3.9743818064162006
  ],
  "irregularity": [
    1.8068021720441465
  ],
  "irregularity_of_end_surface_head": [
    0.06477601533655307
  ],
  "irregularity_of_end_surface_tail": [
    0.09727333480107932
  ],
  "mean_curvature": [
    0.3610762438619051
  ],
  "fractal_dimension": [
    2.2204831734704347
  ]
}