{
  "volume": [
    7927.294553756714
  ],
  "volume_endpoints": [
    1790.0342540740967
  ],
  "streamlines_count": [
    3292
  ],
  "avg_length": [
    53.231082916259766
  ],
  "std_length": [
    4.717339515686035
  ],
  "min_length": [
    41.52556228637695
  ],
  "max_length": [
    68.24982452392578
  ],
  "span": [
    23.624008178710938
  ],
  "curl": [
    2.2532621269674977
  ],
  "diameter": [
    13.770030632437729
  ],
  "elongation": [
    3.8657200072499904
  ],
  "surface_area": [
    4035.972198502762
  ],
  "end_surface_area_head": [
    988.0059941934761
  ],
  "end_surface_area_tail": [
    542.4346634787712
  ],
  "radius_head": [
    4.471459250096479
  ],
  "radius_tail": [
    3.443078990498794
  ],
  "irregularity": [
    1.75266165613567
  ],
  "irregularity_of_end_surface_head": [
    0.06357536287561846
  ],
  "irregularity_of_end_surface_tail": [
    0.06865883193192722
  ],
  "mean_curvature": [
    0.3891275296687066
  ],
  "fractal_dimension": [
    2.4032054148346136
  ]
}