{
  "volume": [
    17406.339581012726
  ],
  "volume_endpoints": [
    4358.84964466095
  ],
  "streamlines_count": [
    3585
  ],
  "avg_length": [
    73.30929565429688
  ],
  "std_length": [
    6.119812965393066
  ],
  "min_length": [
    53.608455657958984
  ],
  "max_length": [
    93.03900909423828
  ],
  "span": [
    34.08879852294922
  ],
  "curl": [
    2.150539145723886
  ],
  "diameter": [
    17.38718447133625
  ],
  "elongation": [
    4.216283307694317
  ],
  "surface_area": [
    9453.86127777287
  ],
  "end_surface_area_head": [
    1026.7513272991027
  ],
  "end_surface_area_tail": [
    3822.872866421816
  ],
  "radius_head": [
    4.661393891288814
  ],
  "radius_tail": [
    8.61370478669576
  ],
  "irregularity": [
    2.360864402851893
  ],
  "irregularity_of_end_surface_head": [
    0.06648385675996393
  ],
  "irregularity_of_end_surface_tail": [
    0.06097333979070839
  ],
  "mean_curvature": [
    0.37773103009041714
  ],
  "fractal_dimension": [
    2.3948843702005065
  ]
}