{
  "volume": [
    6840.488042354584
  ],
  "volume_endpoints": [
    1383.2082872390747
  ],
  "streamlines_count": [
    931
  ],
  "avg_length": [
    79.05081939697266
  ],
  "std_length": [
    5.904001712799072
  ],
  "min_length": [
    66.88265991210938
  ],
  "max_length": [
    95.74474334716797
  ],
  "span": [
    38.60195541381836
  ],
  "curl": [
    2.0478449485145718
  ],
  "diameter": [
    10.496521879367203
  ],
  "elongation": [
    7.531144154747224
  ],
  "surface_area": [
    4707.557972333621
  ],
  "end_surface_area_head": [
    1110.69954902796
  ],
  "end_surface_area_tail": [
    284.13244277459444
  ],
  "radius_head": [
    4.548277006274344
  ],
  "radius_tail": [
    4.630512178322699
  ],
  "irregularity": [
    1.8059013095643388
  ],
  "irregularity_of_end_surface_head": [
    0.05851228939452517
  ],
  "irregularity_of_end_surface_tail": [
    0.2370757368551344
  ],
  "mean_curvature": [
    0.36990243119660815
  ],
  "fractal_dimension": [
    2.232001950514425
  ]
}