{
  "volume": [
    10275.261562347412
  ],
  "volume_endpoints": [
    2394.461404800415
  ],
  "streamlines_count": [
    2117
  ],
  "avg_length": [
    79.34371948242188
  ],
  "std_length": [
    4.690718173980713
  ],
  "min_length": [
    66.96336364746094
  ],
  "max_length": [
    94.35165405273438
  ],
  "span": [
    37.960636138916016
  ],
  "curl": [
    2.090157793775254
  ],
  "diameter": [
    12.840892922699926
  ],
  "elongation": [
    6.178987704364337
  ],
  "surface_area": [
    6218.625963453055
  ],
  "end_surface_area_head": [
    949.2606610878496
  ],
  "end_surface_area_tail": [
    1407.7471028377634
  ],
  "radius_head": [
    4.49148511874341
  ],
  "radius_tail": [
    5.3677274024370965
  ],
  "irregularity": [
    1.9428388668867071
  ],
  "irregularity_of_end_surface_head": [
    0.0667643030129112
  ],
  "irregularity_of_end_surface_tail": [
    0.06429928372151507
  ],
  "mean_curvature": [
    0.37235890121239223
  ],
  "fractal_dimension": [
    2.333096717236325
  ]
}