{
  "volume": [
    9775.446803092957
  ],
  "volume_endpoints": [
    2016.694435596466
  ],
  "streamlines_count": [
    2777
  ],
  "avg_length": [
    69.68106842041016
  ],
  "std_length": [
    8.211579322814941
  ],
  "min_length": [
    50.04518127441406
  ],
  "max_length": [
    92.45117950439453
  ],
  "span": [
    29.121986389160156
  ],
  "curl": [
    2.3927306155993184
  ],
  "diameter": [
    13.364907801756946
  ],
  "elongation": [
    5.213733566590704
  ],
  "surface_area": [
    5689.106411009493
  ],
  "end_surface_area_head": [
    839.4822172885745
  ],
  "end_surface_area_tail": [
    988.0059941934761
  ],
  "radius_head": [
    4.869061367321928
  ],
  "radius_tail": [
    4.498894658055406
  ],
  "irregularity": [
    1.944524485404312
  ],
  "irregularity_of_end_surface_head": [
    0.08872149845825822
  ],
  "irregularity_of_end_surface_tail": [
    0.06435791142971915
  ],
  "mean_curvature": [
    0.37873764389231773
  ],
  "fractal_dimension": [
    2.2998909334486233
  ]
}