{
  "volume": [
    7444.915193080902
  ],
  "volume_endpoints": [
    1133.300907611847
  ],
  "streamlines_count": [
    671
  ],
  "avg_length": [
    57.26443862915039
  ],
  "std_length": [
    5.026038646697998
  ],
  "min_length": [
    45.283267974853516
  ],
  "max_length": [
    76.43692016601562
  ],
  "span": [
    25.647132873535156
  ],
  "curl": [
    2.232781298070187
  ],
  "diameter": [
    12.865966995254258
  ],
  "elongation": [
    4.450846069345037
  ],
  "surface_area": [
    4655.897528192786
  ],
  "end_surface_area_head": [
    368.0806645034519
  ],
  "end_surface_area_tail": [
    858.8548838413877
  ],
  "radius_head": [
    2.8539179752765174
  ],
  "radius_tail": [
    4.0768310405245884
  ],
  "irregularity": [
    2.011528082505429
  ],
  "irregularity_of_end_surface_head": [
    0.06951681115275336
  ],
  "irregularity_of_end_surface_tail": [
    0.060796070382432725
  ],
  "mean_curvature": [
    0.3996185070978014
  ],
  "fractal_dimension": [
    2.2457203590608112
  ]
}