{
  "volume": [
    9723.140607357025
  ],
  "volume_endpoints": [
    1848.1522493362427
  ],
  "streamlines_count": [
    2157
  ],
  "avg_length": [
    82.08282470703125
  ],
  "std_length": [
    4.153194904327393
  ],
  "min_length": [
    71.9775161743164
  ],
  "max_length": [
    95.08819580078125
  ],
  "span": [
    38.9531364440918
  ],
  "curl": [
    2.1072199109009393
  ],
  "diameter": [
    12.280956575264357
  ],
  "elongation": [
    6.683748468939143
  ],
  "surface_area": [
    5747.224410667933
  ],
  "end_surface_area_head": [
    981.5484386758717
  ],
  "end_surface_area_tail": [
    697.4159959012773
  ],
  "radius_head": [
    4.550930931881
  ],
  "radius_tail": [
    3.9939302398472667
  ],
  "irregularity": [
    1.8147792021619704
  ],
  "irregularity_of_end_surface_head": [
    0.06628856611603368
  ],
  "irregularity_of_end_surface_tail": [
    0.07185531846592638
  ],
  "mean_curvature": [
    0.36437535140875815
  ],
  "fractal_dimension": [
    2.2878546448053227
  ]
}