{
  "volume": [
    4114.7540645599365
  ],
  "volume_endpoints": [
    2005.0708365440369
  ],
  "streamlines_count": [
    4003
  ],
  "avg_length": [
    25.4475040435791
  ],
  "std_length": [
    3.8420817852020264
  ],
  "min_length": [
    20.09142303466797
  ],
  "max_length": [
    40.05709457397461
  ],
  "span": [
    11.58864974975586
  ],
  "curl": [
    2.1958989695167213
  ],
  "diameter": [
    14.348430707693455
  ],
  "elongation": [
    1.773539180834212
  ],
  "surface_area": [
    2641.1402067002073
  ],
  "end_surface_area_head": [
    1013.8362162638938
  ],
  "end_surface_area_tail": [
    787.8217731477391
  ],
  "radius_head": [
    4.564917900876378
  ],
  "radius_tail": [
    4.2035047445932925
  ],
  "irregularity": [
    2.3024594332100135
  ],
  "irregularity_of_end_surface_head": [
    0.0645725614350577
  ],
  "irregularity_of_end_surface_tail": [
    0.07046037939182058
  ],
  "mean_curvature": [
    0.4322180175205007
  ],
  "fractal_dimension": [
    2.2795484922087432
  ]
}