{
  "volume": [
    11978.11882352829
  ],
  "volume_endpoints": [
    3173.2425413131714
  ],
  "streamlines_count": [
    3545
  ],
  "avg_length": [
    61.785614013671875
  ],
  "std_length": [
    4.801353454589844
  ],
  "min_length": [
    48.04662322998047
  ],
  "max_length": [
    78.18875885009766
  ],
  "span": [
    28.416414260864258
  ],
  "curl": [
    2.17429311969049
  ],
  "diameter": [
    15.711067132046152
  ],
  "elongation": [
    3.9326172750956316
  ],
  "surface_area": [
    6431.725295534001
  ],
  "end_surface_area_head": [
    833.02466177097
  ],
  "end_surface_area_tail": [
    2001.84221045737
  ],
  "radius_head": [
    4.363783545210261
  ],
  "radius_tail": [
    7.0161501767629915
  ],
  "irregularity": [
    2.109038768561173
  ],
  "irregularity_of_end_surface_head": [
    0.07181553736165382
  ],
  "irregularity_of_end_surface_tail": [
    0.07725343211739565
  ],
  "mean_curvature": [
    0.3774844145320871
  ],
  "fractal_dimension": [
    2.3346711079969134
  ]
}