{
  "volume": [
    9490.668626308441
  ],
  "volume_endpoints": [
    2464.2029991149902
  ],
  "streamlines_count": [
    3512
  ],
  "avg_length": [
    59.909175872802734
  ],
  "std_length": [
    5.674065589904785
  ],
  "min_length": [
    46.84403991699219
  ],
  "max_length": [
    77.37187957763672
  ],
  "span": [
    29.353410720825195
  ],
  "curl": [
    2.040961319370608
  ],
  "diameter": [
    14.202238175500037
  ],
  "elongation": [
    4.218291168792727
  ],
  "surface_area": [
    5527.667523069383
  ],
  "end_surface_area_head": [
    897.6002169470142
  ],
  "end_surface_area_tail": [
    1446.4924359433899
  ],
  "radius_head": [
    4.4528558625342765
  ],
  "radius_tail": [
    6.601196898268535
  ],
  "irregularity": [
    2.0679589028108256
  ],
  "irregularity_of_end_surface_head": [
    0.06939755960888375
  ],
  "irregularity_of_end_surface_tail": [
    0.09464094750242129
  ],
  "mean_curvature": [
    0.3646401524212814
  ],
  "fractal_dimension": [
    2.341606613726473
  ]
}