{
  "volume": [
    12646.475769042969
  ],
  "volume_endpoints": [
    3057.0065507888794
  ],
  "streamlines_count": [
    2733
  ],
  "avg_length": [
    73.46124267578125
  ],
  "std_length": [
    4.929990291595459
  ],
  "min_length": [
    57.821712493896484
  ],
  "max_length": [
    90.69674682617188
  ],
  "span": [
    31.074724197387695
  ],
  "curl": [
    2.3640191368764194
  ],
  "diameter": [
    14.80507739751095
  ],
  "elongation": [
    4.961895213606358
  ],
  "surface_area": [
    7400.358623174664
  ],
  "end_surface_area_head": [
    845.9397728061789
  ],
  "end_surface_area_tail": [
    2098.705543221436
  ],
  "radius_head": [
    4.340766496124535
  ],
  "radius_tail": [
    6.713118563826894
  ],
  "irregularity": [
    2.1658777549243213
  ],
  "irregularity_of_end_surface_head": [
    0.06997505961532564
  ],
  "irregularity_of_end_surface_tail": [
    0.06746010272707499
  ],
  "mean_curvature": [
    0.3708780116534172
  ],
  "fractal_dimension": [
    2.313215294122668
  ]
}