{
  "volume": [
    7636.704577445984
  ],
  "volume_endpoints": [
    1807.4696526527405
  ],
  "streamlines_count": [
    2040
  ],
  "avg_length": [
    71.49172973632812
  ],
  "std_length": [
    5.237600803375244
  ],
  "min_length": [
    53.32538604736328
  ],
  "max_length": [
    89.43118286132812
  ],
  "span": [
    28.116111755371094
  ],
  "curl": [
    2.5427317389528756
  ],
  "diameter": [
    11.662191058717275
  ],
  "elongation": [
    6.130214243308024
  ],
  "surface_area": [
    4765.675971992061
  ],
  "end_surface_area_head": [
    975.0908831582673
  ],
  "end_surface_area_tail": [
    697.4159959012773
  ],
  "radius_head": [
    4.58032781164002
  ],
  "radius_tail": [
    3.8883967176831837
  ],
  "irregularity": [
    1.8194439481609856
  ],
  "irregularity_of_end_surface_head": [
    0.06759240502254099
  ],
  "irregularity_of_end_surface_tail": [
    0.06810815320791966
  ],
  "mean_curvature": [
    0.3780735504393484
  ],
  "fractal_dimension": [
    2.312608811349926
  ]
}