{
  "volume": [
    11623.5990524292
  ],
  "volume_endpoints": [
    2214.2956194877625
  ],
  "streamlines_count": [
    1969
  ],
  "avg_length": [
    78.75228881835938
  ],
  "std_length": [
    6.033346176147461
  ],
  "min_length": [
    64.06262969970703
  ],
  "max_length": [
    98.47759246826172
  ],
  "span": [
    37.09356689453125
  ],
  "curl": [
    2.123071341245695
  ],
  "diameter": [
    13.708621241286018
  ],
  "elongation": [
    5.744727163456998
  ],
  "surface_area": [
    6612.536850026925
  ],
  "end_surface_area_head": [
    1104.2419935103558
  ],
  "end_surface_area_tail": [
    975.0908831582673
  ],
  "radius_head": [
    4.887667447666082
  ],
  "radius_tail": [
    5.180708386387126
  ],
  "irregularity": [
    1.9496707240198783
  ],
  "irregularity_of_end_surface_head": [
    0.06796556196688104
  ],
  "irregularity_of_end_surface_tail": [
    0.08647350675907152
  ],
  "mean_curvature": [
    0.37809503184411053
  ],
  "fractal_dimension": [
    2.343573625012279
  ]
}