{
  "volume": [
    8415.48571395874
  ],
  "volume_endpoints": [
    1662.1746644973755
  ],
  "streamlines_count": [
    779
  ],
  "avg_length": [
    61.97975158691406
  ],
  "std_length": [
    8.083700180053711
  ],
  "min_length": [
    43.46939468383789
  ],
  "max_length": [
    87.68606567382812
  ],
  "span": [
    22.849666595458984
  ],
  "curl": [
    2.7125013543625
  ],
  "diameter": [
    13.148304013204825
  ],
  "elongation": [
    4.713897056583714
  ],
  "surface_area": [
    5392.05885719969
  ],
  "end_surface_area_head": [
    949.2606610878496
  ],
  "end_surface_area_tail": [
    916.9728834998275
  ],
  "radius_head": [
    4.379165289840217
  ],
  "radius_tail": [
    4.4039591679921815
  ],
  "irregularity": [
    2.1061300417265167
  ],
  "irregularity_of_end_surface_head": [
    0.0634668676844176
  ],
  "irregularity_of_end_surface_tail": [
    0.06644769909065826
  ],
  "mean_curvature": [
    0.42840306018987273
  ],
  "fractal_dimension": [
    2.2921800306183777
  ]
}