{
  "volume": [
    5631.633740901947
  ],
  "volume_endpoints": [
    1150.7363061904907
  ],
  "streamlines_count": [
    423
  ],
  "avg_length": [
    54.798095703125
  ],
  "std_length": [
    6.092430114746094
  ],
  "min_length": [
    42.60713577270508
  ],
  "max_length": [
    73.7361831665039
  ],
  "span": [
    25.16315269470215
  ],
  "curl": [
    2.1777118458873477
  ],
  "diameter": [
    11.439038645007235
  ],
  "elongation": [
    4.790445893549155
  ],
  "surface_area": [
    3855.160644009838
  ],
  "end_surface_area_head": [
    845.9397728061789
  ],
  "end_surface_area_tail": [
    613.4677741724198
  ],
  "radius_head": [
    3.9925691146211575
  ],
  "radius_tail": [
    3.7822345956391272
  ],
  "irregularity": [
    1.9576615605011223
  ],
  "irregularity_of_end_surface_head": [
    0.059199128614830884
  ],
  "irregularity_of_end_surface_tail": [
    0.07325799770027912
  ],
  "mean_curvature": [
    0.4092866280259252
  ],
  "fractal_dimension": [
    2.253032501848933
  ]
}