{
  "volume": [
    7334.491002082825
  ],
  "volume_endpoints": [
    1516.8796763420105
  ],
  "streamlines_count": [
    1688
  ],
  "avg_length": [
    70.94282531738281
  ],
  "std_length": [
    6.8767218589782715
  ],
  "min_length": [
    54.85074234008789
  ],
  "max_length": [
    91.2762222290039
  ],
  "span": [
    33.16274642944336
  ],
  "curl": [
    2.1392325110442787
  ],
  "diameter": [
    11.473232889110852
  ],
  "elongation": [
    6.183333503559755
  ],
  "surface_area": [
    4584.864417499138
  ],
  "end_surface_area_head": [
    865.3124393589922
  ],
  "end_surface_area_tail": [
    626.3828852076286
  ],
  "radius_head": [
    4.316049586594483
  ],
  "radius_tail": [
    4.6038324703268385
  ],
  "irregularity": [
    1.7930084450313961
  ],
  "irregularity_of_end_surface_head": [
    0.06763161790828975
  ],
  "irregularity_of_end_surface_tail": [
    0.10630385475618995
  ],
  "mean_curvature": [
    0.37213066645778753
  ],
  "fractal_dimension": [
    2.351444947179593
  ]
}