{
  "volume": [
    17702.74135684967
  ],
  "volume_endpoints": [
    2934.958760738373
  ],
  "streamlines_count": [
    2661
  ],
  "avg_length": [
    63.5064582824707
  ],
  "std_length": [
    6.93543004989624
  ],
  "min_length": [
    44.552425384521484
  ],
  "max_length": [
    87.05160522460938
  ],
  "span": [
    26.595617294311523
  ],
  "curl": [
    2.387854268607405
  ],
  "diameter": [
    18.839369967953044
  ],
  "elongation": [
    3.3709438474056825
  ],
  "surface_area": [
    9356.997945008803
  ],
  "end_surface_area_head": [
    1007.3786607462894
  ],
  "end_surface_area_tail": [
    2395.7530970312396
  ],
  "radius_head": [
    4.693883135867434
  ],
  "radius_tail": [
    8.82138480604457
  ],
  "irregularity": [
    2.4894441844057917
  ],
  "irregularity_of_end_surface_head": [
    0.06871027253592023
  ],
  "irregularity_of_end_surface_tail": [
    0.10204256082600771
  ],
  "mean_curvature": [
    0.39880889485044524
  ],
  "fractal_dimension": [
    2.365704557899626
  ]
}