{
  "volume": [
    3760.234293460846
  ],
  "volume_endpoints": [
    1069.3711128234863
  ],
  "streamlines_count": [
    745
  ],
  "avg_length": [
    59.749271392822266
  ],
  "std_length": [
    3.9375791549682617
  ],
  "min_length": [
    49.858394622802734
  ],
  "max_length": [
    73.33292388916016
  ],
  "span": [
    29.396568298339844
  ],
  "curl": [
    2.0325253882167114
  ],
  "diameter": [
    8.951508026413077
  ],
  "elongation": [
    6.674771582231845
  ],
  "surface_area": [
    2944.645316027615
  ],
  "end_surface_area_head": [
    781.3642176301347
  ],
  "end_surface_area_tail": [
    419.74110864428724
  ],
  "radius_head": [
    3.8602257662074857
  ],
  "radius_tail": [
    3.1000548271199637
  ],
  "irregularity": [
    1.7524849599930474
  ],
  "irregularity_of_end_surface_head": [
    0.059913096267555054
  ],
  "irregularity_of_end_surface_tail": [
    0.07192951251240692
  ],
  "mean_curvature": [
    0.35959452534681996
  ],
  "fractal_dimension": [
    2.1511450059540715
  ]
}