{
  "volume": [
    8700.263890743256
  ],
  "volume_endpoints": [
    2557.191791534424
  ],
  "streamlines_count": [
    2400
  ],
  "avg_length": [
    68.52698516845703
  ],
  "std_length": [
    4.883340358734131
  ],
  "min_length": [
    54.22296142578125
  ],
  "max_length": [
    85.00411987304688
  ],
  "span": [
    30.270973205566406
  ],
  "curl": [
    2.2637853333323252
  ],
  "diameter": [
    12.71424158696195
  ],
  "elongation": [
    5.389781584670318
  ],
  "surface_area": [
    5256.450191329997
  ],
  "end_surface_area_head": [
    1065.496660404729
  ],
  "end_surface_area_tail": [
    1504.6104356018295
  ],
  "radius_head": [
    4.666054535650924
  ],
  "radius_tail": [
    5.6057523078491105
  ],
  "irregularity": [
    1.9203951300117574
  ],
  "irregularity_of_end_surface_head": [
    0.06419443793521172
  ],
  "irregularity_of_end_surface_tail": [
    0.0656135614930025
  ],
  "mean_curvature": [
    0.37093402398129305
  ],
  "fractal_dimension": [
    2.339295636362862
  ]
}