{
  "volume": [
    11292.326479434967
  ],
  "volume_endpoints": [
    2946.582359790802
  ],
  "streamlines_count": [
    3491
  ],
  "avg_length": [
    64.60903930664062
  ],
  "std_length": [
    4.418419361114502
  ],
  "min_length": [
    51.06351852416992
  ],
  "max_length": [
    79.17687225341797
  ],
  "span": [
    29.908456802368164
  ],
  "curl": [
    2.160226444766781
  ],
  "diameter": [
    14.917640281138153
  ],
  "elongation": [
    4.331049555359786
  ],
  "surface_area": [
    6057.187075512945
  ],
  "end_surface_area_head": [
    1110.69954902796
  ],
  "end_surface_area_tail": [
    1485.2377690490164
  ],
  "radius_head": [
    4.843735792519043
  ],
  "radius_tail": [
    6.091500864091255
  ],
  "irregularity": [
    2.0004499974522205
  ],
  "irregularity_of_end_surface_head": [
    0.06636119059382777
  ],
  "irregularity_of_end_surface_tail": [
    0.07848786366970725
  ],
  "mean_curvature": [
    0.37298069344964213
  ],
  "fractal_dimension": [
    2.4862248732289034
  ]
}