{
  "volume": [
    13872.76546907425
  ],
  "volume_endpoints": [
    3219.736937522888
  ],
  "streamlines_count": [
    2778
  ],
  "avg_length": [
    77.18434143066406
  ],
  "std_length": [
    5.407735824584961
  ],
  "min_length": [
    61.21880340576172
  ],
  "max_length": [
    94.81781005859375
  ],
  "span": [
    36.745277404785156
  ],
  "curl": [
    2.1005241185255747
  ],
  "diameter": [
    15.127667835735492
  ],
  "elongation": [
    5.10219699882189
  ],
  "surface_area": [
    8117.147285628755
  ],
  "end_surface_area_head": [
    1130.0722155807734
  ],
  "end_surface_area_tail": [
    2208.4839870207115
  ],
  "radius_head": [
    4.805826118514139
  ],
  "radius_tail": [
    6.418294769525557
  ],
  "irregularity": [
    2.2128520118153476
  ],
  "irregularity_of_end_surface_head": [
    0.06420661615270583
  ],
  "irregularity_of_end_surface_tail": [
    0.058599638336332575
  ],
  "mean_curvature": [
    0.37852779969497924
  ],
  "fractal_dimension": [
    2.4077524719872065
  ]
}