{
  "volume": [
    15197.855761051178
  ],
  "volume_endpoints": [
    2923.3351616859436
  ],
  "streamlines_count": [
    3769
  ],
  "avg_length": [
    75.11174011230469
  ],
  "std_length": [
    5.87587308883667
  ],
  "min_length": [
    59.05828094482422
  ],
  "max_length": [
    94.23455047607422
  ],
  "span": [
    31.353845596313477
  ],
  "curl": [
    2.395614913697737
  ],
  "diameter": [
    16.050638254598113
  ],
  "elongation": [
    4.679673102145145
  ],
  "surface_area": [
    7826.557287336556
  ],
  "end_surface_area_head": [
    923.4304390174319
  ],
  "end_surface_area_tail": [
    1801.657989411633
  ],
  "radius_head": [
    4.541711208414796
  ],
  "radius_tail": [
    6.701738014435858
  ],
  "irregularity": [
    2.066430320385522
  ],
  "irregularity_of_end_surface_head": [
    0.07017537104218435
  ],
  "irregularity_of_end_surface_tail": [
    0.07831634545847095
  ],
  "mean_curvature": [
    0.3732435736408851
  ],
  "fractal_dimension": [
    2.402266287919953
  ]
}