{
  "volume": [
    17371.46878385544
  ],
  "volume_endpoints": [
    3661.4337015151978
  ],
  "streamlines_count": [
    2940
  ],
  "avg_length": [
    83.56748962402344
  ],
  "std_length": [
    4.9906134605407715
  ],
  "min_length": [
    69.48644256591797
  ],
  "max_length": [
    100.47454071044922
  ],
  "span": [
    36.98945617675781
  ],
  "curl": [
    2.259224607809529
  ],
  "diameter": [
    16.268767453966714
  ],
  "elongation": [
    5.1366822877321106
  ],
  "surface_area": [
    9647.587943301001
  ],
  "end_surface_area_head": [
    968.6333276406629
  ],
  "end_surface_area_tail": [
    2705.7157618762517
  ],
  "radius_head": [
    4.605746936286169
  ],
  "radius_tail": [
    8.936818798530728
  ],
  "irregularity": [
    2.2587952506227635
  ],
  "irregularity_of_end_surface_head": [
    0.06880034385400714
  ],
  "irregularity_of_end_surface_tail": [
    0.09273284966460513
  ],
  "mean_curvature": [
    0.37012988297509497
  ],
  "fractal_dimension": [
    2.3940865590052978
  ]
}