{
  "volume": [
    4666.8750195503235
  ],
  "volume_endpoints": [
    528.8737568855286
  ],
  "streamlines_count": [
    158
  ],
  "avg_length": [
    74.71239471435547
  ],
  "std_length": [
    5.476769924163818
  ],
  "min_length": [
    61.40735626220703
  ],
  "max_length": [
    89.45600891113281
  ],
  "span": [
    30.627317428588867
  ],
  "curl": [
    2.4394038063750134
  ],
  "diameter": [
    8.91808928701815
  ],
  "elongation": [
    8.377623536816628
  ],
  "surface_area": [
    3738.9246446929587
  ],
  "end_surface_area_head": [
    445.5713307147049
  ],
  "end_surface_area_tail": [
    464.94399726751817
  ],
  "radius_head": [
    3.3773463434021163
  ],
  "radius_tail": [
    3.245643609164757
  ],
  "irregularity": [
    1.7862093841768063
  ],
  "irregularity_of_end_surface_head": [
    0.08042365973227797
  ],
  "irregularity_of_end_surface_tail": [
    0.07117883698733328
  ],
  "mean_curvature": [
    0.3692678303658208
  ],
  "fractal_dimension": [
    2.0751825734986387
  ]
}