{
  "volume": [
    5939.659115791321
  ],
  "volume_endpoints": [
    1731.9162588119507
  ],
  "streamlines_count": [
    1414
  ],
  "avg_length": [
    65.37095642089844
  ],
  "std_length": [
    5.613476276397705
  ],
  "min_length": [
    47.206748962402344
  ],
  "max_length": [
    82.40569305419922
  ],
  "span": [
    24.126811981201172
  ],
  "curl": [
    2.7094734468786577
  ],
  "diameter": [
    10.755816895993885
  ],
  "elongation": [
    6.077730501831667
  ],
  "surface_area": [
    4061.8024205731795
  ],
  "end_surface_area_head": [
    929.8879945350363
  ],
  "end_surface_area_tail": [
    936.3455500526408
  ],
  "radius_head": [
    4.299349248508531
  ],
  "radius_tail": [
    4.340366167121411
  ],
  "irregularity": [
    1.838826195734023
  ],
  "irregularity_of_end_surface_head": [
    0.06244888419900864
  ],
  "irregularity_of_end_surface_tail": [
    0.06320718673138925
  ],
  "mean_curvature": [
    0.38914616254212325
  ],
  "fractal_dimension": [
    2.2161458625203228
  ]
}