{
  "volume": [
    8188.825532436371
  ],
  "volume_endpoints": [
    1266.9722967147827
  ],
  "streamlines_count": [
    441
  ],
  "avg_length": [
    74.42864990234375
  ],
  "std_length": [
    7.022647380828857
  ],
  "min_length": [
    53.96059799194336
  ],
  "max_length": [
    97.80596923828125
  ],
  "span": [
    25.67034912109375
  ],
  "curl": [
    2.8994015449982524
  ],
  "diameter": [
    11.835750399607521
  ],
  "elongation": [
    6.288460586733211
  ],
  "surface_area": [
    5488.922189963756
  ],
  "end_surface_area_head": [
    897.6002169470142
  ],
  "end_surface_area_tail": [
    807.1944397005524
  ],
  "radius_head": [
    4.193517146523724
  ],
  "radius_tail": [
    4.131800016871647
  ],
  "irregularity": [
    1.9833586863569843
  ],
  "irregularity_of_end_surface_head": [
    0.06154939239808277
  ],
  "irregularity_of_end_surface_tail": [
    0.06644316277655272
  ],
  "mean_curvature": [
    0.3869397423975592
  ],
  "fractal_dimension": [
    2.230811067032224
  ]
}