{
  "volume": [
    8549.157103061676
  ],
  "volume_endpoints": [
    1743.5398578643799
  ],
  "streamlines_count": [
    2028
  ],
  "avg_length": [
    73.46417236328125
  ],
  "std_length": [
    4.203392028808594
  ],
  "min_length": [
    61.89784240722656
  ],
  "max_length": [
    88.33805084228516
  ],
  "span": [
    34.84560775756836
  ],
  "curl": [
    2.1082763966808717
  ],
  "diameter": [
    12.172475613750917
  ],
  "elongation": [
    6.035269627510345
  ],
  "surface_area": [
    5308.110635470833
  ],
  "end_surface_area_head": [
    794.2793286653435
  ],
  "end_surface_area_tail": [
    910.5153279822231
  ],
  "radius_head": [
    4.163410486459889
  ],
  "radius_tail": [
    4.730089129344712
  ],
  "irregularity": [
    1.88945081036764
  ],
  "irregularity_of_end_surface_head": [
    0.06856067364519274
  ],
  "irregularity_of_end_surface_tail": [
    0.07719714871445081
  ],
  "mean_curvature": [
    0.3714242649413425
  ],
  "fractal_dimension": [
    2.3079348682933474
  ]
}