{
  "volume": [
    15343.150749206543
  ],
  "volume_endpoints": [
    2539.75639295578
  ],
  "streamlines_count": [
    2765
  ],
  "avg_length": [
    88.3871841430664
  ],
  "std_length": [
    4.579286098480225
  ],
  "min_length": [
    77.30332946777344
  ],
  "max_length": [
    104.05670166015625
  ],
  "span": [
    39.56846237182617
  ],
  "curl": [
    2.2337785914572335
  ],
  "diameter": [
    14.8668064091657
  ],
  "elongation": [
    5.945270403775073
  ],
  "surface_area": [
    8530.430838755437
  ],
  "end_surface_area_head": [
    871.7699948765966
  ],
  "end_surface_area_tail": [
    1827.4882114820507
  ],
  "radius_head": [
    4.322819912683809
  ],
  "radius_tail": [
    5.893372941225801
  ],
  "irregularity": [
    2.0663986481575907
  ],
  "irregularity_of_end_surface_head": [
    0.0673414157078783
  ],
  "irregularity_of_end_surface_tail": [
    0.05970670958750658
  ],
  "mean_curvature": [
    0.37465661492528796
  ],
  "fractal_dimension": [
    2.375375659669946
  ]
}