{
  "volume": [
    7235.6904101371765
  ],
  "volume_endpoints": [
    1359.9610891342163
  ],
  "streamlines_count": [
    527
  ],
  "avg_length": [
    63.07779312133789
  ],
  "std_length": [
    9.841588020324707
  ],
  "min_length": [
    43.023860931396484
  ],
  "max_length": [
    88.27461242675781
  ],
  "span": [
    25.479930877685547
  ],
  "curl": [
    2.4755872935502845
  ],
  "diameter": [
    12.085282380213089
  ],
  "elongation": [
    5.219389265129086
  ],
  "surface_area": [
    5011.063081661029
  ],
  "end_surface_area_head": [
    994.4635497110805
  ],
  "end_surface_area_tail": [
    652.2131072780463
  ],
  "radius_head": [
    4.01132099254896
  ],
  "radius_tail": [
    4.129228704501272
  ],
  "irregularity": [
    2.0924096020640217
  ],
  "irregularity_of_end_surface_head": [
    0.050831840634208765
  ],
  "irregularity_of_end_surface_tail": [
    0.08212931974072082
  ],
  "mean_curvature": [
    0.37961791882704965
  ],
  "fractal_dimension": [
    2.2786246355456754
  ]
}