{
  "volume": [
    2958.205958843231
  ],
  "volume_endpoints": [
    1365.772888660431
  ],
  "streamlines_count": [
    3270
  ],
  "avg_length": [
    25.63348388671875
  ],
  "std_length": [
    3.5291812419891357
  ],
  "min_length": [
    20.079126358032227
  ],
  "max_length": [
    39.14629364013672
  ],
  "span": [
    11.982812881469727
  ],
  "curl": [
    2.139187529695843
  ],
  "diameter": [
    12.121753414510717
  ],
  "elongation": [
    2.1146679865664813
  ],
  "surface_area": [
    2085.7904321862275
  ],
  "end_surface_area_head": [
    568.2648855491889
  ],
  "end_surface_area_tail": [
    774.9066621125303
  ],
  "radius_head": [
    3.584802519418134
  ],
  "radius_tail": [
    4.524112912018764
  ],
  "irregularity": [
    2.1367205026517118
  ],
  "irregularity_of_end_surface_head": [
    0.07104434656800017
  ],
  "irregularity_of_end_surface_tail": [
    0.08297883800526837
  ],
  "mean_curvature": [
    0.4352480074772412
  ],
  "fractal_dimension": [
    2.2892290805275786
  ]
}