{
  "volume": [
    12756.899960041046
  ],
  "volume_endpoints": [
    2377.0260062217712
  ],
  "streamlines_count": [
    2213
  ],
  "avg_length": [
    77.5665512084961
  ],
  "std_length": [
    7.699978351593018
  ],
  "min_length": [
    59.50679397583008
  ],
  "max_length": [
    100.08765411376953
  ],
  "span": [
    30.671953201293945
  ],
  "curl": [
    2.528908110267455
  ],
  "diameter": [
    14.470728426476546
  ],
  "elongation": [
    5.360238194130954
  ],
  "surface_area": [
    7264.749957304972
  ],
  "end_surface_area_head": [
    904.0577724646187
  ],
  "end_surface_area_tail": [
    1394.8319918025545
  ],
  "radius_head": [
    4.371588931245428
  ],
  "radius_tail": [
    6.340229190669936
  ],
  "irregularity": [
    2.060183587856541
  ],
  "irregularity_of_end_surface_head": [
    0.06640982315253033
  ],
  "irregularity_of_end_surface_tail": [
    0.09053945742188388
  ],
  "mean_curvature": [
    0.37907951643334437
  ],
  "fractal_dimension": [
    2.3304372973587433
  ]
}