{
  "volume": [
    2789.663772583008
  ],
  "volume_endpoints": [
    1487.8206787109375
  ],
  "streamlines_count": [
    2704
  ],
  "avg_length": [
    24.90598487854004
  ],
  "std_length": [
    3.2416832447052
  ],
  "min_length": [
    20.09743309020996
  ],
  "max_length": [
    36.488990783691406
  ],
  "span": [
    11.592632293701172
  ],
  "curl": [
    2.148432232433754
  ],
  "diameter": [
    11.942056747310748
  ],
  "elongation": [
    2.0855691281276703
  ],
  "surface_area": [
    1930.8090997637214
  ],
  "end_surface_area_head": [
    929.8879945350363
  ],
  "end_surface_area_tail": [
    342.2504424330342
  ],
  "radius_head": [
    4.448793730562754
  ],
  "radius_tail": [
    2.8207654878731976
  ],
  "irregularity": [
    2.066362984691576
  ],
  "irregularity_of_end_surface_head": [
    0.06686575797872181
  ],
  "irregularity_of_end_surface_tail": [
    0.07303647715303528
  ],
  "mean_curvature": [
    0.4325495728087672
  ],
  "fractal_dimension": [
    2.267431057794891
  ]
}