{
  "volume": [
    10333.379557609558
  ],
  "volume_endpoints": [
    2289.8490133285522
  ],
  "streamlines_count": [
    3116
  ],
  "avg_length": [
    70.23278045654297
  ],
  "std_length": [
    4.369567394256592
  ],
  "min_length": [
    57.5619010925293
  ],
  "max_length": [
    84.41927337646484
  ],
  "span": [
    33.449989318847656
  ],
  "curl": [
    2.0996353627225157
  ],
  "diameter": [
    13.686938605780233
  ],
  "elongation": [
    5.131372506258079
  ],
  "surface_area": [
    5876.375521020022
  ],
  "end_surface_area_head": [
    878.227550394201
  ],
  "end_surface_area_tail": [
    1162.3599931687954
  ],
  "radius_head": [
    4.309895082281082
  ],
  "radius_tail": [
    4.972532402129352
  ],
  "irregularity": [
    1.9458684966594995
  ],
  "irregularity_of_end_surface_head": [
    0.066447127596307
  ],
  "irregularity_of_end_surface_tail": [
    0.06682892304750819
  ],
  "mean_curvature": [
    0.372444850852921
  ],
  "fractal_dimension": [
    2.3563319488703396
  ]
}