{
  "volume": [
    8990.853867053986
  ],
  "volume_endpoints": [
    2086.4360299110413
  ],
  "streamlines_count": [
    2518
  ],
  "avg_length": [
    59.76335525512695
  ],
  "std_length": [
    4.353317737579346
  ],
  "min_length": [
    48.569854736328125
  ],
  "max_length": [
    75.60704040527344
  ],
  "span": [
    26.895204544067383
  ],
  "curl": [
    2.2220821989736352
  ],
  "diameter": [
    13.840062229953533
  ],
  "elongation": [
    4.3181420908486485
  ],
  "surface_area": [
    5011.063081661029
  ],
  "end_surface_area_head": [
    936.3455500526408
  ],
  "end_surface_area_tail": [
    988.0059941934761
  ],
  "radius_head": [
    4.337158456301311
  ],
  "radius_tail": [
    4.938713434501932
  ],
  "irregularity": [
    1.9284437805887797
  ],
  "irregularity_of_end_surface_head": [
    0.0631137957830181
  ],
  "irregularity_of_end_surface_tail": [
    0.07755645462496796
  ],
  "mean_curvature": [
    0.3856555077293925
  ],
  "fractal_dimension": [
    2.4010479956060844
  ]
}