{
  "volume": [
    9141.960654735565
  ],
  "volume_endpoints": [
    2202.6720204353333
  ],
  "streamlines_count": [
    2534
  ],
  "avg_length": [
    69.14508056640625
  ],
  "std_length": [
    5.405978202819824
  ],
  "min_length": [
    54.847686767578125
  ],
  "max_length": [
    86.02251434326172
  ],
  "span": [
    32.95138931274414
  ],
  "curl": [
    2.0983965170677643
  ],
  "diameter": [
    12.974603348381127
  ],
  "elongation": [
    5.329263539685292
  ],
  "surface_area": [
    5398.516412717294
  ],
  "end_surface_area_head": [
    929.8879945350363
  ],
  "end_surface_area_tail": [
    1168.8175486863997
  ],
  "radius_head": [
    4.342060126296818
  ],
  "radius_tail": [
    5.046415920453958
  ],
  "irregularity": [
    1.9154427526563857
  ],
  "irregularity_of_end_surface_head": [
    0.06369581487368357
  ],
  "irregularity_of_end_surface_tail": [
    0.06844933492169004
  ],
  "mean_curvature": [
    0.37378258804401826
  ],
  "fractal_dimension": [
    2.4014806176846695
  ]
}