{
  "volume": [
    16400.8982629776
  ],
  "volume_endpoints": [
    3097.6891474723816
  ],
  "streamlines_count": [
    4016
  ],
  "avg_length": [
    75.62379455566406
  ],
  "std_length": [
    5.695504188537598
  ],
  "min_length": [
    58.68855667114258
  ],
  "max_length": [
    93.41433715820312
  ],
  "span": [
    28.81263542175293
  ],
  "curl": [
    2.624674676533397
  ],
  "diameter": [
    16.61726876398042
  ],
  "elongation": [
    4.550916015728538
  ],
  "surface_area": [
    8511.058172202624
  ],
  "end_surface_area_head": [
    845.9397728061789
  ],
  "end_surface_area_tail": [
    2053.5026545982055
  ],
  "radius_head": [
    4.19209640469702
  ],
  "radius_tail": [
    7.139931677929102
  ],
  "irregularity": [
    2.155835290933725
  ],
  "irregularity_of_end_surface_head": [
    0.065263889301691
  ],
  "irregularity_of_end_surface_tail": [
    0.07799068164734876
  ],
  "mean_curvature": [
    0.3821630960783042
  ],
  "fractal_dimension": [
    2.4164877349400826
  ]
}