{
  "volume": [
    3882.2820835113525
  ],
  "volume_endpoints": [
    2022.5062351226807
  ],
  "streamlines_count": [
    3125
  ],
  "avg_length": [
    25.054275512695312
  ],
  "std_length": [
    3.5488359928131104
  ],
  "min_length": [
    20.093177795410156
  ],
  "max_length": [
    40.01325225830078
  ],
  "span": [
    11.791520118713379
  ],
  "curl": [
    2.124770619941841
  ],
  "diameter": [
    14.04616218482753
  ],
  "elongation": [
    1.7837096840415665
  ],
  "surface_area": [
    2505.5315408305146
  ],
  "end_surface_area_head": [
    897.6002169470142
  ],
  "end_surface_area_tail": [
    929.8879945350363
  ],
  "radius_head": [
    4.523064082248749
  ],
  "radius_tail": [
    4.177554860928998
  ],
  "irregularity": [
    2.26626386392534
  ],
  "irregularity_of_end_surface_head": [
    0.07160319567673079
  ],
  "irregularity_of_end_surface_tail": [
    0.058960825551870766
  ],
  "mean_curvature": [
    0.43689499293327333
  ],
  "fractal_dimension": [
    2.336806670307178
  ]
}