{
  "volume": [
    8502.66270685196
  ],
  "volume_endpoints": [
    3004.700355052948
  ],
  "streamlines_count": [
    2339
  ],
  "avg_length": [
    56.97148895263672
  ],
  "std_length": [
    5.7588725090026855
  ],
  "min_length": [
    43.57636260986328
  ],
  "max_length": [
    76.18221282958984
  ],
  "span": [
    25.60072135925293
  ],
  "curl": [
    2.2253860800701766
  ],
  "diameter": [
    13.784904129028565
  ],
  "elongation": [
    4.1328897480443745
  ],
  "surface_area": [
    5340.398413058854
  ],
  "end_surface_area_head": [
    1065.496660404729
  ],
  "end_surface_area_tail": [
    1930.8090997637214
  ],
  "radius_head": [
    4.727936501664672
  ],
  "radius_tail": [
    5.843306328344257
  ],
  "irregularity": [
    2.164524298826639
  ],
  "irregularity_of_end_surface_head": [
    0.06590844269765199
  ],
  "irregularity_of_end_surface_tail": [
    0.05555560025117757
  ],
  "mean_curvature": [
    0.38362450504618967
  ],
  "fractal_dimension": [
    2.298190645646247
  ]
}