{
  "volume": [
    14390.015626907349
  ],
  "volume_endpoints": [
    3562.6331095695496
  ],
  "streamlines_count": [
    3474
  ],
  "avg_length": [
    70.4007339477539
  ],
  "std_length": [
    5.473066329956055
  ],
  "min_length": [
    56.3665771484375
  ],
  "max_length": [
    87.74205780029297
  ],
  "span": [
    28.787199020385742
  ],
  "curl": [
    2.4455569261149517
  ],
  "diameter": [
    16.132330052652446
  ],
  "elongation": [
    4.363953236636065
  ],
  "surface_area": [
    7632.8306218084235
  ],
  "end_surface_area_head": [
    988.0059941934761
  ],
  "end_surface_area_tail": [
    2344.092652890404
  ],
  "radius_head": [
    4.681224330778032
  ],
  "radius_tail": [
    6.632179446913007
  ],
  "irregularity": [
    2.1392496370323557
  ],
  "irregularity_of_end_surface_head": [
    0.06968016982941001
  ],
  "irregularity_of_end_surface_tail": [
    0.05895051939052303
  ],
  "mean_curvature": [
    0.3732811121090981
  ],
  "fractal_dimension": [
    2.377542853847929
  ]
}