{
  "volume": [
    16697.300038814545
  ],
  "volume_endpoints": [
    4190.307458400726
  ],
  "streamlines_count": [
    2886
  ],
  "avg_length": [
    81.20865631103516
  ],
  "std_length": [
    8.102676391601562
  ],
  "min_length": [
    59.318546295166016
  ],
  "max_length": [
    106.69937896728516
  ],
  "span": [
    33.770748138427734
  ],
  "curl": [
    2.4047040941514655
  ],
  "diameter": [
    16.179944314360743
  ],
  "elongation": [
    5.019093683712944
  ],
  "surface_area": [
    9654.045498818607
  ],
  "end_surface_area_head": [
    1310.8837700736972
  ],
  "end_surface_area_tail": [
    3254.607980872627
  ],
  "radius_head": [
    5.33916173270671
  ],
  "radius_tail": [
    7.457351258051766
  ],
  "irregularity": [
    2.338730187157251
  ],
  "irregularity_of_end_surface_head": [
    0.06831748016482592
  ],
  "irregularity_of_end_surface_tail": [
    0.05368097401160393
  ],
  "mean_curvature": [
    0.38627385692470867
  ],
  "fractal_dimension": [
    2.371420763795589
  ]
}