{
  "volume": [
    6811.429044723511
  ],
  "volume_endpoints": [
    1342.5256905555725
  ],
  "streamlines_count": [
    2525
  ],
  "avg_length": [
    63.79714584350586
  ],
  "std_length": [
    4.009190559387207
  ],
  "min_length": [
    53.099365234375
  ],
  "max_length": [
    77.2594985961914
  ],
  "span": [
    31.313739776611328
  ],
  "curl": [
    2.037353133117522
  ],
  "diameter": [
    11.659328882775364
  ],
  "elongation": [
    5.471768271135663
  ],
  "surface_area": [
    4190.953530925268
  ],
  "end_surface_area_head": [
    645.7555517604419
  ],
  "end_surface_area_tail": [
    703.8735514188817
  ],
  "radius_head": [
    3.8358408626884932
  ],
  "radius_tail": [
    4.548660834001327
  ],
  "irregularity": [
    1.793445443997495
  ],
  "irregularity_of_end_surface_head": [
    0.07158184478699986
  ],
  "irregularity_of_end_surface_tail": [
    0.09234690332654326
  ],
  "mean_curvature": [
    0.3508602034219421
  ],
  "fractal_dimension": [
    2.286571671986055
  ]
}