{
  "volume": [
    13471.751301765442
  ],
  "volume_endpoints": [
    2377.0260062217712
  ],
  "streamlines_count": [
    3992
  ],
  "avg_length": [
    54.42304229736328
  ],
  "std_length": [
    7.157048225402832
  ],
  "min_length": [
    40.03409194946289
  ],
  "max_length": [
    76.9390640258789
  ],
  "span": [
    22.643278121948242
  ],
  "curl": [
    2.4034966140618463
  ],
  "diameter": [
    17.753160522728404
  ],
  "elongation": [
    3.0655410470540403
  ],
  "surface_area": [
    5727.85174411512
  ],
  "end_surface_area_head": [
    1000.921105228685
  ],
  "end_surface_area_tail": [
    1052.5815493695204
  ],
  "radius_head": [
    4.601068606310157
  ],
  "radius_tail": [
    4.802996202035538
  ],
  "irregularity": [
    1.8870499682238733
  ],
  "irregularity_of_end_surface_head": [
    0.06644578613312331
  ],
  "irregularity_of_end_surface_tail": [
    0.06885232437279737
  ],
  "mean_curvature": [
    0.4023522291563914
  ],
  "fractal_dimension": [
    2.502464365813602
  ]
}