{
  "volume": [
    9781.258602619171
  ],
  "volume_endpoints": [
    2400.2732043266296
  ],
  "streamlines_count": [
    2800
  ],
  "avg_length": [
    63.755218505859375
  ],
  "std_length": [
    5.004293441772461
  ],
  "min_length": [
    48.6594123840332
  ],
  "max_length": [
    80.35729217529297
  ],
  "span": [
    30.514944076538086
  ],
  "curl": [
    2.089311333684489
  ],
  "diameter": [
    13.976375513795011
  ],
  "elongation": [
    4.561641782086599
  ],
  "surface_area": [
    5702.021522044702
  ],
  "end_surface_area_head": [
    1020.2937717814982
  ],
  "end_surface_area_tail": [
    1272.1384369680704
  ],
  "radius_head": [
    4.679500712598564
  ],
  "radius_tail": [
    5.340004036529555
  ],
  "irregularity": [
    2.0368951792793264
  ],
  "irregularity_of_end_surface_head": [
    0.06742542189548878
  ],
  "irregularity_of_end_surface_tail": [
    0.07042042933688218
  ],
  "mean_curvature": [
    0.3765737857669592
  ],
  "fractal_dimension": [
    2.3378653262052156
  ]
}