{
  "volume": [
    6451.097474098206
  ],
  "volume_endpoints": [
    1621.4920678138733
  ],
  "streamlines_count": [
    2290
  ],
  "avg_length": [
    68.18175506591797
  ],
  "std_length": [
    5.044869422912598
  ],
  "min_length": [
    53.11003112792969
  ],
  "max_length": [
    85.0792236328125
  ],
  "span": [
    32.80767059326172
  ],
  "curl": [
    2.0782260316866763
  ],
  "diameter": [
    10.975840144562492
  ],
  "elongation": [
    6.211985066099536
  ],
  "surface_area": [
    4488.001084735071
  ],
  "end_surface_area_head": [
    833.02466177097
  ],
  "end_surface_area_tail": [
    800.736884182948
  ],
  "radius_head": [
    4.2009813299665995
  ],
  "radius_tail": [
    4.489219090587918
  ],
  "irregularity": [
    1.908961330706027
  ],
  "irregularity_of_end_surface_head": [
    0.06655696603813632
  ],
  "irregularity_of_end_surface_tail": [
    0.07906816158291406
  ],
  "mean_curvature": [
    0.3465505116891653
  ],
  "fractal_dimension": [
    2.1794418703260683
  ]
}