{
  "volume": [
    7322.8674030303955
  ],
  "volume_endpoints": [
    2417.7086029052734
  ],
  "streamlines_count": [
    1890
  ],
  "avg_length": [
    71.2747802734375
  ],
  "std_length": [
    5.141332626342773
  ],
  "min_length": [
    57.55183029174805
  ],
  "max_length": [
    89.2323226928711
  ],
  "span": [
    35.19898986816406
  ],
  "curl": [
    2.024909821003199
  ],
  "diameter": [
    11.437410296331032
  ],
  "elongation": [
    6.2317236530634466
  ],
  "surface_area": [
    5095.011303389887
  ],
  "end_surface_area_head": [
    923.4304390174319
  ],
  "end_surface_area_tail": [
    1704.7946566475666
  ],
  "radius_head": [
    4.356474761972974
  ],
  "radius_tail": [
    5.9938657134120445
  ],
  "irregularity": [
    1.9894438726693071
  ],
  "irregularity_of_end_surface_head": [
    0.06456781521842071
  ],
  "irregularity_of_end_surface_tail": [
    0.06620515623359398
  ],
  "mean_curvature": [
    0.34641840421648884
  ],
  "fractal_dimension": [
    2.2412029965318085
  ]
}