{
  "volume": [
    8973.418468475342
  ],
  "volume_endpoints": [
    2080.6242303848267
  ],
  "streamlines_count": [
    2668
  ],
  "avg_length": [
    75.5643539428711
  ],
  "std_length": [
    5.502957344055176
  ],
  "min_length": [
    59.893898010253906
  ],
  "max_length": [
    91.56045532226562
  ],
  "span": [
    33.0445556640625
  ],
  "curl": [
    2.286741413958574
  ],
  "diameter": [
    12.296330656900334
  ],
  "elongation": [
    6.145276672473559
  ],
  "surface_area": [
    5521.209967551778
  ],
  "end_surface_area_head": [
    929.8879945350363
  ],
  "end_surface_area_tail": [
    1142.987326615982
  ],
  "radius_head": [
    4.456184513317596
  ],
  "radius_tail": [
    4.9651115039439375
  ],
  "irregularity": [
    1.8914370154946594
  ],
  "irregularity_of_end_surface_head": [
    0.06708811074226849
  ],
  "irregularity_of_end_surface_tail": [
    0.06775891917284814
  ],
  "mean_curvature": [
    0.3543185757241328
  ],
  "fractal_dimension": [
    2.2989881066120486
  ]
}