{
  "volume": [
    13541.492896080017
  ],
  "volume_endpoints": [
    3388.2791237831116
  ],
  "streamlines_count": [
    3063
  ],
  "avg_length": [
    78.58068084716797
  ],
  "std_length": [
    5.541097640991211
  ],
  "min_length": [
    62.58670425415039
  ],
  "max_length": [
    95.77959442138672
  ],
  "span": [
    35.242740631103516
  ],
  "curl": [
    2.2296983560301356
  ],
  "diameter": [
    14.812570786120023
  ],
  "elongation": [
    5.304999515735732
  ],
  "surface_area": [
    7671.575954914049
  ],
  "end_surface_area_head": [
    936.3455500526408
  ],
  "end_surface_area_tail": [
    2402.210652548844
  ],
  "radius_head": [
    4.540052354352161
  ],
  "radius_tail": [
    7.344854784931531
  ],
  "irregularity": [
    2.0979179095193388
  ],
  "irregularity_of_end_surface_head": [
    0.06915688827294475
  ],
  "irregularity_of_end_surface_tail": [
    0.07055133104997059
  ],
  "mean_curvature": [
    0.3614908439580654
  ],
  "fractal_dimension": [
    2.3796816447993216
  ]
}