{
  "volume": [
    8252.755327224731
  ],
  "volume_endpoints": [
    1999.2590370178223
  ],
  "streamlines_count": [
    3179
  ],
  "avg_length": [
    75.37127685546875
  ],
  "std_length": [
    5.003597259521484
  ],
  "min_length": [
    60.23736572265625
  ],
  "max_length": [
    91.75132751464844
  ],
  "span": [
    32.67251968383789
  ],
  "curl": [
    2.306870654140355
  ],
  "diameter": [
    11.807327454997521
  ],
  "elongation": [
    6.3834324187873195
  ],
  "surface_area": [
    5114.3839699427
  ],
  "end_surface_area_head": [
    936.3455500526408
  ],
  "end_surface_area_tail": [
    988.0059941934761
  ],
  "radius_head": [
    4.595949903578317
  ],
  "radius_tail": [
    4.350191240661671
  ],
  "irregularity": [
    1.8293043919675642
  ],
  "irregularity_of_end_surface_head": [
    0.07087030375649393
  ],
  "irregularity_of_end_surface_tail": [
    0.06017373823042893
  ],
  "mean_curvature": [
    0.34529061910302883
  ],
  "fractal_dimension": [
    2.2710184593719744
  ]
}