{
  "volume": [
    6741.687450408936
  ],
  "volume_endpoints": [
    1383.2082872390747
  ],
  "streamlines_count": [
    1562
  ],
  "avg_length": [
    72.09756469726562
  ],
  "std_length": [
    13.044485092163086
  ],
  "min_length": [
    46.92784118652344
  ],
  "max_length": [
    106.9912109375
  ],
  "span": [
    28.13386344909668
  ],
  "curl": [
    2.5626613574674377
  ],
  "diameter": [
    10.911364624837772
  ],
  "elongation": [
    6.607566255567008
  ],
  "surface_area": [
    4778.59108302727
  ],
  "end_surface_area_head": [
    897.6002169470142
  ],
  "end_surface_area_tail": [
    613.4677741724198
  ],
  "radius_head": [
    4.25800999410434
  ],
  "radius_tail": [
    4.0558541854486645
  ],
  "irregularity": [
    1.9335274025773108
  ],
  "irregularity_of_end_surface_head": [
    0.06345710815688754
  ],
  "irregularity_of_end_surface_tail": [
    0.08424085863656214
  ],
  "mean_curvature": [
    0.3458542043817791
  ],
  "fractal_dimension": [
    2.24193400696994
  ]
}