{
  "volume": [
    11896.753630161285
  ],
  "volume_endpoints": [
    761.3457379341125
  ],
  "streamlines_count": [
    139
  ],
  "avg_length": [
    127.40408325195312
  ],
  "std_length": [
    12.244915962219238
  ],
  "min_length": [
    93.14729309082031
  ],
  "max_length": [
    156.14569091796875
  ],
  "span": [
    24.6024169921875
  ],
  "curl": [
    5.178518976099393
  ],
  "diameter": [
    10.903793539664838
  ],
  "elongation": [
    11.684381475905063
  ],
  "surface_area": [
    9021.205058093374
  ],
  "end_surface_area_head": [
    1026.7513272991027
  ],
  "end_surface_area_tail": [
    400.368442091474
  ],
  "radius_head": [
    4.135110706456176
  ],
  "radius_tail": [
    5.293887710369688
  ],
  "irregularity": [
    2.0670630091693503
  ],
  "irregularity_of_end_surface_head": [
    0.05231893343687325
  ],
  "irregularity_of_end_surface_tail": [
    0.21990721824393206
  ],
  "mean_curvature": [
    0.3644351281708093
  ],
  "fractal_dimension": [
    2.2318376242886195
  ]
}