{
  "volume": [
    10054.413180351257
  ],
  "volume_endpoints": [
    1511.067876815796
  ],
  "streamlines_count": [
    1421
  ],
  "avg_length": [
    91.20997619628906
  ],
  "std_length": [
    4.613080024719238
  ],
  "min_length": [
    77.77957153320312
  ],
  "max_length": [
    104.22386932373047
  ],
  "span": [
    42.02648162841797
  ],
  "curl": [
    2.1702976947423935
  ],
  "diameter": [
    11.847105401062215
  ],
  "elongation": [
    7.698925020799692
  ],
  "surface_area": [
    6709.4001827909915
  ],
  "end_surface_area_head": [
    962.1757721230584
  ],
  "end_surface_area_tail": [
    684.5008848660684
  ],
  "radius_head": [
    4.471491725130435
  ],
  "radius_tail": [
    5.264759183511887
  ],
  "irregularity": [
    1.9764199490719077
  ],
  "irregularity_of_end_surface_head": [
    0.06528303228334079
  ],
  "irregularity_of_end_surface_tail": [
    0.12721340597230876
  ],
  "mean_curvature": [
    0.3383698996148589
  ],
  "fractal_dimension": [
    2.3145395863858385
  ]
}