{
  "volume": [
    9775.446803092957
  ],
  "volume_endpoints": [
    924.0761246681213
  ],
  "streamlines_count": [
    276
  ],
  "avg_length": [
    111.98301696777344
  ],
  "std_length": [
    10.792830467224121
  ],
  "min_length": [
    84.79668426513672
  ],
  "max_length": [
    137.73468017578125
  ],
  "span": [
    31.821462631225586
  ],
  "curl": [
    3.519103388349201
  ],
  "diameter": [
    10.542589237250029
  ],
  "elongation": [
    10.621965292179356
  ],
  "surface_area": [
    6838.551293143079
  ],
  "end_surface_area_head": [
    1046.1239938519159
  ],
  "end_surface_area_tail": [
    297.0475538098033
  ],
  "radius_head": [
    4.22547895797457
  ],
  "radius_tail": [
    2.689105122974827
  ],
  "irregularity": [
    1.8438041430152654
  ],
  "irregularity_of_end_surface_head": [
    0.05361898594243392
  ],
  "irregularity_of_end_surface_tail": [
    0.0764785160516608
  ],
  "mean_curvature": [
    0.3669372314344282
  ],
  "fractal_dimension": [
    2.2493446583282766
  ]
}