{
  "volume": [
    5590.951144218445
  ],
  "volume_endpoints": [
    1028.6885161399841
  ],
  "streamlines_count": [
    449
  ],
  "avg_length": [
    79.23152923583984
  ],
  "std_length": [
    5.582413196563721
  ],
  "min_length": [
    65.95795440673828
  ],
  "max_length": [
    96.44697570800781
  ],
  "span": [
    37.143253326416016
  ],
  "curl": [
    2.133133803319564
  ],
  "diameter": [
    9.478702416270291
  ],
  "elongation": [
    8.358900380693258
  ],
  "surface_area": [
    4391.137751971005
  ],
  "end_surface_area_head": [
    884.6851059118054
  ],
  "end_surface_area_tail": [
    277.67488725699
  ],
  "radius_head": [
    4.279680963858267
  ],
  "radius_tail": [
    2.8451115134993783
  ],
  "irregularity": [
    1.861145221364728
  ],
  "irregularity_of_end_surface_head": [
    0.06504051133028937
  ],
  "irregularity_of_end_surface_tail": [
    0.09158236506691511
  ],
  "mean_curvature": [
    0.338928920223081
  ],
  "fractal_dimension": [
    2.225765228203295
  ]
}