{
  "volume": [
    2696.674980163574
  ],
  "volume_endpoints": [
    1330.9020915031433
  ],
  "streamlines_count": [
    2712
  ],
  "avg_length": [
    29.8486385345459
  ],
  "std_length": [
    4.97739315032959
  ],
  "min_length": [
    20.123001098632812
  ],
  "max_length": [
    45.99400329589844
  ],
  "span": [
    13.566892623901367
  ],
  "curl": [
    2.2001087030025057
  ],
  "diameter": [
    10.725241965891023
  ],
  "elongation": [
    2.783027052393979
  ],
  "surface_area": [
    2053.5026545982055
  ],
  "end_surface_area_head": [
    1059.0391048871247
  ],
  "end_surface_area_tail": [
    129.15111035208838
  ],
  "radius_head": [
    4.860250734539034
  ],
  "radius_tail": [
    1.84727684122449
  ],
  "irregularity": [
    2.041802683876771
  ],
  "irregularity_of_end_surface_head": [
    0.07007372834111011
  ],
  "irregularity_of_end_surface_tail": [
    0.08300718761709636
  ],
  "mean_curvature": [
    0.3626566105920569
  ],
  "fractal_dimension": [
    2.144531678146357
  ]
}