{
  "volume": [
    8787.440883636475
  ],
  "volume_endpoints": [
    2005.0708365440369
  ],
  "streamlines_count": [
    3089
  ],
  "avg_length": [
    74.39002227783203
  ],
  "std_length": [
    4.367640972137451
  ],
  "min_length": [
    60.53322982788086
  ],
  "max_length": [
    90.05914306640625
  ],
  "span": [
    36.13820266723633
  ],
  "curl": [
    2.0584870521321093
  ],
  "diameter": [
    12.26390910709053
  ],
  "elongation": [
    6.065767580976487
  ],
  "surface_area": [
    5314.568190988437
  ],
  "end_surface_area_head": [
    1020.2937717814982
  ],
  "end_surface_area_tail": [
    852.3973283237833
  ],
  "radius_head": [
    4.50855358674348
  ],
  "radius_tail": [
    4.53454633845651
  ],
  "irregularity": [
    1.854276520911985
  ],
  "irregularity_of_end_surface_head": [
    0.06258915796591498
  ],
  "irregularity_of_end_surface_tail": [
    0.07578364352964091
  ],
  "mean_curvature": [
    0.34722357255118147
  ],
  "fractal_dimension": [
    2.350013715583216
  ]
}