{
  "volume": [
    12326.826795101166
  ],
  "volume_endpoints": [
    2336.343409538269
  ],
  "streamlines_count": [
    3226
  ],
  "avg_length": [
    74.81261444091797
  ],
  "std_length": [
    5.2756829261779785
  ],
  "min_length": [
    58.4876708984375
  ],
  "max_length": [
    92.85664367675781
  ],
  "span": [
    34.624454498291016
  ],
  "curl": [
    2.1606871653273427
  ],
  "diameter": [
    14.4841592165389
  ],
  "elongation": [
    5.165133393141132
  ],
  "surface_area": [
    6651.282183132552
  ],
  "end_surface_area_head": [
    1175.2751042040043
  ],
  "end_surface_area_tail": [
    1033.208882816707
  ],
  "radius_head": [
    4.779427621592452
  ],
  "radius_tail": [
    5.0064067004669806
  ],
  "irregularity": [
    1.953832720617652
  ],
  "irregularity_of_end_surface_head": [
    0.061060747190109385
  ],
  "irregularity_of_end_surface_tail": [
    0.07621035690818748
  ],
  "mean_curvature": [
    0.3567434982509252
  ],
  "fractal_dimension": [
    2.3485841656766637
  ]
}