{
  "volume": [
    14070.366652965546
  ],
  "volume_endpoints": [
    3312.725729942322
  ],
  "streamlines_count": [
    2187
  ],
  "avg_length": [
    89.50022888183594
  ],
  "std_length": [
    5.397322654724121
  ],
  "min_length": [
    72.71077728271484
  ],
  "max_length": [
    107.3333511352539
  ],
  "span": [
    41.90440368652344
  ],
  "curl": [
    2.1358191743131627
  ],
  "diameter": [
    14.148020931542643
  ],
  "elongation": [
    6.325989289590145
  ],
  "surface_area": [
    8523.973283237832
  ],
  "end_surface_area_head": [
    1194.6477707568174
  ],
  "end_surface_area_tail": [
    2247.229320126338
  ],
  "radius_head": [
    5.0824208431977
  ],
  "radius_tail": [
    6.010527229348943
  ],
  "irregularity": [
    2.142754261590998
  ],
  "irregularity_of_end_surface_head": [
    0.06792837766399006
  ],
  "irregularity_of_end_surface_tail": [
    0.05050421417552919
  ],
  "mean_curvature": [
    0.3693478299184755
  ],
  "fractal_dimension": [
    2.356371343428565
  ]
}