{
  "volume": [
    10629.781333446503
  ],
  "volume_endpoints": [
    2324.71981048584
  ],
  "streamlines_count": [
    2679
  ],
  "avg_length": [
    68.10099029541016
  ],
  "std_length": [
    5.684390544891357
  ],
  "min_length": [
    51.344970703125
  ],
  "max_length": [
    85.73814392089844
  ],
  "span": [
    28.302608489990234
  ],
  "curl": [
    2.406173633059136
  ],
  "diameter": [
    14.09744831487295
  ],
  "elongation": [
    4.830731688057542
  ],
  "surface_area": [
    5773.054632738351
  ],
  "end_surface_area_head": [
    807.1944397005524
  ],
  "end_surface_area_tail": [
    1259.2233259328618
  ],
  "radius_head": [
    4.1243828925082475
  ],
  "radius_tail": [
    5.333580164238312
  ],
  "irregularity": [
    1.914087805547998
  ],
  "irregularity_of_end_surface_head": [
    0.06620482846048724
  ],
  "irregularity_of_end_surface_tail": [
    0.07097162785665692
  ],
  "mean_curvature": [
    0.3787026633273848
  ],
  "fractal_dimension": [
    2.3814950653719635
  ]
}