{
  "volume": [
    10612.345934867859
  ],
  "volume_endpoints": [
    2993.076756000519
  ],
  "streamlines_count": [
    2233
  ],
  "avg_length": [
    73.52410125732422
  ],
  "std_length": [
    6.488870143890381
  ],
  "min_length": [
    55.4925651550293
  ],
  "max_length": [
    93.15301513671875
  ],
  "span": [
    35.132904052734375
  ],
  "curl": [
    2.092741924976221
  ],
  "diameter": [
    13.556447492549701
  ],
  "elongation": [
    5.4235522468354125
  ],
  "surface_area": [
    6638.367072097342
  ],
  "end_surface_area_head": [
    891.1426614294098
  ],
  "end_surface_area_tail": [
    2337.6350973727995
  ],
  "radius_head": [
    4.510110698200419
  ],
  "radius_tail": [
    6.363005694162107
  ],
  "irregularity": [
    2.119999555269847
  ],
  "irregularity_of_end_surface_head": [
    0.07170955719090887
  ],
  "irregularity_of_end_surface_tail": [
    0.05441238688013047
  ],
  "mean_curvature": [
    0.3667632885113779
  ],
  "fractal_dimension": [
    2.3213024933056614
  ]
}