{
  "volume": [
    6079.142304420471
  ],
  "volume_endpoints": [
    1946.9528412818909
  ],
  "streamlines_count": [
    1622
  ],
  "avg_length": [
    54.5966911315918
  ],
  "std_length": [
    5.050374507904053
  ],
  "min_length": [
    41.21245193481445
  ],
  "max_length": [
    72.31929779052734
  ],
  "span": [
    26.34705352783203
  ],
  "curl": [
    2.0722124040898127
  ],
  "diameter": [
    11.906745002779706
  ],
  "elongation": [
    4.585358225009929
  ],
  "surface_area": [
    3945.5664212563
  ],
  "end_surface_area_head": [
    1071.9542159223336
  ],
  "end_surface_area_tail": [
    671.5857738308596
  ],
  "radius_head": [
    4.728735020813782
  ],
  "radius_tail": [
    4.330341582103729
  ],
  "irregularity": [
    1.9319688089579679
  ],
  "irregularity_of_end_surface_head": [
    0.06553353469447688
  ],
  "irregularity_of_end_surface_tail": [
    0.0877188027403182
  ],
  "mean_curvature": [
    0.3958181195539846
  ],
  "fractal_dimension": [
    2.2423475961582446
  ]
}