{
  "volume": [
    7909.85915517807
  ],
  "volume_endpoints": [
    1284.4076952934265
  ],
  "streamlines_count": [
    852
  ],
  "avg_length": [
    69.2325439453125
  ],
  "std_length": [
    5.878839015960693
  ],
  "min_length": [
    54.32489776611328
  ],
  "max_length": [
    86.68826293945312
  ],
  "span": [
    29.832040786743164
  ],
  "curl": [
    2.3207444787377143
  ],
  "diameter": [
    12.061026995275705
  ],
  "elongation": [
    5.7401864677386785
  ],
  "surface_area": [
    5178.959525118744
  ],
  "end_surface_area_head": [
    671.5857738308596
  ],
  "end_surface_area_tail": [
    981.5484386758717
  ],
  "radius_head": [
    4.071999670701145
  ],
  "radius_tail": [
    4.56646011963175
  ],
  "irregularity": [
    1.9742314437737676
  ],
  "irregularity_of_end_surface_head": [
    0.07756465286619678
  ],
  "irregularity_of_end_surface_tail": [
    0.06674173226307209
  ],
  "mean_curvature": [
    0.3754265142578474
  ],
  "fractal_dimension": [
    2.3055310294223212
  ]
}