{
  "volume": [
    7997.036148071289
  ],
  "volume_endpoints": [
    1894.6466455459595
  ],
  "streamlines_count": [
    1819
  ],
  "avg_length": [
    77.32987976074219
  ],
  "std_length": [
    4.956793785095215
  ],
  "min_length": [
    65.59718322753906
  ],
  "max_length": [
    95.2479248046875
  ],
  "span": [
    37.546104431152344
  ],
  "curl": [
    2.059597951168028
  ],
  "diameter": [
    11.474821049735459
  ],
  "elongation": [
    6.7390924377443735
  ],
  "surface_area": [
    5327.483302023646
  ],
  "end_surface_area_head": [
    1013.8362162638938
  ],
  "end_surface_area_tail": [
    968.6333276406629
  ],
  "radius_head": [
    4.6106886502014195
  ],
  "radius_tail": [
    4.491244798800141
  ],
  "irregularity": [
    1.911080442937562
  ],
  "irregularity_of_end_surface_head": [
    0.06587394367889897
  ],
  "irregularity_of_end_surface_tail": [
    0.0654220154925267
  ],
  "mean_curvature": [
    0.36566889913544803
  ],
  "fractal_dimension": [
    2.297748603474386
  ]
}