{
  "volume": [
    13018.430938720703
  ],
  "volume_endpoints": [
    3208.113338470459
  ],
  "streamlines_count": [
    2687
  ],
  "avg_length": [
    83.29520416259766
  ],
  "std_length": [
    4.771187782287598
  ],
  "min_length": [
    70.89964294433594
  ],
  "max_length": [
    98.77667999267578
  ],
  "span": [
    39.0662841796875
  ],
  "curl": [
    2.1321506744659113
  ],
  "diameter": [
    14.106665960985872
  ],
  "elongation": [
    5.904669777604659
  ],
  "surface_area": [
    7542.424844561961
  ],
  "end_surface_area_head": [
    1149.4448821335866
  ],
  "end_surface_area_tail": [
    2059.96021011581
  ],
  "radius_head": [
    5.209777027616475
  ],
  "radius_tail": [
    6.146852054254592
  ],
  "irregularity": [
    2.043227565574273
  ],
  "irregularity_of_end_surface_head": [
    0.0741822487887134
  ],
  "irregularity_of_end_surface_tail": [
    0.057623092456642516
  ],
  "mean_curvature": [
    0.3754937837658028
  ],
  "fractal_dimension": [
    2.3573588329384156
  ]
}