{
  "volume": [
    16238.167876243591
  ],
  "volume_endpoints": [
    4138.001262664795
  ],
  "streamlines_count": [
    3044
  ],
  "avg_length": [
    80.41020965576172
  ],
  "std_length": [
    6.671102523803711
  ],
  "min_length": [
    62.554683685302734
  ],
  "max_length": [
    102.270751953125
  ],
  "span": [
    33.44987487792969
  ],
  "curl": [
    2.4039016573068435
  ],
  "diameter": [
    16.034963495870514
  ],
  "elongation": [
    5.0146799321663424
  ],
  "surface_area": [
    9202.016612586298
  ],
  "end_surface_area_head": [
    1188.190215239213
  ],
  "end_surface_area_tail": [
    3080.2539818973078
  ],
  "radius_head": [
    5.220755475486014
  ],
  "radius_tail": [
    7.339337707971374
  ],
  "irregularity": [
    2.2717156516020283
  ],
  "irregularity_of_end_surface_head": [
    0.07206603135895386
  ],
  "irregularity_of_end_surface_tail": [
    0.05493853674803077
  ],
  "mean_curvature": [
    0.3816601947126188
  ],
  "fractal_dimension": [
    2.3751755503252223
  ]
}