{
  "volume": [
    7253.12580871582
  ],
  "volume_endpoints": [
    1237.9132990837097
  ],
  "streamlines_count": [
    509
  ],
  "avg_length": [
    57.76654815673828
  ],
  "std_length": [
    8.554329872131348
  ],
  "min_length": [
    44.79863739013672
  ],
  "max_length": [
    81.20793151855469
  ],
  "span": [
    25.785974502563477
  ],
  "curl": [
    2.2402313378148846
  ],
  "diameter": [
    12.643853526443356
  ],
  "elongation": [
    4.568745441089247
  ],
  "surface_area": [
    5333.94085754125
  ],
  "end_surface_area_head": [
    1052.5815493695204
  ],
  "end_surface_area_tail": [
    613.4677741724198
  ],
  "radius_head": [
    4.5622951744724745
  ],
  "radius_tail": [
    3.909411429171687
  ],
  "irregularity": [
    2.3245690444394724
  ],
  "irregularity_of_end_surface_head": [
    0.062124210119358494
  ],
  "irregularity_of_end_surface_tail": [
    0.07826739429150117
  ],
  "mean_curvature": [
    0.3580657696325793
  ],
  "fractal_dimension": [
    2.2635020592826343
  ]
}