{
  "volume": [
    7997.036148071289
  ],
  "volume_endpoints": [
    1865.5876479148865
  ],
  "streamlines_count": [
    3524
  ],
  "avg_length": [
    62.250648498535156
  ],
  "std_length": [
    5.9547224044799805
  ],
  "min_length": [
    47.127166748046875
  ],
  "max_length": [
    79.64710235595703
  ],
  "span": [
    25.820833206176758
  ],
  "curl": [
    2.4108690839474463
  ],
  "diameter": [
    12.789325739697434
  ],
  "elongation": [
    4.867390960675294
  ],
  "surface_area": [
    4920.657304414567
  ],
  "end_surface_area_head": [
    652.2131072780463
  ],
  "end_surface_area_tail": [
    1356.086658696928
  ],
  "radius_head": [
    3.8695435843737602
  ],
  "radius_tail": [
    5.845824373383959
  ],
  "irregularity": [
    1.9673504018972463
  ],
  "irregularity_of_end_surface_head": [
    0.07212400513567735
  ],
  "irregularity_of_end_surface_tail": [
    0.07916878076771203
  ],
  "mean_curvature": [
    0.3732419167217142
  ],
  "fractal_dimension": [
    2.2550195754368407
  ]
}