{
  "volume": [
    7282.184806346893
  ],
  "volume_endpoints": [
    1528.5032753944397
  ],
  "streamlines_count": [
    1564
  ],
  "avg_length": [
    62.93949890136719
  ],
  "std_length": [
    7.684463977813721
  ],
  "min_length": [
    44.47861099243164
  ],
  "max_length": [
    83.67223358154297
  ],
  "span": [
    26.684602737426758
  ],
  "curl": [
    2.358644778064871
  ],
  "diameter": [
    12.137360934713385
  ],
  "elongation": [
    5.185600003156984
  ],
  "surface_area": [
    4849.624193720919
  ],
  "end_surface_area_head": [
    1272.1384369680704
  ],
  "end_surface_area_tail": [
    587.6375521020021
  ],
  "radius_head": [
    5.972168783787107
  ],
  "radius_tail": [
    3.7017312840215384
  ],
  "irregularity": [
    2.020741055129755
  ],
  "irregularity_of_end_surface_head": [
    0.08808047421921385
  ],
  "irregularity_of_end_surface_tail": [
    0.07325716542433565
  ],
  "mean_curvature": [
    0.37696945615817823
  ],
  "fractal_dimension": [
    2.2488926123484676
  ]
}