{
  "volume": [
    8938.547671318054
  ],
  "volume_endpoints": [
    2499.073796272278
  ],
  "streamlines_count": [
    3305
  ],
  "avg_length": [
    66.57179260253906
  ],
  "std_length": [
    4.261977195739746
  ],
  "min_length": [
    53.783233642578125
  ],
  "max_length": [
    80.16053771972656
  ],
  "span": [
    28.32649803161621
  ],
  "curl": [
    2.350159646569651
  ],
  "diameter": [
    13.07505167336907
  ],
  "elongation": [
    5.091512772995826
  ],
  "surface_area": [
    5605.158189280635
  ],
  "end_surface_area_head": [
    619.9253296900242
  ],
  "end_surface_area_tail": [
    2053.5026545982055
  ],
  "radius_head": [
    3.7418872112831387
  ],
  "radius_tail": [
    6.201939268111849
  ],
  "irregularity": [
    2.0497662387989846
  ],
  "irregularity_of_end_surface_head": [
    0.07095644955115456
  ],
  "irregularity_of_end_surface_tail": [
    0.058845007475306854
  ],
  "mean_curvature": [
    0.3734427860573092
  ],
  "fractal_dimension": [
    2.2683886670813806
  ]
}