{
  "volume": [
    6544.086266517639
  ],
  "volume_endpoints": [
    1650.5510654449463
  ],
  "streamlines_count": [
    1447
  ],
  "avg_length": [
    76.20110321044922
  ],
  "std_length": [
    7.765340805053711
  ],
  "min_length": [
    56.018924713134766
  ],
  "max_length": [
    92.908203125
  ],
  "span": [
    35.93101501464844
  ],
  "curl": [
    2.1207612192247667
  ],
  "diameter": [
    10.456803276162345
  ],
  "elongation": [
    7.287227386610555
  ],
  "surface_area": [
    4578.406861981533
  ],
  "end_surface_area_head": [
    1149.4448821335866
  ],
  "end_surface_area_tail": [
    600.552663137211
  ],
  "radius_head": [
    4.93546908452251
  ],
  "radius_tail": [
    4.45972341909778
  ],
  "irregularity": [
    1.8289604508624955
  ],
  "irregularity_of_end_surface_head": [
    0.06657613720509896
  ],
  "irregularity_of_end_surface_tail": [
    0.10404342179360353
  ],
  "mean_curvature": [
    0.3389867404327775
  ],
  "fractal_dimension": [
    2.1881971432847966
  ]
}