{
  "volume": [
    38398.55946969986
  ],
  "volume_endpoints": [
    11199.337687015533
  ],
  "streamlines_count": [
    8585
  ],
  "avg_length": [
    58.56923294067383
  ],
  "std_length": [
    10.930577278137207
  ],
  "min_length": [
    29.405649185180664
  ],
  "max_length": [
    106.70426940917969
  ],
  "span": [
    26.46815299987793
  ],
  "curl": [
    2.2128190410922874
  ],
  "diameter": [
    28.892010045661724
  ],
  "elongation": [
    2.027177508526039
  ],
  "surface_area": [
    19992.591882503282
  ],
  "end_surface_area_head": [
    1885.6062111404904
  ],
  "end_surface_area_tail": [
    10190.022606779774
  ],
  "radius_head": [
    6.212594001111829
  ],
  "radius_tail": [
    16.88672692494409
  ],
  "irregularity": [
    3.7607280942655037
  ],
  "irregularity_of_end_surface_head": [
    0.06430501125688907
  ],
  "irregularity_of_end_surface_tail": [
    0.08791554771923686
  ],
  "mean_curvature": [
    0.39163406974157067
  ],
  "fractal_dimension": [
    2.4392366280696347
  ]
}