{
  "volume": [
    43077.05808830261
  ],
  "volume_endpoints": [
    2499.073796272278
  ],
  "streamlines_count": [
    5918
  ],
  "avg_length": [
    62.330772399902344
  ],
  "std_length": [
    30.824010848999023
  ],
  "min_length": [
    20.140581130981445
  ],
  "max_length": [
    181.346923828125
  ],
  "span": [
    14.573834419250488
  ],
  "curl": [
    4.276895881125835
  ],
  "diameter": [
    29.663802632601335
  ],
  "elongation": [
    2.1012401266248686
  ],
  "surface_area": [
    25830.222070417676
  ],
  "end_surface_area_head": [
    535.9771079611668
  ],
  "end_surface_area_tail": [
    2072.8753211510184
  ],
  "radius_head": [
    3.4120826800445654
  ],
  "radius_tail": [
    6.37378390049323
  ],
  "irregularity": [
    4.446813706976414
  ],
  "irregularity_of_end_surface_head": [
    0.06824058232570553
  ],
  "irregularity_of_end_surface_tail": [
    0.061570313005728114
  ],
  "mean_curvature": [
    0.4203003468687529
  ],
  "fractal_dimension": [
    2.3898133418714758
  ]
}