{
  "volume": [
    5788.552328109741
  ],
  "volume_endpoints": [
    1272.7840962409973
  ],
  "streamlines_count": [
    1206
  ],
  "avg_length": [
    82.28633880615234
  ],
  "std_length": [
    6.451098442077637
  ],
  "min_length": [
    64.5970230102539
  ],
  "max_length": [
    98.96548461914062
  ],
  "span": [
    39.774444580078125
  ],
  "curl": [
    2.068824333687043
  ],
  "diameter": [
    9.464031374467934
  ],
  "elongation": [
    8.694639266322008
  ],
  "surface_area": [
    4378.222640935796
  ],
  "end_surface_area_head": [
    774.9066621125303
  ],
  "end_surface_area_tail": [
    684.5008848660684
  ],
  "radius_head": [
    4.015554259776233
  ],
  "radius_tail": [
    5.631274127859186
  ],
  "irregularity": [
    1.789550914008628
  ],
  "irregularity_of_end_surface_head": [
    0.0653719553352485
  ],
  "irregularity_of_end_surface_tail": [
    0.145542287684057
  ],
  "mean_curvature": [
    0.3365372183731144
  ],
  "fractal_dimension": [
    2.2471450912554536
  ]
}