{
  "volume": [
    10501.921743869781
  ],
  "volume_endpoints": [
    1336.713891029358
  ],
  "streamlines_count": [
    1554
  ],
  "avg_length": [
    82.53572082519531
  ],
  "std_length": [
    5.755152225494385
  ],
  "min_length": [
    66.1164321899414
  ],
  "max_length": [
    99.93436431884766
  ],
  "span": [
    39.2607307434082
  ],
  "curl": [
    2.1022461697061736
  ],
  "diameter": [
    12.728243466648776
  ],
  "elongation": [
    6.484454908602261
  ],
  "surface_area": [
    6793.348404519849
  ],
  "end_surface_area_head": [
    639.2979962428375
  ],
  "end_surface_area_tail": [
    1369.0017697321368
  ],
  "radius_head": [
    4.172724990901489
  ],
  "radius_tail": [
    6.426404401717473
  ],
  "irregularity": [
    2.058370709555413
  ],
  "irregularity_of_end_surface_head": [
    0.0855630102247585
  ],
  "irregularity_of_end_surface_tail": [
    0.09477241903354397
  ],
  "mean_curvature": [
    0.36266386092783093
  ],
  "fractal_dimension": [
    2.3178295176506523
  ]
}