{
  "volume": [
    9775.446803092957
  ],
  "volume_endpoints": [
    2098.0596289634705
  ],
  "streamlines_count": [
    2820
  ],
  "avg_length": [
    84.92281341552734
  ],
  "std_length": [
    3.608520984649658
  ],
  "min_length": [
    73.50044250488281
  ],
  "max_length": [
    96.97248840332031
  ],
  "span": [
    41.32100296020508
  ],
  "curl": [
    2.0551972927015774
  ],
  "diameter": [
    12.106293007623938
  ],
  "elongation": [
    7.014766069353121
  ],
  "surface_area": [
    6037.814408960132
  ],
  "end_surface_area_head": [
    968.6333276406629
  ],
  "end_surface_area_tail": [
    1059.0391048871247
  ],
  "radius_head": [
    4.520427234951524
  ],
  "radius_tail": [
    5.198450937567263
  ],
  "irregularity": [
    1.8693659694766491
  ],
  "irregularity_of_end_surface_head": [
    0.06627495334203794
  ],
  "irregularity_of_end_surface_tail": [
    0.08016518054809227
  ],
  "mean_curvature": [
    0.340946168383808
  ],
  "fractal_dimension": [
    2.3747344186133694
  ]
}