{
  "volume": [
    9676.646211147308
  ],
  "volume_endpoints": [
    2330.5316100120544
  ],
  "streamlines_count": [
    2731
  ],
  "avg_length": [
    75.65852355957031
  ],
  "std_length": [
    5.179924011230469
  ],
  "min_length": [
    61.580718994140625
  ],
  "max_length": [
    91.87541961669922
  ],
  "span": [
    33.48521423339844
  ],
  "curl": [
    2.25946063932026
  ],
  "diameter": [
    12.761113160884184
  ],
  "elongation": [
    5.928834154647378
  ],
  "surface_area": [
    5857.002854467208
  ],
  "end_surface_area_head": [
    1136.5297710983778
  ],
  "end_surface_area_tail": [
    1201.105326274422
  ],
  "radius_head": [
    4.650701900904604
  ],
  "radius_tail": [
    4.998039741100197
  ],
  "irregularity": [
    1.9309860714804403
  ],
  "irregularity_of_end_surface_head": [
    0.05978690372613448
  ],
  "irregularity_of_end_surface_tail": [
    0.065338354052189
  ],
  "mean_curvature": [
    0.35926353860495075
  ],
  "fractal_dimension": [
    2.3159565830436426
  ]
}