{
  "volume": [
    13663.540686130524
  ],
  "volume_endpoints": [
    3399.9027228355408
  ],
  "streamlines_count": [
    3599
  ],
  "avg_length": [
    71.05733489990234
  ],
  "std_length": [
    5.856494426727295
  ],
  "min_length": [
    54.226478576660156
  ],
  "max_length": [
    89.96298217773438
  ],
  "span": [
    27.08041763305664
  ],
  "curl": [
    2.623937926760914
  ],
  "diameter": [
    15.647041310014737
  ],
  "elongation": [
    4.5412633284493715
  ],
  "surface_area": [
    7581.170177667588
  ],
  "end_surface_area_head": [
    968.6333276406629
  ],
  "end_surface_area_tail": [
    2273.0595421967555
  ],
  "radius_head": [
    4.446784616571412
  ],
  "radius_tail": [
    6.898867456585036
  ],
  "irregularity": [
    2.1704272280725023
  ],
  "irregularity_of_end_surface_head": [
    0.06413316220685311
  ],
  "irregularity_of_end_surface_tail": [
    0.06578012024246728
  ],
  "mean_curvature": [
    0.3700775895293602
  ],
  "fractal_dimension": [
    2.367135987089268
  ]
}