{
  "volume": [
    4213.554656505585
  ],
  "volume_endpoints": [
    313.8371744155884
  ],
  "streamlines_count": [
    48
  ],
  "avg_length": [
    94.6956558227539
  ],
  "std_length": [
    7.467235088348389
  ],
  "min_length": [
    74.16803741455078
  ],
  "max_length": [
    114.16375732421875
  ],
  "span": [
    28.650726318359375
  ],
  "curl": [
    3.305174702048407
  ],
  "diameter": [
    7.5268688204241325
  ],
  "elongation": [
    12.581015835668289
  ],
  "surface_area": [
    4113.462864714015
  ],
  "end_surface_area_head": [
    510.1468858907491
  ],
  "end_surface_area_tail": [
    226.01444311615467
  ],
  "radius_head": [
    3.519584356615659
  ],
  "radius_tail": [
    2.457028746759696
  ],
  "irregularity": [
    1.83701754838904
  ],
  "irregularity_of_end_surface_head": [
    0.07628469079669234
  ],
  "irregularity_of_end_surface_tail": [
    0.08391394813831886
  ],
  "mean_curvature": [
    0.3658970209459464
  ],
  "fractal_dimension": [
    2.090573962433053
  ]
}