{
  "volume": [
    4881.911602020264
  ],
  "volume_endpoints": [
    1150.7363061904907
  ],
  "streamlines_count": [
    2190
  ],
  "avg_length": [
    62.3026237487793
  ],
  "std_length": [
    3.9522979259490967
  ],
  "min_length": [
    53.37380599975586
  ],
  "max_length": [
    75.23217010498047
  ],
  "span": [
    31.027610778808594
  ],
  "curl": [
    2.007973613982907
  ],
  "diameter": [
    9.988421176126472
  ],
  "elongation": [
    6.237484648493804
  ],
  "surface_area": [
    3364.386424671902
  ],
  "end_surface_area_head": [
    813.6519952181568
  ],
  "end_surface_area_tail": [
    316.42022036261653
  ],
  "radius_head": [
    4.148316491137789
  ],
  "radius_tail": [
    2.5611271988382702
  ],
  "irregularity": [
    1.7208888314855324
  ],
  "irregularity_of_end_surface_head": [
    0.06644387383767328
  ],
  "irregularity_of_end_surface_tail": [
    0.06512503064590712
  ],
  "mean_curvature": [
    0.3367287847753529
  ],
  "fractal_dimension": [
    2.367078528762381
  ]
}