{
  "volume": [
    10629.781333446503
  ],
  "volume_endpoints": [
    1214.6661009788513
  ],
  "streamlines_count": [
    373
  ],
  "avg_length": [
    95.70441436767578
  ],
  "std_length": [
    9.470497131347656
  ],
  "min_length": [
    55.48369598388672
  ],
  "max_length": [
    109.8660659790039
  ],
  "span": [
    25.842529296875
  ],
  "curl": [
    3.7033687093178145
  ],
  "diameter": [
    11.891899756112789
  ],
  "elongation": [
    8.047865886060878
  ],
  "surface_area": [
    6418.810184498792
  ],
  "end_surface_area_head": [
    807.1944397005524
  ],
  "end_surface_area_tail": [
    800.736884182948
  ],
  "radius_head": [
    3.7477605123644815
  ],
  "radius_tail": [
    4.2651479619359725
  ],
  "irregularity": [
    1.795235595002271
  ],
  "irregularity_of_end_surface_head": [
    0.05466575783059693
  ],
  "irregularity_of_end_surface_tail": [
    0.07137206175588638
  ],
  "mean_curvature": [
    0.3898848092268363
  ],
  "fractal_dimension": [
    2.3552925340969644
  ]
}