{
  "volume": [
    12193.15540599823
  ],
  "volume_endpoints": [
    1987.635437965393
  ],
  "streamlines_count": [
    1447
  ],
  "avg_length": [
    61.3841552734375
  ],
  "std_length": [
    7.415153503417969
  ],
  "min_length": [
    44.137542724609375
  ],
  "max_length": [
    93.30288696289062
  ],
  "span": [
    24.938661575317383
  ],
  "curl": [
    2.4614053600290813
  ],
  "diameter": [
    15.903216524769894
  ],
  "elongation": [
    3.859857858177887
  ],
  "surface_area": [
    6696.485071755783
  ],
  "end_surface_area_head": [
    942.8031055702452
  ],
  "end_surface_area_tail": [
    1162.3599931687954
  ],
  "radius_head": [
    4.356212856908227
  ],
  "radius_tail": [
    6.344352059274851
  ],
  "irregularity": [
    2.1835129731601843
  ],
  "irregularity_of_end_surface_head": [
    0.06323347559041576
  ],
  "irregularity_of_end_surface_tail": [
    0.10878869533749382
  ],
  "mean_curvature": [
    0.38711799610130687
  ],
  "fractal_dimension": [
    2.369588297313404
  ]
}