{
  "volume": [
    12012.989620685577
  ],
  "volume_endpoints": [
    2284.0372138023376
  ],
  "streamlines_count": [
    3318
  ],
  "avg_length": [
    63.50691223144531
  ],
  "std_length": [
    5.561288356781006
  ],
  "min_length": [
    48.88817596435547
  ],
  "max_length": [
    80.45796203613281
  ],
  "span": [
    27.16314125061035
  ],
  "curl": [
    2.3379811504686825
  ],
  "diameter": [
    15.519227926066085
  ],
  "elongation": [
    4.0921437931057865
  ],
  "surface_area": [
    6360.692184840353
  ],
  "end_surface_area_head": [
    871.7699948765966
  ],
  "end_surface_area_tail": [
    1420.6622138729722
  ],
  "radius_head": [
    4.212135131761249
  ],
  "radius_tail": [
    7.5779141968166375
  ],
  "irregularity": [
    2.0542977830869713
  ],
  "irregularity_of_end_surface_head": [
    0.06393704297572972
  ],
  "irregularity_of_end_surface_tail": [
    0.12698675057967235
  ],
  "mean_curvature": [
    0.3744784023583546
  ],
  "fractal_dimension": [
    2.4134454710724724
  ]
}