{
  "volume": [
    4434.4030385017395
  ],
  "volume_endpoints": [
    988.0059194564819
  ],
  "streamlines_count": [
    1365
  ],
  "avg_length": [
    55.1890754699707
  ],
  "std_length": [
    5.0799560546875
  ],
  "min_length": [
    41.25312423706055
  ],
  "max_length": [
    71.18809509277344
  ],
  "span": [
    25.850391387939453
  ],
  "curl": [
    2.1349415814152533
  ],
  "diameter": [
    10.114538725066621
  ],
  "elongation": [
    5.4564105165959695
  ],
  "surface_area": [
    3093.169092932517
  ],
  "end_surface_area_head": [
    787.8217731477391
  ],
  "end_surface_area_tail": [
    322.87777588022095
  ],
  "radius_head": [
    3.9869722945104558
  ],
  "radius_tail": [
    2.847391871022899
  ],
  "irregularity": [
    1.7638213251030852
  ],
  "irregularity_of_end_surface_head": [
    0.06338818677431052
  ],
  "irregularity_of_end_surface_tail": [
    0.0788871382062824
  ],
  "mean_curvature": [
    0.3670764503679869
  ],
  "fractal_dimension": [
    2.2765477672223526
  ]
}