{
  "volume": [
    5864.105721950531
  ],
  "volume_endpoints": [
    1284.4076952934265
  ],
  "streamlines_count": [
    666
  ],
  "avg_length": [
    62.08449935913086
  ],
  "std_length": [
    9.031963348388672
  ],
  "min_length": [
    38.6108283996582
  ],
  "max_length": [
    84.80014038085938
  ],
  "span": [
    24.9986572265625
  ],
  "curl": [
    2.4835133661964264
  ],
  "diameter": [
    10.966407085510646
  ],
  "elongation": [
    5.66133455333424
  ],
  "surface_area": [
    4210.326197478082
  ],
  "end_surface_area_head": [
    807.1944397005524
  ],
  "end_surface_area_tail": [
    671.5857738308596
  ],
  "radius_head": [
    4.078242686084985
  ],
  "radius_tail": [
    3.956252222081722
  ],
  "irregularity": [
    1.968422519716137
  ],
  "irregularity_of_end_surface_head": [
    0.06473182376183834
  ],
  "irregularity_of_end_surface_tail": [
    0.07321774133045686
  ],
  "mean_curvature": [
    0.38113706811770304
  ],
  "fractal_dimension": [
    2.23953083272389
  ]
}