{
  "volume": [
    10943.618507862091
  ],
  "volume_endpoints": [
    2440.955801010132
  ],
  "streamlines_count": [
    2925
  ],
  "avg_length": [
    73.28772735595703
  ],
  "std_length": [
    4.373507499694824
  ],
  "min_length": [
    61.67344284057617
  ],
  "max_length": [
    88.0182113647461
  ],
  "span": [
    30.190715789794922
  ],
  "curl": [
    2.427492208738217
  ],
  "diameter": [
    13.788591477334661
  ],
  "elongation": [
    5.315098897260503
  ],
  "surface_area": [
    6276.743963111496
  ],
  "end_surface_area_head": [
    813.6519952181568
  ],
  "end_surface_area_tail": [
    1549.8133242250606
  ],
  "radius_head": [
    4.199840138582937
  ],
  "radius_tail": [
    5.997943658619745
  ],
  "irregularity": [
    1.97712160408812
  ],
  "irregularity_of_end_surface_head": [
    0.06810463954106462
  ],
  "irregularity_of_end_surface_tail": [
    0.07292479991189446
  ],
  "mean_curvature": [
    0.37352220638185485
  ],
  "fractal_dimension": [
    2.3703803837997754
  ]
}