{
  "volume": [
    6270.931688785553
  ],
  "volume_endpoints": [
    1359.9610891342163
  ],
  "streamlines_count": [
    2121
  ],
  "avg_length": [
    66.79341888427734
  ],
  "std_length": [
    5.464860439300537
  ],
  "min_length": [
    52.8405876159668
  ],
  "max_length": [
    84.35401916503906
  ],
  "span": [
    31.649417877197266
  ],
  "curl": [
    2.110415399848494
  ],
  "diameter": [
    10.933375334493252
  ],
  "elongation": [
    6.10913069759469
  ],
  "surface_area": [
    4236.156419548499
  ],
  "end_surface_area_head": [
    755.533995559717
  ],
  "end_surface_area_tail": [
    619.9253296900242
  ],
  "radius_head": [
    3.981429373997666
  ],
  "radius_tail": [
    4.18645785816056
  ],
  "irregularity": [
    1.846435681693592
  ],
  "irregularity_of_end_surface_head": [
    0.06591342738723321
  ],
  "irregularity_of_end_surface_tail": [
    0.08881860315085587
  ],
  "mean_curvature": [
    0.3639762188707079
  ],
  "fractal_dimension": [
    2.304570128727103
  ]
}