{
  "volume": [
    6323.237884521484
  ],
  "volume_endpoints": [
    1464.573480606079
  ],
  "streamlines_count": [
    2262
  ],
  "avg_length": [
    54.06846237182617
  ],
  "std_length": [
    6.026667594909668
  ],
  "min_length": [
    38.54221725463867
  ],
  "max_length": [
    74.20291137695312
  ],
  "span": [
    24.141050338745117
  ],
  "curl": [
    2.239689724065118
  ],
  "diameter": [
    12.202612214113838
  ],
  "elongation": [
    4.430892453444458
  ],
  "surface_area": [
    4100.547753678806
  ],
  "end_surface_area_head": [
    1078.411771439938
  ],
  "end_surface_area_tail": [
    432.6562196794961
  ],
  "radius_head": [
    4.530323029536889
  ],
  "radius_tail": [
    3.4234642288650545
  ],
  "irregularity": [
    1.978313761770829
  ],
  "irregularity_of_end_surface_head": [
    0.05978931708190654
  ],
  "irregularity_of_end_surface_tail": [
    0.08510175377328882
  ],
  "mean_curvature": [
    0.37551580024282033
  ],
  "fractal_dimension": [
    2.267656813163733
  ]
}