{
  "volume": [
    2882.6525650024414
  ],
  "volume_endpoints": [
    1470.3852801322937
  ],
  "streamlines_count": [
    2815
  ],
  "avg_length": [
    24.204843521118164
  ],
  "std_length": [
    3.1153252124786377
  ],
  "min_length": [
    20.098651885986328
  ],
  "max_length": [
    35.630653381347656
  ],
  "span": [
    11.182342529296875
  ],
  "curl": [
    2.164559300316847
  ],
  "diameter": [
    12.31402612056332
  ],
  "elongation": [
    1.9656319780496685
  ],
  "surface_area": [
    2001.84221045737
  ],
  "end_surface_area_head": [
    871.7699948765966
  ],
  "end_surface_area_tail": [
    574.7224410667933
  ],
  "radius_head": [
    4.354856305345387
  ],
  "radius_tail": [
    3.8118113970613123
  ],
  "irregularity": [
    2.137851918758495
  ],
  "irregularity_of_end_surface_head": [
    0.06834324795175048
  ],
  "irregularity_of_end_surface_tail": [
    0.07942450665484625
  ],
  "mean_curvature": [
    0.4206934885646268
  ],
  "fractal_dimension": [
    2.2651847002390344
  ]
}