{
  "volume": [
    10141.590173244476
  ],
  "volume_endpoints": [
    2423.520402431488
  ],
  "streamlines_count": [
    3062
  ],
  "avg_length": [
    65.6953353881836
  ],
  "std_length": [
    4.999196529388428
  ],
  "min_length": [
    51.589813232421875
  ],
  "max_length": [
    81.17401885986328
  ],
  "span": [
    27.06644630432129
  ],
  "curl": [
    2.4271873244658284
  ],
  "diameter": [
    14.019767791566878
  ],
  "elongation": [
    4.685907524638206
  ],
  "surface_area": [
    5889.29063205523
  ],
  "end_surface_area_head": [
    1026.7513272991027
  ],
  "end_surface_area_tail": [
    1362.5442142145325
  ],
  "radius_head": [
    4.635251032462857
  ],
  "radius_tail": [
    6.316242304531655
  ],
  "irregularity": [
    2.035343711095011
  ],
  "irregularity_of_end_surface_head": [
    0.06574021474107956
  ],
  "irregularity_of_end_surface_tail": [
    0.09198496194297073
  ],
  "mean_curvature": [
    0.3705732899795242
  ],
  "fractal_dimension": [
    2.3603533853012246
  ]
}