{
  "volume": [
    9176.831451892853
  ],
  "volume_endpoints": [
    1511.067876815796
  ],
  "streamlines_count": [
    1111
  ],
  "avg_length": [
    61.94301223754883
  ],
  "std_length": [
    6.016408920288086
  ],
  "min_length": [
    45.69184875488281
  ],
  "max_length": [
    80.5711669921875
  ],
  "span": [
    28.745946884155273
  ],
  "curl": [
    2.154843341469184
  ],
  "diameter": [
    13.734260373422623
  ],
  "elongation": [
    4.5101090669152955
  ],
  "surface_area": [
    5172.5019696011395
  ],
  "end_surface_area_head": [
    1123.614660063169
  ],
  "end_surface_area_tail": [
    503.6893303731447
  ],
  "radius_head": [
    4.805854644544263
  ],
  "radius_tail": [
    3.5723564199083953
  ],
  "irregularity": [
    1.9353218266281411
  ],
  "irregularity_of_end_surface_head": [
    0.06457638630146594
  ],
  "irregularity_of_end_surface_tail": [
    0.07959699764400502
  ],
  "mean_curvature": [
    0.40045209155224337
  ],
  "fractal_dimension": [
    2.3303987229244085
  ]
}