{
  "volume": [
    9688.269810199738
  ],
  "volume_endpoints": [
    2086.4360299110413
  ],
  "streamlines_count": [
    1421
  ],
  "avg_length": [
    72.75170135498047
  ],
  "std_length": [
    8.648515701293945
  ],
  "min_length": [
    50.37462615966797
  ],
  "max_length": [
    101.23345184326172
  ],
  "span": [
    26.782758712768555
  ],
  "curl": [
    2.716363244548682
  ],
  "diameter": [
    13.021367460796938
  ],
  "elongation": [
    5.587101475633181
  ],
  "surface_area": [
    5831.1726323967905
  ],
  "end_surface_area_head": [
    1071.9542159223336
  ],
  "end_surface_area_tail": [
    1065.496660404729
  ],
  "radius_head": [
    4.703055384802893
  ],
  "radius_tail": [
    4.769218876394986
  ],
  "irregularity": [
    1.9593240862739711
  ],
  "irregularity_of_end_surface_head": [
    0.06482370095050675
  ],
  "irregularity_of_end_surface_tail": [
    0.06706443780216793
  ],
  "mean_curvature": [
    0.4081795523906576
  ],
  "fractal_dimension": [
    2.3089473412704424
  ]
}