{
  "volume": [
    12820.829754829407
  ],
  "volume_endpoints": [
    3213.9251379966736
  ],
  "streamlines_count": [
    2774
  ],
  "avg_length": [
    74.314697265625
  ],
  "std_length": [
    5.483256816864014
  ],
  "min_length": [
    57.26449966430664
  ],
  "max_length": [
    92.46773529052734
  ],
  "span": [
    35.27021789550781
  ],
  "curl": [
    2.1070098712117704
  ],
  "diameter": [
    14.820940695655759
  ],
  "elongation": [
    5.014168721922473
  ],
  "surface_area": [
    7122.683735917674
  ],
  "end_surface_area_head": [
    1046.1239938519159
  ],
  "end_surface_area_tail": [
    2505.5315408305146
  ],
  "radius_head": [
    4.625263889010538
  ],
  "radius_tail": [
    6.3750534036746105
  ],
  "irregularity": [
    2.058464141218766
  ],
  "irregularity_of_end_surface_head": [
    0.06424506034981191
  ],
  "irregularity_of_end_surface_tail": [
    0.05095861934529122
  ],
  "mean_curvature": [
    0.37666395389311763
  ],
  "fractal_dimension": [
    2.4344851680064306
  ]
}