{
  "volume": [
    16046.37849187851
  ],
  "volume_endpoints": [
    3713.739897251129
  ],
  "streamlines_count": [
    3145
  ],
  "avg_length": [
    83.57551574707031
  ],
  "std_length": [
    6.814639091491699
  ],
  "min_length": [
    65.82046508789062
  ],
  "max_length": [
    105.131591796875
  ],
  "span": [
    36.83487319946289
  ],
  "curl": [
    2.268923671720118
  ],
  "diameter": [
    15.63522165941607
  ],
  "elongation": [
    5.345336162646485
  ],
  "surface_area": [
    8433.567505991372
  ],
  "end_surface_area_head": [
    1097.7844379927512
  ],
  "end_surface_area_tail": [
    2511.989096348119
  ],
  "radius_head": [
    4.8271075240869425
  ],
  "radius_tail": [
    7.6133457692353925
  ],
  "irregularity": [
    2.0543684888550087
  ],
  "irregularity_of_end_surface_head": [
    0.06668171306638947
  ],
  "irregularity_of_end_surface_tail": [
    0.07249085652348655
  ],
  "mean_curvature": [
    0.38013814828922715
  ],
  "fractal_dimension": [
    2.4409000092264477
  ]
}