{
  "volume": [
    17098.314206123352
  ],
  "volume_endpoints": [
    929.8879241943359
  ],
  "streamlines_count": [
    751
  ],
  "avg_length": [
    60.81243133544922
  ],
  "std_length": [
    24.263362884521484
  ],
  "min_length": [
    24.344175338745117
  ],
  "max_length": [
    141.391357421875
  ],
  "span": [
    15.822624206542969
  ],
  "curl": [
    3.8433846713178004
  ],
  "diameter": [
    18.920626928278132
  ],
  "elongation": [
    3.2140812017471263
  ],
  "surface_area": [
    12572.860592775804
  ],
  "end_surface_area_head": [
    1194.6477707568174
  ],
  "end_surface_area_tail": [
    335.7928869154298
  ],
  "radius_head": [
    5.374923689032507
  ],
  "radius_tail": [
    2.6685177131529536
  ],
  "irregularity": [
    3.478214311501649
  ],
  "irregularity_of_end_surface_head": [
    0.07597218218988966
  ],
  "irregularity_of_end_surface_tail": [
    0.06662213716573352
  ],
  "mean_curvature": [
    0.4143775197145307
  ],
  "fractal_dimension": [
    2.238748516407879
  ]
}