{
  "volume": [
    726.474940776825
  ],
  "volume_endpoints": [
    23.2471981048584
  ],
  "streamlines_count": [
    2
  ],
  "avg_length": [
    88.60209655761719
  ],
  "std_length": [
    0.039669036865234375
  ],
  "min_length": [
    88.56242370605469
  ],
  "max_length": [
    88.64176177978516
  ],
  "span": [
    40.6977424621582
  ],
  "curl": [
    2.1770764469307275
  ],
  "diameter": [
    3.2310477713518844
  ],
  "elongation": [
    27.422094264036737
  ],
  "surface_area": [
    1414.2046583553679
  ],
  "end_surface_area_head": [
    32.287777588022095
  ],
  "end_surface_area_tail": [
    38.745333105626514
  ],
  "radius_head": [
    0.75
  ],
  "radius_tail": [
    1.6770509831248424
  ],
  "irregularity": [
    1.5724433676709175
  ],
  "irregularity_of_end_surface_head": [
    0.05473110878649705
  ],
  "irregularity_of_end_surface_tail": [
    0.22804628661040444
  ],
  "mean_curvature": [
    0.3205934166908264
  ],
  "fractal_dimension": [
    1.1497112150446902
  ]
}