{
  "volume": [
    8909.488673686981
  ],
  "volume_endpoints": [
    2045.753433227539
  ],
  "streamlines_count": [
    2837
  ],
  "avg_length": [
    74.0033950805664
  ],
  "std_length": [
    3.970078229904175
  ],
  "min_length": [
    59.32013702392578
  ],
  "max_length": [
    87.41873168945312
  ],
  "span": [
    35.60956954956055
  ],
  "curl": [
    2.078188420041704
  ],
  "diameter": [
    12.380997249429393
  ],
  "elongation": [
    5.97717563372991
  ],
  "surface_area": [
    5611.6157447982405
  ],
  "end_surface_area_head": [
    516.6044414083535
  ],
  "end_surface_area_tail": [
    1872.6911001052815
  ],
  "radius_head": [
    3.357611553789032
  ],
  "radius_tail": [
    6.174520778050459
  ],
  "irregularity": [
    1.9495338522174164
  ],
  "irregularity_of_end_surface_head": [
    0.06855713156222804
  ],
  "irregularity_of_end_surface_tail": [
    0.06395731731602934
  ],
  "mean_curvature": [
    0.35454688694723313
  ],
  "fractal_dimension": [
    2.337772431922545
  ]
}