{
  "volume": [
    8491.03910779953
  ],
  "volume_endpoints": [
    1679.6100630760193
  ],
  "streamlines_count": [
    3142
  ],
  "avg_length": [
    68.41055297851562
  ],
  "std_length": [
    4.1677117347717285
  ],
  "min_length": [
    55.0941276550293
  ],
  "max_length": [
    82.72158813476562
  ],
  "span": [
    32.24232864379883
  ],
  "curl": [
    2.1217621634680857
  ],
  "diameter": [
    12.57111876601682
  ],
  "elongation": [
    5.441882640027879
  ],
  "surface_area": [
    4933.572415449777
  ],
  "end_surface_area_head": [
    523.0619969259579
  ],
  "end_surface_area_tail": [
    949.2606610878496
  ],
  "radius_head": [
    3.422066179500481
  ],
  "radius_tail": [
    4.5918529929430525
  ],
  "irregularity": [
    1.8260581534241798
  ],
  "irregularity_of_end_surface_head": [
    0.07033532741187677
  ],
  "irregularity_of_end_surface_tail": [
    0.06978150646217496
  ],
  "mean_curvature": [
    0.3579258996635239
  ],
  "fractal_dimension": [
    2.385170049116576
  ]
}