{
  "volume": [
    11879.318231582642
  ],
  "volume_endpoints": [
    2231.7310180664062
  ],
  "streamlines_count": [
    2157
  ],
  "avg_length": [
    84.177978515625
  ],
  "std_length": [
    5.149712085723877
  ],
  "min_length": [
    72.2681655883789
  ],
  "max_length": [
    100.45564270019531
  ],
  "span": [
    39.15977096557617
  ],
  "curl": [
    2.1496034435345033
  ],
  "diameter": [
    13.404529399116706
  ],
  "elongation": [
    6.279816024065114
  ],
  "surface_area": [
    6722.3152938262
  ],
  "end_surface_area_head": [
    1007.3786607462894
  ],
  "end_surface_area_tail": [
    1297.968659038488
  ],
  "radius_head": [
    4.53246052516371
  ],
  "radius_tail": [
    5.473549325999317
  ],
  "irregularity": [
    1.896351946079236
  ],
  "irregularity_of_end_surface_head": [
    0.06406564257087873
  ],
  "irregularity_of_end_surface_tail": [
    0.07251431336142532
  ],
  "mean_curvature": [
    0.3738288665790496
  ],
  "fractal_dimension": [
    2.305147313221611
  ]
}