{
  "volume": [
    8142.331136226654
  ],
  "volume_endpoints": [
    1499.4442777633667
  ],
  "streamlines_count": [
    1821
  ],
  "avg_length": [
    71.1582260131836
  ],
  "std_length": [
    5.747782230377197
  ],
  "min_length": [
    55.21323013305664
  ],
  "max_length": [
    88.63043212890625
  ],
  "span": [
    31.97298812866211
  ],
  "curl": [
    2.225573215954563
  ],
  "diameter": [
    12.070267175331795
  ],
  "elongation": [
    5.89533147688817
  ],
  "surface_area": [
    5198.332191671558
  ],
  "end_surface_area_head": [
    716.7886624540905
  ],
  "end_surface_area_tail": [
    807.1944397005524
  ],
  "radius_head": [
    3.8726436000288995
  ],
  "radius_tail": [
    5.283004940304543
  ],
  "irregularity": [
    1.9265139604934263
  ],
  "irregularity_of_end_surface_head": [
    0.0657315398841904
  ],
  "irregularity_of_end_surface_tail": [
    0.1086259892781801
  ],
  "mean_curvature": [
    0.37688965408897607
  ],
  "fractal_dimension": [
    2.276894021837371
  ]
}