{
  "volume": [
    13361.327110767365
  ],
  "volume_endpoints": [
    2103.871428489685
  ],
  "streamlines_count": [
    2131
  ],
  "avg_length": [
    75.35689544677734
  ],
  "std_length": [
    7.589670658111572
  ],
  "min_length": [
    56.36263656616211
  ],
  "max_length": [
    101.08831024169922
  ],
  "span": [
    33.98257827758789
  ],
  "curl": [
    2.217515540793341
  ],
  "diameter": [
    15.025134159610596
  ],
  "elongation": [
    5.015389190290621
  ],
  "surface_area": [
    7574.712622149984
  ],
  "end_surface_area_head": [
    1078.411771439938
  ],
  "end_surface_area_tail": [
    968.6333276406629
  ],
  "radius_head": [
    4.540705967195171
  ],
  "radius_tail": [
    4.8213087106108805
  ],
  "irregularity": [
    2.1294866974064166
  ],
  "irregularity_of_end_surface_head": [
    0.06006369051320285
  ],
  "irregularity_of_end_surface_tail": [
    0.0753911461661035
  ],
  "mean_curvature": [
    0.37808947292419176
  ],
  "fractal_dimension": [
    2.3285665303354666
  ]
}