{
  "volume": [
    10100.907576560974
  ],
  "volume_endpoints": [
    1987.635437965393
  ],
  "streamlines_count": [
    2471
  ],
  "avg_length": [
    69.51337432861328
  ],
  "std_length": [
    4.993426322937012
  ],
  "min_length": [
    54.81600570678711
  ],
  "max_length": [
    88.67147827148438
  ],
  "span": [
    31.89885711669922
  ],
  "curl": [
    2.17918071717443
  ],
  "diameter": [
    13.601946824316881
  ],
  "elongation": [
    5.110545955402556
  ],
  "surface_area": [
    5663.276188939076
  ],
  "end_surface_area_head": [
    942.8031055702452
  ],
  "end_surface_area_tail": [
    1020.2937717814982
  ],
  "radius_head": [
    4.53048192091903
  ],
  "radius_tail": [
    4.889544329330764
  ],
  "irregularity": [
    1.906550995281851
  ],
  "irregularity_of_end_surface_head": [
    0.06839394765103156
  ],
  "irregularity_of_end_surface_tail": [
    0.07361416882292304
  ],
  "mean_curvature": [
    0.3789224175910436
  ],
  "fractal_dimension": [
    2.3290575868790317
  ]
}