{
  "volume": [
    14825.900591373444
  ],
  "volume_endpoints": [
    3347.5965270996094
  ],
  "streamlines_count": [
    4050
  ],
  "avg_length": [
    67.57632446289062
  ],
  "std_length": [
    6.93795108795166
  ],
  "min_length": [
    50.1494255065918
  ],
  "max_length": [
    88.66561126708984
  ],
  "span": [
    31.57342529296875
  ],
  "curl": [
    2.140291204893108
  ],
  "diameter": [
    16.713535110073373
  ],
  "elongation": [
    4.043209531546792
  ],
  "surface_area": [
    7613.45795525561
  ],
  "end_surface_area_head": [
    1000.921105228685
  ],
  "end_surface_area_tail": [
    2111.620654256645
  ],
  "radius_head": [
    4.682702364829836
  ],
  "radius_tail": [
    6.668336519833085
  ],
  "irregularity": [
    2.1457009653476318
  ],
  "irregularity_of_end_surface_head": [
    0.06882451112935796
  ],
  "irregularity_of_end_surface_tail": [
    0.06615596190720159
  ],
  "mean_curvature": [
    0.38045846619723755
  ],
  "fractal_dimension": [
    2.410048083895033
  ]
}