{
  "volume": [
    11577.104656219482
  ],
  "volume_endpoints": [
    2563.0035910606384
  ],
  "streamlines_count": [
    3912
  ],
  "avg_length": [
    57.461299896240234
  ],
  "std_length": [
    6.772470951080322
  ],
  "min_length": [
    38.86445236206055
  ],
  "max_length": [
    79.17654418945312
  ],
  "span": [
    26.012182235717773
  ],
  "curl": [
    2.209014967507768
  ],
  "diameter": [
    16.01648885083783
  ],
  "elongation": [
    3.5876339959013177
  ],
  "surface_area": [
    5663.276188939076
  ],
  "end_surface_area_head": [
    910.5153279822231
  ],
  "end_surface_area_tail": [
    1381.9168807673457
  ],
  "radius_head": [
    4.414235665356736
  ],
  "radius_tail": [
    5.2679964388713305
  ],
  "irregularity": [
    1.9587323996986776
  ],
  "irregularity_of_end_surface_head": [
    0.06723163023405121
  ],
  "irregularity_of_end_surface_tail": [
    0.06308976302614266
  ],
  "mean_curvature": [
    0.39133853682436825
  ],
  "fractal_dimension": [
    2.4176380104929036
  ]
}