{
  "volume": [
    11408.562469959259
  ],
  "volume_endpoints": [
    1592.4330701828003
  ],
  "streamlines_count": [
    4278
  ],
  "avg_length": [
    73.69944763183594
  ],
  "std_length": [
    7.49228048324585
  ],
  "min_length": [
    56.69608688354492
  ],
  "max_length": [
    110.61019897460938
  ],
  "span": [
    29.38663673400879
  ],
  "curl": [
    2.507923866855593
  ],
  "diameter": [
    14.039072127313482
  ],
  "elongation": [
    5.249595341023372
  ],
  "surface_area": [
    7038.7355141888165
  ],
  "end_surface_area_head": [
    1446.4924359433899
  ],
  "end_surface_area_tail": [
    710.3311069364861
  ],
  "radius_head": [
    6.642107538638022
  ],
  "radius_tail": [
    3.8910471102705166
  ],
  "irregularity": [
    2.16541996042409
  ],
  "irregularity_of_end_surface_head": [
    0.09581764910781211
  ],
  "irregularity_of_end_surface_tail": [
    0.06696101327153077
  ],
  "mean_curvature": [
    0.35759154857319614
  ],
  "fractal_dimension": [
    2.3196893654258504
  ]
}