{
  "volume": [
    28710.289659500122
  ],
  "volume_endpoints": [
    4027.5770716667175
  ],
  "streamlines_count": [
    4237
  ],
  "avg_length": [
    66.73868560791016
  ],
  "std_length": [
    13.653295516967773
  ],
  "min_length": [
    46.56578826904297
  ],
  "max_length": [
    146.8719482421875
  ],
  "span": [
    28.880142211914062
  ],
  "curl": [
    2.3108849367223034
  ],
  "diameter": [
    23.403726908757555
  ],
  "elongation": [
    2.851626404123562
  ],
  "surface_area": [
    12837.620368997585
  ],
  "end_surface_area_head": [
    1607.9313238835002
  ],
  "end_surface_area_tail": [
    1633.761545953918
  ],
  "radius_head": [
    5.37625763568706
  ],
  "radius_tail": [
    5.701900068555549
  ],
  "irregularity": [
    2.6162062873415297
  ],
  "irregularity_of_end_surface_head": [
    0.056473216176811725
  ],
  "irregularity_of_end_surface_tail": [
    0.06251732773499684
  ],
  "mean_curvature": [
    0.39202301564688163
  ],
  "fractal_dimension": [
    2.492324861416522
  ]
}