{
  "volume": [
    11333.00907611847
  ],
  "volume_endpoints": [
    2144.5540251731873
  ],
  "streamlines_count": [
    2073
  ],
  "avg_length": [
    80.03748321533203
  ],
  "std_length": [
    4.9160284996032715
  ],
  "min_length": [
    63.42436981201172
  ],
  "max_length": [
    96.5057601928711
  ],
  "span": [
    37.31595993041992
  ],
  "curl": [
    2.144859287140717
  ],
  "diameter": [
    13.427061116786188
  ],
  "elongation": [
    5.960908535321337
  ],
  "surface_area": [
    6715.857738308596
  ],
  "end_surface_area_head": [
    994.4635497110805
  ],
  "end_surface_area_tail": [
    1201.105326274422
  ],
  "radius_head": [
    4.4915528055939955
  ],
  "radius_tail": [
    5.140779151588538
  ],
  "irregularity": [
    1.9891943899950415
  ],
  "irregularity_of_end_surface_head": [
    0.06373148279516072
  ],
  "irregularity_of_end_surface_tail": [
    0.06912365178006113
  ],
  "mean_curvature": [
    0.3798599918137066
  ],
  "fractal_dimension": [
    2.345256197191649
  ]
}