{
  "volume": [
    8084.213140964508
  ],
  "volume_endpoints": [
    912.4525256156921
  ],
  "streamlines_count": [
    3392
  ],
  "avg_length": [
    39.84755325317383
  ],
  "std_length": [
    9.624990463256836
  ],
  "min_length": [
    20.48836898803711
  ],
  "max_length": [
    115.63436889648438
  ],
  "span": [
    15.063593864440918
  ],
  "curl": [
    2.6452886085330447
  ],
  "diameter": [
    16.07211780631452
  ],
  "elongation": [
    2.4792969870789685
  ],
  "surface_area": [
    5805.342410326372
  ],
  "end_surface_area_head": [
    393.91088657386956
  ],
  "end_surface_area_tail": [
    755.533995559717
  ],
  "radius_head": [
    2.8489573643325676
  ],
  "radius_tail": [
    5.1411898108058445
  ],
  "irregularity": [
    2.8853812207141867
  ],
  "irregularity_of_end_surface_head": [
    0.06473270999794888
  ],
  "irregularity_of_end_surface_tail": [
    0.10990643945515065
  ],
  "mean_curvature": [
    0.4146082871505674
  ],
  "fractal_dimension": [
    2.2537879941653514
  ]
}