{
  "volume": [
    10420.556550502777
  ],
  "volume_endpoints": [
    1871.399447441101
  ],
  "streamlines_count": [
    873
  ],
  "avg_length": [
    78.07715606689453
  ],
  "std_length": [
    7.367664337158203
  ],
  "min_length": [
    56.67640686035156
  ],
  "max_length": [
    97.83199310302734
  ],
  "span": [
    35.83460998535156
  ],
  "curl": [
    2.178819752714229
  ],
  "diameter": [
    13.035825063525378
  ],
  "elongation": [
    5.989429567090212
  ],
  "surface_area": [
    6599.6217389917165
  ],
  "end_surface_area_head": [
    1369.0017697321368
  ],
  "end_surface_area_tail": [
    820.1095507357612
  ],
  "radius_head": [
    5.014559459127977
  ],
  "radius_tail": [
    6.6255298400014775
  ],
  "irregularity": [
    2.0639855956346276
  ],
  "irregularity_of_end_surface_head": [
    0.057704732698501425
  ],
  "irregularity_of_end_surface_tail": [
    0.1681586575768755
  ],
  "mean_curvature": [
    0.38552059023241
  ],
  "fractal_dimension": [
    2.3083345641490087
  ]
}