{
  "volume": [
    9601.092817306519
  ],
  "volume_endpoints": [
    2650.1805839538574
  ],
  "streamlines_count": [
    2499
  ],
  "avg_length": [
    68.8175277709961
  ],
  "std_length": [
    5.7187089920043945
  ],
  "min_length": [
    51.61991500854492
  ],
  "max_length": [
    86.48058319091797
  ],
  "span": [
    30.48823356628418
  ],
  "curl": [
    2.257183172694494
  ],
  "diameter": [
    13.3280268821304
  ],
  "elongation": [
    5.163369520454933
  ],
  "surface_area": [
    5708.479077562306
  ],
  "end_surface_area_head": [
    1130.0722155807734
  ],
  "end_surface_area_tail": [
    1536.8982131898517
  ],
  "radius_head": [
    5.071109320817249
  ],
  "radius_tail": [
    5.393491356857786
  ],
  "irregularity": [
    1.9810964243748859
  ],
  "irregularity_of_end_surface_head": [
    0.0714907118319327
  ],
  "irregularity_of_end_surface_tail": [
    0.05946271589146358
  ],
  "mean_curvature": [
    0.3900145925417477
  ],
  "fractal_dimension": [
    2.317645003916574
  ]
}