{
  "volume": [
    8671.204893112183
  ],
  "volume_endpoints": [
    2406.0850038528442
  ],
  "streamlines_count": [
    2727
  ],
  "avg_length": [
    59.18130111694336
  ],
  "std_length": [
    5.46156644821167
  ],
  "min_length": [
    44.990718841552734
  ],
  "max_length": [
    78.25367736816406
  ],
  "span": [
    26.055543899536133
  ],
  "curl": [
    2.271351592011747
  ],
  "diameter": [
    13.658484966657873
  ],
  "elongation": [
    4.3329330640559744
  ],
  "surface_area": [
    4907.7421933793585
  ],
  "end_surface_area_head": [
    1020.2937717814982
  ],
  "end_surface_area_tail": [
    1181.7326597216088
  ],
  "radius_head": [
    4.608607420423982
  ],
  "radius_tail": [
    5.089890134293636
  ],
  "irregularity": [
    1.9326127047738901
  ],
  "irregularity_of_end_surface_head": [
    0.0653979397203141
  ],
  "irregularity_of_end_surface_tail": [
    0.06887275420230037
  ],
  "mean_curvature": [
    0.39064217294622
  ],
  "fractal_dimension": [
    2.259759068755484
  ]
}