{
  "volume": [
    11315.573677539825
  ],
  "volume_endpoints": [
    3335.97292804718
  ],
  "streamlines_count": [
    2900
  ],
  "avg_length": [
    65.09285736083984
  ],
  "std_length": [
    5.666264533996582
  ],
  "min_length": [
    48.31167221069336
  ],
  "max_length": [
    83.58256530761719
  ],
  "span": [
    30.513248443603516
  ],
  "curl": [
    2.133265407029622
  ],
  "diameter": [
    14.877387663141999
  ],
  "elongation": [
    4.375288110701331
  ],
  "surface_area": [
    6367.149740357957
  ],
  "end_surface_area_head": [
    1168.8175486863997
  ],
  "end_surface_area_tail": [
    1924.3515442461169
  ],
  "radius_head": [
    5.168137947879386
  ],
  "radius_tail": [
    6.974400848937378
  ],
  "irregularity": [
    2.0928358936100846
  ],
  "irregularity_of_end_surface_head": [
    0.07179122168187362
  ],
  "irregularity_of_end_surface_tail": [
    0.07941074475274644
  ],
  "mean_curvature": [
    0.3863619410066769
  ],
  "fractal_dimension": [
    2.3134923579510662
  ]
}