{
  "volume": [
    7752.940567970276
  ],
  "volume_endpoints": [
    2359.5906076431274
  ],
  "streamlines_count": [
    1470
  ],
  "avg_length": [
    63.06939697265625
  ],
  "std_length": [
    6.553528308868408
  ],
  "min_length": [
    43.03923416137695
  ],
  "max_length": [
    81.15679168701172
  ],
  "span": [
    24.594308853149414
  ],
  "curl": [
    2.5643898899228437
  ],
  "diameter": [
    12.51062329769135
  ],
  "elongation": [
    5.041267367093914
  ],
  "surface_area": [
    4668.812639227995
  ],
  "end_surface_area_head": [
    1162.3599931687954
  ],
  "end_surface_area_tail": [
    962.1757721230584
  ],
  "radius_head": [
    4.911933354908072
  ],
  "radius_tail": [
    4.374789015704248
  ],
  "irregularity": [
    1.883471041239172
  ],
  "irregularity_of_end_surface_head": [
    0.06520999250630125
  ],
  "irregularity_of_end_surface_tail": [
    0.06248987870329543
  ],
  "mean_curvature": [
    0.4203130015507847
  ],
  "fractal_dimension": [
    2.32301918359363
  ]
}