{
  "volume": [
    9310.502840995789
  ],
  "volume_endpoints": [
    2568.815390586853
  ],
  "streamlines_count": [
    1841
  ],
  "avg_length": [
    66.01178741455078
  ],
  "std_length": [
    7.974822998046875
  ],
  "min_length": [
    47.4021110534668
  ],
  "max_length": [
    90.97411346435547
  ],
  "span": [
    31.45484733581543
  ],
  "curl": [
    2.098620499085614
  ],
  "diameter": [
    13.4008048130756
  ],
  "elongation": [
    4.92595693582082
  ],
  "surface_area": [
    5727.85174411512
  ],
  "end_surface_area_head": [
    1285.0535480032795
  ],
  "end_surface_area_tail": [
    1414.2046583553679
  ],
  "radius_head": [
    4.9303951365703425
  ],
  "radius_tail": [
    5.640385123804796
  ],
  "irregularity": [
    2.0610547177737577
  ],
  "irregularity_of_end_surface_head": [
    0.05942813487167671
  ],
  "irregularity_of_end_surface_tail": [
    0.07067326022790119
  ],
  "mean_curvature": [
    0.39710161512406994
  ],
  "fractal_dimension": [
    2.3103168525468467
  ]
}