{
  "volume": [
    9548.786621570587
  ],
  "volume_endpoints": [
    2394.461404800415
  ],
  "streamlines_count": [
    1439
  ],
  "avg_length": [
    78.15801239013672
  ],
  "std_length": [
    6.14829158782959
  ],
  "min_length": [
    61.089332580566406
  ],
  "max_length": [
    98.2393798828125
  ],
  "span": [
    37.061241149902344
  ],
  "curl": [
    2.1088881528281647
  ],
  "diameter": [
    12.472180872947016
  ],
  "elongation": [
    6.266587470653718
  ],
  "surface_area": [
    5921.578409643253
  ],
  "end_surface_area_head": [
    1356.086658696928
  ],
  "end_surface_area_tail": [
    1214.0204373096308
  ],
  "radius_head": [
    4.903502726536407
  ],
  "radius_tail": [
    5.100300514749085
  ],
  "irregularity": [
    1.9336225613098077
  ],
  "irregularity_of_end_surface_head": [
    0.055702574938183265
  ],
  "irregularity_of_end_surface_tail": [
    0.067315551254602
  ],
  "mean_curvature": [
    0.39621871947993664
  ],
  "fractal_dimension": [
    2.2736110625522947
  ]
}