{
  "volume": [
    21515.281846046448
  ],
  "volume_endpoints": [
    4260.0490527153015
  ],
  "streamlines_count": [
    8823
  ],
  "avg_length": [
    67.12598419189453
  ],
  "std_length": [
    9.43271255493164
  ],
  "min_length": [
    47.45302963256836
  ],
  "max_length": [
    123.14765167236328
  ],
  "span": [
    29.950063705444336
  ],
  "curl": [
    2.2412634861839154
  ],
  "diameter": [
    20.201482702333763
  ],
  "elongation": [
    3.322824625349893
  ],
  "surface_area": [
    10590.391048871246
  ],
  "end_surface_area_head": [
    1814.5731004468416
  ],
  "end_surface_area_tail": [
    1543.3557687074563
  ],
  "radius_head": [
    5.875481558854507
  ],
  "radius_tail": [
    5.512679800341413
  ],
  "irregularity": [
    2.48592608634634
  ],
  "irregularity_of_end_surface_head": [
    0.05976712140258276
  ],
  "irregularity_of_end_surface_tail": [
    0.061859920601174796
  ],
  "mean_curvature": [
    0.38474035720415534
  ],
  "fractal_dimension": [
    2.4677850238905554
  ]
}