{
  "volume": [
    25786.95449781418
  ],
  "volume_endpoints": [
    5875.72932100296
  ],
  "streamlines_count": [
    4986
  ],
  "avg_length": [
    84.7850341796875
  ],
  "std_length": [
    15.910318374633789
  ],
  "min_length": [
    51.879638671875
  ],
  "max_length": [
    156.96630859375
  ],
  "span": [
    30.572568893432617
  ],
  "curl": [
    2.7732387970152033
  ],
  "diameter": [
    19.678658380830637
  ],
  "elongation": [
    4.308476347263503
  ],
  "surface_area": [
    16208.464349187092
  ],
  "end_surface_area_head": [
    8381.907061850536
  ],
  "end_surface_area_tail": [
    626.3828852076286
  ],
  "radius_head": [
    10.009086029123893
  ],
  "radius_tail": [
    3.7994662190608572
  ],
  "irregularity": [
    3.0922693181213172
  ],
  "irregularity_of_end_surface_head": [
    0.037548783879441
  ],
  "irregularity_of_end_surface_tail": [
    0.07240276718066362
  ],
  "mean_curvature": [
    0.3643927316839227
  ],
  "fractal_dimension": [
    2.322104466036876
  ]
}