{
  "volume": [
    11838.63563489914
  ],
  "volume_endpoints": [
    2382.837805747986
  ],
  "streamlines_count": [
    1540
  ],
  "avg_length": [
    78.97943115234375
  ],
  "std_length": [
    4.804439544677734
  ],
  "min_length": [
    65.81035614013672
  ],
  "max_length": [
    93.22978973388672
  ],
  "span": [
    37.65007781982422
  ],
  "curl": [
    2.0977229192009275
  ],
  "diameter": [
    13.814936267220912
  ],
  "elongation": [
    5.716959501271133
  ],
  "surface_area": [
    7477.8492893859175
  ],
  "end_surface_area_head": [
    607.0102186548154
  ],
  "end_surface_area_tail": [
    2344.092652890404
  ],
  "radius_head": [
    3.767913724955827
  ],
  "radius_tail": [
    6.922384341965564
  ],
  "irregularity": [
    2.181543856375933
  ],
  "irregularity_of_end_surface_head": [
    0.07347773672125524
  ],
  "irregularity_of_end_surface_tail": [
    0.06422239771849664
  ],
  "mean_curvature": [
    0.37300173119678126
  ],
  "fractal_dimension": [
    2.2710047716300834
  ]
}