{
  "volume": [
    13593.799091815948
  ],
  "volume_endpoints": [
    778.7811365127563
  ],
  "streamlines_count": [
    177
  ],
  "avg_length": [
    70.05010986328125
  ],
  "std_length": [
    13.092987060546875
  ],
  "min_length": [
    44.489830017089844
  ],
  "max_length": [
    99.3264389038086
  ],
  "span": [
    24.01352310180664
  ],
  "curl": [
    2.917110894819556
  ],
  "diameter": [
    15.71886096022709
  ],
  "elongation": [
    4.456436763486026
  ],
  "surface_area": [
    10112.53194056852
  ],
  "end_surface_area_head": [
    994.4635497110805
  ],
  "end_surface_area_tail": [
    516.6044414083535
  ],
  "radius_head": [
    6.109139544098699
  ],
  "radius_tail": [
    3.689023348737625
  ],
  "irregularity": [
    2.9233454617067145
  ],
  "irregularity_of_end_surface_head": [
    0.11790197874567064
  ],
  "irregularity_of_end_surface_tail": [
    0.08275886865434291
  ],
  "mean_curvature": [
    0.4100953566152497
  ],
  "fractal_dimension": [
    2.215758481433139
  ]
}