{
  "volume": [
    8688.640291690826
  ],
  "volume_endpoints": [
    1853.9640488624573
  ],
  "streamlines_count": [
    1526
  ],
  "avg_length": [
    86.9123764038086
  ],
  "std_length": [
    5.211567401885986
  ],
  "min_length": [
    69.11399841308594
  ],
  "max_length": [
    105.0126724243164
  ],
  "span": [
    39.56681442260742
  ],
  "curl": [
    2.1965977719487366
  ],
  "diameter": [
    11.28210548236488
  ],
  "elongation": [
    7.703559990611841
  ],
  "surface_area": [
    5876.375521020022
  ],
  "end_surface_area_head": [
    929.8879945350363
  ],
  "end_surface_area_tail": [
    1039.6664383343114
  ],
  "radius_head": [
    4.287331133256808
  ],
  "radius_tail": [
    5.732362210675584
  ],
  "irregularity": [
    1.9076025205444735
  ],
  "irregularity_of_end_surface_head": [
    0.06210024124380566
  ],
  "irregularity_of_end_surface_tail": [
    0.09929402066696207
  ],
  "mean_curvature": [
    0.35949978208948086
  ],
  "fractal_dimension": [
    2.215762881488274
  ]
}