{
  "volume": [
    8310.873322486877
  ],
  "volume_endpoints": [
    1877.2112469673157
  ],
  "streamlines_count": [
    2500
  ],
  "avg_length": [
    81.76094818115234
  ],
  "std_length": [
    4.6682024002075195
  ],
  "min_length": [
    66.48345947265625
  ],
  "max_length": [
    97.23660278320312
  ],
  "span": [
    38.006126403808594
  ],
  "curl": [
    2.151257071358871
  ],
  "diameter": [
    11.376415123042952
  ],
  "elongation": [
    7.1868815700602715
  ],
  "surface_area": [
    5366.228635129272
  ],
  "end_surface_area_head": [
    794.2793286653435
  ],
  "end_surface_area_tail": [
    955.718216605454
  ],
  "radius_head": [
    4.044056715048239
  ],
  "radius_tail": [
    4.4355031882131675
  ],
  "irregularity": [
    1.8364028132040866
  ],
  "irregularity_of_end_surface_head": [
    0.0646861178867625
  ],
  "irregularity_of_end_surface_tail": [
    0.0646704376764013
  ],
  "mean_curvature": [
    0.359117145049572
  ],
  "fractal_dimension": [
    2.271667154554398
  ]
}