{
  "volume": [
    6654.510457515717
  ],
  "volume_endpoints": [
    1371.5846881866455
  ],
  "streamlines_count": [
    1476
  ],
  "avg_length": [
    61.58129119873047
  ],
  "std_length": [
    7.040589809417725
  ],
  "min_length": [
    43.8947639465332
  ],
  "max_length": [
    85.64644622802734
  ],
  "span": [
    26.836881637573242
  ],
  "curl": [
    2.2946515183982097
  ],
  "diameter": [
    11.729749026771014
  ],
  "elongation": [
    5.250009276258375
  ],
  "surface_area": [
    4500.91619577028
  ],
  "end_surface_area_head": [
    936.3455500526408
  ],
  "end_surface_area_tail": [
    419.74110864428724
  ],
  "radius_head": [
    4.27933072560783
  ],
  "radius_tail": [
    3.3505508433532247
  ],
  "irregularity": [
    1.9834147719794777
  ],
  "irregularity_of_end_surface_head": [
    0.06144201157401326
  ],
  "irregularity_of_end_surface_tail": [
    0.08402350473239202
  ],
  "mean_curvature": [
    0.3565521974994884
  ],
  "fractal_dimension": [
    2.2380791290302384
  ]
}