{
  "volume": [
    11745.646842479706
  ],
  "volume_endpoints": [
    2696.674980163574
  ],
  "streamlines_count": [
    2725
  ],
  "avg_length": [
    70.35032653808594
  ],
  "std_length": [
    5.858598709106445
  ],
  "min_length": [
    53.59724426269531
  ],
  "max_length": [
    88.64344024658203
  ],
  "span": [
    32.36491012573242
  ],
  "curl": [
    2.173660494182939
  ],
  "diameter": [
    14.58009889920293
  ],
  "elongation": [
    4.8250925473442345
  ],
  "surface_area": [
    6496.300850710046
  ],
  "end_surface_area_head": [
    968.6333276406629
  ],
  "end_surface_area_tail": [
    1737.0824342355886
  ],
  "radius_head": [
    4.385121383386268
  ],
  "radius_tail": [
    6.345501851657433
  ],
  "irregularity": [
    2.015996014365359
  ],
  "irregularity_of_end_surface_head": [
    0.06236683484951891
  ],
  "irregularity_of_end_surface_tail": [
    0.07282179745985587
  ],
  "mean_curvature": [
    0.3824629939149279
  ],
  "fractal_dimension": [
    2.3679135466318812
  ]
}