{
  "volume": [
    16958.8310174942
  ],
  "volume_endpoints": [
    4021.765272140503
  ],
  "streamlines_count": [
    7296
  ],
  "avg_length": [
    60.411441802978516
  ],
  "std_length": [
    10.19482707977295
  ],
  "min_length": [
    42.3930549621582
  ],
  "max_length": [
    115.08152770996094
  ],
  "span": [
    25.911184310913086
  ],
  "curl": [
    2.3314813046787237
  ],
  "diameter": [
    18.905728431956195
  ],
  "elongation": [
    3.195404081911256
  ],
  "surface_area": [
    8950.171947399725
  ],
  "end_surface_area_head": [
    1575.6435462954782
  ],
  "end_surface_area_tail": [
    1459.4075469785987
  ],
  "radius_head": [
    5.758512192917873
  ],
  "radius_tail": [
    5.572884530546712
  ],
  "irregularity": [
    2.4944160373185578
  ],
  "irregularity_of_end_surface_head": [
    0.06611689945828216
  ],
  "irregularity_of_end_surface_tail": [
    0.06685492010956366
  ],
  "mean_curvature": [
    0.39554367866775575
  ],
  "fractal_dimension": [
    2.4285703915374786
  ]
}