{
  "volume": [
    13035.866337299347
  ],
  "volume_endpoints": [
    976.3823204040527
  ],
  "streamlines_count": [
    1451
  ],
  "avg_length": [
    57.460243225097656
  ],
  "std_length": [
    25.099637985229492
  ],
  "min_length": [
    29.334089279174805
  ],
  "max_length": [
    146.98800659179688
  ],
  "span": [
    16.802146911621094
  ],
  "curl": [
    3.419815546628488
  ],
  "diameter": [
    16.995786963523404
  ],
  "elongation": [
    3.3808521693299425
  ],
  "surface_area": [
    8633.751727037108
  ],
  "end_surface_area_head": [
    949.2606610878496
  ],
  "end_surface_area_tail": [
    387.45333105626514
  ],
  "radius_head": [
    5.156689757868216
  ],
  "radius_tail": [
    2.8663881656619377
  ],
  "irregularity": [
    2.8141091902119544
  ],
  "irregularity_of_end_surface_head": [
    0.08800480738803534
  ],
  "irregularity_of_end_surface_tail": [
    0.06661936333079509
  ],
  "mean_curvature": [
    0.4172706034658368
  ],
  "fractal_dimension": [
    2.261452522255808
  ]
}