{
  "volume": [
    5794.364127635956
  ],
  "volume_endpoints": [
    1156.5481057167053
  ],
  "streamlines_count": [
    705
  ],
  "avg_length": [
    77.00033569335938
  ],
  "std_length": [
    4.061336517333984
  ],
  "min_length": [
    67.25656127929688
  ],
  "max_length": [
    92.10498046875
  ],
  "span": [
    36.99618911743164
  ],
  "curl": [
    2.0813045216346033
  ],
  "diameter": [
    9.788398500131937
  ],
  "elongation": [
    7.8664896706362635
  ],
  "surface_area": [
    4068.259976090784
  ],
  "end_surface_area_head": [
    975.0908831582673
  ],
  "end_surface_area_tail": [
    297.0475538098033
  ],
  "radius_head": [
    4.201749032040119
  ],
  "radius_tail": [
    2.591878094953408
  ],
  "irregularity": [
    1.7181242398189043
  ],
  "irregularity_of_end_surface_head": [
    0.05688070809186006
  ],
  "irregularity_of_end_surface_tail": [
    0.07104819270260515
  ],
  "mean_curvature": [
    0.3701389584135502
  ],
  "fractal_dimension": [
    2.269244684341537
  ]
}