{
  "volume": [
    8258.567126750946
  ],
  "volume_endpoints": [
    1813.281452178955
  ],
  "streamlines_count": [
    851
  ],
  "avg_length": [
    69.98141479492188
  ],
  "std_length": [
    7.345720291137695
  ],
  "min_length": [
    47.09617233276367
  ],
  "max_length": [
    96.56080627441406
  ],
  "span": [
    26.451732635498047
  ],
  "curl": [
    2.64562687666846
  ],
  "diameter": [
    12.257899370846468
  ],
  "elongation": [
    5.7090870693034015
  ],
  "surface_area": [
    5178.959525118744
  ],
  "end_surface_area_head": [
    936.3455500526408
  ],
  "end_surface_area_tail": [
    1007.3786607462894
  ],
  "radius_head": [
    4.355154763450841
  ],
  "radius_tail": [
    4.665486003411305
  ],
  "irregularity": [
    1.9217366563189657
  ],
  "irregularity_of_end_surface_head": [
    0.06363864250126455
  ],
  "irregularity_of_end_surface_tail": [
    0.06788141824647798
  ],
  "mean_curvature": [
    0.41735201727349386
  ],
  "fractal_dimension": [
    2.2818508700385234
  ]
}