{
  "volume": [
    9345.373638153076
  ],
  "volume_endpoints": [
    1894.6466455459595
  ],
  "streamlines_count": [
    2658
  ],
  "avg_length": [
    72.22737884521484
  ],
  "std_length": [
    4.037298679351807
  ],
  "min_length": [
    60.83192825317383
  ],
  "max_length": [
    85.43954467773438
  ],
  "span": [
    34.999454498291016
  ],
  "curl": [
    2.063671559473638
  ],
  "diameter": [
    12.835194875256391
  ],
  "elongation": [
    5.627291174554298
  ],
  "surface_area": [
    5585.785522727822
  ],
  "end_surface_area_head": [
    1020.2937717814982
  ],
  "end_surface_area_tail": [
    871.7699948765966
  ],
  "radius_head": [
    4.607898431884145
  ],
  "radius_tail": [
    4.464997869420802
  ],
  "irregularity": [
    1.9179181189422856
  ],
  "irregularity_of_end_surface_head": [
    0.06537781961935665
  ],
  "irregularity_of_end_surface_tail": [
    0.07184399393904864
  ],
  "mean_curvature": [
    0.37065869305167903
  ],
  "fractal_dimension": [
    2.3014294161750635
  ]
}