{
  "volume": [
    6381.35587978363
  ],
  "volume_endpoints": [
    1429.7026834487915
  ],
  "streamlines_count": [
    1292
  ],
  "avg_length": [
    57.6182746887207
  ],
  "std_length": [
    3.892991304397583
  ],
  "min_length": [
    47.485107421875
  ],
  "max_length": [
    72.57901000976562
  ],
  "span": [
    26.04509162902832
  ],
  "curl": [
    2.212250796019576
  ],
  "diameter": [
    11.874939813180502
  ],
  "elongation": [
    4.852089829101089
  ],
  "surface_area": [
    3977.854198844322
  ],
  "end_surface_area_head": [
    1007.3786607462894
  ],
  "end_surface_area_tail": [
    374.5382200210563
  ],
  "radius_head": [
    4.357931438801117
  ],
  "radius_tail": [
    2.934385526537932
  ],
  "irregularity": [
    1.8505776862614547
  ],
  "irregularity_of_end_surface_head": [
    0.059226751455760465
  ],
  "irregularity_of_end_surface_tail": [
    0.07222508710712934
  ],
  "mean_curvature": [
    0.37658658148519025
  ],
  "fractal_dimension": [
    2.262638321411968
  ]
}