{
  "volume": [
    9938.177189826965
  ],
  "volume_endpoints": [
    2196.8602209091187
  ],
  "streamlines_count": [
    3150
  ],
  "avg_length": [
    70.70077514648438
  ],
  "std_length": [
    4.495489597320557
  ],
  "min_length": [
    59.243003845214844
  ],
  "max_length": [
    85.08655548095703
  ],
  "span": [
    33.86721420288086
  ],
  "curl": [
    2.0875875625007954
  ],
  "diameter": [
    13.378158574937926
  ],
  "elongation": [
    5.284791232698662
  ],
  "surface_area": [
    5889.29063205523
  ],
  "end_surface_area_head": [
    1007.3786607462894
  ],
  "end_surface_area_tail": [
    1149.4448821335866
  ],
  "radius_head": [
    4.566717693458816
  ],
  "radius_tail": [
    4.945844187554774
  ],
  "irregularity": [
    1.9819495684324548
  ],
  "irregularity_of_end_surface_head": [
    0.06503774215707224
  ],
  "irregularity_of_end_surface_tail": [
    0.0668563376420408
  ],
  "mean_curvature": [
    0.37273163859806363
  ],
  "fractal_dimension": [
    2.3026623665828754
  ]
}