{
  "volume": [
    7125.266219139099
  ],
  "volume_endpoints": [
    1888.8348460197449
  ],
  "streamlines_count": [
    2742
  ],
  "avg_length": [
    68.21784210205078
  ],
  "std_length": [
    5.667223930358887
  ],
  "min_length": [
    55.21900939941406
  ],
  "max_length": [
    85.95865631103516
  ],
  "span": [
    30.408143997192383
  ],
  "curl": [
    2.243406967171341
  ],
  "diameter": [
    11.532052696821406
  ],
  "elongation": [
    5.915498644994377
  ],
  "surface_area": [
    4591.321973016742
  ],
  "end_surface_area_head": [
    897.6002169470142
  ],
  "end_surface_area_tail": [
    1026.7513272991027
  ],
  "radius_head": [
    4.413326246656702
  ],
  "radius_tail": [
    4.737051352728066
  ],
  "irregularity": [
    1.8577329363035504
  ],
  "irregularity_of_end_surface_head": [
    0.06817089406807388
  ],
  "irregularity_of_end_surface_tail": [
    0.06865952353923846
  ],
  "mean_curvature": [
    0.36809416422871755
  ],
  "fractal_dimension": [
    2.2402154761474113
  ]
}