{
  "volume": [
    7584.3983817100525
  ],
  "volume_endpoints": [
    1377.39648771286
  ],
  "streamlines_count": [
    1333
  ],
  "avg_length": [
    73.92694091796875
  ],
  "std_length": [
    6.409607410430908
  ],
  "min_length": [
    58.70025634765625
  ],
  "max_length": [
    96.89375305175781
  ],
  "span": [
    34.40911102294922
  ],
  "curl": [
    2.1484699464819954
  ],
  "diameter": [
    11.429158616212078
  ],
  "elongation": [
    6.468274997347974
  ],
  "surface_area": [
    5075.638636837073
  ],
  "end_surface_area_head": [
    891.1426614294098
  ],
  "end_surface_area_tail": [
    607.0102186548154
  ],
  "radius_head": [
    4.181495989091614
  ],
  "radius_tail": [
    4.3004853558623015
  ],
  "irregularity": [
    1.912158227305097
  ],
  "irregularity_of_end_surface_head": [
    0.061640479262689354
  ],
  "irregularity_of_end_surface_tail": [
    0.09571694234610431
  ],
  "mean_curvature": [
    0.3642224659395683
  ],
  "fractal_dimension": [
    2.2477224402690927
  ]
}