{
  "volume": [
    7532.092185974121
  ],
  "volume_endpoints": [
    1580.809471130371
  ],
  "streamlines_count": [
    2291
  ],
  "avg_length": [
    72.89788055419922
  ],
  "std_length": [
    4.254544734954834
  ],
  "min_length": [
    59.94870376586914
  ],
  "max_length": [
    86.77535247802734
  ],
  "span": [
    35.09480667114258
  ],
  "curl": [
    2.07717002795576
  ],
  "diameter": [
    11.469788820153136
  ],
  "elongation": [
    6.355642784469849
  ],
  "surface_area": [
    4817.336416132896
  ],
  "end_surface_area_head": [
    936.3455500526408
  ],
  "end_surface_area_tail": [
    639.2979962428375
  ],
  "radius_head": [
    4.334834073401353
  ],
  "radius_tail": [
    3.7686971420573956
  ],
  "irregularity": [
    1.833946996545281
  ],
  "irregularity_of_end_surface_head": [
    0.06304616564267246
  ],
  "irregularity_of_end_surface_tail": [
    0.06979575445580208
  ],
  "mean_curvature": [
    0.36211423700108686
  ],
  "fractal_dimension": [
    2.322716193790884
  ]
}