{
  "volume": [
    11792.141238689423
  ],
  "volume_endpoints": [
    2191.048421382904
  ],
  "streamlines_count": [
    2594
  ],
  "avg_length": [
    79.00650787353516
  ],
  "std_length": [
    6.052222728729248
  ],
  "min_length": [
    63.53339385986328
  ],
  "max_length": [
    98.10375213623047
  ],
  "span": [
    36.51412582397461
  ],
  "curl": [
    2.163724478970292
  ],
  "diameter": [
    13.785418732330788
  ],
  "elongation": [
    5.731164892963467
  ],
  "surface_area": [
    6896.66929280152
  ],
  "end_surface_area_head": [
    1039.6664383343114
  ],
  "end_surface_area_tail": [
    1168.8175486863997
  ],
  "radius_head": [
    4.604593313206246
  ],
  "radius_tail": [
    5.026246570489216
  ],
  "irregularity": [
    2.0156109084698146
  ],
  "irregularity_of_end_surface_head": [
    0.06406759255850937
  ],
  "irregularity_of_end_surface_tail": [
    0.06790327621905941
  ],
  "mean_curvature": [
    0.37067352311144264
  ],
  "fractal_dimension": [
    2.33980344298043
  ]
}