{
  "volume": [
    10792.511720180511
  ],
  "volume_endpoints": [
    2847.781767845154
  ],
  "streamlines_count": [
    3620
  ],
  "avg_length": [
    68.33193969726562
  ],
  "std_length": [
    5.398146152496338
  ],
  "min_length": [
    54.85519790649414
  ],
  "max_length": [
    85.65204620361328
  ],
  "span": [
    31.245681762695312
  ],
  "curl": [
    2.186924267367024
  ],
  "diameter": [
    14.180921381526709
  ],
  "elongation": [
    4.818582506654377
  ],
  "surface_area": [
    6070.102186548154
  ],
  "end_surface_area_head": [
    994.4635497110805
  ],
  "end_surface_area_tail": [
    1737.0824342355886
  ],
  "radius_head": [
    4.585205864265581
  ],
  "radius_tail": [
    5.998522926302202
  ],
  "irregularity": [
    1.9939668382364522
  ],
  "irregularity_of_end_surface_head": [
    0.06641691230966107
  ],
  "irregularity_of_end_surface_tail": [
    0.06507558639069583
  ],
  "mean_curvature": [
    0.3708550247615872
  ],
  "fractal_dimension": [
    2.3392521954726013
  ]
}