{
  "volume": [
    9008.28926563263
  ],
  "volume_endpoints": [
    2446.7676005363464
  ],
  "streamlines_count": [
    2677
  ],
  "avg_length": [
    69.32037353515625
  ],
  "std_length": [
    5.178037166595459
  ],
  "min_length": [
    54.51331329345703
  ],
  "max_length": [
    88.01287078857422
  ],
  "span": [
    32.546932220458984
  ],
  "curl": [
    2.1298589085327526
  ],
  "diameter": [
    12.863103789570363
  ],
  "elongation": [
    5.389086076671671
  ],
  "surface_area": [
    5488.922189963756
  ],
  "end_surface_area_head": [
    968.6333276406629
  ],
  "end_surface_area_tail": [
    1465.8651024962032
  ],
  "radius_head": [
    4.533838673414984
  ],
  "radius_tail": [
    5.889392345501087
  ],
  "irregularity": [
    1.9594335211831497
  ],
  "irregularity_of_end_surface_head": [
    0.066668792660381
  ],
  "irregularity_of_end_surface_tail": [
    0.07433559842429127
  ],
  "mean_curvature": [
    0.36785962113391835
  ],
  "fractal_dimension": [
    2.3346194696798537
  ]
}