{
  "volume": [
    12355.885792732239
  ],
  "volume_endpoints": [
    2859.405366897583
  ],
  "streamlines_count": [
    2897
  ],
  "avg_length": [
    79.57199096679688
  ],
  "std_length": [
    5.656381130218506
  ],
  "min_length": [
    63.72466278076172
  ],
  "max_length": [
    97.7934799194336
  ],
  "span": [
    37.273921966552734
  ],
  "curl": [
    2.134789868321336
  ],
  "diameter": [
    14.060860180466797
  ],
  "elongation": [
    5.6591125966345555
  ],
  "surface_area": [
    7071.023291776839
  ],
  "end_surface_area_head": [
    994.4635497110805
  ],
  "end_surface_area_tail": [
    1930.8090997637214
  ],
  "radius_head": [
    4.597897544707575
  ],
  "radius_tail": [
    6.5734596556014795
  ],
  "irregularity": [
    2.0116864040816087
  ],
  "irregularity_of_end_surface_head": [
    0.06678510029006494
  ],
  "irregularity_of_end_surface_tail": [
    0.07030699552847623
  ],
  "mean_curvature": [
    0.3716316580936997
  ],
  "fractal_dimension": [
    2.381655629473539
  ]
}