{
  "volume": [
    10484.486345291138
  ],
  "volume_endpoints": [
    2167.8012232780457
  ],
  "streamlines_count": [
    2595
  ],
  "avg_length": [
    76.01780700683594
  ],
  "std_length": [
    5.01981782913208
  ],
  "min_length": [
    61.95991134643555
  ],
  "max_length": [
    92.20274353027344
  ],
  "span": [
    34.50627899169922
  ],
  "curl": [
    2.2030137478782534
  ],
  "diameter": [
    13.25168091878549
  ],
  "elongation": [
    5.736465243369513
  ],
  "surface_area": [
    5953.866187231274
  ],
  "end_surface_area_head": [
    942.8031055702452
  ],
  "end_surface_area_tail": [
    1291.5111035208838
  ],
  "radius_head": [
    4.558615285525607
  ],
  "radius_tail": [
    5.048186864137412
  ],
  "irregularity": [
    1.881320942865511
  ],
  "irregularity_of_end_surface_head": [
    0.06924600983527264
  ],
  "irregularity_of_end_surface_tail": [
    0.06199013372884659
  ],
  "mean_curvature": [
    0.3715771696700756
  ],
  "fractal_dimension": [
    2.409152597100282
  ]
}