{
  "volume": [
    6410.414877414703
  ],
  "volume_endpoints": [
    1848.1522493362427
  ],
  "streamlines_count": [
    1166
  ],
  "avg_length": [
    67.94783020019531
  ],
  "std_length": [
    7.322574138641357
  ],
  "min_length": [
    49.18390655517578
  ],
  "max_length": [
    89.83049011230469
  ],
  "span": [
    25.85354995727539
  ],
  "curl": [
    2.628181828510334
  ],
  "diameter": [
    10.959994386999702
  ],
  "elongation": [
    6.199622718857617
  ],
  "surface_area": [
    4449.255751629445
  ],
  "end_surface_area_head": [
    1110.69954902796
  ],
  "end_surface_area_tail": [
    936.3455500526408
  ],
  "radius_head": [
    4.605202599688982
  ],
  "radius_tail": [
    4.3956744266174415
  ],
  "irregularity": [
    1.9017418917763993
  ],
  "irregularity_of_end_surface_head": [
    0.05998611827325291
  ],
  "irregularity_of_end_surface_tail": [
    0.06482831865114731
  ],
  "mean_curvature": [
    0.39298927697063923
  ],
  "fractal_dimension": [
    2.233526340653783
  ]
}