{
  "volume": [
    12030.425019264221
  ],
  "volume_endpoints": [
    2737.3575768470764
  ],
  "streamlines_count": [
    3423
  ],
  "avg_length": [
    74.17415618896484
  ],
  "std_length": [
    5.316237926483154
  ],
  "min_length": [
    59.33147048950195
  ],
  "max_length": [
    91.337158203125
  ],
  "span": [
    34.517913818359375
  ],
  "curl": [
    2.1488597653753083
  ],
  "diameter": [
    14.37041259174062
  ],
  "elongation": [
    5.161588487138941
  ],
  "surface_area": [
    6819.1786265902665
  ],
  "end_surface_area_head": [
    936.3455500526408
  ],
  "end_surface_area_tail": [
    1866.233544587677
  ],
  "radius_head": [
    4.487997263768959
  ],
  "radius_tail": [
    5.965141254042274
  ],
  "irregularity": [
    2.0363871235630415
  ],
  "irregularity_of_end_surface_head": [
    0.06758010913343979
  ],
  "irregularity_of_end_surface_tail": [
    0.05989979632568362
  ],
  "mean_curvature": [
    0.3703168620108653
  ],
  "fractal_dimension": [
    2.3447834074244955
  ]
}