{
  "volume": [
    10804.13531923294
  ],
  "volume_endpoints": [
    2132.930426120758
  ],
  "streamlines_count": [
    3132
  ],
  "avg_length": [
    72.6943359375
  ],
  "std_length": [
    4.754690170288086
  ],
  "min_length": [
    59.904178619384766
  ],
  "max_length": [
    88.35948944091797
  ],
  "span": [
    35.0916748046875
  ],
  "curl": [
    2.071555043813115
  ],
  "diameter": [
    13.756241134171022
  ],
  "elongation": [
    5.284462174548869
  ],
  "surface_area": [
    5818.257521361582
  ],
  "end_surface_area_head": [
    1046.1239938519159
  ],
  "end_surface_area_tail": [
    768.4491065949259
  ],
  "radius_head": [
    4.643796377874374
  ],
  "radius_tail": [
    4.0454435074398445
  ],
  "irregularity": [
    1.8520073814254236
  ],
  "irregularity_of_end_surface_head": [
    0.06476092546868063
  ],
  "irregularity_of_end_surface_tail": [
    0.06690630475206626
  ],
  "mean_curvature": [
    0.3709991370276625
  ],
  "fractal_dimension": [
    2.3399001331665876
  ]
}