{
  "volume": [
    13372.950709819794
  ],
  "volume_endpoints": [
    2592.0625886917114
  ],
  "streamlines_count": [
    3397
  ],
  "avg_length": [
    73.08765411376953
  ],
  "std_length": [
    5.993864059448242
  ],
  "min_length": [
    58.04660415649414
  ],
  "max_length": [
    92.47697448730469
  ],
  "span": [
    30.363656997680664
  ],
  "curl": [
    2.4070767931330654
  ],
  "diameter": [
    15.263237779188664
  ],
  "elongation": [
    4.788476414448848
  ],
  "surface_area": [
    7167.886624540905
  ],
  "end_surface_area_head": [
    1000.921105228685
  ],
  "end_surface_area_tail": [
    1504.6104356018295
  ],
  "radius_head": [
    4.546334233029357
  ],
  "radius_tail": [
    6.90154216755217
  ],
  "irregularity": [
    2.0452695949200157
  ],
  "irregularity_of_end_surface_head": [
    0.06487430930775373
  ],
  "irregularity_of_end_surface_tail": [
    0.09945304729209203
  ],
  "mean_curvature": [
    0.37689241747628743
  ],
  "fractal_dimension": [
    2.445345975909172
  ]
}