{
  "volume": [
    6735.875650882721
  ],
  "volume_endpoints": [
    1476.1970796585083
  ],
  "streamlines_count": [
    2050
  ],
  "avg_length": [
    68.68409729003906
  ],
  "std_length": [
    7.212501049041748
  ],
  "min_length": [
    49.52957534790039
  ],
  "max_length": [
    90.96338653564453
  ],
  "span": [
    27.786720275878906
  ],
  "curl": [
    2.4718317458164485
  ],
  "diameter": [
    11.174394318591862
  ],
  "elongation": [
    6.14656108705266
  ],
  "surface_area": [
    4500.91619577028
  ],
  "end_surface_area_head": [
    723.2462179716949
  ],
  "end_surface_area_tail": [
    839.4822172885745
  ],
  "radius_head": [
    3.9817424434605915
  ],
  "radius_tail": [
    4.382177949779385
  ],
  "irregularity": [
    1.866684265463039
  ],
  "irregularity_of_end_surface_head": [
    0.06886682016329487
  ],
  "irregularity_of_end_surface_tail": [
    0.07186515891213922
  ],
  "mean_curvature": [
    0.373461657733452
  ],
  "fractal_dimension": [
    2.301022769577579
  ]
}