{
  "volume": [
    6363.920481204987
  ],
  "volume_endpoints": [
    1429.7026834487915
  ],
  "streamlines_count": [
    2391
  ],
  "avg_length": [
    67.57349395751953
  ],
  "std_length": [
    4.8199028968811035
  ],
  "min_length": [
    54.52503204345703
  ],
  "max_length": [
    85.28509521484375
  ],
  "span": [
    29.235963821411133
  ],
  "curl": [
    2.3113140504036225
  ],
  "diameter": [
    10.950381351841056
  ],
  "elongation": [
    6.170880427480144
  ],
  "surface_area": [
    4397.595307488609
  ],
  "end_surface_area_head": [
    833.02466177097
  ],
  "end_surface_area_tail": [
    800.736884182948
  ],
  "radius_head": [
    4.233666151568153
  ],
  "radius_tail": [
    4.57808292800575
  ],
  "irregularity": [
    1.8917326901823952
  ],
  "irregularity_of_end_surface_head": [
    0.06759665891607326
  ],
  "irregularity_of_end_surface_tail": [
    0.08222944318680825
  ],
  "mean_curvature": [
    0.3687109273629725
  ],
  "fractal_dimension": [
    2.2417214439189697
  ]
}