{
  "volume": [
    7654.139976024628
  ],
  "volume_endpoints": [
    1970.2000393867493
  ],
  "streamlines_count": [
    2845
  ],
  "avg_length": [
    82.31770324707031
  ],
  "std_length": [
    3.9325551986694336
  ],
  "min_length": [
    69.59016418457031
  ],
  "max_length": [
    94.32012939453125
  ],
  "span": [
    39.52485656738281
  ],
  "curl": [
    2.0826818968143086
  ],
  "diameter": [
    10.8806950113387
  ],
  "elongation": [
    7.56548209110609
  ],
  "surface_area": [
    5308.110635470833
  ],
  "end_surface_area_head": [
    929.8879945350363
  ],
  "end_surface_area_tail": [
    1233.3931038624441
  ],
  "radius_head": [
    4.842390577356019
  ],
  "radius_tail": [
    4.929785803363445
  ],
  "irregularity": [
    1.8864279034585407
  ],
  "irregularity_of_end_surface_head": [
    0.07922073430858986
  ],
  "irregularity_of_end_surface_tail": [
    0.061901968005238145
  ],
  "mean_curvature": [
    0.3356819783132818
  ],
  "fractal_dimension": [
    2.191772395898309
  ]
}