{
  "volume": [
    17952.6487364769
  ],
  "volume_endpoints": [
    3934.588279247284
  ],
  "streamlines_count": [
    3680
  ],
  "avg_length": [
    87.11417388916016
  ],
  "std_length": [
    6.0364580154418945
  ],
  "min_length": [
    68.3328628540039
  ],
  "max_length": [
    106.58330535888672
  ],
  "span": [
    37.9015998840332
  ],
  "curl": [
    2.2984299912326054
  ],
  "diameter": [
    16.198504273698372
  ],
  "elongation": [
    5.377914677629098
  ],
  "surface_area": [
    10228.7679398854
  ],
  "end_surface_area_head": [
    962.1757721230584
  ],
  "end_surface_area_tail": [
    3067.338870862099
  ],
  "radius_head": [
    4.733409814995379
  ],
  "radius_tail": [
    9.35890950794314
  ],
  "irregularity": [
    2.3073300160472354
  ],
  "irregularity_of_end_surface_head": [
    0.07315494188085105
  ],
  "irregularity_of_end_surface_tail": [
    0.08970953603654315
  ],
  "mean_curvature": [
    0.3605053647218839
  ],
  "fractal_dimension": [
    2.308847273238912
  ]
}