{
  "volume": [
    37282.69396066666
  ],
  "volume_endpoints": [
    10199.708168506622
  ],
  "streamlines_count": [
    8884
  ],
  "avg_length": [
    55.07988357543945
  ],
  "std_length": [
    11.682544708251953
  ],
  "min_length": [
    24.295551300048828
  ],
  "max_length": [
    104.4730453491211
  ],
  "span": [
    23.619752883911133
  ],
  "curl": [
    2.331941567981338
  ],
  "diameter": [
    29.35703532899646
  ],
  "elongation": [
    1.876207285857509
  ],
  "surface_area": [
    18713.995890017606
  ],
  "end_surface_area_head": [
    1840.4033225172593
  ],
  "end_surface_area_tail": [
    7987.996175276667
  ],
  "radius_head": [
    5.862741236289924
  ],
  "radius_tail": [
    16.207271287667115
  ],
  "irregularity": [
    3.6839306667964133
  ],
  "irregularity_of_end_surface_head": [
    0.05867300293868601
  ],
  "irregularity_of_end_surface_tail": [
    0.10330749426223225
  ],
  "mean_curvature": [
    0.40375463470635464
  ],
  "fractal_dimension": [
    2.444938540992223
  ]
}