{
  "volume": [
    8270.190725803375
  ],
  "volume_endpoints": [
    912.4525256156921
  ],
  "streamlines_count": [
    3787
  ],
  "avg_length": [
    38.75569152832031
  ],
  "std_length": [
    8.410000801086426
  ],
  "min_length": [
    20.448068618774414
  ],
  "max_length": [
    120.29353332519531
  ],
  "span": [
    15.781604766845703
  ],
  "curl": [
    2.4557509898954644
  ],
  "diameter": [
    16.483334680248156
  ],
  "elongation": [
    2.3512045517562012
  ],
  "surface_area": [
    5585.785522727822
  ],
  "end_surface_area_head": [
    406.8259976090784
  ],
  "end_surface_area_tail": [
    710.3311069364861
  ],
  "radius_head": [
    3.0104131305418886
  ],
  "radius_tail": [
    4.717155552595063
  ],
  "irregularity": [
    2.783260243803615
  ],
  "irregularity_of_end_surface_head": [
    0.069983131828644
  ],
  "irregularity_of_end_surface_tail": [
    0.09841231190902751
  ],
  "mean_curvature": [
    0.39797034043575735
  ],
  "fractal_dimension": [
    2.2451815360677134
  ]
}