{
  "volume": [
    20416.85173559189
  ],
  "volume_endpoints": [
    7776.187766075134
  ],
  "streamlines_count": [
    6589
  ],
  "avg_length": [
    54.34661102294922
  ],
  "std_length": [
    9.713796615600586
  ],
  "min_length": [
    26.427654266357422
  ],
  "max_length": [
    84.5811996459961
  ],
  "span": [
    24.94567108154297
  ],
  "curl": [
    2.1785988777491614
  ],
  "diameter": [
    21.870726678380898
  ],
  "elongation": [
    2.4849019340848226
  ],
  "surface_area": [
    11307.179711325338
  ],
  "end_surface_area_head": [
    1110.69954902796
  ],
  "end_surface_area_tail": [
    7587.6277331851925
  ],
  "radius_head": [
    5.128027078739676
  ],
  "radius_tail": [
    13.059378077338277
  ],
  "irregularity": [
    3.0280897389609365
  ],
  "irregularity_of_end_surface_head": [
    0.0743796099914605
  ],
  "irregularity_of_end_surface_tail": [
    0.07061368042913002
  ],
  "mean_curvature": [
    0.38491210501569234
  ],
  "fractal_dimension": [
    2.3761541985479835
  ]
}