{
  "volume": [
    9670.834411621094
  ],
  "volume_endpoints": [
    1220.477900505066
  ],
  "streamlines_count": [
    6061
  ],
  "avg_length": [
    41.371707916259766
  ],
  "std_length": [
    8.187591552734375
  ],
  "min_length": [
    21.647441864013672
  ],
  "max_length": [
    89.8548812866211
  ],
  "span": [
    15.549422264099121
  ],
  "curl": [
    2.6606588472280257
  ],
  "diameter": [
    17.251835481915556
  ],
  "elongation": [
    2.39810470947443
  ],
  "surface_area": [
    5521.209967551778
  ],
  "end_surface_area_head": [
    387.45333105626514
  ],
  "end_surface_area_tail": [
    1052.5815493695204
  ],
  "radius_head": [
    2.88307254451248
  ],
  "radius_tail": [
    5.308832645572373
  ],
  "irregularity": [
    2.4623264644790086
  ],
  "irregularity_of_end_surface_head": [
    0.06739716277227491
  ],
  "irregularity_of_end_surface_tail": [
    0.08411862973921592
  ],
  "mean_curvature": [
    0.4193982014196223
  ],
  "fractal_dimension": [
    2.3690663595954278
  ]
}