{
  "volume": [
    10118.342975139618
  ],
  "volume_endpoints": [
    2063.188831806183
  ],
  "streamlines_count": [
    2778
  ],
  "avg_length": [
    88.7209243774414
  ],
  "std_length": [
    4.865901470184326
  ],
  "min_length": [
    71.68059539794922
  ],
  "max_length": [
    104.14549255371094
  ],
  "span": [
    34.58906555175781
  ],
  "curl": [
    2.5649991684419073
  ],
  "diameter": [
    12.050268628628354
  ],
  "elongation": [
    7.362568180983385
  ],
  "surface_area": [
    6173.423074829825
  ],
  "end_surface_area_head": [
    710.3311069364861
  ],
  "end_surface_area_tail": [
    1349.6291031793235
  ],
  "radius_head": [
    4.600093125370803
  ],
  "radius_tail": [
    5.336382179642602
  ],
  "irregularity": [
    1.8380333270143407
  ],
  "irregularity_of_end_surface_head": [
    0.09358845684534027
  ],
  "irregularity_of_end_surface_tail": [
    0.066287141048138
  ],
  "mean_curvature": [
    0.3500420106688878
  ],
  "fractal_dimension": [
    2.307315467674976
  ]
}