{
  "volume": [
    6108.201302051544
  ],
  "volume_endpoints": [
    156.9185872077942
  ],
  "streamlines_count": [
    15
  ],
  "avg_length": [
    137.65151977539062
  ],
  "std_length": [
    11.503449440002441
  ],
  "min_length": [
    115.86103820800781
  ],
  "max_length": [
    153.83636474609375
  ],
  "span": [
    22.888938903808594
  ],
  "curl": [
    6.013888208355791
  ],
  "diameter": [
    7.516596278011765
  ],
  "elongation": [
    18.313012257697203
  ],
  "surface_area": [
    8155.892618734381
  ],
  "end_surface_area_head": [
    245.38710966896792
  ],
  "end_surface_area_tail": [
    245.38710966896792
  ],
  "radius_head": [
    4.992963410967911
  ],
  "radius_tail": [
    4.4117826262344995
  ],
  "irregularity": [
    2.50910820838748
  ],
  "irregularity_of_end_surface_head": [
    0.3191647313211306
  ],
  "irregularity_of_end_surface_tail": [
    0.24918754970438065
  ],
  "mean_curvature": [
    0.3687711397806803
  ],
  "fractal_dimension": [
    1.8596452063160176
  ]
}