{
  "volume": [
    7485.597789764404
  ],
  "volume_endpoints": [
    1208.8543014526367
  ],
  "streamlines_count": [
    453
  ],
  "avg_length": [
    70.36511993408203
  ],
  "std_length": [
    8.302000999450684
  ],
  "min_length": [
    56.14308166503906
  ],
  "max_length": [
    98.41987609863281
  ],
  "span": [
    30.780609130859375
  ],
  "curl": [
    2.2860210347019043
  ],
  "diameter": [
    11.638301059138028
  ],
  "elongation": [
    6.045995852533266
  ],
  "surface_area": [
    5482.464634446152
  ],
  "end_surface_area_head": [
    865.3124393589922
  ],
  "end_surface_area_tail": [
    742.6188845245082
  ],
  "radius_head": [
    4.1871587555338925
  ],
  "radius_tail": [
    4.935415506360073
  ],
  "irregularity": [
    2.1309779042967265
  ],
  "irregularity_of_end_surface_head": [
    0.06365254616373549
  ],
  "irregularity_of_end_surface_tail": [
    0.10304604461656121
  ],
  "mean_curvature": [
    0.3504804073448476
  ],
  "fractal_dimension": [
    2.2172443328664557
  ]
}