{
  "volume": [
    3626.56290435791
  ],
  "volume_endpoints": [
    232.47198104858398
  ],
  "streamlines_count": [
    28
  ],
  "avg_length": [
    93.43934631347656
  ],
  "std_length": [
    8.551799774169922
  ],
  "min_length": [
    76.85830688476562
  ],
  "max_length": [
    115.06228637695312
  ],
  "span": [
    28.560375213623047
  ],
  "curl": [
    3.2716428133236435
  ],
  "diameter": [
    7.029715855816362
  ],
  "elongation": [
    13.29205166040462
  ],
  "surface_area": [
    4035.972198502762
  ],
  "end_surface_area_head": [
    329.33533139782537
  ],
  "end_surface_area_tail": [
    251.84466518657234
  ],
  "radius_head": [
    3.273401551901796
  ],
  "radius_tail": [
    3.173365768194424
  ],
  "irregularity": [
    1.9558283218633536
  ],
  "irregularity_of_end_surface_head": [
    0.10221393687798089
  ],
  "irregularity_of_end_surface_tail": [
    0.12561959307305787
  ],
  "mean_curvature": [
    0.3594486170581409
  ],
  "fractal_dimension": [
    1.8632410133246355
  ]
}