{
  "volume": [
    14291.2150349617
  ],
  "volume_endpoints": [
    3597.503906726837
  ],
  "streamlines_count": [
    3884
  ],
  "avg_length": [
    75.68693542480469
  ],
  "std_length": [
    5.5819807052612305
  ],
  "min_length": [
    57.559654235839844
  ],
  "max_length": [
    94.34495544433594
  ],
  "span": [
    35.449317932128906
  ],
  "curl": [
    2.1350745187739446
  ],
  "diameter": [
    15.50526438127408
  ],
  "elongation": [
    4.88137019554551
  ],
  "surface_area": [
    8653.124393589922
  ],
  "end_surface_area_head": [
    1349.6291031793235
  ],
  "end_surface_area_tail": [
    2460.3286522072835
  ],
  "radius_head": [
    5.160540584510926
  ],
  "radius_tail": [
    7.071949378242059
  ],
  "irregularity": [
    2.3470534366468456
  ],
  "irregularity_of_end_surface_head": [
    0.06199059911831453
  ],
  "irregularity_of_end_surface_tail": [
    0.06386090002332907
  ],
  "mean_curvature": [
    0.35832150421660663
  ],
  "fractal_dimension": [
    2.3273557235387132
  ]
}