{
  "volume": [
    14506.25161743164
  ],
  "volume_endpoints": [
    2917.523362159729
  ],
  "streamlines_count": [
    3023
  ],
  "avg_length": [
    91.97233581542969
  ],
  "std_length": [
    4.960207939147949
  ],
  "min_length": [
    78.51432800292969
  ],
  "max_length": [
    108.51213836669922
  ],
  "span": [
    42.04838562011719
  ],
  "curl": [
    2.1872976681280103
  ],
  "diameter": [
    14.171116039245575
  ],
  "elongation": [
    6.490126505260485
  ],
  "surface_area": [
    8388.36461736814
  ],
  "end_surface_area_head": [
    1162.3599931687954
  ],
  "end_surface_area_tail": [
    1698.3371011299623
  ],
  "radius_head": [
    5.080770417723645
  ],
  "radius_tail": [
    6.587570456587985
  ],
  "irregularity": [
    2.0486423975539783
  ],
  "irregularity_of_end_surface_head": [
    0.06976994187487345
  ],
  "irregularity_of_end_surface_tail": [
    0.08027429903844861
  ],
  "mean_curvature": [
    0.3616720462156927
  ],
  "fractal_dimension": [
    2.392969572072831
  ]
}