{
  "volume": [
    20015.83756828308
  ],
  "volume_endpoints": [
    1046.123914718628
  ],
  "streamlines_count": [
    1134
  ],
  "avg_length": [
    62.00817108154297
  ],
  "std_length": [
    26.616804122924805
  ],
  "min_length": [
    27.6358699798584
  ],
  "max_length": [
    156.17623901367188
  ],
  "span": [
    17.008146286010742
  ],
  "curl": [
    3.645792436095455
  ],
  "diameter": [
    20.272974880544524
  ],
  "elongation": [
    3.0586616639598705
  ],
  "surface_area": [
    14251.825027352952
  ],
  "end_surface_area_head": [
    1026.7513272991027
  ],
  "end_surface_area_tail": [
    432.6562196794961
  ],
  "radius_head": [
    5.719630079240867
  ],
  "radius_tail": [
    3.0213947382205455
  ],
  "irregularity": [
    3.6087284605975363
  ],
  "irregularity_of_end_surface_head": [
    0.10009686658207867
  ],
  "irregularity_of_end_surface_tail": [
    0.06628600701597866
  ],
  "mean_curvature": [
    0.41369378020103226
  ],
  "fractal_dimension": [
    2.2278790179751273
  ]
}