{
  "volume": [
    19248.680030822754
  ],
  "volume_endpoints": [
    4835.417205810547
  ],
  "streamlines_count": [
    4852
  ],
  "avg_length": [
    92.98746490478516
  ],
  "std_length": [
    7.486815452575684
  ],
  "min_length": [
    67.34976959228516
  ],
  "max_length": [
    124.73681640625
  ],
  "span": [
    36.32912826538086
  ],
  "curl": [
    2.559584260473317
  ],
  "diameter": [
    16.234665023450876
  ],
  "elongation": [
    5.727710720884312
  ],
  "surface_area": [
    12811.790146927167
  ],
  "end_surface_area_head": [
    6386.522406910771
  ],
  "end_surface_area_tail": [
    607.0102186548154
  ],
  "radius_head": [
    9.482959717967642
  ],
  "radius_tail": [
    3.6839967170178767
  ],
  "irregularity": [
    2.701420578619549
  ],
  "irregularity_of_end_surface_head": [
    0.04423573462088386
  ],
  "irregularity_of_end_surface_tail": [
    0.07024126744962646
  ],
  "mean_curvature": [
    0.3571402277223158
  ],
  "fractal_dimension": [
    2.2656625973419726
  ]
}