{
  "volume": [
    37125.77537345886
  ],
  "volume_endpoints": [
    9438.36243057251
  ],
  "streamlines_count": [
    8687
  ],
  "avg_length": [
    59.96504592895508
  ],
  "std_length": [
    10.567597389221191
  ],
  "min_length": [
    28.817983627319336
  ],
  "max_length": [
    104.88298797607422
  ],
  "span": [
    26.67235565185547
  ],
  "curl": [
    2.2482095961697928
  ],
  "diameter": [
    28.076549934049844
  ],
  "elongation": [
    2.1357697462761425
  ],
  "surface_area": [
    18830.231889334485
  ],
  "end_surface_area_head": [
    1840.4033225172593
  ],
  "end_surface_area_tail": [
    8104.232174593546
  ],
  "radius_head": [
    5.97499213940539
  ],
  "radius_tail": [
    16.34908059632269
  ],
  "irregularity": [
    3.560113833262829
  ],
  "irregularity_of_end_surface_head": [
    0.060941275618138516
  ],
  "irregularity_of_end_surface_tail": [
    0.10361548587098042
  ],
  "mean_curvature": [
    0.38479497995820655
  ],
  "fractal_dimension": [
    2.4306005693141306
  ]
}