{
  "volume": [
    22607.900156974792
  ],
  "volume_endpoints": [
    6654.510457515717
  ],
  "streamlines_count": [
    5586
  ],
  "avg_length": [
    82.53994750976562
  ],
  "std_length": [
    12.60828971862793
  ],
  "min_length": [
    54.66279602050781
  ],
  "max_length": [
    130.43777465820312
  ],
  "span": [
    31.599361419677734
  ],
  "curl": [
    2.6120764408348416
  ],
  "diameter": [
    18.674676117524193
  ],
  "elongation": [
    4.419886427497968
  ],
  "surface_area": [
    14962.156134289438
  ],
  "end_surface_area_head": [
    9195.559057068693
  ],
  "end_surface_area_tail": [
    807.1944397005524
  ],
  "radius_head": [
    10.682763809396063
  ],
  "radius_tail": [
    4.227455987209819
  ],
  "irregularity": [
    3.0897763380014847
  ],
  "irregularity_of_end_surface_head": [
    0.03898872091269931
  ],
  "irregularity_of_end_surface_tail": [
    0.06955524754807203
  ],
  "mean_curvature": [
    0.357703935022833
  ],
  "fractal_dimension": [
    2.2960450572020665
  ]
}