{
  "volume": [
    6875.358839511871
  ],
  "volume_endpoints": [
    1830.7168507575989
  ],
  "streamlines_count": [
    833
  ],
  "avg_length": [
    58.05696105957031
  ],
  "std_length": [
    6.774996280670166
  ],
  "min_length": [
    39.907840728759766
  ],
  "max_length": [
    83.0511703491211
  ],
  "span": [
    26.914474487304688
  ],
  "curl": [
    2.1570906423216716
  ],
  "diameter": [
    12.27935611505067
  ],
  "elongation": [
    4.728013465495193
  ],
  "surface_area": [
    4985.232859590611
  ],
  "end_surface_area_head": [
    826.5671062533656
  ],
  "end_surface_area_tail": [
    1336.7139921441149
  ],
  "radius_head": [
    3.9859695552460206
  ],
  "radius_tail": [
    4.973128772914438
  ],
  "irregularity": [
    2.2259001685689324
  ],
  "irregularity_of_end_surface_head": [
    0.060386479180728085
  ],
  "irregularity_of_end_surface_tail": [
    0.05812604695369128
  ],
  "mean_curvature": [
    0.37362724438864214
  ],
  "fractal_dimension": [
    2.2609045422438525
  ]
}