{
  "volume": [
    9368.620836257935
  ],
  "volume_endpoints": [
    2156.1776242256165
  ],
  "streamlines_count": [
    2605
  ],
  "avg_length": [
    65.34574127197266
  ],
  "std_length": [
    4.796122074127197
  ],
  "min_length": [
    51.80983352661133
  ],
  "max_length": [
    80.59099578857422
  ],
  "span": [
    31.03383445739746
  ],
  "curl": [
    2.1056289825119032
  ],
  "diameter": [
    13.510898961439832
  ],
  "elongation": [
    4.836520608915047
  ],
  "surface_area": [
    5159.586858565931
  ],
  "end_surface_area_head": [
    1071.9542159223336
  ],
  "end_surface_area_tail": [
    845.9397728061789
  ],
  "radius_head": [
    4.7361698758811395
  ],
  "radius_tail": [
    4.581170367242441
  ],
  "irregularity": [
    1.860216619586807
  ],
  "irregularity_of_end_surface_head": [
    0.06573976970705497
  ],
  "irregularity_of_end_surface_tail": [
    0.0779405227256201
  ],
  "mean_curvature": [
    0.3750732669102711
  ],
  "fractal_dimension": [
    2.3325203955408513
  ]
}