{
  "volume": [
    9990.483385562897
  ],
  "volume_endpoints": [
    2371.2142066955566
  ],
  "streamlines_count": [
    2798
  ],
  "avg_length": [
    71.50331115722656
  ],
  "std_length": [
    4.553844451904297
  ],
  "min_length": [
    57.5598258972168
  ],
  "max_length": [
    86.00472259521484
  ],
  "span": [
    32.652130126953125
  ],
  "curl": [
    2.1898513474991703
  ],
  "diameter": [
    13.337831713825125
  ],
  "elongation": [
    5.360939670809529
  ],
  "surface_area": [
    5695.563966527097
  ],
  "end_surface_area_head": [
    994.4635497110805
  ],
  "end_surface_area_tail": [
    1155.9024376511911
  ],
  "radius_head": [
    4.565478338655676
  ],
  "radius_tail": [
    5.342378958003867
  ],
  "irregularity": [
    1.9009709232548946
  ],
  "irregularity_of_end_surface_head": [
    0.06584663356247346
  ],
  "irregularity_of_end_surface_tail": [
    0.07757076516941713
  ],
  "mean_curvature": [
    0.3703579854185535
  ],
  "fractal_dimension": [
    2.358861977596497
  ]
}