{
  "volume": [
    12983.560141563416
  ],
  "volume_endpoints": [
    2685.051381111145
  ],
  "streamlines_count": [
    3219
  ],
  "avg_length": [
    80.00592803955078
  ],
  "std_length": [
    4.768917083740234
  ],
  "min_length": [
    66.48712921142578
  ],
  "max_length": [
    95.16635131835938
  ],
  "span": [
    36.240177154541016
  ],
  "curl": [
    2.207658304162726
  ],
  "diameter": [
    14.374437956697566
  ],
  "elongation": [
    5.565847393864408
  ],
  "surface_area": [
    6909.584403836729
  ],
  "end_surface_area_head": [
    1046.1239938519159
  ],
  "end_surface_area_tail": [
    1414.2046583553679
  ],
  "radius_head": [
    4.639251142381777
  ],
  "radius_tail": [
    5.109987111742086
  ],
  "irregularity": [
    1.9124452622506285
  ],
  "irregularity_of_end_surface_head": [
    0.06463421465713082
  ],
  "irregularity_of_end_surface_tail": [
    0.05800657439598251
  ],
  "mean_curvature": [
    0.3751863354424136
  ],
  "fractal_dimension": [
    2.4173305038607635
  ]
}