{
  "volume": [
    8653.769494533539
  ],
  "volume_endpoints": [
    2307.284411907196
  ],
  "streamlines_count": [
    3016
  ],
  "avg_length": [
    64.2079086303711
  ],
  "std_length": [
    5.495724678039551
  ],
  "min_length": [
    49.870758056640625
  ],
  "max_length": [
    80.61643981933594
  ],
  "span": [
    26.445892333984375
  ],
  "curl": [
    2.427897225757836
  ],
  "diameter": [
    13.099763606572402
  ],
  "elongation": [
    4.901455519255077
  ],
  "surface_area": [
    4959.402637520194
  ],
  "end_surface_area_head": [
    852.3973283237833
  ],
  "end_surface_area_tail": [
    1052.5815493695204
  ],
  "radius_head": [
    4.306966425727896
  ],
  "radius_tail": [
    4.546908915260316
  ],
  "irregularity": [
    1.8768411332877815
  ],
  "irregularity_of_end_surface_head": [
    0.0683676678370443
  ],
  "irregularity_of_end_surface_tail": [
    0.06170589111337972
  ],
  "mean_curvature": [
    0.3795150143516791
  ],
  "fractal_dimension": [
    2.3745732872799152
  ]
}