{
  "volume": [
    4806.358208179474
  ],
  "volume_endpoints": [
    610.238950252533
  ],
  "streamlines_count": [
    1344
  ],
  "avg_length": [
    71.11576080322266
  ],
  "std_length": [
    3.5265424251556396
  ],
  "min_length": [
    61.71074295043945
  ],
  "max_length": [
    82.71627807617188
  ],
  "span": [
    36.12049102783203
  ],
  "curl": [
    1.968848118604634
  ],
  "diameter": [
    9.276415575800613
  ],
  "elongation": [
    7.6662974208208565
  ],
  "surface_area": [
    3680.8066450345186
  ],
  "end_surface_area_head": [
    355.16555346824305
  ],
  "end_surface_area_tail": [
    497.23177485554027
  ],
  "radius_head": [
    3.1122578378416828
  ],
  "radius_tail": [
    3.4825092714389787
  ],
  "irregularity": [
    1.7760168205628675
  ],
  "irregularity_of_end_surface_head": [
    0.08567816830515569
  ],
  "irregularity_of_end_surface_tail": [
    0.0766258952389837
  ],
  "mean_curvature": [
    0.32515304086596836
  ],
  "fractal_dimension": [
    2.2207202715400776
  ]
}