{
  "volume": [
    4010.1416730880737
  ],
  "volume_endpoints": [
    552.120954990387
  ],
  "streamlines_count": [
    1320
  ],
  "avg_length": [
    64.8415756225586
  ],
  "std_length": [
    5.258193492889404
  ],
  "min_length": [
    53.96650314331055
  ],
  "max_length": [
    82.1141357421875
  ],
  "span": [
    28.19939613342285
  ],
  "curl": [
    2.299395891875366
  ],
  "diameter": [
    8.873769377700816
  ],
  "elongation": [
    7.30710624343034
  ],
  "surface_area": [
    3196.4899812141875
  ],
  "end_surface_area_head": [
    322.87777588022095
  ],
  "end_surface_area_tail": [
    503.6893303731447
  ],
  "radius_head": [
    2.872921941689772
  ],
  "radius_tail": [
    3.6767054687657184
  ],
  "irregularity": [
    1.768323741638725
  ],
  "irregularity_of_end_surface_head": [
    0.08030810389446903
  ],
  "irregularity_of_end_surface_tail": [
    0.08431499207310159
  ],
  "mean_curvature": [
    0.33738681441455176
  ],
  "fractal_dimension": [
    2.142287073942537
  ]
}