{
  "volume": [
    12791.770757198334
  ],
  "volume_endpoints": [
    2615.30978679657
  ],
  "streamlines_count": [
    2819
  ],
  "avg_length": [
    76.36739349365234
  ],
  "std_length": [
    8.223711013793945
  ],
  "min_length": [
    58.39181900024414
  ],
  "max_length": [
    100.52027130126953
  ],
  "span": [
    35.95077896118164
  ],
  "curl": [
    2.1242208291539693
  ],
  "diameter": [
    14.603817910443752
  ],
  "elongation": [
    5.229275930579707
  ],
  "surface_area": [
    7109.768624882466
  ],
  "end_surface_area_head": [
    1007.3786607462894
  ],
  "end_surface_area_tail": [
    1672.5068790595446
  ],
  "radius_head": [
    4.707261188903951
  ],
  "radius_tail": [
    6.5208464260172585
  ],
  "irregularity": [
    2.0292297359367018
  ],
  "irregularity_of_end_surface_head": [
    0.0691024934604174
  ],
  "irregularity_of_end_surface_tail": [
    0.0798711438884553
  ],
  "mean_curvature": [
    0.3694910548836173
  ],
  "fractal_dimension": [
    2.396362581657349
  ]
}