{
  "volume": [
    8682.828492164612
  ],
  "volume_endpoints": [
    2138.7422256469727
  ],
  "streamlines_count": [
    1901
  ],
  "avg_length": [
    64.94226837158203
  ],
  "std_length": [
    5.944375514984131
  ],
  "min_length": [
    47.68159103393555
  ],
  "max_length": [
    85.02032470703125
  ],
  "span": [
    23.85831642150879
  ],
  "curl": [
    2.721997110954366
  ],
  "diameter": [
    13.047338913900633
  ],
  "elongation": [
    4.977434003986249
  ],
  "surface_area": [
    5095.011303389887
  ],
  "end_surface_area_head": [
    1071.9542159223336
  ],
  "end_surface_area_tail": [
    781.3642176301347
  ],
  "radius_head": [
    4.706008743775035
  ],
  "radius_tail": [
    4.338599980488097
  ],
  "irregularity": [
    1.914017399556802
  ],
  "irregularity_of_end_surface_head": [
    0.06490514067615431
  ],
  "irregularity_of_end_surface_tail": [
    0.07568251814372758
  ],
  "mean_curvature": [
    0.3898197025578001
  ],
  "fractal_dimension": [
    2.359663147309214
  ]
}