{
  "volume": [
    9566.222020149231
  ],
  "volume_endpoints": [
    2057.3770322799683
  ],
  "streamlines_count": [
    2661
  ],
  "avg_length": [
    76.45625305175781
  ],
  "std_length": [
    4.163182735443115
  ],
  "min_length": [
    65.14795684814453
  ],
  "max_length": [
    89.81893920898438
  ],
  "span": [
    34.454002380371094
  ],
  "curl": [
    2.2190818996203463
  ],
  "diameter": [
    12.621726992169847
  ],
  "elongation": [
    6.057511234333388
  ],
  "surface_area": [
    5566.412856175009
  ],
  "end_surface_area_head": [
    929.8879945350363
  ],
  "end_surface_area_tail": [
    1020.2937717814982
  ],
  "radius_head": [
    4.561738995190541
  ],
  "radius_tail": [
    4.571008361740275
  ],
  "irregularity": [
    1.836089086380241
  ],
  "irregularity_of_end_surface_head": [
    0.07030401016334899
  ],
  "irregularity_of_end_surface_tail": [
    0.06433520195646274
  ],
  "mean_curvature": [
    0.3570909938813152
  ],
  "fractal_dimension": [
    2.367100115741564
  ]
}