{
  "volume": [
    19568.329004764557
  ],
  "volume_endpoints": [
    4974.900394439697
  ],
  "streamlines_count": [
    8716
  ],
  "avg_length": [
    66.20520782470703
  ],
  "std_length": [
    10.517155647277832
  ],
  "min_length": [
    44.142642974853516
  ],
  "max_length": [
    120.8978500366211
  ],
  "span": [
    28.72343635559082
  ],
  "curl": [
    2.30491947429614
  ],
  "diameter": [
    19.39929081133046
  ],
  "elongation": [
    3.412764336005461
  ],
  "surface_area": [
    9318.252611903177
  ],
  "end_surface_area_head": [
    1911.436433210908
  ],
  "end_surface_area_tail": [
    1730.6248787179843
  ],
  "radius_head": [
    6.078363135217658
  ],
  "radius_tail": [
    5.952331259290959
  ],
  "irregularity": [
    2.3094395569971193
  ],
  "irregularity_of_end_surface_head": [
    0.06072440911129416
  ],
  "irregularity_of_end_surface_tail": [
    0.06431630931657425
  ],
  "mean_curvature": [
    0.3848090401349291
  ],
  "fractal_dimension": [
    2.449377332364728
  ]
}