{
  "volume": [
    10780.888121128082
  ],
  "volume_endpoints": [
    2435.1440014839172
  ],
  "streamlines_count": [
    2286
  ],
  "avg_length": [
    80.94576263427734
  ],
  "std_length": [
    4.465081691741943
  ],
  "min_length": [
    69.0391616821289
  ],
  "max_length": [
    96.05828857421875
  ],
  "span": [
    38.02586364746094
  ],
  "curl": [
    2.128702805667433
  ],
  "diameter": [
    13.022227232175027
  ],
  "elongation": [
    6.215969141920544
  ],
  "surface_area": [
    6418.810184498792
  ],
  "end_surface_area_head": [
    1000.921105228685
  ],
  "end_surface_area_tail": [
    1536.8982131898517
  ],
  "radius_head": [
    4.655197593729175
  ],
  "radius_tail": [
    5.955938249788105
  ],
  "irregularity": [
    1.938319084745224
  ],
  "irregularity_of_end_surface_head": [
    0.06801837705672226
  ],
  "irregularity_of_end_surface_tail": [
    0.0725112079189175
  ],
  "mean_curvature": [
    0.36810191082568516
  ],
  "fractal_dimension": [
    2.376734282634722
  ]
}