{
  "volume": [
    5596.762943744659
  ],
  "volume_endpoints": [
    790.4047355651855
  ],
  "streamlines_count": [
    966
  ],
  "avg_length": [
    72.15901947021484
  ],
  "std_length": [
    3.34916615486145
  ],
  "min_length": [
    62.31787109375
  ],
  "max_length": [
    82.9614028930664
  ],
  "span": [
    32.87656784057617
  ],
  "curl": [
    2.1948464882382392
  ],
  "diameter": [
    9.937524305918087
  ],
  "elongation": [
    7.261267217957095
  ],
  "surface_area": [
    3758.297311245772
  ],
  "end_surface_area_head": [
    639.2979962428375
  ],
  "end_surface_area_tail": [
    297.0475538098033
  ],
  "radius_head": [
    3.824259702425767
  ],
  "radius_tail": [
    2.5747115265484184
  ],
  "irregularity": [
    1.6682934070449789
  ],
  "irregularity_of_end_surface_head": [
    0.07186894734771933
  ],
  "irregularity_of_end_surface_tail": [
    0.07011017432308024
  ],
  "mean_curvature": [
    0.362911319171173
  ],
  "fractal_dimension": [
    2.290160429299319
  ]
}