{
  "volume": [
    9665.02261209488
  ],
  "volume_endpoints": [
    1458.7616810798645
  ],
  "streamlines_count": [
    1622
  ],
  "avg_length": [
    65.95571899414062
  ],
  "std_length": [
    6.296610355377197
  ],
  "min_length": [
    49.26160430908203
  ],
  "max_length": [
    85.38703918457031
  ],
  "span": [
    27.7664794921875
  ],
  "curl": [
    2.3753720385293433
  ],
  "diameter": [
    13.659357350951055
  ],
  "elongation": [
    4.828610695183866
  ],
  "surface_area": [
    5114.3839699427
  ],
  "end_surface_area_head": [
    794.2793286653435
  ],
  "end_surface_area_tail": [
    729.7037734892994
  ],
  "radius_head": [
    3.9176024372647733
  ],
  "radius_tail": [
    3.9874118958707183
  ],
  "irregularity": [
    1.8070107303215401
  ],
  "irregularity_of_end_surface_head": [
    0.06070400360872095
  ],
  "irregularity_of_end_surface_tail": [
    0.06845189586024271
  ],
  "mean_curvature": [
    0.40062178338794024
  ],
  "fractal_dimension": [
    2.388222245988622
  ]
}