{
  "volume": [
    8990.853867053986
  ],
  "volume_endpoints": [
    1952.7646408081055
  ],
  "streamlines_count": [
    1817
  ],
  "avg_length": [
    81.79789733886719
  ],
  "std_length": [
    5.845193862915039
  ],
  "min_length": [
    62.517757415771484
  ],
  "max_length": [
    101.08903503417969
  ],
  "span": [
    37.73147964477539
  ],
  "curl": [
    2.1678952988050546
  ],
  "diameter": [
    11.829992213028317
  ],
  "elongation": [
    6.914450649323634
  ],
  "surface_area": [
    5663.276188939076
  ],
  "end_surface_area_head": [
    1117.1571045455644
  ],
  "end_surface_area_tail": [
    736.1613290069038
  ],
  "radius_head": [
    4.661320692937082
  ],
  "radius_tail": [
    4.659179108055349
  ],
  "irregularity": [
    1.8629074114105963
  ],
  "irregularity_of_end_surface_head": [
    0.06110174123999616
  ],
  "irregularity_of_end_surface_tail": [
    0.09263938953949401
  ],
  "mean_curvature": [
    0.36082473362810874
  ],
  "fractal_dimension": [
    2.1972492805203325
  ]
}