{
  "volume": [
    16796.100630760193
  ],
  "volume_endpoints": [
    4248.425453662872
  ],
  "streamlines_count": [
    3479
  ],
  "avg_length": [
    82.12905883789062
  ],
  "std_length": [
    5.774616241455078
  ],
  "min_length": [
    64.64160919189453
  ],
  "max_length": [
    99.90129852294922
  ],
  "span": [
    34.6847038269043
  ],
  "curl": [
    2.367875454487364
  ],
  "diameter": [
    16.136556772913767
  ],
  "elongation": [
    5.089627235455178
  ],
  "surface_area": [
    9021.205058093374
  ],
  "end_surface_area_head": [
    968.6333276406629
  ],
  "end_surface_area_tail": [
    3286.895758460649
  ],
  "radius_head": [
    4.529269312752474
  ],
  "radius_tail": [
    7.9260274136481375
  ],
  "irregularity": [
    2.1667408224713642
  ],
  "irregularity_of_end_surface_head": [
    0.06653447811137682
  ],
  "irregularity_of_end_surface_tail": [
    0.06004475566276419
  ],
  "mean_curvature": [
    0.37123141287215383
  ],
  "fractal_dimension": [
    2.400043489627024
  ]
}