{
  "volume": [
    8746.758286952972
  ],
  "volume_endpoints": [
    2034.1298341751099
  ],
  "streamlines_count": [
    2236
  ],
  "avg_length": [
    80.72217559814453
  ],
  "std_length": [
    5.038006782531738
  ],
  "min_length": [
    66.3614273071289
  ],
  "max_length": [
    96.65829467773438
  ],
  "span": [
    37.75472640991211
  ],
  "curl": [
    2.1380680850848854
  ],
  "diameter": [
    11.745788939184417
  ],
  "elongation": [
    6.87243539076819
  ],
  "surface_area": [
    5682.648855491889
  ],
  "end_surface_area_head": [
    1033.208882816707
  ],
  "end_surface_area_tail": [
    1052.5815493695204
  ],
  "radius_head": [
    4.5140296940339875
  ],
  "radius_tail": [
    4.690894836145589
  ],
  "irregularity": [
    1.9077694810564418
  ],
  "irregularity_of_end_surface_head": [
    0.061957026231729564
  ],
  "irregularity_of_end_surface_tail": [
    0.06567582139417912
  ],
  "mean_curvature": [
    0.35917606743215874
  ],
  "fractal_dimension": [
    2.190102309488309
  ]
}