{
  "volume": [
    4829.605406284332
  ],
  "volume_endpoints": [
    1691.2336621284485
  ],
  "streamlines_count": [
    1751
  ],
  "avg_length": [
    54.95943069458008
  ],
  "std_length": [
    4.689418315887451
  ],
  "min_length": [
    42.97638702392578
  ],
  "max_length": [
    70.01699829101562
  ],
  "span": [
    27.011539459228516
  ],
  "curl": [
    2.03466488007973
  ],
  "diameter": [
    10.577664087993087
  ],
  "elongation": [
    5.195800342815348
  ],
  "surface_area": [
    3293.353313978254
  ],
  "end_surface_area_head": [
    1149.4448821335866
  ],
  "end_surface_area_tail": [
    400.368442091474
  ],
  "radius_head": [
    4.657104494821612
  ],
  "radius_tail": [
    3.336401444619913
  ],
  "irregularity": [
    1.8032521369660888
  ],
  "irregularity_of_end_surface_head": [
    0.05927801973532607
  ],
  "irregularity_of_end_surface_tail": [
    0.08734672693607161
  ],
  "mean_curvature": [
    0.3687002575785551
  ],
  "fractal_dimension": [
    2.1453797909671435
  ]
}