{
  "volume": [
    7165.948815822601
  ],
  "volume_endpoints": [
    1586.6212706565857
  ],
  "streamlines_count": [
    1524
  ],
  "avg_length": [
    80.39347076416016
  ],
  "std_length": [
    4.555516719818115
  ],
  "min_length": [
    70.4892578125
  ],
  "max_length": [
    95.97421264648438
  ],
  "span": [
    38.47255325317383
  ],
  "curl": [
    2.0896318015370614
  ],
  "diameter": [
    10.653235336545988
  ],
  "elongation": [
    7.546390202079726
  ],
  "surface_area": [
    4843.1666382033145
  ],
  "end_surface_area_head": [
    949.2606610878496
  ],
  "end_surface_area_tail": [
    736.1613290069038
  ],
  "radius_head": [
    4.511828873071139
  ],
  "radius_tail": [
    3.7624303130896637
  ],
  "irregularity": [
    1.800019623952805
  ],
  "irregularity_of_end_surface_head": [
    0.06737047782770708
  ],
  "irregularity_of_end_surface_tail": [
    0.060410690845638146
  ],
  "mean_curvature": [
    0.3564896004914925
  ],
  "fractal_dimension": [
    2.186442717802438
  ]
}