{
  "volume": [
    6305.802485942841
  ],
  "volume_endpoints": [
    1203.0425019264221
  ],
  "streamlines_count": [
    1961
  ],
  "avg_length": [
    74.17367553710938
  ],
  "std_length": [
    4.186169624328613
  ],
  "min_length": [
    61.30320739746094
  ],
  "max_length": [
    88.92068481445312
  ],
  "span": [
    35.15688705444336
  ],
  "curl": [
    2.109790762255068
  ],
  "diameter": [
    10.4039999376149
  ],
  "elongation": [
    7.129342174343916
  ],
  "surface_area": [
    4268.444197136521
  ],
  "end_surface_area_head": [
    710.3311069364861
  ],
  "end_surface_area_tail": [
    510.1468858907491
  ],
  "radius_head": [
    4.154457021780185
  ],
  "radius_tail": [
    3.5058814085697616
  ],
  "irregularity": [
    1.760636067325262
  ],
  "irregularity_of_end_surface_head": [
    0.07633392255238611
  ],
  "irregularity_of_end_surface_tail": [
    0.075691842241609
  ],
  "mean_curvature": [
    0.35134055701401207
  ],
  "fractal_dimension": [
    2.2290034003347348
  ]
}