{
  "volume": [
    8142.331136226654
  ],
  "volume_endpoints": [
    1836.5286502838135
  ],
  "streamlines_count": [
    2771
  ],
  "avg_length": [
    71.76957702636719
  ],
  "std_length": [
    4.026681900024414
  ],
  "min_length": [
    60.7767333984375
  ],
  "max_length": [
    86.34190368652344
  ],
  "span": [
    31.122224807739258
  ],
  "curl": [
    2.3060554786725924
  ],
  "diameter": [
    12.01874846740197
  ],
  "elongation": [
    5.971468428765715
  ],
  "surface_area": [
    4972.317748555402
  ],
  "end_surface_area_head": [
    736.1613290069038
  ],
  "end_surface_area_tail": [
    1013.8362162638938
  ],
  "radius_head": [
    4.010837323674021
  ],
  "radius_tail": [
    4.723114175953995
  ],
  "irregularity": [
    1.8348871877120845
  ],
  "irregularity_of_end_surface_head": [
    0.06865101587119929
  ],
  "irregularity_of_end_surface_tail": [
    0.06912560736679217
  ],
  "mean_curvature": [
    0.3595818313761594
  ],
  "fractal_dimension": [
    2.312111164500309
  ]
}