{
  "volume": [
    9967.236187458038
  ],
  "volume_endpoints": [
    2150.365824699402
  ],
  "streamlines_count": [
    2999
  ],
  "avg_length": [
    61.577430725097656
  ],
  "std_length": [
    5.166719436645508
  ],
  "min_length": [
    46.8585319519043
  ],
  "max_length": [
    78.22404479980469
  ],
  "span": [
    26.60123634338379
  ],
  "curl": [
    2.3148334133880617
  ],
  "diameter": [
    14.355940575332124
  ],
  "elongation": [
    4.2893344676354
  ],
  "surface_area": [
    5340.398413058854
  ],
  "end_surface_area_head": [
    1052.5815493695204
  ],
  "end_surface_area_tail": [
    968.6333276406629
  ],
  "radius_head": [
    4.794724152513077
  ],
  "radius_tail": [
    4.61448513867572
  ],
  "irregularity": [
    1.9229614113825684
  ],
  "irregularity_of_end_surface_head": [
    0.06861536421121811
  ],
  "irregularity_of_end_surface_tail": [
    0.0690616528834386
  ],
  "mean_curvature": [
    0.38040723671273974
  ],
  "fractal_dimension": [
    2.3364453371280822
  ]
}