{
  "volume": [
    9327.938239574432
  ],
  "volume_endpoints": [
    1731.9162588119507
  ],
  "streamlines_count": [
    851
  ],
  "avg_length": [
    74.90313720703125
  ],
  "std_length": [
    8.399794578552246
  ],
  "min_length": [
    52.80072784423828
  ],
  "max_length": [
    97.7592544555664
  ],
  "span": [
    33.553001403808594
  ],
  "curl": [
    2.232382620725221
  ],
  "diameter": [
    12.592091950876918
  ],
  "elongation": [
    5.948426798282311
  ],
  "surface_area": [
    5630.988411351053
  ],
  "end_surface_area_head": [
    1343.1715476617192
  ],
  "end_surface_area_tail": [
    581.1799965843977
  ],
  "radius_head": [
    4.850242112671781
  ],
  "radius_tail": [
    4.418997368193705
  ],
  "irregularity": [
    1.900364314946669
  ],
  "irregularity_of_end_surface_head": [
    0.05502312159230427
  ],
  "irregularity_of_end_surface_tail": [
    0.10555691776651832
  ],
  "mean_curvature": [
    0.37781771285553517
  ],
  "fractal_dimension": [
    2.319466276806161
  ]
}