{
  "volume": [
    10095.09577703476
  ],
  "volume_endpoints": [
    2028.3180346488953
  ],
  "streamlines_count": [
    1919
  ],
  "avg_length": [
    72.90789794921875
  ],
  "std_length": [
    7.745671272277832
  ],
  "min_length": [
    54.9024543762207
  ],
  "max_length": [
    97.02681732177734
  ],
  "span": [
    33.275367736816406
  ],
  "curl": [
    2.1910470990393374
  ],
  "diameter": [
    13.277704304279121
  ],
  "elongation": [
    5.491001778501882
  ],
  "surface_area": [
    5966.781298266484
  ],
  "end_surface_area_head": [
    1123.614660063169
  ],
  "end_surface_area_tail": [
    787.8217731477391
  ],
  "radius_head": [
    4.777507782774577
  ],
  "radius_tail": [
    4.615942516335222
  ],
  "irregularity": [
    1.9619714234636993
  ],
  "irregularity_of_end_surface_head": [
    0.06381683803917343
  ],
  "irregularity_of_end_surface_tail": [
    0.08496551164097522
  ],
  "mean_curvature": [
    0.37092064042275247
  ],
  "fractal_dimension": [
    2.314620038947092
  ]
}