{
  "volume": [
    7613.4573793411255
  ],
  "volume_endpoints": [
    1307.654893398285
  ],
  "streamlines_count": [
    490
  ],
  "avg_length": [
    59.734127044677734
  ],
  "std_length": [
    8.748292922973633
  ],
  "min_length": [
    40.122806549072266
  ],
  "max_length": [
    84.1567153930664
  ],
  "span": [
    24.54291343688965
  ],
  "curl": [
    2.4338645531338314
  ],
  "diameter": [
    12.73898303089902
  ],
  "elongation": [
    4.689081294777591
  ],
  "surface_area": [
    5011.063081661029
  ],
  "end_surface_area_head": [
    1149.4448821335866
  ],
  "end_surface_area_tail": [
    555.34977451398
  ],
  "radius_head": [
    4.569640592356812
  ],
  "radius_tail": [
    3.528839532286317
  ],
  "irregularity": [
    2.09615173446892
  ],
  "irregularity_of_end_surface_head": [
    0.057072357056007175
  ],
  "irregularity_of_end_surface_tail": [
    0.07044450031725014
  ],
  "mean_curvature": [
    0.4049346586271208
  ],
  "fractal_dimension": [
    2.2732557426661852
  ]
}