{
  "volume": [
    9322.126440048218
  ],
  "volume_endpoints": [
    2254.9782161712646
  ],
  "streamlines_count": [
    3508
  ],
  "avg_length": [
    59.62733459472656
  ],
  "std_length": [
    4.684169769287109
  ],
  "min_length": [
    47.09804153442383
  ],
  "max_length": [
    75.5650405883789
  ],
  "span": [
    27.997581481933594
  ],
  "curl": [
    2.1297316210403086
  ],
  "diameter": [
    14.108792806600801
  ],
  "elongation": [
    4.226253472715958
  ],
  "surface_area": [
    5036.893303731447
  ],
  "end_surface_area_head": [
    1272.1384369680704
  ],
  "end_surface_area_tail": [
    729.7037734892994
  ],
  "radius_head": [
    5.007815558343784
  ],
  "radius_tail": [
    4.094028188822922
  ],
  "irregularity": [
    1.9058013337495139
  ],
  "irregularity_of_end_surface_head": [
    0.061931578321016936
  ],
  "irregularity_of_end_surface_tail": [
    0.07216139791573944
  ],
  "mean_curvature": [
    0.3760257675445202
  ],
  "fractal_dimension": [
    2.3892252133655574
  ]
}