{
  "volume": [
    7253.12580871582
  ],
  "volume_endpoints": [
    2086.4360299110413
  ],
  "streamlines_count": [
    2440
  ],
  "avg_length": [
    72.61581420898438
  ],
  "std_length": [
    5.373271465301514
  ],
  "min_length": [
    58.05718231201172
  ],
  "max_length": [
    87.78523254394531
  ],
  "span": [
    33.065189361572266
  ],
  "curl": [
    2.1961408844486185
  ],
  "diameter": [
    11.277220157674229
  ],
  "elongation": [
    6.439159047504167
  ],
  "surface_area": [
    4810.878860615292
  ],
  "end_surface_area_head": [
    1026.7513272991027
  ],
  "end_surface_area_tail": [
    1020.2937717814982
  ],
  "radius_head": [
    4.598807159038829
  ],
  "radius_tail": [
    4.793961589653475
  ],
  "irregularity": [
    1.8699985872940912
  ],
  "irregularity_of_end_surface_head": [
    0.06471053602348716
  ],
  "irregularity_of_end_surface_tail": [
    0.07076422214853131
  ],
  "mean_curvature": [
    0.3541366667227178
  ],
  "fractal_dimension": [
    2.2738424618322033
  ]
}