{
  "volume": [
    11024.983701229095
  ],
  "volume_endpoints": [
    2551.3799920082092
  ],
  "streamlines_count": [
    3285
  ],
  "avg_length": [
    71.8665542602539
  ],
  "std_length": [
    4.842944145202637
  ],
  "min_length": [
    56.9339599609375
  ],
  "max_length": [
    87.63066101074219
  ],
  "span": [
    34.586002349853516
  ],
  "curl": [
    2.0779086733786185
  ],
  "diameter": [
    13.97592708254512
  ],
  "elongation": [
    5.142167230538131
  ],
  "surface_area": [
    6321.946851734726
  ],
  "end_surface_area_head": [
    1246.3082148976528
  ],
  "end_surface_area_tail": [
    1239.8506593800485
  ],
  "radius_head": [
    5.092848525635649
  ],
  "radius_tail": [
    4.936880859292496
  ],
  "irregularity": [
    2.0035192480538573
  ],
  "irregularity_of_end_surface_head": [
    0.06538015317644028
  ],
  "irregularity_of_end_surface_tail": [
    0.06175694278948778
  ],
  "mean_curvature": [
    0.37091318746317103
  ],
  "fractal_dimension": [
    2.361123454052953
  ]
}