{
  "volume": [
    14157.543645858765
  ],
  "volume_endpoints": [
    2754.79297542572
  ],
  "streamlines_count": [
    3998
  ],
  "avg_length": [
    64.28343200683594
  ],
  "std_length": [
    6.4864182472229
  ],
  "min_length": [
    46.28330612182617
  ],
  "max_length": [
    84.49903106689453
  ],
  "span": [
    29.421539306640625
  ],
  "curl": [
    2.1849105628653076
  ],
  "diameter": [
    16.74555270026248
  ],
  "elongation": [
    3.8388360872572647
  ],
  "surface_area": [
    7116.22618040007
  ],
  "end_surface_area_head": [
    845.9397728061789
  ],
  "end_surface_area_tail": [
    1756.455100788402
  ],
  "radius_head": [
    4.32716679954747
  ],
  "radius_tail": [
    6.144845099336692
  ],
  "irregularity": [
    2.1042693477009697
  ],
  "irregularity_of_end_surface_head": [
    0.06953728033005813
  ],
  "irregularity_of_end_surface_tail": [
    0.06753590115263215
  ],
  "mean_curvature": [
    0.38713191135070396
  ],
  "fractal_dimension": [
    2.457239474656096
  ]
}