{
  "volume": [
    9380.244435310364
  ],
  "volume_endpoints": [
    2185.2366218566895
  ],
  "streamlines_count": [
    2783
  ],
  "avg_length": [
    60.91787338256836
  ],
  "std_length": [
    5.4584431648254395
  ],
  "min_length": [
    45.692081451416016
  ],
  "max_length": [
    79.47777557373047
  ],
  "span": [
    25.21636962890625
  ],
  "curl": [
    2.4158066477870968
  ],
  "diameter": [
    14.001990226379185
  ],
  "elongation": [
    4.350658184848719
  ],
  "surface_area": [
    5295.195524435623
  ],
  "end_surface_area_head": [
    1168.8175486863997
  ],
  "end_surface_area_tail": [
    891.1426614294098
  ],
  "radius_head": [
    4.935385375547903
  ],
  "radius_tail": [
    4.364009476539415
  ],
  "irregularity": [
    1.9760486118254657
  ],
  "irregularity_of_end_surface_head": [
    0.06547044441303888
  ],
  "irregularity_of_end_surface_tail": [
    0.0671388669399407
  ],
  "mean_curvature": [
    0.3871584707162297
  ],
  "fractal_dimension": [
    2.397573494346335
  ]
}