{
  "volume": [
    11077.289896965027
  ],
  "volume_endpoints": [
    2504.8855957984924
  ],
  "streamlines_count": [
    3384
  ],
  "avg_length": [
    69.72183990478516
  ],
  "std_length": [
    5.250258445739746
  ],
  "min_length": [
    51.67267990112305
  ],
  "max_length": [
    86.26689910888672
  ],
  "span": [
    27.048934936523438
  ],
  "curl": [
    2.577618677718865
  ],
  "diameter": [
    14.222875237269387
  ],
  "elongation": [
    4.902091788170032
  ],
  "surface_area": [
    6199.253296900242
  ],
  "end_surface_area_head": [
    826.5671062533656
  ],
  "end_surface_area_tail": [
    1504.6104356018295
  ],
  "radius_head": [
    4.334434667047542
  ],
  "radius_tail": [
    5.829466742450522
  ],
  "irregularity": [
    1.98990924283295
  ],
  "irregularity_of_end_surface_head": [
    0.07140632411405193
  ],
  "irregularity_of_end_surface_tail": [
    0.07095507459561846
  ],
  "mean_curvature": [
    0.37597374290439256
  ],
  "fractal_dimension": [
    2.3758580612511393
  ]
}