{
  "volume": [
    8659.581294059753
  ],
  "volume_endpoints": [
    1673.7982635498047
  ],
  "streamlines_count": [
    1424
  ],
  "avg_length": [
    65.03770446777344
  ],
  "std_length": [
    7.900138854980469
  ],
  "min_length": [
    45.39420700073242
  ],
  "max_length": [
    95.7305908203125
  ],
  "span": [
    25.25014305114746
  ],
  "curl": [
    2.5757360794365036
  ],
  "diameter": [
    13.020297394685999
  ],
  "elongation": [
    4.995101301934732
  ],
  "surface_area": [
    5598.700633763031
  ],
  "end_surface_area_head": [
    891.1426614294098
  ],
  "end_surface_area_tail": [
    955.718216605454
  ],
  "radius_head": [
    4.2089062991346875
  ],
  "radius_tail": [
    4.31534624014677
  ],
  "irregularity": [
    2.1045113152704307
  ],
  "irregularity_of_end_surface_head": [
    0.06245125243472758
  ],
  "irregularity_of_end_surface_tail": [
    0.06121407657544529
  ],
  "mean_curvature": [
    0.40537915512752
  ],
  "fractal_dimension": [
    2.3268141537522484
  ]
}