{
  "volume": [
    6718.440252304077
  ],
  "volume_endpoints": [
    1760.9752564430237
  ],
  "streamlines_count": [
    2607
  ],
  "avg_length": [
    62.102020263671875
  ],
  "std_length": [
    6.256277561187744
  ],
  "min_length": [
    49.49323272705078
  ],
  "max_length": [
    82.71949768066406
  ],
  "span": [
    30.22600555419922
  ],
  "curl": [
    2.0545890575026444
  ],
  "diameter": [
    11.73644112942372
  ],
  "elongation": [
    5.291384294339419
  ],
  "surface_area": [
    4378.222640935796
  ],
  "end_surface_area_head": [
    703.8735514188817
  ],
  "end_surface_area_tail": [
    1026.7513272991027
  ],
  "radius_head": [
    3.8559977459736974
  ],
  "radius_tail": [
    5.381055584183548
  ],
  "irregularity": [
    1.912078933024325
  ],
  "irregularity_of_end_surface_head": [
    0.0663634214997216
  ],
  "irregularity_of_end_surface_tail": [
    0.08859711009223226
  ],
  "mean_curvature": [
    0.3540865986750507
  ],
  "fractal_dimension": [
    2.3288263366232034
  ]
}