{
  "volume": [
    7369.361799240112
  ],
  "volume_endpoints": [
    1912.0820441246033
  ],
  "streamlines_count": [
    2230
  ],
  "avg_length": [
    67.84408569335938
  ],
  "std_length": [
    6.6905622482299805
  ],
  "min_length": [
    51.464447021484375
  ],
  "max_length": [
    88.32119750976562
  ],
  "span": [
    31.75218963623047
  ],
  "curl": [
    2.136674241071761
  ],
  "diameter": [
    11.760180883457133
  ],
  "elongation": [
    5.768966172008001
  ],
  "surface_area": [
    5017.5206371786335
  ],
  "end_surface_area_head": [
    639.2979962428375
  ],
  "end_surface_area_tail": [
    1330.2564366265103
  ],
  "radius_head": [
    3.7973993226626144
  ],
  "radius_tail": [
    5.54181680018347
  ],
  "irregularity": [
    2.001765956374414
  ],
  "irregularity_of_end_surface_head": [
    0.07086292369020422
  ],
  "irregularity_of_end_surface_tail": [
    0.07253019306573799
  ],
  "mean_curvature": [
    0.35535240592309714
  ],
  "fractal_dimension": [
    2.2692457875101075
  ]
}