{
  "volume": [
    11402.750670433044
  ],
  "volume_endpoints": [
    2580.438989639282
  ],
  "streamlines_count": [
    2718
  ],
  "avg_length": [
    79.71747589111328
  ],
  "std_length": [
    4.44507360458374
  ],
  "min_length": [
    67.42131042480469
  ],
  "max_length": [
    95.19415283203125
  ],
  "span": [
    37.94472885131836
  ],
  "curl": [
    2.1008840570050236
  ],
  "diameter": [
    13.495317418437768
  ],
  "elongation": [
    5.907047120077407
  ],
  "surface_area": [
    6625.451961062134
  ],
  "end_surface_area_head": [
    833.02466177097
  ],
  "end_surface_area_tail": [
    1685.4219900947533
  ],
  "radius_head": [
    4.276727675994071
  ],
  "radius_tail": [
    5.414730666743414
  ],
  "irregularity": [
    1.9603291310882633
  ],
  "irregularity_of_end_surface_head": [
    0.06897873220023587
  ],
  "irregularity_of_end_surface_tail": [
    0.054650600128608055
  ],
  "mean_curvature": [
    0.36589640899779957
  ],
  "fractal_dimension": [
    2.2875783076364615
  ]
}