{
  "volume": [
    4852.852604389191
  ],
  "volume_endpoints": [
    1702.8572611808777
  ],
  "streamlines_count": [
    2296
  ],
  "avg_length": [
    53.42414474487305
  ],
  "std_length": [
    4.5422587394714355
  ],
  "min_length": [
    40.3607292175293
  ],
  "max_length": [
    68.53235626220703
  ],
  "span": [
    26.289901733398438
  ],
  "curl": [
    2.0321165627258138
  ],
  "diameter": [
    10.754366195101387
  ],
  "elongation": [
    4.967670225810958
  ],
  "surface_area": [
    3370.8439801895065
  ],
  "end_surface_area_head": [
    749.0764400421126
  ],
  "end_surface_area_tail": [
    1020.2937717814982
  ],
  "radius_head": [
    4.040601711397236
  ],
  "radius_tail": [
    4.681862417042287
  ],
  "irregularity": [
    1.8675248098779746
  ],
  "irregularity_of_end_surface_head": [
    0.06847244277605567
  ],
  "irregularity_of_end_surface_tail": [
    0.0674934971503336
  ],
  "mean_curvature": [
    0.3650408356421293
  ],
  "fractal_dimension": [
    2.257811054025037
  ]
}