{
  "volume": [
    13686.787884235382
  ],
  "volume_endpoints": [
    3428.9617204666138
  ],
  "streamlines_count": [
    3728
  ],
  "avg_length": [
    70.80812072753906
  ],
  "std_length": [
    5.021700382232666
  ],
  "min_length": [
    57.79603576660156
  ],
  "max_length": [
    87.10467529296875
  ],
  "span": [
    28.982057571411133
  ],
  "curl": [
    2.4431709361238227
  ],
  "diameter": [
    15.687881260343065
  ],
  "elongation": [
    4.5135553713383105
  ],
  "surface_area": [
    7471.391733868313
  ],
  "end_surface_area_head": [
    891.1426614294098
  ],
  "end_surface_area_tail": [
    2053.5026545982055
  ],
  "radius_head": [
    4.385712393620171
  ],
  "radius_tail": [
    6.580173866793839
  ],
  "irregularity": [
    2.1409388996493313
  ],
  "irregularity_of_end_surface_head": [
    0.06780831208603726
  ],
  "irregularity_of_end_surface_tail": [
    0.06624137553199391
  ],
  "mean_curvature": [
    0.38087841803647676
  ],
  "fractal_dimension": [
    2.4049599734721445
  ]
}