{
  "volume": [
    6660.322257041931
  ],
  "volume_endpoints": [
    2254.9782161712646
  ],
  "streamlines_count": [
    3233
  ],
  "avg_length": [
    56.172603607177734
  ],
  "std_length": [
    4.939824104309082
  ],
  "min_length": [
    43.2807731628418
  ],
  "max_length": [
    72.70071411132812
  ],
  "span": [
    25.939834594726562
  ],
  "curl": [
    2.165495828512235
  ],
  "diameter": [
    12.286845682782761
  ],
  "elongation": [
    4.571767649518945
  ],
  "surface_area": [
    4320.104641277357
  ],
  "end_surface_area_head": [
    910.5153279822231
  ],
  "end_surface_area_tail": [
    1259.2233259328618
  ],
  "radius_head": [
    4.389845380022718
  ],
  "radius_tail": [
    5.175882450407212
  ],
  "irregularity": [
    1.9924133177162224
  ],
  "irregularity_of_end_surface_head": [
    0.0664907235305006
  ],
  "irregularity_of_end_surface_tail": [
    0.06683684202297946
  ],
  "mean_curvature": [
    0.37607984225004404
  ],
  "fractal_dimension": [
    2.2623007557821513
  ]
}