{
  "volume": [
    3010.5121545791626
  ],
  "volume_endpoints": [
    1365.772888660431
  ],
  "streamlines_count": [
    3630
  ],
  "avg_length": [
    28.58768081665039
  ],
  "std_length": [
    4.218372821807861
  ],
  "min_length": [
    20.137104034423828
  ],
  "max_length": [
    43.23724365234375
  ],
  "span": [
    13.474823951721191
  ],
  "curl": [
    2.1215624722873487
  ],
  "diameter": [
    11.579392881835535
  ],
  "elongation": [
    2.4688410790081723
  ],
  "surface_area": [
    2124.5357652918537
  ],
  "end_surface_area_head": [
    697.4159959012773
  ],
  "end_surface_area_tail": [
    665.1282183132552
  ],
  "radius_head": [
    3.8441079326986722
  ],
  "radius_tail": [
    3.8340447088709446
  ],
  "irregularity": [
    2.0429110608643626
  ],
  "irregularity_of_end_surface_head": [
    0.06656548714892223
  ],
  "irregularity_of_end_surface_tail": [
    0.06943186727029155
  ],
  "mean_curvature": [
    0.4152160829790039
  ],
  "fractal_dimension": [
    2.090247067004802
  ]
}