{
  "volume": [
    10408.932951450348
  ],
  "volume_endpoints": [
    3161.618942260742
  ],
  "streamlines_count": [
    3946
  ],
  "avg_length": [
    62.89345169067383
  ],
  "std_length": [
    4.5165534019470215
  ],
  "min_length": [
    48.966373443603516
  ],
  "max_length": [
    77.41683959960938
  ],
  "span": [
    30.106582641601562
  ],
  "curl": [
    2.089026590609027
  ],
  "diameter": [
    14.516283783617551
  ],
  "elongation": [
    4.33261381688147
  ],
  "surface_area": [
    6108.84751965378
  ],
  "end_surface_area_head": [
    897.6002169470142
  ],
  "end_surface_area_tail": [
    2240.7717646087335
  ],
  "radius_head": [
    4.431270411334893
  ],
  "radius_tail": [
    6.332152231356872
  ],
  "irregularity": [
    2.1298476174204386
  ],
  "irregularity_of_end_surface_head": [
    0.06872637378116382
  ],
  "irregularity_of_end_surface_tail": [
    0.05621535319944101
  ],
  "mean_curvature": [
    0.3711387006102391
  ],
  "fractal_dimension": [
    2.3631383733642313
  ]
}