{
  "volume": [
    10379.873953819275
  ],
  "volume_endpoints": [
    2528.132793903351
  ],
  "streamlines_count": [
    3019
  ],
  "avg_length": [
    73.90214538574219
  ],
  "std_length": [
    4.811209201812744
  ],
  "min_length": [
    59.93445587158203
  ],
  "max_length": [
    88.9587173461914
  ],
  "span": [
    35.086238861083984
  ],
  "curl": [
    2.1063000134708365
  ],
  "diameter": [
    13.372806978820938
  ],
  "elongation": [
    5.526300162918978
  ],
  "surface_area": [
    6496.300850710046
  ],
  "end_surface_area_head": [
    871.7699948765966
  ],
  "end_surface_area_tail": [
    1769.3702118236108
  ],
  "radius_head": [
    4.453568284018774
  ],
  "radius_tail": [
    6.2026993677635165
  ],
  "irregularity": [
    2.092361085967968
  ],
  "irregularity_of_end_surface_head": [
    0.0714766494992552
  ],
  "irregularity_of_end_surface_tail": [
    0.06831131188972654
  ],
  "mean_curvature": [
    0.36256942084863036
  ],
  "fractal_dimension": [
    2.3336058265313335
  ]
}