{
  "volume": [
    4382.096842765808
  ],
  "volume_endpoints": [
    1412.2672848701477
  ],
  "streamlines_count": [
    897
  ],
  "avg_length": [
    55.6683464050293
  ],
  "std_length": [
    6.091337203979492
  ],
  "min_length": [
    41.78240966796875
  ],
  "max_length": [
    73.00263977050781
  ],
  "span": [
    21.005701065063477
  ],
  "curl": [
    2.650154176363886
  ],
  "diameter": [
    10.011332471842236
  ],
  "elongation": [
    5.560533181931723
  ],
  "surface_area": [
    3190.0324256965832
  ],
  "end_surface_area_head": [
    652.2131072780463
  ],
  "end_surface_area_tail": [
    787.8217731477391
  ],
  "radius_head": [
    3.6569491016427085
  ],
  "radius_tail": [
    4.1417998080692735
  ],
  "irregularity": [
    1.8219859325067314
  ],
  "irregularity_of_end_surface_head": [
    0.0644166568670027
  ],
  "irregularity_of_end_surface_tail": [
    0.06840693004848396
  ],
  "mean_curvature": [
    0.4101644816539492
  ],
  "fractal_dimension": [
    2.1584885117145016
  ]
}