{
  "volume": [
    5800.17592716217
  ],
  "volume_endpoints": [
    2510.697395324707
  ],
  "streamlines_count": [
    3717
  ],
  "avg_length": [
    26.896560668945312
  ],
  "std_length": [
    5.253477096557617
  ],
  "min_length": [
    20.08125114440918
  ],
  "max_length": [
    47.161075592041016
  ],
  "span": [
    11.691822052001953
  ],
  "curl": [
    2.3004592910597625
  ],
  "diameter": [
    16.57018159557639
  ],
  "elongation": [
    1.6231904589461876
  ],
  "surface_area": [
    3215.8626477670005
  ],
  "end_surface_area_head": [
    1097.7844379927512
  ],
  "end_surface_area_tail": [
    1162.3599931687954
  ],
  "radius_head": [
    4.849233902630568
  ],
  "radius_tail": [
    4.8016736284578085
  ],
  "irregularity": [
    2.296802231911009
  ],
  "irregularity_of_end_surface_head": [
    0.06729442215818114
  ],
  "irregularity_of_end_surface_tail": [
    0.062315271868638965
  ],
  "mean_curvature": [
    0.47858726734559576
  ],
  "fractal_dimension": [
    2.3901879949808285
  ]
}