{
  "volume": [
    8729.322888374329
  ],
  "volume_endpoints": [
    2039.9416337013245
  ],
  "streamlines_count": [
    2142
  ],
  "avg_length": [
    69.14459228515625
  ],
  "std_length": [
    6.264936447143555
  ],
  "min_length": [
    51.30791473388672
  ],
  "max_length": [
    87.67862701416016
  ],
  "span": [
    27.80919647216797
  ],
  "curl": [
    2.4863930302465813
  ],
  "diameter": [
    12.67845192502075
  ],
  "elongation": [
    5.453709387713207
  ],
  "surface_area": [
    5288.737968918019
  ],
  "end_surface_area_head": [
    1162.3599931687954
  ],
  "end_surface_area_tail": [
    652.2131072780463
  ],
  "radius_head": [
    5.01808990272121
  ],
  "radius_tail": [
    3.7478618798077767
  ],
  "irregularity": [
    1.920338236435837
  ],
  "irregularity_of_end_surface_head": [
    0.06805908318315437
  ],
  "irregularity_of_end_surface_tail": [
    0.06765930075689829
  ],
  "mean_curvature": [
    0.3884380255677119
  ],
  "fractal_dimension": [
    2.307477226708779
  ]
}