{
  "volume": [
    7758.7523674964905
  ],
  "volume_endpoints": [
    2115.4950275421143
  ],
  "streamlines_count": [
    1419
  ],
  "avg_length": [
    57.973087310791016
  ],
  "std_length": [
    7.399837970733643
  ],
  "min_length": [
    39.96714401245117
  ],
  "max_length": [
    84.06694793701172
  ],
  "span": [
    22.502281188964844
  ],
  "curl": [
    2.576320454977743
  ],
  "diameter": [
    13.053825121527362
  ],
  "elongation": [
    4.441080432063263
  ],
  "surface_area": [
    4655.897528192786
  ],
  "end_surface_area_head": [
    1175.2751042040043
  ],
  "end_surface_area_tail": [
    1059.0391048871247
  ],
  "radius_head": [
    5.084481465132204
  ],
  "radius_tail": [
    4.651589468710885
  ],
  "irregularity": [
    1.9583455315377944
  ],
  "irregularity_of_end_surface_head": [
    0.06910407739327724
  ],
  "irregularity_of_end_surface_tail": [
    0.06418604750618578
  ],
  "mean_curvature": [
    0.43402330448209103
  ],
  "fractal_dimension": [
    2.362443355150463
  ]
}