{
  "volume": [
    12210.590804576874
  ],
  "volume_endpoints": [
    2929.146961212158
  ],
  "streamlines_count": [
    2346
  ],
  "avg_length": [
    79.0837631225586
  ],
  "std_length": [
    6.559113025665283
  ],
  "min_length": [
    60.43505096435547
  ],
  "max_length": [
    98.94422149658203
  ],
  "span": [
    30.629423141479492
  ],
  "curl": [
    2.5819540497796853
  ],
  "diameter": [
    14.021024068648124
  ],
  "elongation": [
    5.640369971220203
  ],
  "surface_area": [
    7432.646400762686
  ],
  "end_surface_area_head": [
    1220.477992827235
  ],
  "end_surface_area_tail": [
    1930.8090997637214
  ],
  "radius_head": [
    4.997758376689661
  ],
  "radius_tail": [
    6.758138409616338
  ],
  "irregularity": [
    2.133666497934367
  ],
  "irregularity_of_end_surface_head": [
    0.0642939978547605
  ],
  "irregularity_of_end_surface_tail": [
    0.07431298388961843
  ],
  "mean_curvature": [
    0.3905306986937234
  ],
  "fractal_dimension": [
    2.3288670251454735
  ]
}