{
  "volume": [
    6857.9234409332275
  ],
  "volume_endpoints": [
    1389.0200867652893
  ],
  "streamlines_count": [
    2362
  ],
  "avg_length": [
    73.84941864013672
  ],
  "std_length": [
    3.5392005443573
  ],
  "min_length": [
    62.92625045776367
  ],
  "max_length": [
    85.98147583007812
  ],
  "span": [
    33.750099182128906
  ],
  "curl": [
    2.188124492364185
  ],
  "diameter": [
    10.87371222633493
  ],
  "elongation": [
    6.7915553679341985
  ],
  "surface_area": [
    4494.458640252676
  ],
  "end_surface_area_head": [
    742.6188845245082
  ],
  "end_surface_area_tail": [
    645.7555517604419
  ],
  "radius_head": [
    3.903244828733002
  ],
  "radius_tail": [
    3.7670296287103104
  ],
  "irregularity": [
    1.7815688046169615
  ],
  "irregularity_of_end_surface_head": [
    0.06445186217444565
  ],
  "irregularity_of_end_surface_tail": [
    0.06903666384399525
  ],
  "mean_curvature": [
    0.36485088528918574
  ],
  "fractal_dimension": [
    2.2845009712693938
  ]
}