{
  "volume": [
    5910.600118160248
  ],
  "volume_endpoints": [
    1389.0200867652893
  ],
  "streamlines_count": [
    1463
  ],
  "avg_length": [
    70.0334701538086
  ],
  "std_length": [
    4.3354597091674805
  ],
  "min_length": [
    56.380924224853516
  ],
  "max_length": [
    84.17591094970703
  ],
  "span": [
    32.332313537597656
  ],
  "curl": [
    2.1660519304432118
  ],
  "diameter": [
    10.366162804426915
  ],
  "elongation": [
    6.755968575363344
  ],
  "surface_area": [
    4055.344865055575
  ],
  "end_surface_area_head": [
    871.7699948765966
  ],
  "end_surface_area_tail": [
    523.0619969259579
  ],
  "radius_head": [
    4.153629770629742
  ],
  "radius_tail": [
    3.495293038935566
  ],
  "irregularity": [
    1.778092082820001
  ],
  "irregularity_of_end_surface_head": [
    0.06217324322973955
  ],
  "irregularity_of_end_surface_tail": [
    0.07337766527760882
  ],
  "mean_curvature": [
    0.3697941905818243
  ],
  "fractal_dimension": [
    2.2493389526781606
  ]
}