{
  "volume": [
    4649.43962097168
  ],
  "volume_endpoints": [
    883.3935279846191
  ],
  "streamlines_count": [
    219
  ],
  "avg_length": [
    59.943626403808594
  ],
  "std_length": [
    6.610101222991943
  ],
  "min_length": [
    47.144798278808594
  ],
  "max_length": [
    78.37998962402344
  ],
  "span": [
    23.507131576538086
  ],
  "curl": [
    2.550018755314107
  ],
  "diameter": [
    9.93765370642618
  ],
  "elongation": [
    6.031969735979637
  ],
  "surface_area": [
    3738.9246446929587
  ],
  "end_surface_area_head": [
    703.8735514188817
  ],
  "end_surface_area_tail": [
    645.7555517604419
  ],
  "radius_head": [
    3.4960875896675176
  ],
  "radius_tail": [
    3.708792923814304
  ],
  "irregularity": [
    1.9978826150244724
  ],
  "irregularity_of_end_surface_head": [
    0.054553150378186775
  ],
  "irregularity_of_end_surface_tail": [
    0.06691860753132862
  ],
  "mean_curvature": [
    0.374076782840572
  ],
  "fractal_dimension": [
    2.117906160451215
  ]
}