{
  "volume": [
    4289.1080503463745
  ],
  "volume_endpoints": [
    1801.6578531265259
  ],
  "streamlines_count": [
    3301
  ],
  "avg_length": [
    32.323001861572266
  ],
  "std_length": [
    5.517366409301758
  ],
  "min_length": [
    20.125028610229492
  ],
  "max_length": [
    50.675880432128906
  ],
  "span": [
    14.964631080627441
  ],
  "curl": [
    2.159959820420579
  ],
  "diameter": [
    12.998184860422636
  ],
  "elongation": [
    2.486731971322439
  ],
  "surface_area": [
    2641.1402067002073
  ],
  "end_surface_area_head": [
    703.8735514188817
  ],
  "end_surface_area_tail": [
    916.9728834998275
  ],
  "radius_head": [
    3.9309361988500537
  ],
  "radius_tail": [
    4.548693094123551
  ],
  "irregularity": [
    2.0010004554566865
  ],
  "irregularity_of_end_surface_head": [
    0.06896793396023314
  ],
  "irregularity_of_end_surface_tail": [
    0.07088700874011285
  ],
  "mean_curvature": [
    0.42506668515112933
  ],
  "fractal_dimension": [
    2.3441245033762566
  ]
}