{
  "volume": [
    9798.694001197815
  ],
  "volume_endpoints": [
    2034.1298341751099
  ],
  "streamlines_count": [
    3448
  ],
  "avg_length": [
    61.31575012207031
  ],
  "std_length": [
    5.329124927520752
  ],
  "min_length": [
    46.224647521972656
  ],
  "max_length": [
    79.14061737060547
  ],
  "span": [
    25.86371421813965
  ],
  "curl": [
    2.3707248543237536
  ],
  "diameter": [
    14.264387698619275
  ],
  "elongation": [
    4.29851960123079
  ],
  "surface_area": [
    5140.214192013118
  ],
  "end_surface_area_head": [
    787.8217731477391
  ],
  "end_surface_area_tail": [
    1091.3268824751467
  ],
  "radius_head": [
    4.027918365803323
  ],
  "radius_tail": [
    5.258422808090711
  ],
  "irregularity": [
    1.8707086903585592
  ],
  "irregularity_of_end_surface_head": [
    0.06469686155637705
  ],
  "irregularity_of_end_surface_tail": [
    0.07959870926111406
  ],
  "mean_curvature": [
    0.3902528844168734
  ],
  "fractal_dimension": [
    2.4007984402910325
  ]
}