{
  "volume": [
    10879.68871307373
  ],
  "volume_endpoints": [
    1377.39648771286
  ],
  "streamlines_count": [
    556
  ],
  "avg_length": [
    76.09889221191406
  ],
  "std_length": [
    7.661614418029785
  ],
  "min_length": [
    55.11505889892578
  ],
  "max_length": [
    101.42518615722656
  ],
  "span": [
    31.51526641845703
  ],
  "curl": [
    2.4146675836872022
  ],
  "diameter": [
    13.491931475553878
  ],
  "elongation": [
    5.640326023727452
  ],
  "surface_area": [
    6515.673517262859
  ],
  "end_surface_area_head": [
    1026.7513272991027
  ],
  "end_surface_area_tail": [
    607.0102186548154
  ],
  "radius_head": [
    4.236103203049612
  ],
  "radius_tail": [
    4.615304164066252
  ],
  "irregularity": [
    2.0200260993302708
  ],
  "irregularity_of_end_surface_head": [
    0.05490572924010796
  ],
  "irregularity_of_end_surface_tail": [
    0.11024388921906297
  ],
  "mean_curvature": [
    0.3930712079615902
  ],
  "fractal_dimension": [
    2.3297798792222073
  ]
}