{
  "volume": [
    8560.780702114105
  ],
  "volume_endpoints": [
    2225.9192185401917
  ],
  "streamlines_count": [
    2448
  ],
  "avg_length": [
    72.10639953613281
  ],
  "std_length": [
    4.858558177947998
  ],
  "min_length": [
    55.9683837890625
  ],
  "max_length": [
    88.86742401123047
  ],
  "span": [
    33.90924072265625
  ],
  "curl": [
    2.1264527898424856
  ],
  "diameter": [
    12.294895449343233
  ],
  "elongation": [
    5.864742797791305
  ],
  "surface_area": [
    5366.228635129272
  ],
  "end_surface_area_head": [
    833.02466177097
  ],
  "end_surface_area_tail": [
    1459.4075469785987
  ],
  "radius_head": [
    4.204579797568638
  ],
  "radius_tail": [
    5.0349570462808595
  ],
  "irregularity": [
    1.9267290660153518
  ],
  "irregularity_of_end_surface_head": [
    0.06667103731990545
  ],
  "irregularity_of_end_surface_tail": [
    0.05457136597195146
  ],
  "mean_curvature": [
    0.37007109505532226
  ],
  "fractal_dimension": [
    2.3831915963362658
  ]
}