{
  "volume": [
    9037.348263263702
  ],
  "volume_endpoints": [
    1650.5510654449463
  ],
  "streamlines_count": [
    2718
  ],
  "avg_length": [
    73.73242950439453
  ],
  "std_length": [
    4.852293491363525
  ],
  "min_length": [
    61.06634521484375
  ],
  "max_length": [
    89.50813293457031
  ],
  "span": [
    35.21937561035156
  ],
  "curl": [
    2.0935189289024003
  ],
  "diameter": [
    12.49241193203714
  ],
  "elongation": [
    5.902177250119783
  ],
  "surface_area": [
    5366.228635129272
  ],
  "end_surface_area_head": [
    871.7699948765966
  ],
  "end_surface_area_tail": [
    768.4491065949259
  ],
  "radius_head": [
    4.2987942946862425
  ],
  "radius_tail": [
    4.058116992756192
  ],
  "irregularity": [
    1.8544471419794226
  ],
  "irregularity_of_end_surface_head": [
    0.06659494785603814
  ],
  "irregularity_of_end_surface_tail": [
    0.06732616688483409
  ],
  "mean_curvature": [
    0.3674196215720629
  ],
  "fractal_dimension": [
    2.308426090770108
  ]
}