{
  "volume": [
    13971.566061019897
  ],
  "volume_endpoints": [
    3039.5711522102356
  ],
  "streamlines_count": [
    2441
  ],
  "avg_length": [
    70.78691864013672
  ],
  "std_length": [
    5.238653659820557
  ],
  "min_length": [
    54.813514709472656
  ],
  "max_length": [
    88.00775146484375
  ],
  "span": [
    30.1761531829834
  ],
  "curl": [
    2.3457900087826333
  ],
  "diameter": [
    15.852621835769709
  ],
  "elongation": [
    4.465313017207903
  ],
  "surface_area": [
    7897.590398030205
  ],
  "end_surface_area_head": [
    923.4304390174319
  ],
  "end_surface_area_tail": [
    2266.601986679151
  ],
  "radius_head": [
    4.3108875719472515
  ],
  "radius_tail": [
    7.20637918029254
  ],
  "irregularity": [
    2.2402197693334247
  ],
  "irregularity_of_end_surface_head": [
    0.06322357940348476
  ],
  "irregularity_of_end_surface_tail": [
    0.07197950027498802
  ],
  "mean_curvature": [
    0.3935190507228723
  ],
  "fractal_dimension": [
    2.374265834032541
  ]
}