{
  "volume": [
    10467.050946712494
  ],
  "volume_endpoints": [
    2243.3546171188354
  ],
  "streamlines_count": [
    3389
  ],
  "avg_length": [
    70.66031646728516
  ],
  "std_length": [
    5.52377986907959
  ],
  "min_length": [
    55.57361602783203
  ],
  "max_length": [
    88.08219146728516
  ],
  "span": [
    29.19586944580078
  ],
  "curl": [
    2.4202162089558246
  ],
  "diameter": [
    13.73344331339667
  ],
  "elongation": [
    5.145127471299029
  ],
  "surface_area": [
    5889.29063205523
  ],
  "end_surface_area_head": [
    852.3973283237833
  ],
  "end_surface_area_tail": [
    1226.9355483448396
  ],
  "radius_head": [
    4.097277372529788
  ],
  "radius_tail": [
    5.07555678195169
  ],
  "irregularity": [
    1.9317819188806837
  ],
  "irregularity_of_end_surface_head": [
    0.061872622394627264
  ],
  "irregularity_of_end_surface_tail": [
    0.06596225659115422
  ],
  "mean_curvature": [
    0.371944577944036
  ],
  "fractal_dimension": [
    2.420659263874465
  ]
}