{
  "volume": [
    11675.90524816513
  ],
  "volume_endpoints": [
    2260.7900156974792
  ],
  "streamlines_count": [
    2922
  ],
  "avg_length": [
    66.63261413574219
  ],
  "std_length": [
    6.2629547119140625
  ],
  "min_length": [
    52.18531799316406
  ],
  "max_length": [
    87.16105651855469
  ],
  "span": [
    29.045635223388672
  ],
  "curl": [
    2.2940663415784766
  ],
  "diameter": [
    14.936777590039807
  ],
  "elongation": [
    4.460976521480402
  ],
  "surface_area": [
    6328.40440725233
  ],
  "end_surface_area_head": [
    936.3455500526408
  ],
  "end_surface_area_tail": [
    1317.3413255913015
  ],
  "radius_head": [
    4.392158117585537
  ],
  "radius_tail": [
    5.395530081042835
  ],
  "irregularity": [
    2.023953756086932
  ],
  "irregularity_of_end_surface_head": [
    0.06472464162519087
  ],
  "irregularity_of_end_surface_tail": [
    0.069425624167657
  ],
  "mean_curvature": [
    0.3740881709490305
  ],
  "fractal_dimension": [
    2.37834252449001
  ]
}