{
  "volume": [
    13849.51827096939
  ],
  "volume_endpoints": [
    2557.191791534424
  ],
  "streamlines_count": [
    2314
  ],
  "avg_length": [
    70.7144546508789
  ],
  "std_length": [
    5.444942951202393
  ],
  "min_length": [
    51.04051971435547
  ],
  "max_length": [
    88.56844329833984
  ],
  "span": [
    30.99147605895996
  ],
  "curl": [
    2.281738840587898
  ],
  "diameter": [
    15.791314930315208
  ],
  "elongation": [
    4.47805993123002
  ],
  "surface_area": [
    7555.33995559717
  ],
  "end_surface_area_head": [
    1013.8362162638938
  ],
  "end_surface_area_tail": [
    1633.761545953918
  ],
  "radius_head": [
    4.534523602781567
  ],
  "radius_tail": [
    6.376874624046482
  ],
  "irregularity": [
    2.1536625012892543
  ],
  "irregularity_of_end_surface_head": [
    0.06371554543976156
  ],
  "irregularity_of_end_surface_tail": [
    0.07819463552337498
  ],
  "mean_curvature": [
    0.3857411855418
  ],
  "fractal_dimension": [
    2.359117203030885
  ]
}