{
  "volume": [
    11269.079281330109
  ],
  "volume_endpoints": [
    2696.674980163574
  ],
  "streamlines_count": [
    2985
  ],
  "avg_length": [
    72.9587173461914
  ],
  "std_length": [
    4.999451637268066
  ],
  "min_length": [
    58.0958251953125
  ],
  "max_length": [
    88.66361999511719
  ],
  "span": [
    30.526058197021484
  ],
  "curl": [
    2.3900471156577368
  ],
  "diameter": [
    14.023637638049312
  ],
  "elongation": [
    5.2025529487611575
  ],
  "surface_area": [
    6244.456185523473
  ],
  "end_surface_area_head": [
    904.0577724646187
  ],
  "end_surface_area_tail": [
    1569.185990777874
  ],
  "radius_head": [
    4.329280224606809
  ],
  "radius_tail": [
    5.963632910644964
  ],
  "irregularity": [
    1.9427050916559165
  ],
  "irregularity_of_end_surface_head": [
    0.06513060069395309
  ],
  "irregularity_of_end_surface_tail": [
    0.0712028301157099
  ],
  "mean_curvature": [
    0.3783011803575097
  ],
  "fractal_dimension": [
    2.394354061742832
  ]
}