{
  "volume": [
    4899.3470005989075
  ],
  "volume_endpoints": [
    1139.1127071380615
  ],
  "streamlines_count": [
    961
  ],
  "avg_length": [
    66.99298095703125
  ],
  "std_length": [
    3.9305307865142822
  ],
  "min_length": [
    57.7669792175293
  ],
  "max_length": [
    79.3968505859375
  ],
  "span": [
    32.7871208190918
  ],
  "curl": [
    2.043271238321772
  ],
  "diameter": [
    9.64960437034266
  ],
  "elongation": [
    6.942562449806666
  ],
  "surface_area": [
    3493.5375350239906
  ],
  "end_surface_area_head": [
    794.2793286653435
  ],
  "end_surface_area_tail": [
    452.02888623230933
  ],
  "radius_head": [
    3.926569418680044
  ],
  "radius_tail": [
    3.3804148436248447
  ],
  "irregularity": [
    1.7201912347606059
  ],
  "irregularity_of_end_surface_head": [
    0.060982211844495045
  ],
  "irregularity_of_end_surface_tail": [
    0.07941886646805975
  ],
  "mean_curvature": [
    0.36867123522818024
  ],
  "fractal_dimension": [
    2.097466380656308
  ]
}