{
  "volume": [
    10298.50876045227
  ],
  "volume_endpoints": [
    2888.464364528656
  ],
  "streamlines_count": [
    3814
  ],
  "avg_length": [
    63.020294189453125
  ],
  "std_length": [
    4.552974224090576
  ],
  "min_length": [
    50.92911148071289
  ],
  "max_length": [
    77.02395629882812
  ],
  "span": [
    28.36055564880371
  ],
  "curl": [
    2.2221107008568577
  ],
  "diameter": [
    14.424541502671365
  ],
  "elongation": [
    4.368963420971268
  ],
  "surface_area": [
    5643.903522386262
  ],
  "end_surface_area_head": [
    781.3642176301347
  ],
  "end_surface_area_tail": [
    1892.0637666580947
  ],
  "radius_head": [
    4.120647441031671
  ],
  "radius_tail": [
    6.3789377884130865
  ],
  "irregularity": [
    1.9762744900592406
  ],
  "irregularity_of_end_surface_head": [
    0.06826958616651771
  ],
  "irregularity_of_end_surface_tail": [
    0.06756329740320709
  ],
  "mean_curvature": [
    0.3839224381601867
  ],
  "fractal_dimension": [
    2.382361284896349
  ]
}