{
  "volume": [
    6613.827860832214
  ],
  "volume_endpoints": [
    1080.9947118759155
  ],
  "streamlines_count": [
    2478
  ],
  "avg_length": [
    63.61445617675781
  ],
  "std_length": [
    4.481506824493408
  ],
  "min_length": [
    49.5818977355957
  ],
  "max_length": [
    78.63690948486328
  ],
  "span": [
    28.350963592529297
  ],
  "curl": [
    2.2438198958966153
  ],
  "diameter": [
    11.505449578854538
  ],
  "elongation": [
    5.529071744721092
  ],
  "surface_area": [
    4074.7175316083885
  ],
  "end_surface_area_head": [
    703.8735514188817
  ],
  "end_surface_area_tail": [
    471.4015527851226
  ],
  "radius_head": [
    3.9073890729970104
  ],
  "radius_tail": [
    3.4014977213500117
  ],
  "irregularity": [
    1.772099988632599
  ],
  "irregularity_of_end_surface_head": [
    0.06814414415545088
  ],
  "irregularity_of_end_surface_tail": [
    0.07710796342209963
  ],
  "mean_curvature": [
    0.38112151632393626
  ],
  "fractal_dimension": [
    2.267973215312604
  ]
}