{
  "volume": [
    3888.093883037567
  ],
  "volume_endpoints": [
    1743.5398578643799
  ],
  "streamlines_count": [
    2614
  ],
  "avg_length": [
    27.927494049072266
  ],
  "std_length": [
    5.15911340713501
  ],
  "min_length": [
    20.08835220336914
  ],
  "max_length": [
    44.14756393432617
  ],
  "span": [
    11.427055358886719
  ],
  "curl": [
    2.4439799381345697
  ],
  "diameter": [
    13.313966100576062
  ],
  "elongation": [
    2.097608919694028
  ],
  "surface_area": [
    2460.3286522072835
  ],
  "end_surface_area_head": [
    1091.3268824751467
  ],
  "end_surface_area_tail": [
    374.5382200210563
  ],
  "radius_head": [
    4.781255827831414
  ],
  "radius_tail": [
    2.800786972801383
  ],
  "irregularity": [
    2.1062205065745876
  ],
  "irregularity_of_end_surface_head": [
    0.06580804409502998
  ],
  "irregularity_of_end_surface_tail": [
    0.06579818074926762
  ],
  "mean_curvature": [
    0.42641595143371624
  ],
  "fractal_dimension": [
    2.2670119609700143
  ]
}