{
  "volume": [
    11333.00907611847
  ],
  "volume_endpoints": [
    2429.3322019577026
  ],
  "streamlines_count": [
    2637
  ],
  "avg_length": [
    82.27690887451172
  ],
  "std_length": [
    3.9581940174102783
  ],
  "min_length": [
    72.64444732666016
  ],
  "max_length": [
    96.01115417480469
  ],
  "span": [
    36.901771545410156
  ],
  "curl": [
    2.2296194851584388
  ],
  "diameter": [
    13.243070593734554
  ],
  "elongation": [
    6.2128271757033335
  ],
  "surface_area": [
    6567.333961403694
  ],
  "end_surface_area_head": [
    774.9066621125303
  ],
  "end_surface_area_tail": [
    1362.5442142145325
  ],
  "radius_head": [
    4.042873986019073
  ],
  "radius_tail": [
    5.170803545493413
  ],
  "irregularity": [
    1.918547551655344
  ],
  "irregularity_of_end_surface_head": [
    0.06626449425810865
  ],
  "irregularity_of_end_surface_tail": [
    0.06164748230347773
  ],
  "mean_curvature": [
    0.37513375795380294
  ],
  "fractal_dimension": [
    2.380747577029794
  ]
}