{
  "volume": [
    7938.918152809143
  ],
  "volume_endpoints": [
    2208.483819961548
  ],
  "streamlines_count": [
    1929
  ],
  "avg_length": [
    54.94810485839844
  ],
  "std_length": [
    4.85260534286499
  ],
  "min_length": [
    44.076927185058594
  ],
  "max_length": [
    72.06697082519531
  ],
  "span": [
    25.189054489135742
  ],
  "curl": [
    2.181427845261045
  ],
  "diameter": [
    13.563112449201897
  ],
  "elongation": [
    4.05129022296293
  ],
  "surface_area": [
    4655.897528192786
  ],
  "end_surface_area_head": [
    988.0059941934761
  ],
  "end_surface_area_tail": [
    1130.0722155807734
  ],
  "radius_head": [
    4.425523005708983
  ],
  "radius_tail": [
    4.8044716944508075
  ],
  "irregularity": [
    1.9885726402310615
  ],
  "irregularity_of_end_surface_head": [
    0.062275826311826384
  ],
  "irregularity_of_end_surface_tail": [
    0.06417043060232336
  ],
  "mean_curvature": [
    0.38771014869552994
  ],
  "fractal_dimension": [
    2.3280916828197618
  ]
}