{
  "volume": [
    17958.460536003113
  ],
  "volume_endpoints": [
    2998.8885555267334
  ],
  "streamlines_count": [
    2607
  ],
  "avg_length": [
    67.14804077148438
  ],
  "std_length": [
    6.881725311279297
  ],
  "min_length": [
    48.85981369018555
  ],
  "max_length": [
    92.77393341064453
  ],
  "span": [
    27.38106918334961
  ],
  "curl": [
    2.452352766864086
  ],
  "diameter": [
    18.45325311930071
  ],
  "elongation": [
    3.638818604902384
  ],
  "surface_area": [
    9744.451276065069
  ],
  "end_surface_area_head": [
    1026.7513272991027
  ],
  "end_surface_area_tail": [
    1988.927099422161
  ],
  "radius_head": [
    4.539308683230856
  ],
  "radius_tail": [
    6.581774536440692
  ],
  "irregularity": [
    2.5032327457220633
  ],
  "irregularity_of_end_surface_head": [
    0.0630469429656714
  ],
  "irregularity_of_end_surface_tail": [
    0.0684253472120377
  ],
  "mean_curvature": [
    0.39617998467627547
  ],
  "fractal_dimension": [
    2.401699414660337
  ]
}