{
  "volume": [
    13070.737134456635
  ],
  "volume_endpoints": [
    3144.1835436820984
  ],
  "streamlines_count": [
    3476
  ],
  "avg_length": [
    65.58502960205078
  ],
  "std_length": [
    5.297411918640137
  ],
  "min_length": [
    51.21116638183594
  ],
  "max_length": [
    82.92195892333984
  ],
  "span": [
    27.096927642822266
  ],
  "curl": [
    2.420386195311839
  ],
  "diameter": [
    15.929521858646197
  ],
  "elongation": [
    4.11720013846195
  ],
  "surface_area": [
    7045.193069706421
  ],
  "end_surface_area_head": [
    962.1757721230584
  ],
  "end_surface_area_tail": [
    1950.1817663165345
  ],
  "radius_head": [
    4.599610664568528
  ],
  "radius_tail": [
    6.757451952648532
  ],
  "irregularity": [
    2.146523104393694
  ],
  "irregularity_of_end_surface_head": [
    0.06907765724849356
  ],
  "irregularity_of_end_surface_tail": [
    0.07355982950434967
  ],
  "mean_curvature": [
    0.3806708298186301
  ],
  "fractal_dimension": [
    2.4230873750022717
  ]
}