{
  "volume": [
    9984.671586036682
  ],
  "volume_endpoints": [
    2272.4136147499084
  ],
  "streamlines_count": [
    2875
  ],
  "avg_length": [
    66.94824981689453
  ],
  "std_length": [
    4.7029852867126465
  ],
  "min_length": [
    52.81731033325195
  ],
  "max_length": [
    83.62630462646484
  ],
  "span": [
    31.481182098388672
  ],
  "curl": [
    2.126611688457569
  ],
  "diameter": [
    13.780098999493891
  ],
  "elongation": [
    4.858328653470006
  ],
  "surface_area": [
    5495.37974548136
  ],
  "end_surface_area_head": [
    1071.9542159223336
  ],
  "end_surface_area_tail": [
    1059.0391048871247
  ],
  "radius_head": [
    4.675334513812289
  ],
  "radius_tail": [
    5.279981157524448
  ],
  "irregularity": [
    1.8960783106389012
  ],
  "irregularity_of_end_surface_head": [
    0.06406178197119543
  ],
  "irregularity_of_end_surface_tail": [
    0.08269945002743383
  ],
  "mean_curvature": [
    0.3759051628942075
  ],
  "fractal_dimension": [
    2.4282682632011463
  ]
}