{
  "volume": [
    12663.911167621613
  ],
  "volume_endpoints": [
    2981.4531569480896
  ],
  "streamlines_count": [
    2530
  ],
  "avg_length": [
    72.53087615966797
  ],
  "std_length": [
    6.68179178237915
  ],
  "min_length": [
    47.9544563293457
  ],
  "max_length": [
    94.26164245605469
  ],
  "span": [
    33.28078079223633
  ],
  "curl": [
    2.179362215461839
  ],
  "diameter": [
    14.909995940227455
  ],
  "elongation": [
    4.864580543846982
  ],
  "surface_area": [
    7200.174402128927
  ],
  "end_surface_area_head": [
    1071.9542159223336
  ],
  "end_surface_area_tail": [
    1788.742878376424
  ],
  "radius_head": [
    4.64511321138502
  ],
  "radius_tail": [
    6.5417865922290455
  ],
  "irregularity": [
    2.1193012506900355
  ],
  "irregularity_of_end_surface_head": [
    0.06323626959635158
  ],
  "irregularity_of_end_surface_tail": [
    0.07516137210110503
  ],
  "mean_curvature": [
    0.3832448175302136
  ],
  "fractal_dimension": [
    2.3646140733562544
  ]
}