{
  "volume": [
    14982.819178581238
  ],
  "volume_endpoints": [
    3678.8691000938416
  ],
  "streamlines_count": [
    8931
  ],
  "avg_length": [
    62.31206512451172
  ],
  "std_length": [
    7.654596328735352
  ],
  "min_length": [
    45.26936721801758
  ],
  "max_length": [
    105.53073120117188
  ],
  "span": [
    28.336423873901367
  ],
  "curl": [
    2.1990094939927425
  ],
  "diameter": [
    17.497087194101933
  ],
  "elongation": [
    3.5612821970457116
  ],
  "surface_area": [
    8078.401952523128
  ],
  "end_surface_area_head": [
    1743.5399897531931
  ],
  "end_surface_area_tail": [
    1220.477992827235
  ],
  "radius_head": [
    5.653356534722256
  ],
  "radius_tail": [
    5.023575054001095
  ],
  "irregularity": [
    2.3585097982488823
  ],
  "irregularity_of_end_surface_head": [
    0.05758782961161689
  ],
  "irregularity_of_end_surface_tail": [
    0.06495995422661698
  ],
  "mean_curvature": [
    0.3868459342522045
  ],
  "fractal_dimension": [
    2.4189522873527127
  ]
}