{
  "volume": [
    6852.111641407013
  ],
  "volume_endpoints": [
    1505.2560772895813
  ],
  "streamlines_count": [
    930
  ],
  "avg_length": [
    78.64762115478516
  ],
  "std_length": [
    5.002042770385742
  ],
  "min_length": [
    65.80950927734375
  ],
  "max_length": [
    93.68539428710938
  ],
  "span": [
    37.83293914794922
  ],
  "curl": [
    2.0788134077351574
  ],
  "diameter": [
    10.532330507197882
  ],
  "elongation": [
    7.46725723248399
  ],
  "surface_area": [
    4804.421305097688
  ],
  "end_surface_area_head": [
    1065.496660404729
  ],
  "end_surface_area_tail": [
    535.9771079611668
  ],
  "radius_head": [
    4.54198334316337
  ],
  "radius_tail": [
    4.569353371101876
  ],
  "irregularity": [
    1.8462101804985065
  ],
  "irregularity_of_end_surface_head": [
    0.06082594350633522
  ],
  "irregularity_of_end_surface_tail": [
    0.12238075348116127
  ],
  "mean_curvature": [
    0.37443817376449545
  ],
  "fractal_dimension": [
    2.246574813971512
  ]
}