{
  "volume": [
    11995.554222106934
  ],
  "volume_endpoints": [
    1946.9528412818909
  ],
  "streamlines_count": [
    1149
  ],
  "avg_length": [
    62.046390533447266
  ],
  "std_length": [
    6.887677192687988
  ],
  "min_length": [
    41.19962692260742
  ],
  "max_length": [
    82.0277328491211
  ],
  "span": [
    25.813161849975586
  ],
  "curl": [
    2.403672626160904
  ],
  "diameter": [
    15.689422467587406
  ],
  "elongation": [
    3.9546637654526915
  ],
  "surface_area": [
    6715.857738308596
  ],
  "end_surface_area_head": [
    1317.3413255913015
  ],
  "end_surface_area_tail": [
    1136.5297710983778
  ],
  "radius_head": [
    6.242802694046383
  ],
  "radius_tail": [
    4.906936573241281
  ],
  "irregularity": [
    2.195978762997757
  ],
  "irregularity_of_end_surface_head": [
    0.09294173487674948
  ],
  "irregularity_of_end_surface_tail": [
    0.06655641866597352
  ],
  "mean_curvature": [
    0.3963196423647194
  ],
  "fractal_dimension": [
    2.348971769681192
  ]
}