{
  "volume": [
    9920.741791248322
  ],
  "volume_endpoints": [
    2597.874388217926
  ],
  "streamlines_count": [
    3255
  ],
  "avg_length": [
    64.39361572265625
  ],
  "std_length": [
    5.241631031036377
  ],
  "min_length": [
    48.121337890625
  ],
  "max_length": [
    81.54769897460938
  ],
  "span": [
    30.831777572631836
  ],
  "curl": [
    2.0885469730365447
  ],
  "diameter": [
    14.005729253862578
  ],
  "elongation": [
    4.597662467657471
  ],
  "surface_area": [
    5902.205743090439
  ],
  "end_surface_area_head": [
    1110.69954902796
  ],
  "end_surface_area_tail": [
    1446.4924359433899
  ],
  "radius_head": [
    4.9851057471577604
  ],
  "radius_tail": [
    5.441716576793483
  ],
  "irregularity": [
    2.083127889469942
  ],
  "irregularity_of_end_surface_head": [
    0.07029137319990356
  ],
  "irregularity_of_end_surface_tail": [
    0.0643140031707163
  ],
  "mean_curvature": [
    0.3652850441302755
  ],
  "fractal_dimension": [
    2.3105772381509886
  ]
}