{
  "volume": [
    8560.780702114105
  ],
  "volume_endpoints": [
    1981.8236384391785
  ],
  "streamlines_count": [
    2942
  ],
  "avg_length": [
    69.62509155273438
  ],
  "std_length": [
    4.133033752441406
  ],
  "min_length": [
    56.37458801269531
  ],
  "max_length": [
    83.3821029663086
  ],
  "span": [
    29.160940170288086
  ],
  "curl": [
    2.3876147732601223
  ],
  "diameter": [
    12.512061077304843
  ],
  "elongation": [
    5.564638081812493
  ],
  "surface_area": [
    5256.450191329997
  ],
  "end_surface_area_head": [
    1026.7513272991027
  ],
  "end_surface_area_tail": [
    820.1095507357612
  ],
  "radius_head": [
    4.774913531603555
  ],
  "radius_tail": [
    3.972148420606094
  ],
  "irregularity": [
    1.9206491829503891
  ],
  "irregularity_of_end_surface_head": [
    0.0697614698645567
  ],
  "irregularity_of_end_surface_tail": [
    0.060440623867357025
  ],
  "mean_curvature": [
    0.36719738065507607
  ],
  "fractal_dimension": [
    2.3379154137631466
  ]
}