{
  "volume": [
    11135.407892227173
  ],
  "volume_endpoints": [
    2882.6525650024414
  ],
  "streamlines_count": [
    2173
  ],
  "avg_length": [
    66.0665283203125
  ],
  "std_length": [
    6.214226722717285
  ],
  "min_length": [
    47.43429946899414
  ],
  "max_length": [
    85.70811462402344
  ],
  "span": [
    30.206501007080078
  ],
  "curl": [
    2.1871625682440747
  ],
  "diameter": [
    14.649317148090223
  ],
  "elongation": [
    4.5098708460227
  ],
  "surface_area": [
    6780.43329348464
  ],
  "end_surface_area_head": [
    1226.9355483448396
  ],
  "end_surface_area_tail": [
    1904.9788776933037
  ],
  "radius_head": [
    5.135974136217211
  ],
  "radius_tail": [
    6.417146158278076
  ],
  "irregularity": [
    2.2300197415098872
  ],
  "irregularity_of_end_surface_head": [
    0.06754197865128138
  ],
  "irregularity_of_end_surface_tail": [
    0.06791153862102718
  ],
  "mean_curvature": [
    0.3815560982461026
  ],
  "fractal_dimension": [
    2.339004273538622
  ]
}