{
  "volume": [
    12059.484016895294
  ],
  "volume_endpoints": [
    2865.2171664237976
  ],
  "streamlines_count": [
    3269
  ],
  "avg_length": [
    65.70808410644531
  ],
  "std_length": [
    5.410215854644775
  ],
  "min_length": [
    49.7918701171875
  ],
  "max_length": [
    84.45833587646484
  ],
  "span": [
    26.399152755737305
  ],
  "curl": [
    2.489022458956189
  ],
  "diameter": [
    15.286568975724823
  ],
  "elongation": [
    4.298419364789457
  ],
  "surface_area": [
    6864.381515213498
  ],
  "end_surface_area_head": [
    1117.1571045455644
  ],
  "end_surface_area_tail": [
    1523.983102154643
  ],
  "radius_head": [
    5.008194348678737
  ],
  "radius_tail": [
    6.2563366283902155
  ],
  "irregularity": [
    2.1753178112967158
  ],
  "irregularity_of_end_surface_head": [
    0.07053391150166027
  ],
  "irregularity_of_end_surface_tail": [
    0.08068818336365764
  ],
  "mean_curvature": [
    0.37332370493455047
  ],
  "fractal_dimension": [
    2.3970733465496594
  ]
}