{
  "volume": [
    5712.998934268951
  ],
  "volume_endpoints": [
    1760.9752564430237
  ],
  "streamlines_count": [
    1322
  ],
  "avg_length": [
    64.21139526367188
  ],
  "std_length": [
    7.355968475341797
  ],
  "min_length": [
    44.21393585205078
  ],
  "max_length": [
    91.92838287353516
  ],
  "span": [
    30.842721939086914
  ],
  "curl": [
    2.081897810137727
  ],
  "diameter": [
    10.643416990627617
  ],
  "elongation": [
    6.032968107912634
  ],
  "surface_area": [
    4165.123308854851
  ],
  "end_surface_area_head": [
    1052.5815493695204
  ],
  "end_surface_area_tail": [
    710.3311069364861
  ],
  "radius_head": [
    4.822897177611464
  ],
  "radius_tail": [
    5.719808806052857
  ],
  "irregularity": [
    1.939924403259037
  ],
  "irregularity_of_end_surface_head": [
    0.06942407879630885
  ],
  "irregularity_of_end_surface_tail": [
    0.14469451318173304
  ],
  "mean_curvature": [
    0.3554119148972175
  ],
  "fractal_dimension": [
    2.1981949130802416
  ]
}