{
  "volume": [
    11983.930623054504
  ],
  "volume_endpoints": [
    2801.287371635437
  ],
  "streamlines_count": [
    3355
  ],
  "avg_length": [
    69.7334976196289
  ],
  "std_length": [
    5.223601341247559
  ],
  "min_length": [
    55.75956726074219
  ],
  "max_length": [
    87.20618438720703
  ],
  "span": [
    32.8039436340332
  ],
  "curl": [
    2.125765682248103
  ],
  "diameter": [
    14.792241143133303
  ],
  "elongation": [
    4.714194214715047
  ],
  "surface_area": [
    6405.895073463584
  ],
  "end_surface_area_head": [
    962.1757721230584
  ],
  "end_surface_area_tail": [
    1717.7097676827755
  ],
  "radius_head": [
    4.602299584096325
  ],
  "radius_tail": [
    5.969161756239247
  ],
  "irregularity": [
    1.9767626258197335
  ],
  "irregularity_of_end_surface_head": [
    0.06915844606643805
  ],
  "irregularity_of_end_surface_tail": [
    0.06516685815073463
  ],
  "mean_curvature": [
    0.36620151023928704
  ],
  "fractal_dimension": [
    2.3812334749270865
  ]
}