{
  "volume": [
    18690.747276306152
  ],
  "volume_endpoints": [
    4492.5210337638855
  ],
  "streamlines_count": [
    3202
  ],
  "avg_length": [
    90.68516540527344
  ],
  "std_length": [
    11.371658325195312
  ],
  "min_length": [
    62.869232177734375
  ],
  "max_length": [
    125.94091796875
  ],
  "span": [
    39.02391052246094
  ],
  "curl": [
    2.3238359301043885
  ],
  "diameter": [
    16.19944990677625
  ],
  "elongation": [
    5.598039805496095
  ],
  "surface_area": [
    10622.678826459269
  ],
  "end_surface_area_head": [
    1336.7139921441149
  ],
  "end_surface_area_tail": [
    3519.3677570944083
  ],
  "radius_head": [
    5.278341573451865
  ],
  "radius_tail": [
    9.575910626952636
  ],
  "irregularity": [
    2.3016944023306065
  ],
  "irregularity_of_end_surface_head": [
    0.06547965168752365
  ],
  "irregularity_of_end_surface_tail": [
    0.08185503338880538
  ],
  "mean_curvature": [
    0.36124719067858874
  ],
  "fractal_dimension": [
    2.414871619571259
  ]
}