{
  "volume": [
    5596.762943744659
  ],
  "volume_endpoints": [
    1592.4330701828003
  ],
  "streamlines_count": [
    1085
  ],
  "avg_length": [
    71.98702239990234
  ],
  "std_length": [
    6.041215419769287
  ],
  "min_length": [
    56.32394790649414
  ],
  "max_length": [
    88.81600952148438
  ],
  "span": [
    35.1369743347168
  ],
  "curl": [
    2.0487541617599145
  ],
  "diameter": [
    9.94938898147943
  ],
  "elongation": [
    7.235320936180565
  ],
  "surface_area": [
    3958.4815322915088
  ],
  "end_surface_area_head": [
    1207.5628817920265
  ],
  "end_surface_area_tail": [
    452.02888623230933
  ],
  "radius_head": [
    4.811631248349629
  ],
  "radius_tail": [
    4.083085094863748
  ],
  "irregularity": [
    1.7592523096225576
  ],
  "irregularity_of_end_surface_head": [
    0.06023165421415358
  ],
  "irregularity_of_end_surface_tail": [
    0.11586720909596301
  ],
  "mean_curvature": [
    0.34465049639824896
  ],
  "fractal_dimension": [
    2.298325740868527
  ]
}