{
  "volume": [
    5329.420165538788
  ],
  "volume_endpoints": [
    714.8513417243958
  ],
  "streamlines_count": [
    1117
  ],
  "avg_length": [
    71.18794250488281
  ],
  "std_length": [
    5.79416036605835
  ],
  "min_length": [
    56.95639419555664
  ],
  "max_length": [
    84.53720092773438
  ],
  "span": [
    29.50795555114746
  ],
  "curl": [
    2.4124999911122127
  ],
  "diameter": [
    9.763191756168773
  ],
  "elongation": [
    7.291462083585876
  ],
  "surface_area": [
    3964.9390878091135
  ],
  "end_surface_area_head": [
    387.45333105626514
  ],
  "end_surface_area_tail": [
    749.0764400421126
  ],
  "radius_head": [
    3.198887601357523
  ],
  "radius_tail": [
    4.348847548195071
  ],
  "irregularity": [
    1.8158851907623879
  ],
  "irregularity_of_end_surface_head": [
    0.08297140321608117
  ],
  "irregularity_of_end_surface_tail": [
    0.0793180633338635
  ],
  "mean_curvature": [
    0.3567902523433938
  ],
  "fractal_dimension": [
    2.2139704196955488
  ]
}