{
  "volume": [
    6613.827860832214
  ],
  "volume_endpoints": [
    1237.9132990837097
  ],
  "streamlines_count": [
    1160
  ],
  "avg_length": [
    72.4795913696289
  ],
  "std_length": [
    5.293875217437744
  ],
  "min_length": [
    57.52768325805664
  ],
  "max_length": [
    87.86911010742188
  ],
  "span": [
    17.361764907836914
  ],
  "curl": [
    4.174667250384919
  ],
  "diameter": [
    10.778879946902116
  ],
  "elongation": [
    6.724222899472943
  ],
  "surface_area": [
    4817.336416132896
  ],
  "end_surface_area_head": [
    529.5195524435624
  ],
  "end_surface_area_tail": [
    1046.1239938519159
  ],
  "radius_head": [
    3.8788559690259956
  ],
  "radius_tail": [
    5.311663727988849
  ],
  "irregularity": [
    1.9627624117965183
  ],
  "irregularity_of_end_surface_head": [
    0.08926376048329886
  ],
  "irregularity_of_end_surface_tail": [
    0.08472817560964196
  ],
  "mean_curvature": [
    0.36388339428552263
  ],
  "fractal_dimension": [
    2.2651161339931716
  ]
}