{
  "volume": [
    15691.858720779419
  ],
  "volume_endpoints": [
    3766.0460929870605
  ],
  "streamlines_count": [
    3766
  ],
  "avg_length": [
    81.54246520996094
  ],
  "std_length": [
    6.855772018432617
  ],
  "min_length": [
    62.8300666809082
  ],
  "max_length": [
    103.84579467773438
  ],
  "span": [
    32.300838470458984
  ],
  "curl": [
    2.524468994343175
  ],
  "diameter": [
    15.653099126163898
  ],
  "elongation": [
    5.209349570505437
  ],
  "surface_area": [
    9034.120169128582
  ],
  "end_surface_area_head": [
    1304.4262145560926
  ],
  "end_surface_area_tail": [
    2234.3142090911288
  ],
  "radius_head": [
    5.24835758960452
  ],
  "radius_tail": [
    7.37065463705245
  ],
  "irregularity": [
    2.2529513718120944
  ],
  "irregularity_of_end_surface_head": [
    0.06634026308798056
  ],
  "irregularity_of_end_surface_tail": [
    0.07638670021665331
  ],
  "mean_curvature": [
    0.3596850663376057
  ],
  "fractal_dimension": [
    2.355383439170373
  ]
}