{
  "volume": [
    9630.151814937592
  ],
  "volume_endpoints": [
    1999.2590370178223
  ],
  "streamlines_count": [
    1778
  ],
  "avg_length": [
    78.93412017822266
  ],
  "std_length": [
    5.511312007904053
  ],
  "min_length": [
    62.96316146850586
  ],
  "max_length": [
    94.33403015136719
  ],
  "span": [
    38.493595123291016
  ],
  "curl": [
    2.0505780227958654
  ],
  "diameter": [
    12.463477667803849
  ],
  "elongation": [
    6.333233972258675
  ],
  "surface_area": [
    5663.276188939076
  ],
  "end_surface_area_head": [
    1252.7657704152573
  ],
  "end_surface_area_tail": [
    581.1799965843977
  ],
  "radius_head": [
    5.047807668592303
  ],
  "radius_tail": [
    4.312845041753814
  ],
  "irregularity": [
    1.832372886322584
  ],
  "irregularity_of_end_surface_head": [
    0.06389775389333863
  ],
  "irregularity_of_end_surface_tail": [
    0.1005464921357321
  ],
  "mean_curvature": [
    0.3541753851757275
  ],
  "fractal_dimension": [
    2.3710621305846082
  ]
}