{
  "volume": [
    6160.507497787476
  ],
  "volume_endpoints": [
    1476.1970796585083
  ],
  "streamlines_count": [
    2464
  ],
  "avg_length": [
    63.14588165283203
  ],
  "std_length": [
    3.7177369594573975
  ],
  "min_length": [
    52.71239471435547
  ],
  "max_length": [
    76.41526794433594
  ],
  "span": [
    30.203325271606445
  ],
  "curl": [
    2.0906930308165186
  ],
  "diameter": [
    11.145275002806319
  ],
  "elongation": [
    5.665708709469461
  ],
  "surface_area": [
    3997.2268653971355
  ],
  "end_surface_area_head": [
    813.6519952181568
  ],
  "end_surface_area_tail": [
    574.7224410667933
  ],
  "radius_head": [
    4.085744599742139
  ],
  "radius_tail": [
    3.947674045347233
  ],
  "irregularity": [
    1.8078945882078952
  ],
  "irregularity_of_end_surface_head": [
    0.0644545543062422
  ],
  "irregularity_of_end_surface_tail": [
    0.08518718946624998
  ],
  "mean_curvature": [
    0.37273055855668596
  ],
  "fractal_dimension": [
    2.307908511633777
  ]
}