{
  "volume": [
    7311.243803977966
  ],
  "volume_endpoints": [
    1650.5510654449463
  ],
  "streamlines_count": [
    2211
  ],
  "avg_length": [
    69.49256134033203
  ],
  "std_length": [
    3.343226671218872
  ],
  "min_length": [
    58.456268310546875
  ],
  "max_length": [
    80.85431671142578
  ],
  "span": [
    33.81824493408203
  ],
  "curl": [
    2.0548837314232538
  ],
  "diameter": [
    11.573948163016139
  ],
  "elongation": [
    6.004222618033781
  ],
  "surface_area": [
    4772.133527509665
  ],
  "end_surface_area_head": [
    852.3973283237833
  ],
  "end_surface_area_tail": [
    794.2793286653435
  ],
  "radius_head": [
    4.1577728568731
  ],
  "radius_tail": [
    4.338011492559222
  ],
  "irregularity": [
    1.8886125109224534
  ],
  "irregularity_of_end_surface_head": [
    0.06371318447844046
  ],
  "irregularity_of_end_surface_tail": [
    0.07443171214095684
  ],
  "mean_curvature": [
    0.3781517831678576
  ],
  "fractal_dimension": [
    2.254693853258181
  ]
}