{
  "volume": [
    7340.302801609039
  ],
  "volume_endpoints": [
    2208.483819961548
  ],
  "streamlines_count": [
    2156
  ],
  "avg_length": [
    63.7777214050293
  ],
  "std_length": [
    4.9320244789123535
  ],
  "min_length": [
    50.040401458740234
  ],
  "max_length": [
    80.91987609863281
  ],
  "span": [
    30.465898513793945
  ],
  "curl": [
    2.0934134398219983
  ],
  "diameter": [
    12.105355491445192
  ],
  "elongation": [
    5.268554190754726
  ],
  "surface_area": [
    4791.506194062479
  ],
  "end_surface_area_head": [
    994.4635497110805
  ],
  "end_surface_area_tail": [
    1259.2233259328618
  ],
  "radius_head": [
    4.437698256246089
  ],
  "radius_tail": [
    5.6335985623883955
  ],
  "irregularity": [
    1.9754936337869227
  ],
  "irregularity_of_end_surface_head": [
    0.0622123405765439
  ],
  "irregularity_of_end_surface_tail": [
    0.07918062154343344
  ],
  "mean_curvature": [
    0.37447463911793893
  ],
  "fractal_dimension": [
    2.2762853606832016
  ]
}