{
  "volume": [
    6904.417837142944
  ],
  "volume_endpoints": [
    1569.185872077942
  ],
  "streamlines_count": [
    906
  ],
  "avg_length": [
    74.78251647949219
  ],
  "std_length": [
    4.525467395782471
  ],
  "min_length": [
    64.0671157836914
  ],
  "max_length": [
    88.59686279296875
  ],
  "span": [
    35.64542770385742
  ],
  "curl": [
    2.0979553703433185
  ],
  "diameter": [
    10.84222846933894
  ],
  "elongation": [
    6.89733818937425
  ],
  "surface_area": [
    4778.59108302727
  ],
  "end_surface_area_head": [
    1136.5297710983778
  ],
  "end_surface_area_tail": [
    503.6893303731447
  ],
  "radius_head": [
    4.538719078787542
  ],
  "radius_tail": [
    3.4547155724472676
  ],
  "irregularity": [
    1.8759936574597116
  ],
  "irregularity_of_end_surface_head": [
    0.056942386213193856
  ],
  "irregularity_of_end_surface_tail": [
    0.0744409173875436
  ],
  "mean_curvature": [
    0.37952277014981833
  ],
  "fractal_dimension": [
    2.258082907476674
  ]
}