{
  "volume": [
    9019.912864685059
  ],
  "volume_endpoints": [
    1702.8572611808777
  ],
  "streamlines_count": [
    1056
  ],
  "avg_length": [
    73.8072509765625
  ],
  "std_length": [
    6.228064060211182
  ],
  "min_length": [
    55.181949615478516
  ],
  "max_length": [
    90.07820129394531
  ],
  "span": [
    33.61716842651367
  ],
  "curl": [
    2.1955225389640827
  ],
  "diameter": [
    12.474028025012915
  ],
  "elongation": [
    5.916873910220839
  ],
  "surface_area": [
    5385.601301682085
  ],
  "end_surface_area_head": [
    1162.3599931687954
  ],
  "end_surface_area_tail": [
    568.2648855491889
  ],
  "radius_head": [
    4.686760853381351
  ],
  "radius_tail": [
    3.9532877622464064
  ],
  "irregularity": [
    1.8619953035176589
  ],
  "irregularity_of_end_surface_head": [
    0.05936832643234695
  ],
  "irregularity_of_end_surface_tail": [
    0.08640043082310764
  ],
  "mean_curvature": [
    0.38654207999846246
  ],
  "fractal_dimension": [
    2.3786275700224153
  ]
}