{
  "volume": [
    5742.057931900024
  ],
  "volume_endpoints": [
    1493.632478237152
  ],
  "streamlines_count": [
    938
  ],
  "avg_length": [
    58.53310012817383
  ],
  "std_length": [
    6.525160789489746
  ],
  "min_length": [
    42.25638961791992
  ],
  "max_length": [
    82.707763671875
  ],
  "span": [
    22.97867774963379
  ],
  "curl": [
    2.5472788628626235
  ],
  "diameter": [
    11.176043434263121
  ],
  "elongation": [
    5.237372284070148
  ],
  "surface_area": [
    3990.7693098795307
  ],
  "end_surface_area_head": [
    761.9915510773214
  ],
  "end_surface_area_tail": [
    891.1426614294098
  ],
  "radius_head": [
    4.017134452116909
  ],
  "radius_tail": [
    4.424136697478062
  ],
  "irregularity": [
    1.9418565465682966
  ],
  "irregularity_of_end_surface_head": [
    0.06653228697269334
  ],
  "irregularity_of_end_surface_tail": [
    0.0690016875787866
  ],
  "mean_curvature": [
    0.4229779961203207
  ],
  "fractal_dimension": [
    2.185571254182886
  ]
}