{
  "volume": [
    11187.714087963104
  ],
  "volume_endpoints": [
    2725.733977794647
  ],
  "streamlines_count": [
    3419
  ],
  "avg_length": [
    68.8425521850586
  ],
  "std_length": [
    6.8829193115234375
  ],
  "min_length": [
    48.0672721862793
  ],
  "max_length": [
    89.1054916381836
  ],
  "span": [
    28.81255340576172
  ],
  "curl": [
    2.389324931239589
  ],
  "diameter": [
    14.38458237501208
  ],
  "elongation": [
    4.785856856341356
  ],
  "surface_area": [
    5889.29063205523
  ],
  "end_surface_area_head": [
    1091.3268824751467
  ],
  "end_surface_area_tail": [
    1252.7657704152573
  ],
  "radius_head": [
    4.6921892222270944
  ],
  "radius_tail": [
    5.44107668570819
  ],
  "irregularity": [
    1.8930360921166756
  ],
  "irregularity_of_end_surface_head": [
    0.06337909808703183
  ],
  "irregularity_of_end_surface_tail": [
    0.07424200427380433
  ],
  "mean_curvature": [
    0.3828533836260425
  ],
  "fractal_dimension": [
    2.4591381073624854
  ]
}