{
  "volume": [
    14651.546605587006
  ],
  "volume_endpoints": [
    3812.5404891967773
  ],
  "streamlines_count": [
    3309
  ],
  "avg_length": [
    74.4032211303711
  ],
  "std_length": [
    6.19591760635376
  ],
  "min_length": [
    57.53770446777344
  ],
  "max_length": [
    95.10554504394531
  ],
  "span": [
    31.617538452148438
  ],
  "curl": [
    2.3532262400179143
  ],
  "diameter": [
    15.834374995737388
  ],
  "elongation": [
    4.698841675178239
  ],
  "surface_area": [
    7910.505509065413
  ],
  "end_surface_area_head": [
    1155.9024376511911
  ],
  "end_surface_area_tail": [
    2227.8566535735245
  ],
  "radius_head": [
    4.763492514248252
  ],
  "radius_tail": [
    6.553785854485781
  ],
  "irregularity": [
    2.137281373910114
  ],
  "irregularity_of_end_surface_head": [
    0.06167081207695448
  ],
  "irregularity_of_end_surface_tail": [
    0.06056854239578873
  ],
  "mean_curvature": [
    0.38419512780673126
  ],
  "fractal_dimension": [
    2.451240169557484
  ]
}