{
  "volume": [
    7729.6933698654175
  ],
  "volume_endpoints": [
    1359.9610891342163
  ],
  "streamlines_count": [
    1176
  ],
  "avg_length": [
    84.95142364501953
  ],
  "std_length": [
    4.913665771484375
  ],
  "min_length": [
    71.77533721923828
  ],
  "max_length": [
    98.63775634765625
  ],
  "span": [
    41.295143127441406
  ],
  "curl": [
    2.0571771208747234
  ],
  "diameter": [
    10.763434238517421
  ],
  "elongation": [
    7.892594664723006
  ],
  "surface_area": [
    5230.619969259579
  ],
  "end_surface_area_head": [
    994.4635497110805
  ],
  "end_surface_area_tail": [
    581.1799965843977
  ],
  "radius_head": [
    4.490149785619624
  ],
  "radius_tail": [
    4.483177916453223
  ],
  "irregularity": [
    1.820881869819298
  ],
  "irregularity_of_end_surface_head": [
    0.06369167358806993
  ],
  "irregularity_of_end_surface_tail": [
    0.10864535499365413
  ],
  "mean_curvature": [
    0.3566628345573435
  ],
  "fractal_dimension": [
    2.224252914430131
  ]
}