{
  "volume": [
    9839.376597881317
  ],
  "volume_endpoints": [
    2388.6496052742004
  ],
  "streamlines_count": [
    3114
  ],
  "avg_length": [
    78.06898498535156
  ],
  "std_length": [
    4.488985061645508
  ],
  "min_length": [
    61.96889114379883
  ],
  "max_length": [
    91.7287826538086
  ],
  "span": [
    35.234073638916016
  ],
  "curl": [
    2.215724068281574
  ],
  "diameter": [
    12.667752934452725
  ],
  "elongation": [
    6.16281240953365
  ],
  "surface_area": [
    6005.5266313721095
  ],
  "end_surface_area_head": [
    833.02466177097
  ],
  "end_surface_area_tail": [
    1401.2895473201588
  ],
  "radius_head": [
    4.443230057821164
  ],
  "radius_tail": [
    4.9848902852856405
  ],
  "irregularity": [
    1.932961068485765
  ],
  "irregularity_of_end_surface_head": [
    0.07445427079101245
  ],
  "irregularity_of_end_surface_tail": [
    0.05571000514356632
  ],
  "mean_curvature": [
    0.3498416511041657
  ],
  "fractal_dimension": [
    2.2610954278236792
  ]
}