{
  "volume": [
    5846.670323371887
  ],
  "volume_endpoints": [
    1452.94988155365
  ],
  "streamlines_count": [
    1594
  ],
  "avg_length": [
    74.40999603271484
  ],
  "std_length": [
    7.472424030303955
  ],
  "min_length": [
    56.12407684326172
  ],
  "max_length": [
    94.02613830566406
  ],
  "span": [
    36.47473907470703
  ],
  "curl": [
    2.0400419007880872
  ],
  "diameter": [
    10.002158252278372
  ],
  "elongation": [
    7.439393994367679
  ],
  "surface_area": [
    4249.0715305837075
  ],
  "end_surface_area_head": [
    871.7699948765966
  ],
  "end_surface_area_tail": [
    703.8735514188817
  ],
  "radius_head": [
    4.407797093368702
  ],
  "radius_tail": [
    4.832104328078251
  ],
  "irregularity": [
    1.8172687839203503
  ],
  "irregularity_of_end_surface_head": [
    0.07001500818708532
  ],
  "irregularity_of_end_surface_tail": [
    0.10421442362227161
  ],
  "mean_curvature": [
    0.33080469979583244
  ],
  "fractal_dimension": [
    2.1914068950828893
  ]
}