{
  "volume": [
    1865.5876479148865
  ],
  "volume_endpoints": [
    1051.9357142448425
  ],
  "streamlines_count": [
    3995
  ],
  "avg_length": [
    24.863367080688477
  ],
  "std_length": [
    3.299098491668701
  ],
  "min_length": [
    20.100990295410156
  ],
  "max_length": [
    36.458412170410156
  ],
  "span": [
    11.54236125946045
  ],
  "curl": [
    2.1540971142546548
  ],
  "diameter": [
    9.774238166569214
  ],
  "elongation": [
    2.543765218012443
  ],
  "surface_area": [
    1504.6104356018295
  ],
  "end_surface_area_head": [
    697.4159959012773
  ],
  "end_surface_area_tail": [
    329.33533139782537
  ],
  "radius_head": [
    4.041522748898799
  ],
  "radius_tail": [
    2.802635837822491
  ],
  "irregularity": [
    1.9707491044329482
  ],
  "irregularity_of_end_surface_head": [
    0.07357800767918968
  ],
  "irregularity_of_end_surface_tail": [
    0.07492812935376542
  ],
  "mean_curvature": [
    0.39018750454815515
  ],
  "fractal_dimension": [
    2.1615216828084796
  ]
}