{
  "volume": [
    12181.5318069458
  ],
  "volume_endpoints": [
    3184.8661403656006
  ],
  "streamlines_count": [
    3360
  ],
  "avg_length": [
    69.99081420898438
  ],
  "std_length": [
    5.3067779541015625
  ],
  "min_length": [
    56.27035140991211
  ],
  "max_length": [
    87.19740295410156
  ],
  "span": [
    30.401830673217773
  ],
  "curl": [
    2.3021907779600315
  ],
  "diameter": [
    14.886256168052482
  ],
  "elongation": [
    4.701706958341362
  ],
  "surface_area": [
    6961.244847977564
  ],
  "end_surface_area_head": [
    833.02466177097
  ],
  "end_surface_area_tail": [
    2447.413541172075
  ],
  "radius_head": [
    4.3173799554818055
  ],
  "radius_tail": [
    6.5464633173619315
  ],
  "irregularity": [
    2.1267209185556295
  ],
  "irregularity_of_end_surface_head": [
    0.07029631435735502
  ],
  "irregularity_of_end_surface_tail": [
    0.05501181723438925
  ],
  "mean_curvature": [
    0.3732891424514708
  ],
  "fractal_dimension": [
    2.2866860633217794
  ]
}