{
  "volume": [
    20393.60453748703
  ],
  "volume_endpoints": [
    7136.889818191528
  ],
  "streamlines_count": [
    6027
  ],
  "avg_length": [
    54.77197265625
  ],
  "std_length": [
    8.983772277832031
  ],
  "min_length": [
    30.846811294555664
  ],
  "max_length": [
    85.37509155273438
  ],
  "span": [
    25.500690460205078
  ],
  "curl": [
    2.147862338932509
  ],
  "diameter": [
    21.773230223524596
  ],
  "elongation": [
    2.5155648516071976
  ],
  "surface_area": [
    10868.065936128238
  ],
  "end_surface_area_head": [
    1188.190215239213
  ],
  "end_surface_area_tail": [
    6418.810184498792
  ],
  "radius_head": [
    5.299086323169859
  ],
  "radius_tail": [
    13.729569207896258
  ],
  "irregularity": [
    2.90082242789391
  ],
  "irregularity_of_end_surface_head": [
    0.07424477401522084
  ],
  "irregularity_of_end_surface_tail": [
    0.09225908878393227
  ],
  "mean_curvature": [
    0.3863170516121065
  ],
  "fractal_dimension": [
    2.4465599045188795
  ]
}