{
  "volume": [
    16813.536029338837
  ],
  "volume_endpoints": [
    4318.1670479774475
  ],
  "streamlines_count": [
    6073
  ],
  "avg_length": [
    80.69637298583984
  ],
  "std_length": [
    9.444859504699707
  ],
  "min_length": [
    58.41227340698242
  ],
  "max_length": [
    119.82974243164062
  ],
  "span": [
    33.001991271972656
  ],
  "curl": [
    2.4451970888911854
  ],
  "diameter": [
    16.287618227519918
  ],
  "elongation": [
    4.954461226841226
  ],
  "surface_area": [
    11210.31637856127
  ],
  "end_surface_area_head": [
    4868.996860273732
  ],
  "end_surface_area_tail": [
    703.8735514188817
  ],
  "radius_head": [
    8.464167480067285
  ],
  "radius_tail": [
    3.8953332232261135
  ],
  "irregularity": [
    2.7149160216076753
  ],
  "irregularity_of_end_surface_head": [
    0.046225208047237495
  ],
  "irregularity_of_end_surface_tail": [
    0.06772428927672974
  ],
  "mean_curvature": [
    0.3438736153050347
  ],
  "fractal_dimension": [
    2.224033499989603
  ]
}