{
  "volume": [
    29547.188791275024
  ],
  "volume_endpoints": [
    8851.370678424835
  ],
  "streamlines_count": [
    8989
  ],
  "avg_length": [
    56.18301010131836
  ],
  "std_length": [
    9.740351676940918
  ],
  "min_length": [
    27.25222396850586
  ],
  "max_length": [
    94.51698303222656
  ],
  "span": [
    26.850440979003906
  ],
  "curl": [
    2.09244273288664
  ],
  "diameter": [
    25.87680428281185
  ],
  "elongation": [
    2.171172664417329
  ],
  "surface_area": [
    15388.35479845133
  ],
  "end_surface_area_head": [
    1666.04932354194
  ],
  "end_surface_area_tail": [
    8130.062396663963
  ],
  "radius_head": [
    5.851259015567441
  ],
  "radius_tail": [
    13.5566624340745
  ],
  "irregularity": [
    3.369199081568619
  ],
  "irregularity_of_end_surface_head": [
    0.06455957529101505
  ],
  "irregularity_of_end_surface_tail": [
    0.07101687504742954
  ],
  "mean_curvature": [
    0.3667028036653591
  ],
  "fractal_dimension": [
    2.449152100887096
  ]
}