{
  "volume": [
    3382.467324256897
  ],
  "volume_endpoints": [
    267.3427782058716
  ],
  "streamlines_count": [
    111
  ],
  "avg_length": [
    86.71647644042969
  ],
  "std_length": [
    3.4708285331726074
  ],
  "min_length": [
    79.13430786132812
  ],
  "max_length": [
    93.69315338134766
  ],
  "span": [
    40.09691619873047
  ],
  "curl": [
    2.1626719623683996
  ],
  "diameter": [
    7.047272304622331
  ],
  "elongation": [
    12.304970305113942
  ],
  "surface_area": [
    3073.7964263797035
  ],
  "end_surface_area_head": [
    180.81155449292373
  ],
  "end_surface_area_tail": [
    329.33533139782537
  ],
  "radius_head": [
    2.0967477471378615
  ],
  "radius_tail": [
    3.0954616989940122
  ],
  "irregularity": [
    1.6010413663369043
  ],
  "irregularity_of_end_surface_head": [
    0.0763864035383148
  ],
  "irregularity_of_end_surface_tail": [
    0.0914034140242591
  ],
  "mean_curvature": [
    0.3350706481718802
  ],
  "fractal_dimension": [
    2.0430796375278217
  ]
}