{
  "volume": [
    3074.441949367523
  ],
  "volume_endpoints": [
    63.929794788360596
  ],
  "streamlines_count": [
    6
  ],
  "avg_length": [
    121.5060043334961
  ],
  "std_length": [
    32.8902702331543
  ],
  "min_length": [
    89.02277374267578
  ],
  "max_length": [
    162.49671936035156
  ],
  "span": [
    34.53651809692383
  ],
  "curl": [
    3.518189181448452
  ],
  "diameter": [
    5.675960156388858
  ],
  "elongation": [
    21.407127778500875
  ],
  "surface_area": [
    6237.998630005869
  ],
  "end_surface_area_head": [
    116.23599931687954
  ],
  "end_surface_area_tail": [
    90.40577724646187
  ],
  "radius_head": [
    2.682484432754824
  ],
  "radius_tail": [
    4.243504541449317
  ],
  "irregularity": [
    2.8791104420434315
  ],
  "irregularity_of_end_surface_head": [
    0.19448389315606304
  ],
  "irregularity_of_end_surface_tail": [
    0.6257531305413296
  ],
  "mean_curvature": [
    0.3822574019432068
  ],
  "fractal_dimension": [
    1.1612813526152654
  ]
}