{
  "volume": [
    9112.901657104492
  ],
  "volume_endpoints": [
    1476.1970796585083
  ],
  "streamlines_count": [
    623
  ],
  "avg_length": [
    59.143341064453125
  ],
  "std_length": [
    9.45494556427002
  ],
  "min_length": [
    39.71814727783203
  ],
  "max_length": [
    88.79451751708984
  ],
  "span": [
    20.33050537109375
  ],
  "curl": [
    2.9090935018538255
  ],
  "diameter": [
    14.006527355161856
  ],
  "elongation": [
    4.222555638864826
  ],
  "surface_area": [
    6225.0835189706595
  ],
  "end_surface_area_head": [
    439.1137751971005
  ],
  "end_surface_area_tail": [
    1627.3039904363136
  ],
  "radius_head": [
    3.054314508956203
  ],
  "radius_tail": [
    6.549774299908646
  ],
  "irregularity": [
    2.3919879166218787
  ],
  "irregularity_of_end_surface_head": [
    0.06674216983600711
  ],
  "irregularity_of_end_surface_tail": [
    0.08281973811667748
  ],
  "mean_curvature": [
    0.3889785389838976
  ],
  "fractal_dimension": [
    2.3340454575120053
  ]
}