{
  "volume": [
    3237.172336101532
  ],
  "volume_endpoints": [
    389.3905682563782
  ],
  "streamlines_count": [
    205
  ],
  "avg_length": [
    68.22705841064453
  ],
  "std_length": [
    2.989032506942749
  ],
  "min_length": [
    58.73515319824219
  ],
  "max_length": [
    77.03872680664062
  ],
  "span": [
    32.388492584228516
  ],
  "curl": [
    2.1065215750073993
  ],
  "diameter": [
    7.7724805853871635
  ],
  "elongation": [
    8.77802879802832
  ],
  "surface_area": [
    3067.338870862099
  ],
  "end_surface_area_head": [
    200.184221045737
  ],
  "end_surface_area_tail": [
    464.94399726751817
  ],
  "radius_head": [
    2.157415749140967
  ],
  "radius_tail": [
    4.7738800243426205
  ],
  "irregularity": [
    1.8411772178995365
  ],
  "irregularity_of_end_surface_head": [
    0.07304453349263411
  ],
  "irregularity_of_end_surface_tail": [
    0.15398989687786596
  ],
  "mean_curvature": [
    0.3327563280739435
  ],
  "fractal_dimension": [
    1.9788480150999235
  ]
}