{
  "volume": [
    2911.7115626335144
  ],
  "volume_endpoints": [
    139.4831886291504
  ],
  "streamlines_count": [
    20
  ],
  "avg_length": [
    90.24253845214844
  ],
  "std_length": [
    4.316438674926758
  ],
  "min_length": [
    82.1314468383789
  ],
  "max_length": [
    100.42192840576172
  ],
  "span": [
    40.6485595703125
  ],
  "curl": [
    2.2200673137273155
  ],
  "diameter": [
    6.4094916083131555
  ],
  "elongation": [
    14.079515812939553
  ],
  "surface_area": [
    3590.400867788057
  ],
  "end_surface_area_head": [
    148.52377690490164
  ],
  "end_surface_area_tail": [
    187.26911001052815
  ],
  "radius_head": [
    2.0064079593829796
  ],
  "radius_tail": [
    3.855387336955223
  ],
  "irregularity": [
    1.9758691526912355
  ],
  "irregularity_of_end_surface_head": [
    0.08515151358455637
  ],
  "irregularity_of_end_surface_tail": [
    0.24935596364534043
  ],
  "mean_curvature": [
    0.34486968219280245
  ],
  "fractal_dimension": [
    1.7336913992096619
  ]
}