{
  "volume": [
    4033.388871192932
  ],
  "volume_endpoints": [
    976.3823204040527
  ],
  "streamlines_count": [
    2572
  ],
  "avg_length": [
    48.53980255126953
  ],
  "std_length": [
    3.948164463043213
  ],
  "min_length": [
    37.32002258300781
  ],
  "max_length": [
    60.551631927490234
  ],
  "span": [
    20.81172752380371
  ],
  "curl": [
    2.3323293318995955
  ],
  "diameter": [
    10.285871737295954
  ],
  "elongation": [
    4.719075231637112
  ],
  "surface_area": [
    2854.239538781153
  ],
  "end_surface_area_head": [
    503.6893303731447
  ],
  "end_surface_area_tail": [
    619.9253296900242
  ],
  "radius_head": [
    3.3833791267857265
  ],
  "radius_tail": [
    4.00376549207288
  ],
  "irregularity": [
    1.8197068731150237
  ],
  "irregularity_of_end_surface_head": [
    0.07139839558428761
  ],
  "irregularity_of_end_surface_tail": [
    0.08123585491321733
  ],
  "mean_curvature": [
    0.3705355391068555
  ],
  "fractal_dimension": [
    2.1624672414022736
  ]
}