{
  "volume": [
    5782.740528583527
  ],
  "volume_endpoints": [
    127.85958957672119
  ],
  "streamlines_count": [
    16
  ],
  "avg_length": [
    112.10032653808594
  ],
  "std_length": [
    26.327285766601562
  ],
  "min_length": [
    83.6057357788086
  ],
  "max_length": [
    168.44052124023438
  ],
  "span": [
    39.662174224853516
  ],
  "curl": [
    2.8263787532817726
  ],
  "diameter": [
    8.104355317851246
  ],
  "elongation": [
    13.832109050199904
  ],
  "surface_area": [
    9563.639721572144
  ],
  "end_surface_area_head": [
    219.55688759855025
  ],
  "end_surface_area_tail": [
    116.23599931687954
  ],
  "radius_head": [
    3.057548228868216
  ],
  "radius_tail": [
    1.9312346178497357
  ],
  "irregularity": [
    3.350795961379659
  ],
  "irregularity_of_end_surface_head": [
    0.13376713927800754
  ],
  "irregularity_of_end_surface_tail": [
    0.10080435480457352
  ],
  "mean_curvature": [
    0.36025694012641907
  ],
  "fractal_dimension": [
    1.5178727095390874
  ]
}