{
  "volume": [
    5521.20954990387
  ],
  "volume_endpoints": [
    1633.1156668663025
  ],
  "streamlines_count": [
    2022
  ],
  "avg_length": [
    50.41641616821289
  ],
  "std_length": [
    7.611197471618652
  ],
  "min_length": [
    32.93387985229492
  ],
  "max_length": [
    77.08812713623047
  ],
  "span": [
    23.240575790405273
  ],
  "curl": [
    2.169327327467807
  ],
  "diameter": [
    11.808267669818887
  ],
  "elongation": [
    4.269586155899375
  ],
  "surface_area": [
    3648.5188674464966
  ],
  "end_surface_area_head": [
    710.3311069364861
  ],
  "end_surface_area_tail": [
    1000.921105228685
  ],
  "radius_head": [
    3.853079021873442
  ],
  "radius_tail": [
    5.889919837308572
  ],
  "irregularity": [
    1.9507812099770248
  ],
  "irregularity_of_end_surface_head": [
    0.06566060360597038
  ],
  "irregularity_of_end_surface_tail": [
    0.10888518514663077
  ],
  "mean_curvature": [
    0.3793584083885868
  ],
  "fractal_dimension": [
    2.2190898350200694
  ]
}