{
  "volume": [
    6305.802485942841
  ],
  "volume_endpoints": [
    1505.2560772895813
  ],
  "streamlines_count": [
    1752
  ],
  "avg_length": [
    72.77005004882812
  ],
  "std_length": [
    4.334810733795166
  ],
  "min_length": [
    61.03977584838867
  ],
  "max_length": [
    84.7580337524414
  ],
  "span": [
    34.848609924316406
  ],
  "curl": [
    2.0881765501369736
  ],
  "diameter": [
    10.503859505477232
  ],
  "elongation": [
    6.927934442657218
  ],
  "surface_area": [
    4352.392418865378
  ],
  "end_surface_area_head": [
    884.6851059118054
  ],
  "end_surface_area_tail": [
    723.2462179716949
  ],
  "radius_head": [
    4.239918010175262
  ],
  "radius_tail": [
    4.689391108044026
  ],
  "irregularity": [
    1.8124940712296418
  ],
  "irregularity_of_end_surface_head": [
    0.0638375298353145
  ],
  "irregularity_of_end_surface_tail": [
    0.09552050560770989
  ],
  "mean_curvature": [
    0.36508471251690766
  ],
  "fractal_dimension": [
    2.1216480194928247
  ]
}