{
  "volume": [
    10804.13531923294
  ],
  "volume_endpoints": [
    2493.2619967460632
  ],
  "streamlines_count": [
    2832
  ],
  "avg_length": [
    70.10759735107422
  ],
  "std_length": [
    4.211828708648682
  ],
  "min_length": [
    58.91156005859375
  ],
  "max_length": [
    84.43762969970703
  ],
  "span": [
    33.22014617919922
  ],
  "curl": [
    2.1103940052790033
  ],
  "diameter": [
    14.007722351088837
  ],
  "elongation": [
    5.004924826028171
  ],
  "surface_area": [
    6489.8432951924415
  ],
  "end_surface_area_head": [
    975.0908831582673
  ],
  "end_surface_area_tail": [
    1588.558657330687
  ],
  "radius_head": [
    4.507158653027073
  ],
  "radius_tail": [
    5.683215909557559
  ],
  "irregularity": [
    2.1035446219213347
  ],
  "irregularity_of_end_surface_head": [
    0.06545012314068648
  ],
  "irregularity_of_end_surface_tail": [
    0.06387559050072063
  ],
  "mean_curvature": [
    0.3798176281806608
  ],
  "fractal_dimension": [
    2.328132176167946
  ]
}