{
  "volume": [
    13064.92533493042
  ],
  "volume_endpoints": [
    3481.267916202545
  ],
  "streamlines_count": [
    3128
  ],
  "avg_length": [
    72.6881103515625
  ],
  "std_length": [
    4.929485321044922
  ],
  "min_length": [
    56.90831756591797
  ],
  "max_length": [
    88.6598129272461
  ],
  "span": [
    32.529964447021484
  ],
  "curl": [
    2.234497073304302
  ],
  "diameter": [
    15.127836984836485
  ],
  "elongation": [
    4.804924221778833
  ],
  "surface_area": [
    7387.443512139455
  ],
  "end_surface_area_head": [
    871.7699948765966
  ],
  "end_surface_area_tail": [
    2389.295541513635
  ],
  "radius_head": [
    4.417695195668492
  ],
  "radius_tail": [
    8.322863849843262
  ],
  "irregularity": [
    2.138474547717895
  ],
  "irregularity_of_end_surface_head": [
    0.07032981116608822
  ],
  "irregularity_of_end_surface_tail": [
    0.0910805365827662
  ],
  "mean_curvature": [
    0.3736604988155767
  ],
  "fractal_dimension": [
    2.4098494752161344
  ]
}