{
  "volume": [
    7962.1653509140015
  ],
  "volume_endpoints": [
    1824.9050512313843
  ],
  "streamlines_count": [
    2370
  ],
  "avg_length": [
    79.02749633789062
  ],
  "std_length": [
    5.180741786956787
  ],
  "min_length": [
    65.32190704345703
  ],
  "max_length": [
    95.71075439453125
  ],
  "span": [
    33.32806396484375
  ],
  "curl": [
    2.371199731891211
  ],
  "diameter": [
    11.32613004543595
  ],
  "elongation": [
    6.977449139367427
  ],
  "surface_area": [
    5056.26597028426
  ],
  "end_surface_area_head": [
    962.1757721230584
  ],
  "end_surface_area_tail": [
    994.4635497110805
  ],
  "radius_head": [
    4.4760033188039205
  ],
  "radius_tail": [
    5.036970543014259
  ],
  "irregularity": [
    1.7981266213335405
  ],
  "irregularity_of_end_surface_head": [
    0.06541483577064902
  ],
  "irregularity_of_end_surface_tail": [
    0.0801493169067902
  ],
  "mean_curvature": [
    0.3613284730332813
  ],
  "fractal_dimension": [
    2.282468591125165
  ]
}