{
  "volume": [
    5590.951144218445
  ],
  "volume_endpoints": [
    912.4525256156921
  ],
  "streamlines_count": [
    284
  ],
  "avg_length": [
    79.57365417480469
  ],
  "std_length": [
    5.586091041564941
  ],
  "min_length": [
    68.10855102539062
  ],
  "max_length": [
    96.05061340332031
  ],
  "span": [
    38.01689529418945
  ],
  "curl": [
    2.0931129056971365
  ],
  "diameter": [
    9.45830374459163
  ],
  "elongation": [
    8.413099888054012
  ],
  "surface_area": [
    4249.0715305837075
  ],
  "end_surface_area_head": [
    1065.496660404729
  ],
  "end_surface_area_tail": [
    271.2173317393856
  ],
  "radius_head": [
    4.287646448034769
  ],
  "radius_tail": [
    2.8376684860818573
  ],
  "irregularity": [
    1.7970559987059036
  ],
  "irregularity_of_end_surface_head": [
    0.05420454631974896
  ],
  "irregularity_of_end_surface_tail": [
    0.09327295757087647
  ],
  "mean_curvature": [
    0.3481523266560595
  ],
  "fractal_dimension": [
    2.0768302077990732
  ]
}