{
  "volume": [
    6584.768863201141
  ],
  "volume_endpoints": [
    1197.2307024002075
  ],
  "streamlines_count": [
    778
  ],
  "avg_length": [
    95.56279754638672
  ],
  "std_length": [
    4.610219955444336
  ],
  "min_length": [
    84.05546569824219
  ],
  "max_length": [
    108.7345199584961
  ],
  "span": [
    46.3259162902832
  ],
  "curl": [
    2.062836640889732
  ],
  "diameter": [
    9.36657682049478
  ],
  "elongation": [
    10.202531765638016
  ],
  "surface_area": [
    4714.015527851226
  ],
  "end_surface_area_head": [
    1052.5815493695204
  ],
  "end_surface_area_tail": [
    309.9626648450121
  ],
  "radius_head": [
    4.4062017810582
  ],
  "radius_tail": [
    3.0086051810350227
  ],
  "irregularity": [
    1.6763757958680454
  ],
  "irregularity_of_end_surface_head": [
    0.05794592274260207
  ],
  "irregularity_of_end_surface_tail": [
    0.09174256638262548
  ],
  "mean_curvature": [
    0.348936857286946
  ],
  "fractal_dimension": [
    2.1097882444062024
  ]
}