{
  "volume": [
    8101.648539543152
  ],
  "volume_endpoints": [
    1929.517442703247
  ],
  "streamlines_count": [
    2304
  ],
  "avg_length": [
    84.63136291503906
  ],
  "std_length": [
    4.352559566497803
  ],
  "min_length": [
    69.123291015625
  ],
  "max_length": [
    99.78741455078125
  ],
  "span": [
    41.29242706298828
  ],
  "curl": [
    2.04956135869516
  ],
  "diameter": [
    11.040178402194632
  ],
  "elongation": [
    7.6657604462456455
  ],
  "surface_area": [
    5217.704858224371
  ],
  "end_surface_area_head": [
    962.1757721230584
  ],
  "end_surface_area_tail": [
    820.1095507357612
  ],
  "radius_head": [
    4.619702624138098
  ],
  "radius_tail": [
    4.484671445595835
  ],
  "irregularity": [
    1.7775515749552306
  ],
  "irregularity_of_end_surface_head": [
    0.06968246357381783
  ],
  "irregularity_of_end_surface_tail": [
    0.07704407865552786
  ],
  "mean_curvature": [
    0.35017297729953295
  ],
  "fractal_dimension": [
    2.2497668981316252
  ]
}