{
  "volume": [
    6904.417837142944
  ],
  "volume_endpoints": [
    1284.4076952934265
  ],
  "streamlines_count": [
    1318
  ],
  "avg_length": [
    87.73653411865234
  ],
  "std_length": [
    6.006768703460693
  ],
  "min_length": [
    69.09628295898438
  ],
  "max_length": [
    104.51669311523438
  ],
  "span": [
    42.29170608520508
  ],
  "curl": [
    2.07455650859508
  ],
  "diameter": [
    10.009868105797118
  ],
  "elongation": [
    8.765004013173819
  ],
  "surface_area": [
    4985.232859590611
  ],
  "end_surface_area_head": [
    839.4822172885745
  ],
  "end_surface_area_tail": [
    574.7224410667933
  ],
  "radius_head": [
    4.169567649924801
  ],
  "radius_tail": [
    6.13665933346869
  ],
  "irregularity": [
    1.8068693327313576
  ],
  "irregularity_of_end_surface_head": [
    0.06506095305275635
  ],
  "irregularity_of_end_surface_tail": [
    0.20585231103740534
  ],
  "mean_curvature": [
    0.3382257515273434
  ],
  "fractal_dimension": [
    2.137216544770085
  ]
}