{
  "volume": [
    9484.856826782227
  ],
  "volume_endpoints": [
    2563.0035910606384
  ],
  "streamlines_count": [
    2982
  ],
  "avg_length": [
    74.61366271972656
  ],
  "std_length": [
    4.600029945373535
  ],
  "min_length": [
    60.261592864990234
  ],
  "max_length": [
    89.65892028808594
  ],
  "span": [
    36.03412628173828
  ],
  "curl": [
    2.070638875391298
  ],
  "diameter": [
    12.72217219023056
  ],
  "elongation": [
    5.864852448469679
  ],
  "surface_area": [
    5966.781298266484
  ],
  "end_surface_area_head": [
    962.1757721230584
  ],
  "end_surface_area_tail": [
    1549.8133242250606
  ],
  "radius_head": [
    4.642809838765665
  ],
  "radius_tail": [
    5.375803939868581
  ],
  "irregularity": [
    2.000831970484961
  ],
  "irregularity_of_end_surface_head": [
    0.07038129408670611
  ],
  "irregularity_of_end_surface_tail": [
    0.05858107336122292
  ],
  "mean_curvature": [
    0.3471035174600715
  ],
  "fractal_dimension": [
    2.3060333120589642
  ]
}