{
  "volume": [
    9874.247395038605
  ],
  "volume_endpoints": [
    2836.1581687927246
  ],
  "streamlines_count": [
    3763
  ],
  "avg_length": [
    68.1468734741211
  ],
  "std_length": [
    5.486499309539795
  ],
  "min_length": [
    55.16720962524414
  ],
  "max_length": [
    85.95209503173828
  ],
  "span": [
    30.87407112121582
  ],
  "curl": [
    2.207252590906044
  ],
  "diameter": [
    13.582636981016638
  ],
  "elongation": [
    5.017204948447382
  ],
  "surface_area": [
    5618.073300315845
  ],
  "end_surface_area_head": [
    1007.3786607462894
  ],
  "end_surface_area_tail": [
    1582.1011018130826
  ],
  "radius_head": [
    4.808238221601392
  ],
  "radius_tail": [
    5.850122759919923
  ],
  "irregularity": [
    1.9320016786614513
  ],
  "irregularity_of_end_surface_head": [
    0.07209897300134464
  ],
  "irregularity_of_end_surface_tail": [
    0.06795878389380923
  ],
  "mean_curvature": [
    0.3552053390016842
  ],
  "fractal_dimension": [
    2.3841124347567595
  ]
}