{
  "volume": [
    19341.668823242188
  ],
  "volume_endpoints": [
    6747.49924993515
  ],
  "streamlines_count": [
    6813
  ],
  "avg_length": [
    52.03827667236328
  ],
  "std_length": [
    8.270685195922852
  ],
  "min_length": [
    26.375320434570312
  ],
  "max_length": [
    78.89712524414062
  ],
  "span": [
    24.83176612854004
  ],
  "curl": [
    2.0956333272063894
  ],
  "diameter": [
    21.754072813450197
  ],
  "elongation": [
    2.392116507038114
  ],
  "surface_area": [
    10441.867271966346
  ],
  "end_surface_area_head": [
    1155.9024376511911
  ],
  "end_surface_area_tail": [
    6199.253296900242
  ],
  "radius_head": [
    5.165947489617867
  ],
  "radius_tail": [
    10.126638944473356
  ],
  "irregularity": [
    2.936059228118113
  ],
  "irregularity_of_end_surface_head": [
    0.07253183548933075
  ],
  "irregularity_of_end_surface_tail": [
    0.05196861501373606
  ],
  "mean_curvature": [
    0.372025273712952
  ],
  "fractal_dimension": [
    2.447752194089226
  ]
}