{
  "volume": [
    8653.769494533539
  ],
  "volume_endpoints": [
    1912.0820441246033
  ],
  "streamlines_count": [
    2329
  ],
  "avg_length": [
    75.14734649658203
  ],
  "std_length": [
    4.328376770019531
  ],
  "min_length": [
    63.420440673828125
  ],
  "max_length": [
    89.52700805664062
  ],
  "span": [
    36.668113708496094
  ],
  "curl": [
    2.0493922074636255
  ],
  "diameter": [
    12.108794138418165
  ],
  "elongation": [
    6.20601404545795
  ],
  "surface_area": [
    5275.82285788281
  ],
  "end_surface_area_head": [
    904.0577724646187
  ],
  "end_surface_area_tail": [
    975.0908831582673
  ],
  "radius_head": [
    4.646095826499875
  ],
  "radius_tail": [
    4.7282965948609235
  ],
  "irregularity": [
    1.8455498767681082
  ],
  "irregularity_of_end_surface_head": [
    0.07501187380028262
  ],
  "irregularity_of_end_surface_tail": [
    0.07203013002813421
  ],
  "mean_curvature": [
    0.36604475578354784
  ],
  "fractal_dimension": [
    2.285152953813729
  ]
}