{
  "volume": [
    8148.142935752869
  ],
  "volume_endpoints": [
    1679.6100630760193
  ],
  "streamlines_count": [
    2018
  ],
  "avg_length": [
    67.27304077148438
  ],
  "std_length": [
    6.62374210357666
  ],
  "min_length": [
    53.436363220214844
  ],
  "max_length": [
    85.110595703125
  ],
  "span": [
    32.06512451171875
  ],
  "curl": [
    2.0980127723158626
  ],
  "diameter": [
    12.418348674433902
  ],
  "elongation": [
    5.417229177175689
  ],
  "surface_area": [
    4914.199748896963
  ],
  "end_surface_area_head": [
    729.7037734892994
  ],
  "end_surface_area_tail": [
    852.3973283237833
  ],
  "radius_head": [
    4.0541394159632915
  ],
  "radius_tail": [
    5.087818577627279
  ],
  "irregularity": [
    1.8723973799552442
  ],
  "irregularity_of_end_surface_head": [
    0.07076208800479168
  ],
  "irregularity_of_end_surface_tail": [
    0.09540497594905405
  ],
  "mean_curvature": [
    0.36858851503215295
  ],
  "fractal_dimension": [
    2.322917454052981
  ]
}