{
  "volume": [
    9246.573046207428
  ],
  "volume_endpoints": [
    1807.4696526527405
  ],
  "streamlines_count": [
    2858
  ],
  "avg_length": [
    70.15020751953125
  ],
  "std_length": [
    5.200542449951172
  ],
  "min_length": [
    55.816871643066406
  ],
  "max_length": [
    86.57814025878906
  ],
  "span": [
    33.50831604003906
  ],
  "curl": [
    2.093516350857764
  ],
  "diameter": [
    12.954808026736183
  ],
  "elongation": [
    5.414993983296007
  ],
  "surface_area": [
    5282.280413400415
  ],
  "end_surface_area_head": [
    891.1426614294098
  ],
  "end_surface_area_tail": [
    884.6851059118054
  ],
  "radius_head": [
    4.450657299712841
  ],
  "radius_tail": [
    4.729643290164281
  ],
  "irregularity": [
    1.85017001317744
  ],
  "irregularity_of_end_surface_head": [
    0.06983143192240812
  ],
  "irregularity_of_end_surface_tail": [
    0.07943610329100899
  ],
  "mean_curvature": [
    0.3629783680799376
  ],
  "fractal_dimension": [
    2.3418637542788767
  ]
}