{
  "volume": [
    10211.331767559052
  ],
  "volume_endpoints": [
    2871.028965950012
  ],
  "streamlines_count": [
    3377
  ],
  "avg_length": [
    63.745140075683594
  ],
  "std_length": [
    4.934212684631348
  ],
  "min_length": [
    47.66672134399414
  ],
  "max_length": [
    80.86851501464844
  ],
  "span": [
    28.443532943725586
  ],
  "curl": [
    2.2411118970980453
  ],
  "diameter": [
    14.28146345112387
  ],
  "elongation": [
    4.463487953726984
  ],
  "surface_area": [
    5895.7481875728345
  ],
  "end_surface_area_head": [
    1123.614660063169
  ],
  "end_surface_area_tail": [
    1717.7097676827755
  ],
  "radius_head": [
    4.949808078558325
  ],
  "radius_tail": [
    5.68418672976165
  ],
  "irregularity": [
    2.061433174792896
  ],
  "irregularity_of_end_surface_head": [
    0.06850293766188523
  ],
  "irregularity_of_end_surface_tail": [
    0.05909309819321064
  ],
  "mean_curvature": [
    0.3702113947855639
  ],
  "fractal_dimension": [
    2.3710508552800653
  ]
}