{
  "volume": [
    7938.918152809143
  ],
  "volume_endpoints": [
    1935.3292422294617
  ],
  "streamlines_count": [
    2663
  ],
  "avg_length": [
    61.18180847167969
  ],
  "std_length": [
    5.3362884521484375
  ],
  "min_length": [
    47.17291259765625
  ],
  "max_length": [
    78.49613189697266
  ],
  "span": [
    26.605466842651367
  ],
  "curl": [
    2.2995953738950674
  ],
  "diameter": [
    12.853593661909537
  ],
  "elongation": [
    4.7598990664366845
  ],
  "surface_area": [
    4707.557972333621
  ],
  "end_surface_area_head": [
    929.8879945350363
  ],
  "end_surface_area_tail": [
    1020.2937717814982
  ],
  "radius_head": [
    4.592437379999024
  ],
  "radius_tail": [
    4.491034500246
  ],
  "irregularity": [
    1.9054560127581224
  ],
  "irregularity_of_end_surface_head": [
    0.0712534206699529
  ],
  "irregularity_of_end_surface_tail": [
    0.06210369206987384
  ],
  "mean_curvature": [
    0.38714562637932176
  ],
  "fractal_dimension": [
    2.3231611966838424
  ]
}