{
  "volume": [
    10467.050946712494
  ],
  "volume_endpoints": [
    1993.4472374916077
  ],
  "streamlines_count": [
    1771
  ],
  "avg_length": [
    87.27116394042969
  ],
  "std_length": [
    4.158018112182617
  ],
  "min_length": [
    75.67267608642578
  ],
  "max_length": [
    100.39473724365234
  ],
  "span": [
    40.75507354736328
  ],
  "curl": [
    2.141357046970066
  ],
  "diameter": [
    12.357534859076068
  ],
  "elongation": [
    7.062182298950412
  ],
  "surface_area": [
    6392.979962428375
  ],
  "end_surface_area_head": [
    1110.69954902796
  ],
  "end_surface_area_tail": [
    891.1426614294098
  ],
  "radius_head": [
    4.885970122079273
  ],
  "radius_tail": [
    4.135169350882315
  ],
  "irregularity": [
    1.8869085748526033
  ],
  "irregularity_of_end_surface_head": [
    0.06752349155062352
  ],
  "irregularity_of_end_surface_tail": [
    0.06028222008108232
  ],
  "mean_curvature": [
    0.3663839411930739
  ],
  "fractal_dimension": [
    2.3567777752259755
  ]
}