{
  "volume": [
    10583.286937236786
  ],
  "volume_endpoints": [
    2167.8012232780457
  ],
  "streamlines_count": [
    2729
  ],
  "avg_length": [
    77.33100128173828
  ],
  "std_length": [
    5.430851459503174
  ],
  "min_length": [
    61.650230407714844
  ],
  "max_length": [
    93.69629669189453
  ],
  "span": [
    36.976402282714844
  ],
  "curl": [
    2.0913608817450524
  ],
  "diameter": [
    13.200443666992502
  ],
  "elongation": [
    5.858212286841783
  ],
  "surface_area": [
    6037.814408960132
  ],
  "end_surface_area_head": [
    1013.8362162638938
  ],
  "end_surface_area_tail": [
    1168.8175486863997
  ],
  "radius_head": [
    4.703065647678387
  ],
  "radius_tail": [
    4.946932001906983
  ],
  "irregularity": [
    1.8827286232032223
  ],
  "irregularity_of_end_surface_head": [
    0.06854000841643636
  ],
  "irregularity_of_end_surface_tail": [
    0.06577714673167506
  ],
  "mean_curvature": [
    0.3671021493593386
  ],
  "fractal_dimension": [
    2.3882545501885235
  ]
}