{
  "volume": [
    6201.190094470978
  ],
  "volume_endpoints": [
    1819.0932517051697
  ],
  "streamlines_count": [
    1997
  ],
  "avg_length": [
    56.43876647949219
  ],
  "std_length": [
    5.483940601348877
  ],
  "min_length": [
    40.92184066772461
  ],
  "max_length": [
    72.40961456298828
  ],
  "span": [
    25.23401641845703
  ],
  "curl": [
    2.2366144787878843
  ],
  "diameter": [
    11.827795988329212
  ],
  "elongation": [
    4.77170611795991
  ],
  "surface_area": [
    4042.429754020366
  ],
  "end_surface_area_head": [
    1136.5297710983778
  ],
  "end_surface_area_tail": [
    535.9771079611668
  ],
  "radius_head": [
    4.916466788834767
  ],
  "radius_tail": [
    4.144700558442168
  ],
  "irregularity": [
    1.9275749372017783
  ],
  "irregularity_of_end_surface_head": [
    0.06681520048351228
  ],
  "irregularity_of_end_surface_tail": [
    0.10069083698584531
  ],
  "mean_curvature": [
    0.3811136075390179
  ],
  "fractal_dimension": [
    2.3125016360479065
  ]
}