{
  "volume": [
    3510.326913833618
  ],
  "volume_endpoints": [
    1894.6466455459595
  ],
  "streamlines_count": [
    2989
  ],
  "avg_length": [
    25.332988739013672
  ],
  "std_length": [
    3.9382052421569824
  ],
  "min_length": [
    20.08534812927246
  ],
  "max_length": [
    38.8564338684082
  ],
  "span": [
    11.883785247802734
  ],
  "curl": [
    2.131727241006618
  ],
  "diameter": [
    13.282677438339757
  ],
  "elongation": [
    1.9072200508228347
  ],
  "surface_area": [
    2350.5502084080085
  ],
  "end_surface_area_head": [
    1065.496660404729
  ],
  "end_surface_area_tail": [
    658.6706627956507
  ],
  "radius_head": [
    4.845110799593201
  ],
  "radius_tail": [
    3.5477584682039396
  ],
  "irregularity": [
    2.223553602505418
  ],
  "irregularity_of_end_surface_head": [
    0.0692157941307759
  ],
  "irregularity_of_end_surface_tail": [
    0.060032944198714626
  ],
  "mean_curvature": [
    0.4144055829693458
  ],
  "fractal_dimension": [
    2.2777291506049107
  ]
}