{
  "volume": [
    14820.088791847229
  ],
  "volume_endpoints": [
    3399.9027228355408
  ],
  "streamlines_count": [
    2880
  ],
  "avg_length": [
    80.72026062011719
  ],
  "std_length": [
    5.902551651000977
  ],
  "min_length": [
    61.945716857910156
  ],
  "max_length": [
    98.10298156738281
  ],
  "span": [
    34.40036392211914
  ],
  "curl": [
    2.346494380200866
  ],
  "diameter": [
    15.28935569939737
  ],
  "elongation": [
    5.279507011750585
  ],
  "surface_area": [
    8569.176171861063
  ],
  "end_surface_area_head": [
    1026.7513272991027
  ],
  "end_surface_area_tail": [
    2647.5977622178116
  ],
  "radius_head": [
    4.716193877970121
  ],
  "radius_tail": [
    7.2386094341452845
  ],
  "irregularity": [
    2.2101281642532866
  ],
  "irregularity_of_end_surface_head": [
    0.06805623197776682
  ],
  "irregularity_of_end_surface_tail": [
    0.062173906587379826
  ],
  "mean_curvature": [
    0.36483821669179534
  ],
  "fractal_dimension": [
    2.3902867265310865
  ]
}