{
  "volume": [
    11879.318231582642
  ],
  "volume_endpoints": [
    2847.781767845154
  ],
  "streamlines_count": [
    2129
  ],
  "avg_length": [
    80.26216888427734
  ],
  "std_length": [
    6.643888473510742
  ],
  "min_length": [
    58.158660888671875
  ],
  "max_length": [
    98.98048400878906
  ],
  "span": [
    34.787662506103516
  ],
  "curl": [
    2.3072021257592485
  ],
  "diameter": [
    13.727623895248511
  ],
  "elongation": [
    5.8467633945054525
  ],
  "surface_area": [
    7916.9630645830175
  ],
  "end_surface_area_head": [
    1149.4448821335866
  ],
  "end_surface_area_tail": [
    2202.026431503107
  ],
  "radius_head": [
    4.854171407221909
  ],
  "radius_tail": [
    8.12679326307811
  ],
  "irregularity": [
    2.2871912601479845
  ],
  "irregularity_of_end_surface_head": [
    0.06440090009929658
  ],
  "irregularity_of_end_surface_tail": [
    0.09422491815529248
  ],
  "mean_curvature": [
    0.3573775159299178
  ],
  "fractal_dimension": [
    2.25807850748644
  ]
}