{
  "volume": [
    8671.204893112183
  ],
  "volume_endpoints": [
    3016.323954105377
  ],
  "streamlines_count": [
    3701
  ],
  "avg_length": [
    70.19661712646484
  ],
  "std_length": [
    4.983566761016846
  ],
  "min_length": [
    53.68009948730469
  ],
  "max_length": [
    85.75460815429688
  ],
  "span": [
    34.522918701171875
  ],
  "curl": [
    2.0333337900564596
  ],
  "diameter": [
    12.541130637730378
  ],
  "elongation": [
    5.59731169016581
  ],
  "surface_area": [
    5792.427299291164
  ],
  "end_surface_area_head": [
    1026.7513272991027
  ],
  "end_surface_area_tail": [
    1963.0968773517434
  ],
  "radius_head": [
    4.846468157708402
  ],
  "radius_tail": [
    6.378899203238319
  ],
  "irregularity": [
    2.0943913898191178
  ],
  "irregularity_of_end_surface_head": [
    0.07186796160379716
  ],
  "irregularity_of_end_surface_tail": [
    0.06511778504482922
  ],
  "mean_curvature": [
    0.34124744938164586
  ],
  "fractal_dimension": [
    2.2801685117118935
  ]
}