{
  "volume": [
    7770.37596654892
  ],
  "volume_endpoints": [
    2307.284411907196
  ],
  "streamlines_count": [
    3536
  ],
  "avg_length": [
    70.01822662353516
  ],
  "std_length": [
    5.134094715118408
  ],
  "min_length": [
    55.69441604614258
  ],
  "max_length": [
    86.00706481933594
  ],
  "span": [
    34.1588249206543
  ],
  "curl": [
    2.0497844052357403
  ],
  "diameter": [
    11.886952356496257
  ],
  "elongation": [
    5.890343001607975
  ],
  "surface_area": [
    5127.2990809779085
  ],
  "end_surface_area_head": [
    1065.496660404729
  ],
  "end_surface_area_tail": [
    1239.8506593800485
  ],
  "radius_head": [
    4.843099402129805
  ],
  "radius_tail": [
    5.23832055548413
  ],
  "irregularity": [
    1.9609076882337926
  ],
  "irregularity_of_end_surface_head": [
    0.06915833762233606
  ],
  "irregularity_of_end_surface_tail": [
    0.06952878462078885
  ],
  "mean_curvature": [
    0.34719686685930684
  ],
  "fractal_dimension": [
    2.264728356421098
  ]
}