{
  "volume": [
    10984.301104545593
  ],
  "volume_endpoints": [
    2714.110378742218
  ],
  "streamlines_count": [
    4092
  ],
  "avg_length": [
    67.84918975830078
  ],
  "std_length": [
    5.144509792327881
  ],
  "min_length": [
    51.83977508544922
  ],
  "max_length": [
    84.63013458251953
  ],
  "span": [
    32.79945755004883
  ],
  "curl": [
    2.0686070693324554
  ],
  "diameter": [
    14.357173250674656
  ],
  "elongation": [
    4.725804207671067
  ],
  "surface_area": [
    6341.31951828754
  ],
  "end_surface_area_head": [
    1046.1239938519159
  ],
  "end_surface_area_tail": [
    1595.0162128482916
  ],
  "radius_head": [
    4.721164822344913
  ],
  "radius_tail": [
    5.933367529025952
  ],
  "irregularity": [
    2.07212598451673
  ],
  "irregularity_of_end_surface_head": [
    0.06693681356945343
  ],
  "irregularity_of_end_surface_tail": [
    0.0693405483759507
  ],
  "mean_curvature": [
    0.3473273677931678
  ],
  "fractal_dimension": [
    2.407736106348844
  ]
}