{
  "volume": [
    4515.768231868744
  ],
  "volume_endpoints": [
    1179.7953038215637
  ],
  "streamlines_count": [
    2188
  ],
  "avg_length": [
    48.41924285888672
  ],
  "std_length": [
    4.04144287109375
  ],
  "min_length": [
    38.21663284301758
  ],
  "max_length": [
    62.896751403808594
  ],
  "span": [
    23.1839542388916
  ],
  "curl": [
    2.0884807811457096
  ],
  "diameter": [
    10.897123786499877
  ],
  "elongation": [
    4.443304839656119
  ],
  "surface_area": [
    3215.8626477670005
  ],
  "end_surface_area_head": [
    626.3828852076286
  ],
  "end_surface_area_tail": [
    548.8922189963756
  ],
  "radius_head": [
    3.7010341404993428
  ],
  "radius_tail": [
    3.51007295018058
  ],
  "irregularity": [
    1.9400715201561765
  ],
  "irregularity_of_end_surface_head": [
    0.06869991067810306
  ],
  "irregularity_of_end_surface_tail": [
    0.07051720387080336
  ],
  "mean_curvature": [
    0.3873804206985442
  ],
  "fractal_dimension": [
    2.2056653208665757
  ]
}