{
  "volume": [
    9136.14885520935
  ],
  "volume_endpoints": [
    2098.0596289634705
  ],
  "streamlines_count": [
    2908
  ],
  "avg_length": [
    70.182861328125
  ],
  "std_length": [
    5.0979905128479
  ],
  "min_length": [
    54.88364791870117
  ],
  "max_length": [
    87.99502563476562
  ],
  "span": [
    27.04813575744629
  ],
  "curl": [
    2.5947393179880733
  ],
  "diameter": [
    12.874225376994792
  ],
  "elongation": [
    5.451424009831003
  ],
  "surface_area": [
    5450.17685685813
  ],
  "end_surface_area_head": [
    813.6519952181568
  ],
  "end_surface_area_tail": [
    1130.0722155807734
  ],
  "radius_head": [
    4.233058290769244
  ],
  "radius_tail": [
    4.793128953506183
  ],
  "irregularity": [
    1.9200323438158562
  ],
  "irregularity_of_end_surface_head": [
    0.06918623167186676
  ],
  "irregularity_of_end_surface_tail": [
    0.0638677919711766
  ],
  "mean_curvature": [
    0.3752946008452851
  ],
  "fractal_dimension": [
    2.321451031153748
  ]
}