{
  "volume": [
    10246.20256471634
  ],
  "volume_endpoints": [
    2220.107419013977
  ],
  "streamlines_count": [
    2550
  ],
  "avg_length": [
    74.57389831542969
  ],
  "std_length": [
    5.5415825843811035
  ],
  "min_length": [
    56.29991149902344
  ],
  "max_length": [
    93.27350616455078
  ],
  "span": [
    34.587867736816406
  ],
  "curl": [
    2.156070992374326
  ],
  "diameter": [
    13.226444227432212
  ],
  "elongation": [
    5.638242375132103
  ],
  "surface_area": [
    6044.271964477736
  ],
  "end_surface_area_head": [
    910.5153279822231
  ],
  "end_surface_area_tail": [
    1375.4593252497411
  ],
  "radius_head": [
    4.358665604336371
  ],
  "radius_tail": [
    5.421345006074926
  ],
  "irregularity": [
    1.9505818260145371
  ],
  "irregularity_of_end_surface_head": [
    0.06554954992477628
  ],
  "irregularity_of_end_surface_tail": [
    0.06712993282798288
  ],
  "mean_curvature": [
    0.3731663188630459
  ],
  "fractal_dimension": [
    2.344879520383014
  ]
}