{
  "volume": [
    7741.316968917847
  ],
  "volume_endpoints": [
    1662.1746644973755
  ],
  "streamlines_count": [
    1842
  ],
  "avg_length": [
    67.2922592163086
  ],
  "std_length": [
    6.002786636352539
  ],
  "min_length": [
    50.94256591796875
  ],
  "max_length": [
    86.83169555664062
  ],
  "span": [
    30.79950714111328
  ],
  "curl": [
    2.184848572673499
  ],
  "diameter": [
    12.102634833362975
  ],
  "elongation": [
    5.560132991107524
  ],
  "surface_area": [
    4836.70908268571
  ],
  "end_surface_area_head": [
    1033.208882816707
  ],
  "end_surface_area_tail": [
    574.7224410667933
  ],
  "radius_head": [
    4.578268168937668
  ],
  "radius_tail": [
    4.146562690342589
  ],
  "irregularity": [
    1.8904058591705615
  ],
  "irregularity_of_end_surface_head": [
    0.06373297575482272
  ],
  "irregularity_of_end_surface_tail": [
    0.09398708686620352
  ],
  "mean_curvature": [
    0.3792193559009529
  ],
  "fractal_dimension": [
    2.2846762463828783
  ]
}