{
  "volume": [
    8618.898697376251
  ],
  "volume_endpoints": [
    1644.7392659187317
  ],
  "streamlines_count": [
    1513
  ],
  "avg_length": [
    81.27117156982422
  ],
  "std_length": [
    5.60170316696167
  ],
  "min_length": [
    62.8748779296875
  ],
  "max_length": [
    99.57006072998047
  ],
  "span": [
    36.03018569946289
  ],
  "curl": [
    2.255641207284584
  ],
  "diameter": [
    11.620175499112804
  ],
  "elongation": [
    6.993971095877962
  ],
  "surface_area": [
    5469.549523410943
  ],
  "end_surface_area_head": [
    1026.7513272991027
  ],
  "end_surface_area_tail": [
    613.4677741724198
  ],
  "radius_head": [
    4.540620646819968
  ],
  "radius_tail": [
    4.024279670289114
  ],
  "irregularity": [
    1.8435396329252571
  ],
  "irregularity_of_end_surface_head": [
    0.06308339223698145
  ],
  "irregularity_of_end_surface_tail": [
    0.08293434675186005
  ],
  "mean_curvature": [
    0.3753733552810142
  ],
  "fractal_dimension": [
    2.233884588300203
  ]
}