{
  "volume": [
    7189.19601392746
  ],
  "volume_endpoints": [
    1470.3852801322937
  ],
  "streamlines_count": [
    767
  ],
  "avg_length": [
    60.785221099853516
  ],
  "std_length": [
    5.421077251434326
  ],
  "min_length": [
    44.758811950683594
  ],
  "max_length": [
    79.10484313964844
  ],
  "span": [
    27.008739471435547
  ],
  "curl": [
    2.250576009448349
  ],
  "diameter": [
    12.271459583921938
  ],
  "elongation": [
    4.953381517834626
  ],
  "surface_area": [
    4726.930638886435
  ],
  "end_surface_area_head": [
    865.3124393589922
  ],
  "end_surface_area_tail": [
    910.5153279822231
  ],
  "radius_head": [
    4.0660530071321395
  ],
  "radius_tail": [
    4.598991992287992
  ],
  "irregularity": [
    2.0171357888532624
  ],
  "irregularity_of_end_surface_head": [
    0.060023732467672716
  ],
  "irregularity_of_end_surface_tail": [
    0.07297732130747343
  ],
  "mean_curvature": [
    0.37697902970705693
  ],
  "fractal_dimension": [
    2.3290748341825456
  ]
}