{
  "volume": [
    4678.498618602753
  ],
  "volume_endpoints": [
    697.415943145752
  ],
  "streamlines_count": [
    335
  ],
  "avg_length": [
    51.32564163208008
  ],
  "std_length": [
    4.563459396362305
  ],
  "min_length": [
    40.62857437133789
  ],
  "max_length": [
    64.94857788085938
  ],
  "span": [
    22.96600341796875
  ],
  "curl": [
    2.234852999800678
  ],
  "diameter": [
    10.773110600035908
  ],
  "elongation": [
    4.764236025935629
  ],
  "surface_area": [
    3396.6742022599246
  ],
  "end_surface_area_head": [
    613.4677741724198
  ],
  "end_surface_area_tail": [
    452.02888623230933
  ],
  "radius_head": [
    3.4482944354526044
  ],
  "radius_tail": [
    3.4349511988389105
  ],
  "irregularity": [
    1.9553680484020022
  ],
  "irregularity_of_end_surface_head": [
    0.06089292016035
  ],
  "irregularity_of_end_surface_tail": [
    0.0820020721057169
  ],
  "mean_curvature": [
    0.4213811898409431
  ],
  "fractal_dimension": [
    2.1082046042847287
  ]
}