{
  "volume": [
    12181.5318069458
  ],
  "volume_endpoints": [
    3062.818350315094
  ],
  "streamlines_count": [
    3486
  ],
  "avg_length": [
    65.87571716308594
  ],
  "std_length": [
    4.401850700378418
  ],
  "min_length": [
    52.45753479003906
  ],
  "max_length": [
    79.7387466430664
  ],
  "span": [
    30.690792083740234
  ],
  "curl": [
    2.1464326167712833
  ],
  "diameter": [
    15.344167579898635
  ],
  "elongation": [
    4.293208922547568
  ],
  "surface_area": [
    6502.75840622765
  ],
  "end_surface_area_head": [
    1013.8362162638938
  ],
  "end_surface_area_tail": [
    1853.3184335524684
  ],
  "radius_head": [
    4.613735740520306
  ],
  "radius_tail": [
    5.9898174738294845
  ],
  "irregularity": [
    2.0477600087178343
  ],
  "irregularity_of_end_surface_head": [
    0.06596104137644701
  ],
  "irregularity_of_end_surface_tail": [
    0.060817281600454014
  ],
  "mean_curvature": [
    0.38232799006889967
  ],
  "fractal_dimension": [
    2.463110492107532
  ]
}