{
  "volume": [
    9938.177189826965
  ],
  "volume_endpoints": [
    2260.7900156974792
  ],
  "streamlines_count": [
    3601
  ],
  "avg_length": [
    68.75794219970703
  ],
  "std_length": [
    6.5608229637146
  ],
  "min_length": [
    49.46973419189453
  ],
  "max_length": [
    89.8165283203125
  ],
  "span": [
    27.995473861694336
  ],
  "curl": [
    2.456037805946453
  ],
  "diameter": [
    13.565849411266544
  ],
  "elongation": [
    5.0684583113979595
  ],
  "surface_area": [
    5656.8186334214715
  ],
  "end_surface_area_head": [
    833.02466177097
  ],
  "end_surface_area_tail": [
    1104.2419935103558
  ],
  "radius_head": [
    4.246262527002087
  ],
  "radius_tail": [
    5.011673067608251
  ],
  "irregularity": [
    1.9304231616637737
  ],
  "irregularity_of_end_surface_head": [
    0.06799949633958884
  ],
  "irregularity_of_end_surface_tail": [
    0.0714580364747224
  ],
  "mean_curvature": [
    0.3808108746955806
  ],
  "fractal_dimension": [
    2.3212669188883575
  ]
}