{
  "volume": [
    9862.623795986176
  ],
  "volume_endpoints": [
    1714.4808602333069
  ],
  "streamlines_count": [
    593
  ],
  "avg_length": [
    63.096649169921875
  ],
  "std_length": [
    6.4541120529174805
  ],
  "min_length": [
    46.54207229614258
  ],
  "max_length": [
    84.5460205078125
  ],
  "span": [
    28.839141845703125
  ],
  "curl": [
    2.1878823408652477
  ],
  "diameter": [
    14.107437829551273
  ],
  "elongation": [
    4.472580346074709
  ],
  "surface_area": [
    6328.40440725233
  ],
  "end_surface_area_head": [
    1175.2751042040043
  ],
  "end_surface_area_tail": [
    1123.614660063169
  ],
  "radius_head": [
    4.576932778798003
  ],
  "radius_tail": [
    5.521341056088185
  ],
  "irregularity": [
    2.2630279117992953
  ],
  "irregularity_of_end_surface_head": [
    0.05599630934840738
  ],
  "irregularity_of_end_surface_tail": [
    0.085235718204386
  ],
  "mean_curvature": [
    0.38940541624620834
  ],
  "fractal_dimension": [
    2.3193274607964343
  ]
}