{
  "volume": [
    7677.387174129486
  ],
  "volume_endpoints": [
    1412.2672848701477
  ],
  "streamlines_count": [
    649
  ],
  "avg_length": [
    64.12594604492188
  ],
  "std_length": [
    4.263044357299805
  ],
  "min_length": [
    54.49191665649414
  ],
  "max_length": [
    77.76443481445312
  ],
  "span": [
    27.693296432495117
  ],
  "curl": [
    2.315576486216966
  ],
  "diameter": [
    12.346529206350434
  ],
  "elongation": [
    5.193843951864522
  ],
  "surface_area": [
    4720.47308336883
  ],
  "end_surface_area_head": [
    955.718216605454
  ],
  "end_surface_area_tail": [
    678.043329348464
  ],
  "radius_head": [
    4.191130703849511
  ],
  "radius_tail": [
    3.7922967465837933
  ],
  "irregularity": [
    1.8978285668591637
  ],
  "irregularity_of_end_surface_head": [
    0.05774074970088013
  ],
  "irregularity_of_end_surface_tail": [
    0.0666341791205623
  ],
  "mean_curvature": [
    0.38378878757472396
  ],
  "fractal_dimension": [
    2.2998151102408904
  ]
}