{
  "volume": [
    8618.898697376251
  ],
  "volume_endpoints": [
    1278.595895767212
  ],
  "streamlines_count": [
    952
  ],
  "avg_length": [
    55.37411117553711
  ],
  "std_length": [
    4.951789379119873
  ],
  "min_length": [
    43.55064010620117
  ],
  "max_length": [
    71.11272430419922
  ],
  "span": [
    23.407325744628906
  ],
  "curl": [
    2.365674395258218
  ],
  "diameter": [
    14.077565713340164
  ],
  "elongation": [
    3.9335004576155925
  ],
  "surface_area": [
    4378.222640935796
  ],
  "end_surface_area_head": [
    587.6375521020021
  ],
  "end_surface_area_tail": [
    858.8548838413877
  ],
  "radius_head": [
    3.3804642576886867
  ],
  "radius_tail": [
    4.203793290535287
  ],
  "irregularity": [
    1.7877782040230414
  ],
  "irregularity_of_end_surface_head": [
    0.06109322179655711
  ],
  "irregularity_of_end_surface_tail": [
    0.06464170285025767
  ],
  "mean_curvature": [
    0.40838241220271887
  ],
  "fractal_dimension": [
    2.4451886319445952
  ]
}