{
  "volume": [
    7677.387174129486
  ],
  "volume_endpoints": [
    1418.0790843963623
  ],
  "streamlines_count": [
    1579
  ],
  "avg_length": [
    62.78629684448242
  ],
  "std_length": [
    4.614563941955566
  ],
  "min_length": [
    50.6650276184082
  ],
  "max_length": [
    81.19744110107422
  ],
  "span": [
    26.126401901245117
  ],
  "curl": [
    2.4031742710614195
  ],
  "diameter": [
    12.477550786965166
  ],
  "elongation": [
    5.031940796432016
  ],
  "surface_area": [
    4468.6284181822575
  ],
  "end_surface_area_head": [
    768.4491065949259
  ],
  "end_surface_area_tail": [
    671.5857738308596
  ],
  "radius_head": [
    4.093468335290241
  ],
  "radius_tail": [
    4.096446995920923
  ],
  "irregularity": [
    1.8156417271696055
  ],
  "irregularity_of_end_surface_head": [
    0.06850426850496114
  ],
  "irregularity_of_end_surface_tail": [
    0.07849880844657646
  ],
  "mean_curvature": [
    0.38928025991120924
  ],
  "fractal_dimension": [
    2.3237309595875377
  ]
}