{
  "volume": [
    4637.8160219192505
  ],
  "volume_endpoints": [
    2016.694435596466
  ],
  "streamlines_count": [
    4017
  ],
  "avg_length": [
    26.840532302856445
  ],
  "std_length": [
    4.4235758781433105
  ],
  "min_length": [
    20.08560562133789
  ],
  "max_length": [
    41.83168411254883
  ],
  "span": [
    12.237380027770996
  ],
  "curl": [
    2.193323427232436
  ],
  "diameter": [
    14.832564833728304
  ],
  "elongation": [
    1.809567839664708
  ],
  "surface_area": [
    2628.2250956649987
  ],
  "end_surface_area_head": [
    1071.9542159223336
  ],
  "end_surface_area_tail": [
    600.552663137211
  ],
  "radius_head": [
    4.809738390709565
  ],
  "radius_tail": [
    3.5414390136929743
  ],
  "irregularity": [
    2.101383439146781
  ],
  "irregularity_of_end_surface_head": [
    0.06779794746875392
  ],
  "irregularity_of_end_surface_tail": [
    0.06560822830240437
  ],
  "mean_curvature": [
    0.4470058189107317
  ],
  "fractal_dimension": [
    2.4634437264510596
  ]
}