{
  "volume": [
    11890.94183063507
  ],
  "volume_endpoints": [
    2539.75639295578
  ],
  "streamlines_count": [
    2243
  ],
  "avg_length": [
    67.86032104492188
  ],
  "std_length": [
    5.99005651473999
  ],
  "min_length": [
    51.05775451660156
  ],
  "max_length": [
    86.56645965576172
  ],
  "span": [
    30.598379135131836
  ],
  "curl": [
    2.217775024789054
  ],
  "diameter": [
    14.936719715979567
  ],
  "elongation": [
    4.543187683459287
  ],
  "surface_area": [
    6528.588628298067
  ],
  "end_surface_area_head": [
    1033.208882816707
  ],
  "end_surface_area_tail": [
    1433.577324908181
  ],
  "radius_head": [
    4.577920451493331
  ],
  "radius_tail": [
    6.551593120846119
  ],
  "irregularity": [
    2.0502097283536123
  ],
  "irregularity_of_end_surface_head": [
    0.06372329513976475
  ],
  "irregularity_of_end_surface_tail": [
    0.09406381443297486
  ],
  "mean_curvature": [
    0.3945911844899173
  ],
  "fractal_dimension": [
    2.421002525761444
  ]
}