{
  "volume": [
    9298.87924194336
  ],
  "volume_endpoints": [
    2074.812430858612
  ],
  "streamlines_count": [
    1899
  ],
  "avg_length": [
    79.53715515136719
  ],
  "std_length": [
    4.345513343811035
  ],
  "min_length": [
    67.02717590332031
  ],
  "max_length": [
    92.82616424560547
  ],
  "span": [
    36.82589340209961
  ],
  "curl": [
    2.1598160371265402
  ],
  "diameter": [
    12.200716522015899
  ],
  "elongation": [
    6.519056074112066
  ],
  "surface_area": [
    6231.541074488265
  ],
  "end_surface_area_head": [
    561.8073300315845
  ],
  "end_surface_area_tail": [
    2014.7573214925787
  ],
  "radius_head": [
    4.114605119968043
  ],
  "radius_tail": [
    5.809955072489085
  ],
  "irregularity": [
    2.0440438080482166
  ],
  "irregularity_of_end_surface_head": [
    0.09467139918554442
  ],
  "irregularity_of_end_surface_tail": [
    0.05263476377842859
  ],
  "mean_curvature": [
    0.34862502869522655
  ],
  "fractal_dimension": [
    2.28541710892702
  ]
}