{
  "volume": [
    9880.05919456482
  ],
  "volume_endpoints": [
    2028.3180346488953
  ],
  "streamlines_count": [
    2010
  ],
  "avg_length": [
    73.19182586669922
  ],
  "std_length": [
    5.305459499359131
  ],
  "min_length": [
    58.19945526123047
  ],
  "max_length": [
    87.82192993164062
  ],
  "span": [
    35.1802864074707
  ],
  "curl": [
    2.0804783968773086
  ],
  "diameter": [
    13.110025666467127
  ],
  "elongation": [
    5.582889593718305
  ],
  "surface_area": [
    6160.5079637946155
  ],
  "end_surface_area_head": [
    781.3642176301347
  ],
  "end_surface_area_tail": [
    1407.7471028377634
  ],
  "radius_head": [
    4.166572907450032
  ],
  "radius_tail": [
    5.429404028510056
  ],
  "irregularity": [
    2.0436218025963946
  ],
  "irregularity_of_end_surface_head": [
    0.06979982357946274
  ],
  "irregularity_of_end_surface_tail": [
    0.06578540491167413
  ],
  "mean_curvature": [
    0.36178853000277905
  ],
  "fractal_dimension": [
    2.297392887962953
  ]
}