{
  "volume": [
    586.9917521476746
  ],
  "volume_endpoints": [
    104.6123914718628
  ],
  "streamlines_count": [
    50
  ],
  "avg_length": [
    33.65388107299805
  ],
  "std_length": [
    1.1574970483779907
  ],
  "min_length": [
    31.47418785095215
  ],
  "max_length": [
    36.806331634521484
  ],
  "span": [
    15.639758110046387
  ],
  "curl": [
    2.1518159575230307
  ],
  "diameter": [
    4.7125229797673125
  ],
  "elongation": [
    7.141372300461388
  ],
  "surface_area": [
    768.4491065949259
  ],
  "end_surface_area_head": [
    77.49066621125303
  ],
  "end_surface_area_tail": [
    122.69355483448396
  ],
  "radius_head": [
    1.299038105676658
  ],
  "radius_tail": [
    1.6293002103241185
  ],
  "irregularity": [
    1.54232749453488
  ],
  "irregularity_of_end_surface_head": [
    0.06841388598312131
  ],
  "irregularity_of_end_surface_tail": [
    0.06797204719226693
  ],
  "mean_curvature": [
    0.3008773943781853
  ],
  "fractal_dimension": [
    1.6319713627769812
  ]
}