{
  "volume": [
    11408.562469959259
  ],
  "volume_endpoints": [
    2667.615982532501
  ],
  "streamlines_count": [
    3345
  ],
  "avg_length": [
    70.03378295898438
  ],
  "std_length": [
    8.854875564575195
  ],
  "min_length": [
    47.76384353637695
  ],
  "max_length": [
    94.64218139648438
  ],
  "span": [
    30.040943145751953
  ],
  "curl": [
    2.331277770448021
  ],
  "diameter": [
    14.40179844972201
  ],
  "elongation": [
    4.862849817227945
  ],
  "surface_area": [
    6373.607295875561
  ],
  "end_surface_area_head": [
    1013.8362162638938
  ],
  "end_surface_area_tail": [
    1465.8651024962032
  ],
  "radius_head": [
    4.606660633062015
  ],
  "radius_tail": [
    6.1605566873679365
  ],
  "irregularity": [
    2.0114586722599883
  ],
  "irregularity_of_end_surface_head": [
    0.06575889558532823
  ],
  "irregularity_of_end_surface_tail": [
    0.0813384295929617
  ],
  "mean_curvature": [
    0.3702569103561709
  ],
  "fractal_dimension": [
    2.3665245469389524
  ]
}