{
  "volume": [
    10164.837371349335
  ],
  "volume_endpoints": [
    2185.2366218566895
  ],
  "streamlines_count": [
    2985
  ],
  "avg_length": [
    65.85027313232422
  ],
  "std_length": [
    5.217578887939453
  ],
  "min_length": [
    47.932044982910156
  ],
  "max_length": [
    82.42626953125
  ],
  "span": [
    30.575559616088867
  ],
  "curl": [
    2.153689873845311
  ],
  "diameter": [
    14.019305067782547
  ],
  "elongation": [
    4.6971139306792935
  ],
  "surface_area": [
    5966.781298266484
  ],
  "end_surface_area_head": [
    955.718216605454
  ],
  "end_surface_area_tail": [
    1401.2895473201588
  ],
  "radius_head": [
    4.35174989883561
  ],
  "radius_tail": [
    6.184801505016078
  ],
  "irregularity": [
    2.0573405219672805
  ],
  "irregularity_of_end_surface_head": [
    0.06225121961368804
  ],
  "irregularity_of_end_surface_tail": [
    0.08575777844723585
  ],
  "mean_curvature": [
    0.3690030267989416
  ],
  "fractal_dimension": [
    2.3568613809707784
  ]
}