{
  "volume": [
    10182.272769927979
  ],
  "volume_endpoints": [
    2237.542817592621
  ],
  "streamlines_count": [
    2630
  ],
  "avg_length": [
    71.72386932373047
  ],
  "std_length": [
    4.731730937957764
  ],
  "min_length": [
    59.0873908996582
  ],
  "max_length": [
    88.04195404052734
  ],
  "span": [
    32.68912887573242
  ],
  "curl": [
    2.1941199349908787
  ],
  "diameter": [
    13.44452823439539
  ],
  "elongation": [
    5.334800007354512
  ],
  "surface_area": [
    6134.677741724198
  ],
  "end_surface_area_head": [
    742.6188845245082
  ],
  "end_surface_area_tail": [
    1530.4406576722472
  ],
  "radius_head": [
    3.96395761439765
  ],
  "radius_tail": [
    5.521466592824317
  ],
  "irregularity": [
    2.0250353229368288
  ],
  "irregularity_of_end_surface_head": [
    0.0664724808817038
  ],
  "irregularity_of_end_surface_tail": [
    0.06258096789065253
  ],
  "mean_curvature": [
    0.3760869773621795
  ],
  "fractal_dimension": [
    2.314155982309999
  ]
}