{
  "volume": [
    8409.673914432526
  ],
  "volume_endpoints": [
    2243.3546171188354
  ],
  "streamlines_count": [
    3294
  ],
  "avg_length": [
    61.62844467163086
  ],
  "std_length": [
    4.497864246368408
  ],
  "min_length": [
    48.329978942871094
  ],
  "max_length": [
    76.18181610107422
  ],
  "span": [
    28.051040649414062
  ],
  "curl": [
    2.1970109929920967
  ],
  "diameter": [
    13.181172200111853
  ],
  "elongation": [
    4.67549044470475
  ],
  "surface_area": [
    4765.675971992061
  ],
  "end_surface_area_head": [
    897.6002169470142
  ],
  "end_surface_area_tail": [
    1071.9542159223336
  ],
  "radius_head": [
    4.44658268744142
  ],
  "radius_tail": [
    4.942481389720971
  ],
  "irregularity": [
    1.8674087805282527
  ],
  "irregularity_of_end_surface_head": [
    0.06920216303615036
  ],
  "irregularity_of_end_surface_tail": [
    0.0715918724701499
  ],
  "mean_curvature": [
    0.3852553912633538
  ],
  "fractal_dimension": [
    2.3060730821303452
  ]
}