{
  "volume": [
    13006.807339668274
  ],
  "volume_endpoints": [
    3533.5741119384766
  ],
  "streamlines_count": [
    3654
  ],
  "avg_length": [
    61.662174224853516
  ],
  "std_length": [
    5.384586811065674
  ],
  "min_length": [
    48.31381607055664
  ],
  "max_length": [
    78.00340270996094
  ],
  "span": [
    27.873302459716797
  ],
  "curl": [
    2.212230657417407
  ],
  "diameter": [
    16.38819021216864
  ],
  "elongation": [
    3.7625981530936716
  ],
  "surface_area": [
    6967.702403495168
  ],
  "end_surface_area_head": [
    904.0577724646187
  ],
  "end_surface_area_tail": [
    2350.5502084080085
  ],
  "radius_head": [
    4.41732470271516
  ],
  "radius_tail": [
    7.6946984669063365
  ],
  "irregularity": [
    2.194774423659136
  ],
  "irregularity_of_end_surface_head": [
    0.06780665746388231
  ],
  "irregularity_of_end_surface_tail": [
    0.07913407894888272
  ],
  "mean_curvature": [
    0.3913937044734177
  ],
  "fractal_dimension": [
    2.3735275413910535
  ]
}