{
  "volume": [
    15488.445737361908
  ],
  "volume_endpoints": [
    1999.2590370178223
  ],
  "streamlines_count": [
    1612
  ],
  "avg_length": [
    65.7381362915039
  ],
  "std_length": [
    9.627647399902344
  ],
  "min_length": [
    45.62919235229492
  ],
  "max_length": [
    98.90675354003906
  ],
  "span": [
    24.404146194458008
  ],
  "curl": [
    2.6937281791252556
  ],
  "diameter": [
    17.32009560223099
  ],
  "elongation": [
    3.7954834546661638
  ],
  "surface_area": [
    7813.642176301347
  ],
  "end_surface_area_head": [
    1071.9542159223336
  ],
  "end_surface_area_tail": [
    865.3124393589922
  ],
  "radius_head": [
    4.649058346422171
  ],
  "radius_tail": [
    4.610039102450191
  ],
  "irregularity": [
    2.184419143631489
  ],
  "irregularity_of_end_surface_head": [
    0.06334372943741609
  ],
  "irregularity_of_end_surface_tail": [
    0.07715892066572438
  ],
  "mean_curvature": [
    0.41693737293147565
  ],
  "fractal_dimension": [
    2.4561433148504435
  ]
}