{
  "volume": [
    8467.791909694672
  ],
  "volume_endpoints": [
    1755.163456916809
  ],
  "streamlines_count": [
    2704
  ],
  "avg_length": [
    72.13472747802734
  ],
  "std_length": [
    4.367708206176758
  ],
  "min_length": [
    55.76439666748047
  ],
  "max_length": [
    85.99427032470703
  ],
  "span": [
    32.66840744018555
  ],
  "curl": [
    2.2080882764212775
  ],
  "diameter": [
    12.225537161976659
  ],
  "elongation": [
    5.900331946344058
  ],
  "surface_area": [
    5198.332191671558
  ],
  "end_surface_area_head": [
    904.0577724646187
  ],
  "end_surface_area_tail": [
    1000.921105228685
  ],
  "radius_head": [
    4.359577555696149
  ],
  "radius_tail": [
    4.464074801860441
  ],
  "irregularity": [
    1.8762979790758625
  ],
  "irregularity_of_end_surface_head": [
    0.06604538930700656
  ],
  "irregularity_of_end_surface_tail": [
    0.06254793156327602
  ],
  "mean_curvature": [
    0.37505348295678753
  ],
  "fractal_dimension": [
    2.2593486774998035
  ]
}