{
  "volume": [
    11036.607300281525
  ],
  "volume_endpoints": [
    2626.933385848999
  ],
  "streamlines_count": [
    4077
  ],
  "avg_length": [
    62.91309356689453
  ],
  "std_length": [
    6.400001525878906
  ],
  "min_length": [
    45.364585876464844
  ],
  "max_length": [
    82.42153930664062
  ],
  "span": [
    27.0087833404541
  ],
  "curl": [
    2.3293568160348226
  ],
  "diameter": [
    14.945220737671656
  ],
  "elongation": [
    4.209579414796645
  ],
  "surface_area": [
    5450.17685685813
  ],
  "end_surface_area_head": [
    936.3455500526408
  ],
  "end_surface_area_tail": [
    1259.2233259328618
  ],
  "radius_head": [
    4.565700507486757
  ],
  "radius_tail": [
    5.238715846847379
  ],
  "irregularity": [
    1.8450891195298869
  ],
  "irregularity_of_end_surface_head": [
    0.06994047248817123
  ],
  "irregularity_of_end_surface_tail": [
    0.06846944345121565
  ],
  "mean_curvature": [
    0.3912319826866325
  ],
  "fractal_dimension": [
    2.373154335797024
  ]
}