{
  "volume": [
    12971.936542510986
  ],
  "volume_endpoints": [
    2754.79297542572
  ],
  "streamlines_count": [
    3772
  ],
  "avg_length": [
    67.54776000976562
  ],
  "std_length": [
    5.6109185218811035
  ],
  "min_length": [
    53.925960540771484
  ],
  "max_length": [
    85.10557556152344
  ],
  "span": [
    28.545764923095703
  ],
  "curl": [
    2.3662970739002454
  ],
  "diameter": [
    15.636947973458605
  ],
  "elongation": [
    4.319753453449989
  ],
  "surface_area": [
    7161.429069023301
  ],
  "end_surface_area_head": [
    942.8031055702452
  ],
  "end_surface_area_tail": [
    1523.983102154643
  ],
  "radius_head": [
    4.45546335961435
  ],
  "radius_tail": [
    6.791971402211422
  ],
  "irregularity": [
    2.1581761019441212
  ],
  "irregularity_of_end_surface_head": [
    0.06614768069203429
  ],
  "irregularity_of_end_surface_tail": [
    0.09509581796476
  ],
  "mean_curvature": [
    0.3849784446799237
  ],
  "fractal_dimension": [
    2.3521278681733047
  ]
}