{
  "volume": [
    16546.193251132965
  ],
  "volume_endpoints": [
    4573.88622713089
  ],
  "streamlines_count": [
    4610
  ],
  "avg_length": [
    62.44996643066406
  ],
  "std_length": [
    6.734705448150635
  ],
  "min_length": [
    43.590415954589844
  ],
  "max_length": [
    83.63436889648438
  ],
  "span": [
    27.876605987548828
  ],
  "curl": [
    2.240228471807419
  ],
  "diameter": [
    18.366990479064576
  ],
  "elongation": [
    3.400119714868204
  ],
  "surface_area": [
    8704.784837730756
  ],
  "end_surface_area_head": [
    988.0059941934761
  ],
  "end_surface_area_tail": [
    3493.5375350239906
  ],
  "radius_head": [
    4.64266582131081
  ],
  "radius_tail": [
    8.341658556580281
  ],
  "irregularity": [
    2.415671958653677
  ],
  "irregularity_of_end_surface_head": [
    0.06853700809454034
  ],
  "irregularity_of_end_surface_tail": [
    0.06257333139241009
  ],
  "mean_curvature": [
    0.38771056470152093
  ],
  "fractal_dimension": [
    2.432514233995742
  ]
}