{
  "volume": [
    5840.858523845673
  ],
  "volume_endpoints": [
    1604.0566692352295
  ],
  "streamlines_count": [
    1924
  ],
  "avg_length": [
    72.56562805175781
  ],
  "std_length": [
    5.334782600402832
  ],
  "min_length": [
    59.12162780761719
  ],
  "max_length": [
    87.46408081054688
  ],
  "span": [
    34.9965934753418
  ],
  "curl": [
    2.0735054714078593
  ],
  "diameter": [
    10.12343558006747
  ],
  "elongation": [
    7.168083154955403
  ],
  "surface_area": [
    4242.613975066103
  ],
  "end_surface_area_head": [
    936.3455500526408
  ],
  "end_surface_area_tail": [
    697.4159959012773
  ],
  "radius_head": [
    4.505810204223969
  ],
  "radius_tail": [
    4.155228819708713
  ],
  "irregularity": [
    1.8383354558379685
  ],
  "irregularity_of_end_surface_head": [
    0.06811762702469361
  ],
  "irregularity_of_end_surface_tail": [
    0.07777640362031904
  ],
  "mean_curvature": [
    0.33709326751235863
  ],
  "fractal_dimension": [
    2.202034249567647
  ]
}