{
  "volume": [
    9182.643251419067
  ],
  "volume_endpoints": [
    1912.0820441246033
  ],
  "streamlines_count": [
    2661
  ],
  "avg_length": [
    68.24573516845703
  ],
  "std_length": [
    3.9344820976257324
  ],
  "min_length": [
    57.804954528808594
  ],
  "max_length": [
    81.92691040039062
  ],
  "span": [
    32.239078521728516
  ],
  "curl": [
    2.116863703857439
  ],
  "diameter": [
    13.088839948466516
  ],
  "elongation": [
    5.214040009439697
  ],
  "surface_area": [
    5915.120854125647
  ],
  "end_surface_area_head": [
    878.227550394201
  ],
  "end_surface_area_tail": [
    1317.3413255913015
  ],
  "radius_head": [
    4.429591153530913
  ],
  "radius_tail": [
    5.420995544483414
  ],
  "irregularity": [
    2.1078372538191146
  ],
  "irregularity_of_end_surface_head": [
    0.07018916922316468
  ],
  "irregularity_of_end_surface_tail": [
    0.07008251155674282
  ],
  "mean_curvature": [
    0.35596388109148736
  ],
  "fractal_dimension": [
    2.3207800969121393
  ]
}