{
  "volume": [
    10066.036779403687
  ],
  "volume_endpoints": [
    2952.3941593170166
  ],
  "streamlines_count": [
    3741
  ],
  "avg_length": [
    66.46649169921875
  ],
  "std_length": [
    4.373661041259766
  ],
  "min_length": [
    54.00587844848633
  ],
  "max_length": [
    79.94100952148438
  ],
  "span": [
    29.922033309936523
  ],
  "curl": [
    2.2213226959127317
  ],
  "diameter": [
    13.88618470805049
  ],
  "elongation": [
    4.786519342543739
  ],
  "surface_area": [
    5837.630187914395
  ],
  "end_surface_area_head": [
    749.0764400421126
  ],
  "end_surface_area_tail": [
    2053.5026545982055
  ],
  "radius_head": [
    4.410780223019325
  ],
  "radius_tail": [
    6.266842811971987
  ],
  "irregularity": [
    2.013265320382451
  ],
  "irregularity_of_end_surface_head": [
    0.0815933138622137
  ],
  "irregularity_of_end_surface_tail": [
    0.060083082747438024
  ],
  "mean_curvature": [
    0.3749279517583814
  ],
  "fractal_dimension": [
    2.3353408433162146
  ]
}