{
  "volume": [
    5794.364127635956
  ],
  "volume_endpoints": [
    1377.39648771286
  ],
  "streamlines_count": [
    2582
  ],
  "avg_length": [
    73.05007934570312
  ],
  "std_length": [
    3.857786178588867
  ],
  "min_length": [
    62.338260650634766
  ],
  "max_length": [
    85.44515228271484
  ],
  "span": [
    35.71419143676758
  ],
  "curl": [
    2.0454076210864023
  ],
  "diameter": [
    10.049572903546995
  ],
  "elongation": [
    7.268973522239946
  ],
  "surface_area": [
    4152.208197819641
  ],
  "end_surface_area_head": [
    858.8548838413877
  ],
  "end_surface_area_tail": [
    613.4677741724198
  ],
  "radius_head": [
    4.306269060914179
  ],
  "radius_tail": [
    3.5655359030228237
  ],
  "irregularity": [
    1.8003666181278875
  ],
  "irregularity_of_end_surface_head": [
    0.06783165388728214
  ],
  "irregularity_of_end_surface_tail": [
    0.06510401110882422
  ],
  "mean_curvature": [
    0.34138589036686307
  ],
  "fractal_dimension": [
    2.2966332685156483
  ]
}