{
  "volume": [
    5224.807774066925
  ],
  "volume_endpoints": [
    1673.7982635498047
  ],
  "streamlines_count": [
    1868
  ],
  "avg_length": [
    63.33343505859375
  ],
  "std_length": [
    6.6264424324035645
  ],
  "min_length": [
    46.505821228027344
  ],
  "max_length": [
    83.75885772705078
  ],
  "span": [
    22.972639083862305
  ],
  "curl": [
    2.7569072420192193
  ],
  "diameter": [
    10.248815993136258
  ],
  "elongation": [
    6.179585534661646
  ],
  "surface_area": [
    3758.297311245772
  ],
  "end_surface_area_head": [
    871.7699948765966
  ],
  "end_surface_area_tail": [
    949.2606610878496
  ],
  "radius_head": [
    4.2714983504507416
  ],
  "radius_tail": [
    4.626052682082165
  ],
  "irregularity": [
    1.8430389813401054
  ],
  "irregularity_of_end_surface_head": [
    0.06575192037964116
  ],
  "irregularity_of_end_surface_tail": [
    0.07082482952491422
  ],
  "mean_curvature": [
    0.36852282847275825
  ],
  "fractal_dimension": [
    2.202276835718439
  ]
}