{
  "volume": [
    9327.938239574432
  ],
  "volume_endpoints": [
    2272.4136147499084
  ],
  "streamlines_count": [
    3666
  ],
  "avg_length": [
    73.22181701660156
  ],
  "std_length": [
    4.339372158050537
  ],
  "min_length": [
    59.36337661743164
  ],
  "max_length": [
    88.14415740966797
  ],
  "span": [
    32.443904876708984
  ],
  "curl": [
    2.256874358831155
  ],
  "diameter": [
    12.735841319521144
  ],
  "elongation": [
    5.749272088084922
  ],
  "surface_area": [
    5727.85174411512
  ],
  "end_surface_area_head": [
    923.4304390174319
  ],
  "end_surface_area_tail": [
    1130.0722155807734
  ],
  "radius_head": [
    4.743450030621011
  ],
  "radius_tail": [
    4.883467481993016
  ],
  "irregularity": [
    1.9551215134900148
  ],
  "irregularity_of_end_surface_head": [
    0.07654808781673957
  ],
  "irregularity_of_end_surface_tail": [
    0.06629797686300613
  ],
  "mean_curvature": [
    0.3575176376091348
  ],
  "fractal_dimension": [
    2.3356644811304585
  ]
}