{
  "volume": [
    10554.227939605713
  ],
  "volume_endpoints": [
    2440.955801010132
  ],
  "streamlines_count": [
    3685
  ],
  "avg_length": [
    79.6138687133789
  ],
  "std_length": [
    3.7623746395111084
  ],
  "min_length": [
    67.57042694091797
  ],
  "max_length": [
    91.15192413330078
  ],
  "span": [
    36.69926071166992
  ],
  "curl": [
    2.1693589235726116
  ],
  "diameter": [
    12.99193771574673
  ],
  "elongation": [
    6.1279441493075995
  ],
  "surface_area": [
    6625.451961062134
  ],
  "end_surface_area_head": [
    1013.8362162638938
  ],
  "end_surface_area_tail": [
    1452.9499914609942
  ],
  "radius_head": [
    4.841070763011898
  ],
  "radius_tail": [
    5.845448850439133
  ],
  "irregularity": [
    2.0389331107247
  ],
  "irregularity_of_end_surface_head": [
    0.07262145290382982
  ],
  "irregularity_of_end_surface_tail": [
    0.07388136918072778
  ],
  "mean_curvature": [
    0.35950034861648744
  ],
  "fractal_dimension": [
    2.369676735072914
  ]
}