{
  "volume": [
    5689.751736164093
  ],
  "volume_endpoints": [
    2109.6832280158997
  ],
  "streamlines_count": [
    3071
  ],
  "avg_length": [
    35.84283447265625
  ],
  "std_length": [
    8.235860824584961
  ],
  "min_length": [
    20.50714874267578
  ],
  "max_length": [
    61.86163330078125
  ],
  "span": [
    16.144302368164062
  ],
  "curl": [
    2.220153813727927
  ],
  "diameter": [
    14.216757138025486
  ],
  "elongation": [
    2.521168092320267
  ],
  "surface_area": [
    3519.3677570944083
  ],
  "end_surface_area_head": [
    665.1282183132552
  ],
  "end_surface_area_tail": [
    1220.477992827235
  ],
  "radius_head": [
    3.7938113924388333
  ],
  "radius_tail": [
    5.283917349329419
  ],
  "irregularity": [
    2.1984261793002458
  ],
  "irregularity_of_end_surface_head": [
    0.06798231852672398
  ],
  "irregularity_of_end_surface_tail": [
    0.07186740300002889
  ],
  "mean_curvature": [
    0.4151034618202307
  ],
  "fractal_dimension": [
    2.2510987264626747
  ]
}