{
  "volume": [
    10374.06215429306
  ],
  "volume_endpoints": [
    1871.399447441101
  ],
  "streamlines_count": [
    2198
  ],
  "avg_length": [
    71.06808471679688
  ],
  "std_length": [
    6.224886417388916
  ],
  "min_length": [
    56.63357925415039
  ],
  "max_length": [
    92.17778778076172
  ],
  "span": [
    33.198856353759766
  ],
  "curl": [
    2.1406787016851085
  ],
  "diameter": [
    13.633023284386558
  ],
  "elongation": [
    5.212936502366922
  ],
  "surface_area": [
    5960.323742748878
  ],
  "end_surface_area_head": [
    910.5153279822231
  ],
  "end_surface_area_tail": [
    968.6333276406629
  ],
  "radius_head": [
    4.271095826891571
  ],
  "radius_tail": [
    5.222557528707366
  ],
  "irregularity": [
    1.958182608674441
  ],
  "irregularity_of_end_surface_head": [
    0.06294210197801031
  ],
  "irregularity_of_end_surface_tail": [
    0.0884620359157757
  ],
  "mean_curvature": [
    0.38442606817222486
  ],
  "fractal_dimension": [
    2.366012875197644
  ]
}