{
  "volume": [
    12437.250986099243
  ],
  "volume_endpoints": [
    2679.2395815849304
  ],
  "streamlines_count": [
    2867
  ],
  "avg_length": [
    66.58267211914062
  ],
  "std_length": [
    4.660101413726807
  ],
  "min_length": [
    53.62615966796875
  ],
  "max_length": [
    81.79796600341797
  ],
  "span": [
    29.988292694091797
  ],
  "curl": [
    2.2202888573332666
  ],
  "diameter": [
    15.421856168886967
  ],
  "elongation": [
    4.317422714229999
  ],
  "surface_area": [
    7135.598846952883
  ],
  "end_surface_area_head": [
    936.3455500526408
  ],
  "end_surface_area_tail": [
    1737.0824342355886
  ],
  "radius_head": [
    4.396602354262823
  ],
  "radius_tail": [
    7.055599675345919
  ],
  "irregularity": [
    2.2119875851097692
  ],
  "irregularity_of_end_surface_head": [
    0.06485569207907257
  ],
  "irregularity_of_end_surface_tail": [
    0.09003208487206484
  ],
  "mean_curvature": [
    0.39646194505699844
  ],
  "fractal_dimension": [
    2.328352277068237
  ]
}