{
  "volume": [
    11333.00907611847
  ],
  "volume_endpoints": [
    2243.3546171188354
  ],
  "streamlines_count": [
    2570
  ],
  "avg_length": [
    59.377098083496094
  ],
  "std_length": [
    4.303705215454102
  ],
  "min_length": [
    46.89216613769531
  ],
  "max_length": [
    74.13457489013672
  ],
  "span": [
    25.777629852294922
  ],
  "curl": [
    2.3034351266476074
  ],
  "diameter": [
    15.588997710957997
  ],
  "elongation": [
    3.8089105652865713
  ],
  "surface_area": [
    5960.323742748878
  ],
  "end_surface_area_head": [
    904.0577724646187
  ],
  "end_surface_area_tail": [
    1323.7988811089058
  ],
  "radius_head": [
    4.341117102820286
  ],
  "radius_tail": [
    6.791957119258985
  ],
  "irregularity": [
    2.0496646688935725
  ],
  "irregularity_of_end_surface_head": [
    0.06548724054313963
  ],
  "irregularity_of_end_surface_tail": [
    0.10947570073110036
  ],
  "mean_curvature": [
    0.40539487973725286
  ],
  "fractal_dimension": [
    2.349572950012962
  ]
}