{
  "volume": [
    7392.608997344971
  ],
  "volume_endpoints": [
    2150.365824699402
  ],
  "streamlines_count": [
    1764
  ],
  "avg_length": [
    63.66053009033203
  ],
  "std_length": [
    8.096731185913086
  ],
  "min_length": [
    41.21239471435547
  ],
  "max_length": [
    84.66328430175781
  ],
  "span": [
    30.24002456665039
  ],
  "curl": [
    2.1051745493797904
  ],
  "diameter": [
    12.159586381044644
  ],
  "elongation": [
    5.235419042671654
  ],
  "surface_area": [
    5372.686190646877
  ],
  "end_surface_area_head": [
    761.9915510773214
  ],
  "end_surface_area_tail": [
    1950.1817663165345
  ],
  "radius_head": [
    3.9624531831846768
  ],
  "radius_tail": [
    7.144400936613056
  ],
  "irregularity": [
    2.2092890972889037
  ],
  "irregularity_of_end_surface_head": [
    0.0647333383936129
  ],
  "irregularity_of_end_surface_tail": [
    0.08222548022323223
  ],
  "mean_curvature": [
    0.3700399835532755
  ],
  "fractal_dimension": [
    2.1781208602956585
  ]
}