{
  "volume": [
    12135.037410736084
  ],
  "volume_endpoints": [
    2609.497987270355
  ],
  "streamlines_count": [
    2350
  ],
  "avg_length": [
    65.62332153320312
  ],
  "std_length": [
    5.798125743865967
  ],
  "min_length": [
    51.050045013427734
  ],
  "max_length": [
    85.34127807617188
  ],
  "span": [
    29.316715240478516
  ],
  "curl": [
    2.238426815381927
  ],
  "diameter": [
    15.344280000445437
  ],
  "elongation": [
    4.2767286266477225
  ],
  "surface_area": [
    6922.499514871937
  ],
  "end_surface_area_head": [
    1039.6664383343114
  ],
  "end_surface_area_tail": [
    1704.7946566475666
  ],
  "radius_head": [
    4.483349501277401
  ],
  "radius_tail": [
    7.596149974896265
  ],
  "irregularity": [
    2.188307445289936
  ],
  "irregularity_of_end_surface_head": [
    0.06073807725150618
  ],
  "irregularity_of_end_surface_tail": [
    0.10633221445791931
  ],
  "mean_curvature": [
    0.3904129639204512
  ],
  "fractal_dimension": [
    2.3642364818866057
  ]
}