{
  "volume": [
    10978.489305019379
  ],
  "volume_endpoints": [
    2336.343409538269
  ],
  "streamlines_count": [
    2951
  ],
  "avg_length": [
    71.5893325805664
  ],
  "std_length": [
    4.530840873718262
  ],
  "min_length": [
    58.41581726074219
  ],
  "max_length": [
    86.3171615600586
  ],
  "span": [
    33.6102180480957
  ],
  "curl": [
    2.129987150875462
  ],
  "diameter": [
    13.973403308838272
  ],
  "elongation": [
    5.12325673268771
  ],
  "surface_area": [
    6367.149740357957
  ],
  "end_surface_area_head": [
    968.6333276406629
  ],
  "end_surface_area_tail": [
    1459.4075469785987
  ],
  "radius_head": [
    4.401261598970727
  ],
  "radius_tail": [
    5.65547238996929
  ],
  "irregularity": [
    2.0260244551385838
  ],
  "irregularity_of_end_surface_head": [
    0.0628267841108663
  ],
  "irregularity_of_end_surface_tail": [
    0.06885112770664999
  ],
  "mean_curvature": [
    0.3871777918794445
  ],
  "fractal_dimension": [
    2.3885960356204774
  ]
}