{
  "volume": [
    12489.557181835175
  ],
  "volume_endpoints": [
    3388.2791237831116
  ],
  "streamlines_count": [
    2987
  ],
  "avg_length": [
    65.36209869384766
  ],
  "std_length": [
    6.07695198059082
  ],
  "min_length": [
    49.465110778808594
  ],
  "max_length": [
    85.3291015625
  ],
  "span": [
    30.982925415039062
  ],
  "curl": [
    2.1096167588526358
  ],
  "diameter": [
    15.597880381997864
  ],
  "elongation": [
    4.190447489857959
  ],
  "surface_area": [
    6670.654849685365
  ],
  "end_surface_area_head": [
    1155.9024376511911
  ],
  "end_surface_area_tail": [
    2040.5875435629964
  ],
  "radius_head": [
    5.06468663271172
  ],
  "radius_tail": [
    6.49876719491778
  ],
  "irregularity": [
    2.0827014701192503
  ],
  "irregularity_of_end_surface_head": [
    0.06971622324862953
  ],
  "irregularity_of_end_surface_tail": [
    0.06502144256406243
  ],
  "mean_curvature": [
    0.3830485106372578
  ],
  "fractal_dimension": [
    2.392070203572389
  ]
}