{
  "volume": [
    10972.677505493164
  ],
  "volume_endpoints": [
    2150.365824699402
  ],
  "streamlines_count": [
    2079
  ],
  "avg_length": [
    80.09221649169922
  ],
  "std_length": [
    5.668684005737305
  ],
  "min_length": [
    63.52204132080078
  ],
  "max_length": [
    98.01174926757812
  ],
  "span": [
    35.9968376159668
  ],
  "curl": [
    2.224979242514721
  ],
  "diameter": [
    13.207365924289583
  ],
  "elongation": [
    6.064208181315105
  ],
  "surface_area": [
    6496.300850710046
  ],
  "end_surface_area_head": [
    1149.4448821335866
  ],
  "end_surface_area_tail": [
    1188.190215239213
  ],
  "radius_head": [
    5.033159831446965
  ],
  "radius_tail": [
    5.229269701059026
  ],
  "irregularity": [
    1.9548333222827432
  ],
  "irregularity_of_end_surface_head": [
    0.06923778496940677
  ],
  "irregularity_of_end_surface_tail": [
    0.07230127960269872
  ],
  "mean_curvature": [
    0.3793730193488354
  ],
  "fractal_dimension": [
    2.3493261961034517
  ]
}