{
  "volume": [
    10606.534135341644
  ],
  "volume_endpoints": [
    1923.7056431770325
  ],
  "streamlines_count": [
    2252
  ],
  "avg_length": [
    76.1898193359375
  ],
  "std_length": [
    7.058570861816406
  ],
  "min_length": [
    55.162986755371094
  ],
  "max_length": [
    96.76715850830078
  ],
  "span": [
    31.16409683227539
  ],
  "curl": [
    2.4447947182936103
  ],
  "diameter": [
    13.313533470375805
  ],
  "elongation": [
    5.722734652334702
  ],
  "surface_area": [
    6063.644631030549
  ],
  "end_surface_area_head": [
    955.718216605454
  ],
  "end_surface_area_tail": [
    916.9728834998275
  ],
  "radius_head": [
    4.713888470700363
  ],
  "radius_tail": [
    4.574669400968798
  ],
  "irregularity": [
    1.9028019595651224
  ],
  "irregularity_of_end_surface_head": [
    0.07304300212154574
  ],
  "irregularity_of_end_surface_tail": [
    0.07169895206601856
  ],
  "mean_curvature": [
    0.38381697490255534
  ],
  "fractal_dimension": [
    2.3650959914310774
  ]
}