{
  "volume": [
    10252.014364242554
  ],
  "volume_endpoints": [
    2289.8490133285522
  ],
  "streamlines_count": [
    3522
  ],
  "avg_length": [
    65.04225158691406
  ],
  "std_length": [
    5.4720916748046875
  ],
  "min_length": [
    50.41004943847656
  ],
  "max_length": [
    82.68492126464844
  ],
  "span": [
    29.22756004333496
  ],
  "curl": [
    2.225373978891073
  ],
  "diameter": [
    14.166477586914136
  ],
  "elongation": [
    4.591279037987179
  ],
  "surface_area": [
    5618.073300315845
  ],
  "end_surface_area_head": [
    1033.208882816707
  ],
  "end_surface_area_tail": [
    1020.2937717814982
  ],
  "radius_head": [
    4.8488388038639485
  ],
  "radius_tail": [
    4.371586457093825
  ],
  "irregularity": [
    1.9407968683734218
  ],
  "irregularity_of_end_surface_head": [
    0.07148867282076014
  ],
  "irregularity_of_end_surface_tail": [
    0.058844080490138624
  ],
  "mean_curvature": [
    0.38548884738378403
  ],
  "fractal_dimension": [
    2.3521905786754487
  ]
}