{
  "volume": [
    13082.360733509064
  ],
  "volume_endpoints": [
    2818.722770214081
  ],
  "streamlines_count": [
    3104
  ],
  "avg_length": [
    72.2847671508789
  ],
  "std_length": [
    7.241454601287842
  ],
  "min_length": [
    53.6893424987793
  ],
  "max_length": [
    96.60640716552734
  ],
  "span": [
    29.092416763305664
  ],
  "curl": [
    2.4846601002241884
  ],
  "diameter": [
    15.180103275842944
  ],
  "elongation": [
    4.761809971735187
  ],
  "surface_area": [
    7161.429069023301
  ],
  "end_surface_area_head": [
    994.4635497110805
  ],
  "end_surface_area_tail": [
    1666.04932354194
  ],
  "radius_head": [
    4.852609245345906
  ],
  "radius_tail": [
    6.404154462766403
  ],
  "irregularity": [
    2.0774391389457967
  ],
  "irregularity_of_end_surface_head": [
    0.07438950106147785
  ],
  "irregularity_of_end_surface_tail": [
    0.07733669607083984
  ],
  "mean_curvature": [
    0.38049243573944286
  ],
  "fractal_dimension": [
    2.414435582539483
  ]
}