{
  "volume": [
    16772.853432655334
  ],
  "volume_endpoints": [
    3289.4785318374634
  ],
  "streamlines_count": [
    2441
  ],
  "avg_length": [
    82.24674987792969
  ],
  "std_length": [
    6.469606399536133
  ],
  "min_length": [
    61.64372253417969
  ],
  "max_length": [
    103.501953125
  ],
  "span": [
    36.99204635620117
  ],
  "curl": [
    2.2233630734013783
  ],
  "diameter": [
    16.113844292974118
  ],
  "elongation": [
    5.104104792286625
  ],
  "surface_area": [
    9324.71016742078
  ],
  "end_surface_area_head": [
    1330.2564366265103
  ],
  "end_surface_area_tail": [
    2124.5357652918537
  ],
  "radius_head": [
    5.270216915186217
  ],
  "radius_tail": [
    8.09495007928384
  ],
  "irregularity": [
    2.2395850580556775
  ],
  "irregularity_of_end_surface_head": [
    0.06559511304262952
  ],
  "irregularity_of_end_surface_tail": [
    0.0968978577914235
  ],
  "mean_curvature": [
    0.3807122203010557
  ],
  "fractal_dimension": [
    2.3994620901256956
  ]
}