{
  "volume": [
    5898.976519107819
  ],
  "volume_endpoints": [
    1197.2307024002075
  ],
  "streamlines_count": [
    1716
  ],
  "avg_length": [
    67.4315414428711
  ],
  "std_length": [
    4.684539794921875
  ],
  "min_length": [
    54.358436584472656
  ],
  "max_length": [
    81.71788024902344
  ],
  "span": [
    28.624801635742188
  ],
  "curl": [
    2.355703361754413
  ],
  "diameter": [
    10.553872647916037
  ],
  "elongation": [
    6.389269957335149
  ],
  "surface_area": [
    3990.7693098795307
  ],
  "end_surface_area_head": [
    742.6188845245082
  ],
  "end_surface_area_tail": [
    548.8922189963756
  ],
  "radius_head": [
    3.932586933237661
  ],
  "radius_tail": [
    3.8255344136850358
  ],
  "irregularity": [
    1.7849736698922487
  ],
  "irregularity_of_end_surface_head": [
    0.06542452036047088
  ],
  "irregularity_of_end_surface_tail": [
    0.0837619973207909
  ],
  "mean_curvature": [
    0.3647985698390396
  ],
  "fractal_dimension": [
    2.1623125332237936
  ]
}