{
  "volume": [
    9130.337055683136
  ],
  "volume_endpoints": [
    2452.579400062561
  ],
  "streamlines_count": [
    1826
  ],
  "avg_length": [
    73.44373321533203
  ],
  "std_length": [
    6.471190452575684
  ],
  "min_length": [
    52.54913330078125
  ],
  "max_length": [
    94.30992126464844
  ],
  "span": [
    34.462764739990234
  ],
  "curl": [
    2.131103925336225
  ],
  "diameter": [
    12.581171783770602
  ],
  "elongation": [
    5.837590844286271
  ],
  "surface_area": [
    5818.257521361582
  ],
  "end_surface_area_head": [
    988.0059941934761
  ],
  "end_surface_area_tail": [
    1685.4219900947533
  ],
  "radius_head": [
    4.470160808904324
  ],
  "radius_tail": [
    6.093734088485133
  ],
  "irregularity": [
    2.0043207855317373
  ],
  "irregularity_of_end_surface_head": [
    0.06353844567257444
  ],
  "irregularity_of_end_surface_tail": [
    0.06921627365874433
  ],
  "mean_curvature": [
    0.37078503838374083
  ],
  "fractal_dimension": [
    2.267395126775902
  ]
}