{
  "volume": [
    9537.163022518158
  ],
  "volume_endpoints": [
    1871.399447441101
  ],
  "streamlines_count": [
    2056
  ],
  "avg_length": [
    76.64390563964844
  ],
  "std_length": [
    4.591487884521484
  ],
  "min_length": [
    63.50702667236328
  ],
  "max_length": [
    91.59113311767578
  ],
  "span": [
    36.69857406616211
  ],
  "curl": [
    2.0884709444424407
  ],
  "diameter": [
    12.587104815901657
  ],
  "elongation": [
    6.08908138612002
  ],
  "surface_area": [
    5882.833076537626
  ],
  "end_surface_area_head": [
    1020.2937717814982
  ],
  "end_surface_area_tail": [
    988.0059941934761
  ],
  "radius_head": [
    4.475792740199813
  ],
  "radius_tail": [
    4.994571572640716
  ],
  "irregularity": [
    1.9410341517178187
  ],
  "irregularity_of_end_surface_head": [
    0.061682869949996215
  ],
  "irregularity_of_end_surface_tail": [
    0.07932074329619052
  ],
  "mean_curvature": [
    0.3720620064362014
  ],
  "fractal_dimension": [
    2.262941295125639
  ]
}