{
  "volume": [
    5230.61957359314
  ],
  "volume_endpoints": [
    1208.8543014526367
  ],
  "streamlines_count": [
    735
  ],
  "avg_length": [
    63.117462158203125
  ],
  "std_length": [
    3.9559319019317627
  ],
  "min_length": [
    51.15862274169922
  ],
  "max_length": [
    77.38314056396484
  ],
  "span": [
    30.239938735961914
  ],
  "curl": [
    2.0872218925213177
  ],
  "diameter": [
    10.272043797958633
  ],
  "elongation": [
    6.144586549635476
  ],
  "surface_area": [
    3648.5188674464966
  ],
  "end_surface_area_head": [
    884.6851059118054
  ],
  "end_surface_area_tail": [
    464.94399726751817
  ],
  "radius_head": [
    4.075932444811488
  ],
  "radius_tail": [
    3.1837836627418072
  ],
  "irregularity": [
    1.7912670323653335
  ],
  "irregularity_of_end_surface_head": [
    0.05899498724392548
  ],
  "irregularity_of_end_surface_tail": [
    0.06849144476940393
  ],
  "mean_curvature": [
    0.37135450381810975
  ],
  "fractal_dimension": [
    2.2009103739513938
  ]
}