{
  "volume": [
    7049.712825298309
  ],
  "volume_endpoints": [
    1679.6100630760193
  ],
  "streamlines_count": [
    2087
  ],
  "avg_length": [
    57.87835693359375
  ],
  "std_length": [
    3.6894049644470215
  ],
  "min_length": [
    47.13407516479492
  ],
  "max_length": [
    71.13008117675781
  ],
  "span": [
    25.645214080810547
  ],
  "curl": [
    2.256887259790987
  ],
  "diameter": [
    12.453249105282252
  ],
  "elongation": [
    4.64765110247764
  ],
  "surface_area": [
    4094.0901981612014
  ],
  "end_surface_area_head": [
    981.5484386758717
  ],
  "end_surface_area_tail": [
    619.9253296900242
  ],
  "radius_head": [
    4.392389676910282
  ],
  "radius_tail": [
    3.687834566613325
  ],
  "irregularity": [
    1.8080426238865412
  ],
  "irregularity_of_end_surface_head": [
    0.061750412132458535
  ],
  "irregularity_of_end_surface_tail": [
    0.0689212828425066
  ],
  "mean_curvature": [
    0.3833226702632548
  ],
  "fractal_dimension": [
    2.3315184125632844
  ]
}