{
  "volume": [
    8322.496921539307
  ],
  "volume_endpoints": [
    1697.045461654663
  ],
  "streamlines_count": [
    878
  ],
  "avg_length": [
    58.13690948486328
  ],
  "std_length": [
    5.575002670288086
  ],
  "min_length": [
    44.23685836791992
  ],
  "max_length": [
    75.61371612548828
  ],
  "span": [
    25.45241355895996
  ],
  "curl": [
    2.2841413192580107
  ],
  "diameter": [
    13.500688292445961
  ],
  "elongation": [
    4.306218188697285
  ],
  "surface_area": [
    4733.3881944040395
  ],
  "end_surface_area_head": [
    1065.496660404729
  ],
  "end_surface_area_tail": [
    703.8735514188817
  ],
  "radius_head": [
    4.430963956481444
  ],
  "radius_tail": [
    3.8897614619954126
  ],
  "irregularity": [
    1.919616167547138
  ],
  "irregularity_of_end_surface_head": [
    0.05788875567231835
  ],
  "irregularity_of_end_surface_tail": [
    0.06753068648199209
  ],
  "mean_curvature": [
    0.3979826405949908
  ],
  "fractal_dimension": [
    2.3378075861476666
  ]
}