{
  "volume": [
    16238.167876243591
  ],
  "volume_endpoints": [
    3632.3747038841248
  ],
  "streamlines_count": [
    4266
  ],
  "avg_length": [
    69.84334564208984
  ],
  "std_length": [
    6.2535810470581055
  ],
  "min_length": [
    50.758056640625
  ],
  "max_length": [
    89.76339721679688
  ],
  "span": [
    32.32691192626953
  ],
  "curl": [
    2.1605325557042665
  ],
  "diameter": [
    17.20525269043624
  ],
  "elongation": [
    4.059419928247445
  ],
  "surface_area": [
    8414.194839438558
  ],
  "end_surface_area_head": [
    1033.208882816707
  ],
  "end_surface_area_tail": [
    2692.8006508410426
  ],
  "radius_head": [
    4.571819990885405
  ],
  "radius_tail": [
    7.5741117089202525
  ],
  "irregularity": [
    2.228828238235251
  ],
  "irregularity_of_end_surface_head": [
    0.06355357509297536
  ],
  "irregularity_of_end_surface_tail": [
    0.06692819019214974
  ],
  "mean_curvature": [
    0.38147700973731835
  ],
  "fractal_dimension": [
    2.3971752487478035
  ]
}