{
  "volume": [
    15302.46815252304
  ],
  "volume_endpoints": [
    3998.5180740356445
  ],
  "streamlines_count": [
    4415
  ],
  "avg_length": [
    67.5295639038086
  ],
  "std_length": [
    5.885153770446777
  ],
  "min_length": [
    49.8725700378418
  ],
  "max_length": [
    85.98634338378906
  ],
  "span": [
    31.48076820373535
  ],
  "curl": [
    2.1451053375436966
  ],
  "diameter": [
    16.985910401904423
  ],
  "elongation": [
    3.975622283762743
  ],
  "surface_area": [
    8285.04372908647
  ],
  "end_surface_area_head": [
    1007.3786607462894
  ],
  "end_surface_area_tail": [
    2905.8999829219883
  ],
  "radius_head": [
    4.605092370770351
  ],
  "radius_tail": [
    8.357231188424892
  ],
  "irregularity": [
    2.299122746988363
  ],
  "irregularity_of_end_surface_head": [
    0.06613537454870494
  ],
  "irregularity_of_end_surface_tail": [
    0.07550818704787318
  ],
  "mean_curvature": [
    0.38663695914289015
  ],
  "fractal_dimension": [
    2.4110043922214373
  ]
}