{
  "volume": [
    11088.913496017456
  ],
  "volume_endpoints": [
    2005.0708365440369
  ],
  "streamlines_count": [
    2847
  ],
  "avg_length": [
    67.39212036132812
  ],
  "std_length": [
    6.323184013366699
  ],
  "min_length": [
    52.735107421875
  ],
  "max_length": [
    88.99629974365234
  ],
  "span": [
    28.1453857421875
  ],
  "curl": [
    2.3944287343808957
  ],
  "diameter": [
    14.474214245190405
  ],
  "elongation": [
    4.656012355470119
  ],
  "surface_area": [
    5676.191299974284
  ],
  "end_surface_area_head": [
    897.6002169470142
  ],
  "end_surface_area_tail": [
    955.718216605454
  ],
  "radius_head": [
    4.27364960295613
  ],
  "radius_tail": [
    4.817893290544905
  ],
  "irregularity": [
    1.8522646290373832
  ],
  "irregularity_of_end_surface_head": [
    0.0639241183182808
  ],
  "irregularity_of_end_surface_tail": [
    0.076301726015175
  ],
  "mean_curvature": [
    0.38176615756563775
  ],
  "fractal_dimension": [
    2.3830181849496763
  ]
}