{
  "volume": [
    9554.598421096802
  ],
  "volume_endpoints": [
    1133.300907611847
  ],
  "streamlines_count": [
    1052
  ],
  "avg_length": [
    76.03755950927734
  ],
  "std_length": [
    6.5785322189331055
  ],
  "min_length": [
    61.17048645019531
  ],
  "max_length": [
    96.2206039428711
  ],
  "span": [
    28.13264274597168
  ],
  "curl": [
    2.702823200645278
  ],
  "diameter": [
    12.648737911077845
  ],
  "elongation": [
    6.011474033522599
  ],
  "surface_area": [
    5857.002854467208
  ],
  "end_surface_area_head": [
    800.736884182948
  ],
  "end_surface_area_tail": [
    684.5008848660684
  ],
  "radius_head": [
    4.2756040886517575
  ],
  "radius_tail": [
    4.473692168652088
  ],
  "irregularity": [
    1.9384303448853435
  ],
  "irregularity_of_end_surface_head": [
    0.0717224318183185
  ],
  "irregularity_of_end_surface_tail": [
    0.09185611081097939
  ],
  "mean_curvature": [
    0.3655220075818522
  ],
  "fractal_dimension": [
    2.3621034164127415
  ]
}