{
  "volume": [
    10775.076321601868
  ],
  "volume_endpoints": [
    2080.6242303848267
  ],
  "streamlines_count": [
    3653
  ],
  "avg_length": [
    72.73929595947266
  ],
  "std_length": [
    6.003395080566406
  ],
  "min_length": [
    56.41214370727539
  ],
  "max_length": [
    92.43177032470703
  ],
  "span": [
    30.89793586730957
  ],
  "curl": [
    2.3541797831366402
  ],
  "diameter": [
    13.733482872331008
  ],
  "elongation": [
    5.296493004409047
  ],
  "surface_area": [
    6218.625963453055
  ],
  "end_surface_area_head": [
    845.9397728061789
  ],
  "end_surface_area_tail": [
    1201.105326274422
  ],
  "radius_head": [
    4.503943626536619
  ],
  "radius_tail": [
    5.720527126323232
  ],
  "irregularity": [
    1.9815032072510417
  ],
  "irregularity_of_end_surface_head": [
    0.07533491810633304
  ],
  "irregularity_of_end_surface_tail": [
    0.08559351834212485
  ],
  "mean_curvature": [
    0.35710947024244627
  ],
  "fractal_dimension": [
    2.3390749719317987
  ]
}