{
  "volume": [
    11925.812627792358
  ],
  "volume_endpoints": [
    2626.933385848999
  ],
  "streamlines_count": [
    3813
  ],
  "avg_length": [
    81.57603454589844
  ],
  "std_length": [
    4.746264457702637
  ],
  "min_length": [
    66.13114929199219
  ],
  "max_length": [
    96.94136810302734
  ],
  "span": [
    37.81281280517578
  ],
  "curl": [
    2.1573648849189127
  ],
  "diameter": [
    13.643247417291681
  ],
  "elongation": [
    5.9792241576230305
  ],
  "surface_area": [
    6586.706627956508
  ],
  "end_surface_area_head": [
    1007.3786607462894
  ],
  "end_surface_area_tail": [
    1343.1715476617192
  ],
  "radius_head": [
    4.8477176035104925
  ],
  "radius_tail": [
    5.284378267437679
  ],
  "irregularity": [
    1.8838143570380907
  ],
  "irregularity_of_end_surface_head": [
    0.07328781117176894
  ],
  "irregularity_of_end_surface_tail": [
    0.06531398538557005
  ],
  "mean_curvature": [
    0.3539065378499475
  ],
  "fractal_dimension": [
    2.4147332790454894
  ]
}