{
  "volume": [
    28315.08729171753
  ],
  "volume_endpoints": [
    5137.630781173706
  ],
  "streamlines_count": [
    8722
  ],
  "avg_length": [
    68.16666412353516
  ],
  "std_length": [
    12.32503604888916
  ],
  "min_length": [
    45.95366668701172
  ],
  "max_length": [
    142.47027587890625
  ],
  "span": [
    29.177928924560547
  ],
  "curl": [
    2.336240666696388
  ],
  "diameter": [
    22.997360387741814
  ],
  "elongation": [
    2.964108183470906
  ],
  "surface_area": [
    13793.33858560304
  ],
  "end_surface_area_head": [
    1924.3515442461169
  ],
  "end_surface_area_tail": [
    1685.4219900947533
  ],
  "radius_head": [
    6.088338617728791
  ],
  "radius_tail": [
    6.037350978748535
  ],
  "irregularity": [
    2.8007187046183466
  ],
  "irregularity_of_end_surface_head": [
    0.060515002775661506
  ],
  "irregularity_of_end_surface_tail": [
    0.06794133323857644
  ],
  "mean_curvature": [
    0.3957180221661382
  ],
  "fractal_dimension": [
    2.4810235863004086
  ]
}