{
  "volume": [
    9112.901657104492
  ],
  "volume_endpoints": [
    1644.7392659187317
  ],
  "streamlines_count": [
    2112
  ],
  "avg_length": [
    76.98381042480469
  ],
  "std_length": [
    3.5862185955047607
  ],
  "min_length": [
    67.14567565917969
  ],
  "max_length": [
    89.7951889038086
  ],
  "span": [
    37.58345031738281
  ],
  "curl": [
    2.0483433472631094
  ],
  "diameter": [
    12.27675812272092
  ],
  "elongation": [
    6.27069537863817
  ],
  "surface_area": [
    5191.874636153952
  ],
  "end_surface_area_head": [
    1026.7513272991027
  ],
  "end_surface_area_tail": [
    561.8073300315845
  ],
  "radius_head": [
    4.940529550921271
  ],
  "radius_tail": [
    3.588702521518286
  ],
  "irregularity": [
    1.7486030111457422
  ],
  "irregularity_of_end_surface_head": [
    0.0746846933820711
  ],
  "irregularity_of_end_surface_tail": [
    0.0720173921837422
  ],
  "mean_curvature": [
    0.3787638970481401
  ],
  "fractal_dimension": [
    2.305181793778125
  ]
}