{
  "volume": [
    8549.157103061676
  ],
  "volume_endpoints": [
    1743.5398578643799
  ],
  "streamlines_count": [
    2127
  ],
  "avg_length": [
    72.88064575195312
  ],
  "std_length": [
    5.038030624389648
  ],
  "min_length": [
    58.66446304321289
  ],
  "max_length": [
    90.73709106445312
  ],
  "span": [
    34.90026092529297
  ],
  "curl": [
    2.0882550393522976
  ],
  "diameter": [
    12.2211085693885
  ],
  "elongation": [
    5.963505302170784
  ],
  "surface_area": [
    4972.317748555402
  ],
  "end_surface_area_head": [
    1052.5815493695204
  ],
  "end_surface_area_tail": [
    632.8404407252331
  ],
  "radius_head": [
    4.937714656393329
  ],
  "radius_tail": [
    4.258778942578572
  ],
  "irregularity": [
    1.7769949222488448
  ],
  "irregularity_of_end_surface_head": [
    0.07276894821337566
  ],
  "irregularity_of_end_surface_tail": [
    0.09003800102444817
  ],
  "mean_curvature": [
    0.3716826536703625
  ],
  "fractal_dimension": [
    2.376591518921858
  ]
}