{
  "volume": [
    8212.07273054123
  ],
  "volume_endpoints": [
    1830.7168507575989
  ],
  "streamlines_count": [
    492
  ],
  "avg_length": [
    59.67937088012695
  ],
  "std_length": [
    7.358158111572266
  ],
  "min_length": [
    40.96006393432617
  ],
  "max_length": [
    81.81127166748047
  ],
  "span": [
    26.718456268310547
  ],
  "curl": [
    2.2336384363234987
  ],
  "diameter": [
    13.23638329086829
  ],
  "elongation": [
    4.508736984165413
  ],
  "surface_area": [
    5792.427299291164
  ],
  "end_surface_area_head": [
    1071.9542159223336
  ],
  "end_surface_area_tail": [
    1620.8464349187093
  ],
  "radius_head": [
    4.484666893921528
  ],
  "radius_tail": [
    6.340836621961338
  ],
  "irregularity": [
    2.334087581590799
  ],
  "irregularity_of_end_surface_head": [
    0.05894324173309752
  ],
  "irregularity_of_end_surface_tail": [
    0.0779293635168168
  ],
  "mean_curvature": [
    0.4071204971855249
  ],
  "fractal_dimension": [
    2.2163530727964083
  ]
}