{
  "volume": [
    9502.29222536087
  ],
  "volume_endpoints": [
    2260.7900156974792
  ],
  "streamlines_count": [
    3030
  ],
  "avg_length": [
    58.504371643066406
  ],
  "std_length": [
    5.813806056976318
  ],
  "min_length": [
    42.0921630859375
  ],
  "max_length": [
    77.6632080078125
  ],
  "span": [
    26.839872360229492
  ],
  "curl": [
    2.1797559562822815
  ],
  "diameter": [
    14.38053656851561
  ],
  "elongation": [
    4.068302414470015
  ],
  "surface_area": [
    5075.638636837073
  ],
  "end_surface_area_head": [
    833.02466177097
  ],
  "end_surface_area_tail": [
    1239.8506593800485
  ],
  "radius_head": [
    4.2832796685542025
  ],
  "radius_tail": [
    5.263624985952673
  ],
  "irregularity": [
    1.920336832801263
  ],
  "irregularity_of_end_surface_head": [
    0.06919024640882826
  ],
  "irregularity_of_end_surface_tail": [
    0.07020214386121362
  ],
  "mean_curvature": [
    0.39037887049783576
  ],
  "fractal_dimension": [
    2.3344319865054572
  ]
}