{
  "volume": [
    8851.370678424835
  ],
  "volume_endpoints": [
    1534.3150749206543
  ],
  "streamlines_count": [
    953
  ],
  "avg_length": [
    57.082908630371094
  ],
  "std_length": [
    6.010276794433594
  ],
  "min_length": [
    43.55569839477539
  ],
  "max_length": [
    77.2043685913086
  ],
  "span": [
    23.603723526000977
  ],
  "curl": [
    2.418385750345309
  ],
  "diameter": [
    14.051001380896968
  ],
  "elongation": [
    4.062550923094928
  ],
  "surface_area": [
    4791.506194062479
  ],
  "end_surface_area_head": [
    949.2606610878496
  ],
  "end_surface_area_tail": [
    839.4822172885745
  ],
  "radius_head": [
    4.3438881125343745
  ],
  "radius_tail": [
    4.409524493360939
  ],
  "irregularity": [
    1.9015546460350397
  ],
  "irregularity_of_end_surface_head": [
    0.06244844808560298
  ],
  "irregularity_of_end_surface_tail": [
    0.07276489221308871
  ],
  "mean_curvature": [
    0.4023092192717889
  ],
  "fractal_dimension": [
    2.3868890571037378
  ]
}