{
  "volume": [
    14872.39498758316
  ],
  "volume_endpoints": [
    3423.149920940399
  ],
  "streamlines_count": [
    3750
  ],
  "avg_length": [
    69.33946990966797
  ],
  "std_length": [
    5.312298774719238
  ],
  "min_length": [
    53.71723937988281
  ],
  "max_length": [
    85.60846710205078
  ],
  "span": [
    31.25062370300293
  ],
  "curl": [
    2.2188187528239642
  ],
  "diameter": [
    16.525524648639227
  ],
  "elongation": [
    4.195901272966704
  ],
  "surface_area": [
    7574.712622149984
  ],
  "end_surface_area_head": [
    1194.6477707568174
  ],
  "end_surface_area_tail": [
    2182.6537649502934
  ],
  "radius_head": [
    5.11389402957003
  ],
  "radius_tail": [
    7.410941103912155
  ],
  "irregularity": [
    2.10416849889017
  ],
  "irregularity_of_end_surface_head": [
    0.06877228341716217
  ],
  "irregularity_of_end_surface_tail": [
    0.07905179714303605
  ],
  "mean_curvature": [
    0.3801852091868718
  ],
  "fractal_dimension": [
    2.5007938562476824
  ]
}