{
  "volume": [
    17028.572611808777
  ],
  "volume_endpoints": [
    3841.5994868278503
  ],
  "streamlines_count": [
    4381
  ],
  "avg_length": [
    68.52140045166016
  ],
  "std_length": [
    6.6198883056640625
  ],
  "min_length": [
    51.584632873535156
  ],
  "max_length": [
    88.96260833740234
  ],
  "span": [
    30.260040283203125
  ],
  "curl": [
    2.264418679234056
  ],
  "diameter": [
    17.78816162417174
  ],
  "elongation": [
    3.8520788094565495
  ],
  "surface_area": [
    8149.435063216777
  ],
  "end_surface_area_head": [
    1046.1239938519159
  ],
  "end_surface_area_tail": [
    2389.295541513635
  ],
  "radius_head": [
    4.854232668703667
  ],
  "radius_tail": [
    8.53058529074939
  ],
  "irregularity": [
    2.1282386867479524
  ],
  "irregularity_of_end_surface_head": [
    0.07076326890985421
  ],
  "irregularity_of_end_surface_tail": [
    0.09568363352474743
  ],
  "mean_curvature": [
    0.38462723598744714
  ],
  "fractal_dimension": [
    2.480425701618964
  ]
}