{
  "volume": [
    15412.892343521118
  ],
  "volume_endpoints": [
    3394.090923309326
  ],
  "streamlines_count": [
    2502
  ],
  "avg_length": [
    81.6517105102539
  ],
  "std_length": [
    8.267390251159668
  ],
  "min_length": [
    60.16891860961914
  ],
  "max_length": [
    105.26449584960938
  ],
  "span": [
    38.79340744018555
  ],
  "curl": [
    2.1047831551314578
  ],
  "diameter": [
    15.502955064187407
  ],
  "elongation": [
    5.266848170054585
  ],
  "surface_area": [
    9544.26705501933
  ],
  "end_surface_area_head": [
    1239.8506593800485
  ],
  "end_surface_area_tail": [
    2705.7157618762517
  ],
  "radius_head": [
    5.234518487829389
  ],
  "radius_tail": [
    6.676665083240462
  ],
  "irregularity": [
    2.400009355427154
  ],
  "irregularity_of_end_surface_head": [
    0.06942789075446713
  ],
  "irregularity_of_end_surface_tail": [
    0.05175912004012342
  ],
  "mean_curvature": [
    0.3796829571850675
  ],
  "fractal_dimension": [
    2.2459504804713672
  ]
}