{
  "volume": [
    14250.532438278198
  ],
  "volume_endpoints": [
    2795.4755721092224
  ],
  "streamlines_count": [
    2527
  ],
  "avg_length": [
    60.92706298828125
  ],
  "std_length": [
    8.246121406555176
  ],
  "min_length": [
    40.92241287231445
  ],
  "max_length": [
    88.05372619628906
  ],
  "span": [
    26.859590530395508
  ],
  "curl": [
    2.268354125478327
  ],
  "diameter": [
    17.25700731505014
  ],
  "elongation": [
    3.5305694594650654
  ],
  "surface_area": [
    7561.797511114774
  ],
  "end_surface_area_head": [
    1020.2937717814982
  ],
  "end_surface_area_tail": [
    1743.5399897531931
  ],
  "radius_head": [
    4.87269811780578
  ],
  "radius_tail": [
    6.354774124795229
  ],
  "irregularity": [
    2.289282795738164
  ],
  "irregularity_of_end_surface_head": [
    0.07310778890290076
  ],
  "irregularity_of_end_surface_tail": [
    0.07276427339629328
  ],
  "mean_curvature": [
    0.3917763251228959
  ],
  "fractal_dimension": [
    2.4031479051028417
  ]
}