{
  "volume": [
    14715.476400375366
  ],
  "volume_endpoints": [
    3992.70627450943
  ],
  "streamlines_count": [
    2639
  ],
  "avg_length": [
    68.16946411132812
  ],
  "std_length": [
    6.114037036895752
  ],
  "min_length": [
    43.19797134399414
  ],
  "max_length": [
    88.55723571777344
  ],
  "span": [
    30.408336639404297
  ],
  "curl": [
    2.2418018098034174
  ],
  "diameter": [
    16.578578217132872
  ],
  "elongation": [
    4.111900503076884
  ],
  "surface_area": [
    8317.33150667449
  ],
  "end_surface_area_head": [
    1362.5442142145325
  ],
  "end_surface_area_tail": [
    2957.5604270628237
  ],
  "radius_head": [
    5.241761284912936
  ],
  "radius_tail": [
    7.688518743883616
  ],
  "irregularity": [
    2.342593729036685
  ],
  "irregularity_of_end_surface_head": [
    0.06335103965274945
  ],
  "irregularity_of_end_surface_tail": [
    0.06279160744591962
  ],
  "mean_curvature": [
    0.3978243053140131
  ],
  "fractal_dimension": [
    2.3685176541480484
  ]
}