{
  "volume": [
    8729.322888374329
  ],
  "volume_endpoints": [
    2214.2956194877625
  ],
  "streamlines_count": [
    2576
  ],
  "avg_length": [
    71.03024291992188
  ],
  "std_length": [
    4.867287635803223
  ],
  "min_length": [
    56.953121185302734
  ],
  "max_length": [
    86.29884338378906
  ],
  "span": [
    32.47576141357422
  ],
  "curl": [
    2.1871771385237686
  ],
  "diameter": [
    12.509031561469996
  ],
  "elongation": [
    5.678316708281994
  ],
  "surface_area": [
    5333.94085754125
  ],
  "end_surface_area_head": [
    833.02466177097
  ],
  "end_surface_area_tail": [
    1440.0348804257856
  ],
  "radius_head": [
    4.286502975637055
  ],
  "radius_tail": [
    5.377405452728222
  ],
  "irregularity": [
    1.9108708483809915
  ],
  "irregularity_of_end_surface_head": [
    0.06929442140743039
  ],
  "irregularity_of_end_surface_tail": [
    0.06308446546052378
  ],
  "mean_curvature": [
    0.38363589285091954
  ],
  "fractal_dimension": [
    2.357552443698243
  ]
}