{
  "volume": [
    9409.303432941437
  ],
  "volume_endpoints": [
    2138.7422256469727
  ],
  "streamlines_count": [
    2335
  ],
  "avg_length": [
    62.26105499267578
  ],
  "std_length": [
    5.162018299102783
  ],
  "min_length": [
    47.177764892578125
  ],
  "max_length": [
    77.93687438964844
  ],
  "span": [
    27.890487670898438
  ],
  "curl": [
    2.2323401342903146
  ],
  "diameter": [
    13.871568109513689
  ],
  "elongation": [
    4.488393417466234
  ],
  "surface_area": [
    5314.568190988437
  ],
  "end_surface_area_head": [
    955.718216605454
  ],
  "end_surface_area_tail": [
    981.5484386758717
  ],
  "radius_head": [
    4.5604542059587505
  ],
  "radius_tail": [
    4.616261860373255
  ],
  "irregularity": [
    1.9587367747079085
  ],
  "irregularity_of_end_surface_head": [
    0.06836537602518002
  ],
  "irregularity_of_end_surface_tail": [
    0.0682054390779197
  ],
  "mean_curvature": [
    0.38919934460642
  ],
  "fractal_dimension": [
    2.3298442930378966
  ]
}