{
  "volume": [
    8212.07273054123
  ],
  "volume_endpoints": [
    2237.542817592621
  ],
  "streamlines_count": [
    3101
  ],
  "avg_length": [
    67.68108367919922
  ],
  "std_length": [
    4.119013786315918
  ],
  "min_length": [
    54.198001861572266
  ],
  "max_length": [
    80.54301452636719
  ],
  "span": [
    30.67877769470215
  ],
  "curl": [
    2.2061206073046034
  ],
  "diameter": [
    12.429332352686632
  ],
  "elongation": [
    5.445271053884867
  ],
  "surface_area": [
    5166.044414083535
  ],
  "end_surface_area_head": [
    871.7699948765966
  ],
  "end_surface_area_tail": [
    1381.9168807673457
  ],
  "radius_head": [
    4.39743440071792
  ],
  "radius_tail": [
    5.150362751247772
  ],
  "irregularity": [
    1.9547587155609816
  ],
  "irregularity_of_end_surface_head": [
    0.06968618581999234
  ],
  "irregularity_of_end_surface_tail": [
    0.06030364834497589
  ],
  "mean_curvature": [
    0.36863341074111344
  ],
  "fractal_dimension": [
    2.33474326160167
  ]
}