{
  "volume": [
    9949.800788879395
  ],
  "volume_endpoints": [
    3115.1245460510254
  ],
  "streamlines_count": [
    3712
  ],
  "avg_length": [
    61.0216064453125
  ],
  "std_length": [
    5.097867965698242
  ],
  "min_length": [
    46.49565887451172
  ],
  "max_length": [
    77.12287902832031
  ],
  "span": [
    28.834325790405273
  ],
  "curl": [
    2.1162834494163087
  ],
  "diameter": [
    14.408555170947304
  ],
  "elongation": [
    4.235095449983316
  ],
  "surface_area": [
    5792.427299291164
  ],
  "end_surface_area_head": [
    904.0577724646187
  ],
  "end_surface_area_tail": [
    2098.705543221436
  ],
  "radius_head": [
    4.528225920821473
  ],
  "radius_tail": [
    6.26215373671498
  ],
  "irregularity": [
    2.0970396816592407
  ],
  "irregularity_of_end_surface_head": [
    0.07125410037024056
  ],
  "irregularity_of_end_surface_tail": [
    0.058701042463316
  ],
  "mean_curvature": [
    0.3733783956809804
  ],
  "fractal_dimension": [
    2.4139818771916413
  ]
}