{
  "volume": [
    8124.89573764801
  ],
  "volume_endpoints": [
    2214.2956194877625
  ],
  "streamlines_count": [
    1696
  ],
  "avg_length": [
    71.23938751220703
  ],
  "std_length": [
    5.807159900665283
  ],
  "min_length": [
    53.67008972167969
  ],
  "max_length": [
    89.25597381591797
  ],
  "span": [
    33.63740539550781
  ],
  "curl": [
    2.117862144079664
  ],
  "diameter": [
    12.050466761966176
  ],
  "elongation": [
    5.911753371832336
  ],
  "surface_area": [
    5211.247302706766
  ],
  "end_surface_area_head": [
    1265.6808814504661
  ],
  "end_surface_area_tail": [
    1104.2419935103558
  ],
  "radius_head": [
    4.979170836037249
  ],
  "radius_tail": [
    5.125441416042737
  ],
  "irregularity": [
    1.9322697926654404
  ],
  "irregularity_of_end_surface_head": [
    0.06153747993601061
  ],
  "irregularity_of_end_surface_tail": [
    0.07473915121905161
  ],
  "mean_curvature": [
    0.3819932658752462
  ],
  "fractal_dimension": [
    2.353659920832356
  ]
}