{
  "volume": [
    11176.090488910675
  ],
  "volume_endpoints": [
    2499.073796272278
  ],
  "streamlines_count": [
    2191
  ],
  "avg_length": [
    71.96361541748047
  ],
  "std_length": [
    4.611778259277344
  ],
  "min_length": [
    57.2301025390625
  ],
  "max_length": [
    87.0935287475586
  ],
  "span": [
    33.9368782043457
  ],
  "curl": [
    2.120513707364673
  ],
  "diameter": [
    14.061884519628641
  ],
  "elongation": [
    5.117636638035835
  ],
  "surface_area": [
    6586.706627956508
  ],
  "end_surface_area_head": [
    1285.0535480032795
  ],
  "end_surface_area_tail": [
    1330.2564366265103
  ],
  "radius_head": [
    5.234287147155251
  ],
  "radius_tail": [
    6.111784627798508
  ],
  "irregularity": [
    2.0718673506379406
  ],
  "irregularity_of_end_surface_head": [
    0.06697978287808362
  ],
  "irregularity_of_end_surface_tail": [
    0.0882166552303905
  ],
  "mean_curvature": [
    0.3806971127260009
  ],
  "fractal_dimension": [
    2.3021310097687246
  ]
}