{
  "volume": [
    7125.266219139099
  ],
  "volume_endpoints": [
    1604.0566692352295
  ],
  "streamlines_count": [
    846
  ],
  "avg_length": [
    61.532432556152344
  ],
  "std_length": [
    5.782077312469482
  ],
  "min_length": [
    46.817378997802734
  ],
  "max_length": [
    80.69143676757812
  ],
  "span": [
    26.6160888671875
  ],
  "curl": [
    2.3118510335306985
  ],
  "diameter": [
    12.142372861885317
  ],
  "elongation": [
    5.067578903733183
  ],
  "surface_area": [
    4365.307529900587
  ],
  "end_surface_area_head": [
    1091.3268824751467
  ],
  "end_surface_area_tail": [
    555.34977451398
  ],
  "radius_head": [
    4.862221786511286
  ],
  "radius_tail": [
    3.493206751563849
  ],
  "irregularity": [
    1.8597617988809967
  ],
  "irregularity_of_end_surface_head": [
    0.0680557068992587
  ],
  "irregularity_of_end_surface_tail": [
    0.06902904333269927
  ],
  "mean_curvature": [
    0.3929878737134573
  ],
  "fractal_dimension": [
    2.2801448604684142
  ]
}