{
  "volume": [
    10926.183109283447
  ],
  "volume_endpoints": [
    2284.0372138023376
  ],
  "streamlines_count": [
    1813
  ],
  "avg_length": [
    68.13330078125
  ],
  "std_length": [
    6.224859714508057
  ],
  "min_length": [
    51.8646240234375
  ],
  "max_length": [
    87.4052734375
  ],
  "span": [
    29.933307647705078
  ],
  "curl": [
    2.276170130716364
  ],
  "diameter": [
    14.289254848460692
  ],
  "elongation": [
    4.768149319458016
  ],
  "surface_area": [
    6321.946851734726
  ],
  "end_surface_area_head": [
    1065.496660404729
  ],
  "end_surface_area_tail": [
    1517.5255466370386
  ],
  "radius_head": [
    4.819959450063744
  ],
  "radius_tail": [
    5.538065905792576
  ],
  "irregularity": [
    2.066959449592859
  ],
  "irregularity_of_end_surface_head": [
    0.06849905009536182
  ],
  "irregularity_of_end_surface_tail": [
    0.06349362187917246
  ],
  "mean_curvature": [
    0.3975278790886075
  ],
  "fractal_dimension": [
    2.319974853556533
  ]
}