{
  "volume": [
    12280.332398891449
  ],
  "volume_endpoints": [
    3242.9841356277466
  ],
  "streamlines_count": [
    2735
  ],
  "avg_length": [
    77.29068756103516
  ],
  "std_length": [
    5.743924617767334
  ],
  "min_length": [
    59.85154724121094
  ],
  "max_length": [
    95.37358093261719
  ],
  "span": [
    32.65013122558594
  ],
  "curl": [
    2.3672397218565266
  ],
  "diameter": [
    14.223174394984987
  ],
  "elongation": [
    5.434137655535421
  ],
  "surface_area": [
    7135.598846952883
  ],
  "end_surface_area_head": [
    1142.987326615982
  ],
  "end_surface_area_tail": [
    2047.0450990806007
  ],
  "radius_head": [
    5.126340508594124
  ],
  "radius_tail": [
    6.279103099768962
  ],
  "irregularity": [
    2.0661262154033038
  ],
  "irregularity_of_end_surface_head": [
    0.07223095516220947
  ],
  "irregularity_of_end_surface_tail": [
    0.06050868153356161
  ],
  "mean_curvature": [
    0.38146268703601915
  ],
  "fractal_dimension": [
    2.3324099126457574
  ]
}