{
  "volume": [
    7979.600749492645
  ],
  "volume_endpoints": [
    1917.8938436508179
  ],
  "streamlines_count": [
    2199
  ],
  "avg_length": [
    74.4254379272461
  ],
  "std_length": [
    4.186402320861816
  ],
  "min_length": [
    63.10303497314453
  ],
  "max_length": [
    89.80611419677734
  ],
  "span": [
    30.663782119750977
  ],
  "curl": [
    2.4271447545704943
  ],
  "diameter": [
    11.68382224678083
  ],
  "elongation": [
    6.3699563683239075
  ],
  "surface_area": [
    5023.978192696238
  ],
  "end_surface_area_head": [
    1130.0722155807734
  ],
  "end_surface_area_tail": [
    749.0764400421126
  ],
  "radius_head": [
    4.86664224159385
  ],
  "radius_tail": [
    3.9295813610851447
  ],
  "irregularity": [
    1.839041514041233
  ],
  "irregularity_of_end_surface_head": [
    0.065841924766432
  ],
  "irregularity_of_end_surface_tail": [
    0.06476141140787828
  ],
  "mean_curvature": [
    0.37439875663167077
  ],
  "fractal_dimension": [
    2.3533578577797054
  ]
}