{
  "volume": [
    8653.769494533539
  ],
  "volume_endpoints": [
    3376.6555247306824
  ],
  "streamlines_count": [
    5256
  ],
  "avg_length": [
    37.378639221191406
  ],
  "std_length": [
    7.217723369598389
  ],
  "min_length": [
    20.148454666137695
  ],
  "max_length": [
    60.474830627441406
  ],
  "span": [
    16.637453079223633
  ],
  "curl": [
    2.246656326734815
  ],
  "diameter": [
    17.169038616209768
  ],
  "elongation": [
    2.177095646223382
  ],
  "surface_area": [
    4675.270194745599
  ],
  "end_surface_area_head": [
    1381.9168807673457
  ],
  "end_surface_area_tail": [
    1291.5111035208838
  ],
  "radius_head": [
    5.429670258365841
  ],
  "radius_tail": [
    5.094353983247216
  ],
  "irregularity": [
    2.3189286057800325
  ],
  "irregularity_of_end_surface_head": [
    0.06702161095034909
  ],
  "irregularity_of_end_surface_tail": [
    0.06312915351580002
  ],
  "mean_curvature": [
    0.42875617319828574
  ],
  "fractal_dimension": [
    2.3540775936332357
  ]
}