{
  "volume": [
    7840.117560863495
  ],
  "volume_endpoints": [
    1487.8206787109375
  ],
  "streamlines_count": [
    1340
  ],
  "avg_length": [
    73.44268035888672
  ],
  "std_length": [
    5.380789279937744
  ],
  "min_length": [
    59.29622268676758
  ],
  "max_length": [
    90.05925750732422
  ],
  "span": [
    31.0886287689209
  ],
  "curl": [
    2.3623647380777015
  ],
  "diameter": [
    11.658484174698964
  ],
  "elongation": [
    6.299505086456327
  ],
  "surface_area": [
    5036.893303731447
  ],
  "end_surface_area_head": [
    897.6002169470142
  ],
  "end_surface_area_tail": [
    710.3311069364861
  ],
  "radius_head": [
    4.3968045320046265
  ],
  "radius_tail": [
    4.17632947468316
  ],
  "irregularity": [
    1.8725019240888998
  ],
  "irregularity_of_end_surface_head": [
    0.06766144074882706
  ],
  "irregularity_of_end_surface_tail": [
    0.07713980655235261
  ],
  "mean_curvature": [
    0.3766211308872522
  ],
  "fractal_dimension": [
    2.2522640416129107
  ]
}