{
  "volume": [
    11344.632675170898
  ],
  "volume_endpoints": [
    2220.107419013977
  ],
  "streamlines_count": [
    2899
  ],
  "avg_length": [
    79.93791961669922
  ],
  "std_length": [
    4.741379737854004
  ],
  "min_length": [
    66.9755630493164
  ],
  "max_length": [
    94.58594512939453
  ],
  "span": [
    35.38503646850586
  ],
  "curl": [
    2.2590882360075355
  ],
  "diameter": [
    13.442308487662766
  ],
  "elongation": [
    5.9467404493852785
  ],
  "surface_area": [
    6263.828852076286
  ],
  "end_surface_area_head": [
    1091.3268824751467
  ],
  "end_surface_area_tail": [
    871.7699948765966
  ],
  "radius_head": [
    4.944212701498389
  ],
  "radius_tail": [
    4.346075173287181
  ],
  "irregularity": [
    1.8555100494310093
  ],
  "irregularity_of_end_surface_head": [
    0.07037028523488265
  ],
  "irregularity_of_end_surface_tail": [
    0.06806791118223723
  ],
  "mean_curvature": [
    0.37303236742684165
  ],
  "fractal_dimension": [
    2.336043318062407
  ]
}