{
  "volume": [
    14994.442777633667
  ],
  "volume_endpoints": [
    2278.225414276123
  ],
  "streamlines_count": [
    1111
  ],
  "avg_length": [
    78.17574310302734
  ],
  "std_length": [
    6.9048357009887695
  ],
  "min_length": [
    63.69648361206055
  ],
  "max_length": [
    98.10986328125
  ],
  "span": [
    35.27351760864258
  ],
  "curl": [
    2.2162729549794897
  ],
  "diameter": [
    15.627309585049895
  ],
  "elongation": [
    5.002508120643835
  ],
  "surface_area": [
    9324.71016742078
  ],
  "end_surface_area_head": [
    1226.9355483448396
  ],
  "end_surface_area_tail": [
    1414.2046583553679
  ],
  "radius_head": [
    4.89914934625695
  ],
  "radius_tail": [
    9.111438820421515
  ],
  "irregularity": [
    2.429568986626652
  ],
  "irregularity_of_end_surface_head": [
    0.06145673453973683
  ],
  "irregularity_of_end_surface_tail": [
    0.18442149405186448
  ],
  "mean_curvature": [
    0.38094926500084375
  ],
  "fractal_dimension": [
    2.2880122242815135
  ]
}