{
  "volume": [
    4265.860852241516
  ],
  "volume_endpoints": [
    2446.7676005363464
  ],
  "streamlines_count": [
    3950
  ],
  "avg_length": [
    26.76527214050293
  ],
  "std_length": [
    4.679037094116211
  ],
  "min_length": [
    20.06150245666504
  ],
  "max_length": [
    41.780330657958984
  ],
  "span": [
    12.302839279174805
  ],
  "curl": [
    2.1755361939750686
  ],
  "diameter": [
    14.245331830091379
  ],
  "elongation": [
    1.8788802156201678
  ],
  "surface_area": [
    2744.461094981878
  ],
  "end_surface_area_head": [
    807.1944397005524
  ],
  "end_surface_area_tail": [
    1233.3931038624441
  ],
  "radius_head": [
    4.297495459202637
  ],
  "radius_tail": [
    5.097791439509786
  ],
  "irregularity": [
    2.29119985080208
  ],
  "irregularity_of_end_surface_head": [
    0.07187908896994655
  ],
  "irregularity_of_end_surface_tail": [
    0.06619306394245357
  ],
  "mean_curvature": [
    0.43459101714288134
  ],
  "fractal_dimension": [
    2.2411875670772896
  ]
}