{
  "volume": [
    8578.216100692749
  ],
  "volume_endpoints": [
    1999.2590370178223
  ],
  "streamlines_count": [
    2788
  ],
  "avg_length": [
    58.705421447753906
  ],
  "std_length": [
    4.424541473388672
  ],
  "min_length": [
    44.81179428100586
  ],
  "max_length": [
    74.99402618408203
  ],
  "span": [
    26.72787094116211
  ],
  "curl": [
    2.196412186252551
  ],
  "diameter": [
    13.640002363120555
  ],
  "elongation": [
    4.303915782777277
  ],
  "surface_area": [
    4604.237084051951
  ],
  "end_surface_area_head": [
    1065.496660404729
  ],
  "end_surface_area_tail": [
    710.3311069364861
  ],
  "radius_head": [
    4.742256592671939
  ],
  "radius_tail": [
    4.100708972647194
  ],
  "irregularity": [
    1.8302699526817772
  ],
  "irregularity_of_end_surface_head": [
    0.06630829756972859
  ],
  "irregularity_of_end_surface_tail": [
    0.07437156764894053
  ],
  "mean_curvature": [
    0.38204525355543606
  ],
  "fractal_dimension": [
    2.42993528137725
  ]
}