{
  "volume": [
    13872.76546907425
  ],
  "volume_endpoints": [
    3272.0431332588196
  ],
  "streamlines_count": [
    3266
  ],
  "avg_length": [
    71.27134704589844
  ],
  "std_length": [
    6.279381275177002
  ],
  "min_length": [
    53.36488342285156
  ],
  "max_length": [
    90.9131851196289
  ],
  "span": [
    31.363197326660156
  ],
  "curl": [
    2.2724515712980105
  ],
  "diameter": [
    15.742695593458384
  ],
  "elongation": [
    4.527264509612577
  ],
  "surface_area": [
    7309.952845928203
  ],
  "end_surface_area_head": [
    1162.3599931687954
  ],
  "end_surface_area_tail": [
    2001.84221045737
  ],
  "radius_head": [
    4.925252731689282
  ],
  "radius_tail": [
    7.02894060174115
  ],
  "irregularity": [
    2.0738179909499657
  ],
  "irregularity_of_end_surface_head": [
    0.06556412355892821
  ],
  "irregularity_of_end_surface_tail": [
    0.07753535449896021
  ],
  "mean_curvature": [
    0.3758630414755156
  ],
  "fractal_dimension": [
    2.4555174757752325
  ]
}