{
  "volume": [
    6613.827860832214
  ],
  "volume_endpoints": [
    1702.8572611808777
  ],
  "streamlines_count": [
    1598
  ],
  "avg_length": [
    74.5545883178711
  ],
  "std_length": [
    6.106534957885742
  ],
  "min_length": [
    58.05043029785156
  ],
  "max_length": [
    91.07333374023438
  ],
  "span": [
    36.77914810180664
  ],
  "curl": [
    2.0270885043748166
  ],
  "diameter": [
    10.627823045403112
  ],
  "elongation": [
    7.0150385454637805
  ],
  "surface_area": [
    4694.642861298413
  ],
  "end_surface_area_head": [
    949.2606610878496
  ],
  "end_surface_area_tail": [
    1000.921105228685
  ],
  "radius_head": [
    4.467356948258616
  ],
  "radius_tail": [
    6.047980928422499
  ],
  "irregularity": [
    1.8859665930648501
  ],
  "irregularity_of_end_surface_head": [
    0.06604891664073327
  ],
  "irregularity_of_end_surface_tail": [
    0.11480765646227084
  ],
  "mean_curvature": [
    0.34353753085130445
  ],
  "fractal_dimension": [
    2.221684805155215
  ]
}