{
  "volume": [
    8432.921112537384
  ],
  "volume_endpoints": [
    2551.3799920082092
  ],
  "streamlines_count": [
    3302
  ],
  "avg_length": [
    73.46354675292969
  ],
  "std_length": [
    5.376517295837402
  ],
  "min_length": [
    56.71213912963867
  ],
  "max_length": [
    88.37420654296875
  ],
  "span": [
    30.53379249572754
  ],
  "curl": [
    2.4059751753146656
  ],
  "diameter": [
    12.089494227183406
  ],
  "elongation": [
    6.076643519771556
  ],
  "surface_area": [
    5379.143746164481
  ],
  "end_surface_area_head": [
    1362.5442142145325
  ],
  "end_surface_area_tail": [
    988.0059941934761
  ],
  "radius_head": [
    5.199187873699528
  ],
  "radius_tail": [
    4.8493805591353585
  ],
  "irregularity": [
    1.9278944507663605
  ],
  "irregularity_of_end_surface_head": [
    0.06232614860564847
  ],
  "irregularity_of_end_surface_tail": [
    0.07477610291260395
  ],
  "mean_curvature": [
    0.35514630761780497
  ],
  "fractal_dimension": [
    2.31630699893199
  ]
}