{
  "volume": [
    4783.1110100746155
  ],
  "volume_endpoints": [
    1173.9835042953491
  ],
  "streamlines_count": [
    814
  ],
  "avg_length": [
    63.80415344238281
  ],
  "std_length": [
    6.206535339355469
  ],
  "min_length": [
    48.332191467285156
  ],
  "max_length": [
    83.28135681152344
  ],
  "span": [
    29.026348114013672
  ],
  "curl": [
    2.198146084094496
  ],
  "diameter": [
    9.769803169021714
  ],
  "elongation": [
    6.530751166481459
  ],
  "surface_area": [
    3564.5706457176393
  ],
  "end_surface_area_head": [
    891.1426614294098
  ],
  "end_surface_area_tail": [
    413.2835531266828
  ],
  "radius_head": [
    4.171538273449876
  ],
  "radius_tail": [
    4.538305584766015
  ],
  "irregularity": [
    1.8202145798718723
  ],
  "irregularity_of_end_surface_head": [
    0.06134725046435296
  ],
  "irregularity_of_end_surface_tail": [
    0.15656303125009197
  ],
  "mean_curvature": [
    0.3532854258940905
  ],
  "fractal_dimension": [
    2.2167519742162507
  ]
}