{
  "volume": [
    6683.56945514679
  ],
  "volume_endpoints": [
    1452.94988155365
  ],
  "streamlines_count": [
    1863
  ],
  "avg_length": [
    67.79753112792969
  ],
  "std_length": [
    4.502852439880371
  ],
  "min_length": [
    53.70358657836914
  ],
  "max_length": [
    82.93197631835938
  ],
  "span": [
    29.95435333251953
  ],
  "curl": [
    2.2633615346429874
  ],
  "diameter": [
    11.203464761983552
  ],
  "elongation": [
    6.051478945869087
  ],
  "surface_area": [
    4365.307529900587
  ],
  "end_surface_area_head": [
    897.6002169470142
  ],
  "end_surface_area_tail": [
    555.34977451398
  ],
  "radius_head": [
    4.331596633206626
  ],
  "radius_tail": [
    3.832488321865821
  ],
  "irregularity": [
    1.8293581526560412
  ],
  "irregularity_of_end_surface_head": [
    0.06566938343912546
  ],
  "irregularity_of_end_surface_tail": [
    0.08308927187061678
  ],
  "mean_curvature": [
    0.35584235813626663
  ],
  "fractal_dimension": [
    2.269489450125175
  ]
}