{
  "volume": [
    6608.016061306
  ],
  "volume_endpoints": [
    871.7699289321899
  ],
  "streamlines_count": [
    353
  ],
  "avg_length": [
    62.7613410949707
  ],
  "std_length": [
    7.482458114624023
  ],
  "min_length": [
    46.859867095947266
  ],
  "max_length": [
    86.7359848022461
  ],
  "span": [
    26.110977172851562
  ],
  "curl": [
    2.403638158752087
  ],
  "diameter": [
    11.578291963080677
  ],
  "elongation": [
    5.4206044635163595
  ],
  "surface_area": [
    4481.543529217467
  ],
  "end_surface_area_head": [
    916.9728834998275
  ],
  "end_surface_area_tail": [
    406.8259976090784
  ],
  "radius_head": [
    4.107690442502886
  ],
  "radius_tail": [
    3.746840531143625
  ],
  "irregularity": [
    1.9630937237870303
  ],
  "irregularity_of_end_surface_head": [
    0.057808113208689435
  ],
  "irregularity_of_end_surface_tail": [
    0.10841056146690985
  ],
  "mean_curvature": [
    0.3758476324189486
  ],
  "fractal_dimension": [
    2.2896751938710853
  ]
}