{
  "volume": [
    11269.079281330109
  ],
  "volume_endpoints": [
    2882.6525650024414
  ],
  "streamlines_count": [
    4084
  ],
  "avg_length": [
    74.08333587646484
  ],
  "std_length": [
    6.200043678283691
  ],
  "min_length": [
    57.01250076293945
  ],
  "max_length": [
    94.01246643066406
  ],
  "span": [
    30.848312377929688
  ],
  "curl": [
    2.4015361024892723
  ],
  "diameter": [
    13.916788001282999
  ],
  "elongation": [
    5.3233070640750615
  ],
  "surface_area": [
    7116.22618040007
  ],
  "end_surface_area_head": [
    1084.8693269575424
  ],
  "end_surface_area_tail": [
    1814.5731004468416
  ],
  "radius_head": [
    4.929457787397276
  ],
  "radius_tail": [
    6.431948077501026
  ],
  "irregularity": [
    2.1970519651477325
  ],
  "irregularity_of_end_surface_head": [
    0.07036727712654489
  ],
  "irregularity_of_end_surface_tail": [
    0.07162431209967983
  ],
  "mean_curvature": [
    0.36073662714264654
  ],
  "fractal_dimension": [
    2.309499189777212
  ]
}