{
  "volume": [
    8246.943527698517
  ],
  "volume_endpoints": [
    2202.6720204353333
  ],
  "streamlines_count": [
    3357
  ],
  "avg_length": [
    71.12603759765625
  ],
  "std_length": [
    3.5891079902648926
  ],
  "min_length": [
    60.11320495605469
  ],
  "max_length": [
    82.76407623291016
  ],
  "span": [
    34.883758544921875
  ],
  "curl": [
    2.038944212564224
  ],
  "diameter": [
    12.150307302791521
  ],
  "elongation": [
    5.853846806106304
  ],
  "surface_area": [
    5082.096192354677
  ],
  "end_surface_area_head": [
    1052.5815493695204
  ],
  "end_surface_area_tail": [
    916.9728834998275
  ],
  "radius_head": [
    4.864283811126034
  ],
  "radius_tail": [
    4.468605332222419
  ],
  "irregularity": [
    1.8718762373012272
  ],
  "irregularity_of_end_surface_head": [
    0.07062068606018351
  ],
  "irregularity_of_end_surface_tail": [
    0.06841280203365442
  ],
  "mean_curvature": [
    0.35409611409392994
  ],
  "fractal_dimension": [
    2.345577719971401
  ]
}