{
  "volume": [
    8456.168310642242
  ],
  "volume_endpoints": [
    2423.520402431488
  ],
  "streamlines_count": [
    3927
  ],
  "avg_length": [
    65.6063003540039
  ],
  "std_length": [
    6.704747676849365
  ],
  "min_length": [
    50.369937896728516
  ],
  "max_length": [
    86.57367706298828
  ],
  "span": [
    28.614837646484375
  ],
  "curl": [
    2.2927371164751063
  ],
  "diameter": [
    12.810588900579905
  ],
  "elongation": [
    5.12125561620622
  ],
  "surface_area": [
    5043.350859249052
  ],
  "end_surface_area_head": [
    916.9728834998275
  ],
  "end_surface_area_tail": [
    1349.6291031793235
  ],
  "radius_head": [
    4.346721828567368
  ],
  "radius_tail": [
    5.138653680038759
  ],
  "irregularity": [
    1.9100936785374563
  ],
  "irregularity_of_end_surface_head": [
    0.06473170941764013
  ],
  "irregularity_of_end_surface_tail": [
    0.06146588466109162
  ],
  "mean_curvature": [
    0.3671470345857643
  ],
  "fractal_dimension": [
    2.371875544612018
  ]
}