{
  "volume": [
    11437.621467590332
  ],
  "volume_endpoints": [
    1946.9528412818909
  ],
  "streamlines_count": [
    1262
  ],
  "avg_length": [
    84.68690490722656
  ],
  "std_length": [
    5.678743362426758
  ],
  "min_length": [
    67.96282958984375
  ],
  "max_length": [
    103.27642059326172
  ],
  "span": [
    39.296817779541016
  ],
  "curl": [
    2.1550575769857083
  ],
  "diameter": [
    13.113384293195454
  ],
  "elongation": [
    6.458051027389677
  ],
  "surface_area": [
    6832.093737625475
  ],
  "end_surface_area_head": [
    910.5153279822231
  ],
  "end_surface_area_tail": [
    1310.8837700736972
  ],
  "radius_head": [
    4.44392031778336
  ],
  "radius_tail": [
    5.643630404812587
  ],
  "irregularity": [
    1.9582714588536747
  ],
  "irregularity_of_end_surface_head": [
    0.06813890305947871
  ],
  "irregularity_of_end_surface_tail": [
    0.07633132747423642
  ],
  "mean_curvature": [
    0.36440351286610784
  ],
  "fractal_dimension": [
    2.336988243276708
  ]
}