{
  "volume": [
    10124.154774665833
  ],
  "volume_endpoints": [
    1801.6578531265259
  ],
  "streamlines_count": [
    4254
  ],
  "avg_length": [
    77.29966735839844
  ],
  "std_length": [
    5.761613368988037
  ],
  "min_length": [
    59.30905532836914
  ],
  "max_length": [
    95.18003845214844
  ],
  "span": [
    32.704647064208984
  ],
  "curl": [
    2.3635683090123587
  ],
  "diameter": [
    12.913549593217505
  ],
  "elongation": [
    5.985934912814213
  ],
  "surface_area": [
    5844.087743431999
  ],
  "end_surface_area_head": [
    761.9915510773214
  ],
  "end_surface_area_tail": [
    1078.411771439938
  ],
  "radius_head": [
    4.248483927386475
  ],
  "radius_tail": [
    4.675428773144043
  ],
  "irregularity": [
    1.8635609238899318
  ],
  "irregularity_of_end_surface_head": [
    0.0744162319702878
  ],
  "irregularity_of_end_surface_tail": [
    0.06368074614135363
  ],
  "mean_curvature": [
    0.36193671584353515
  ],
  "fractal_dimension": [
    2.3596754991820026
  ]
}