{
  "volume": [
    6945.1004338264465
  ],
  "volume_endpoints": [
    906.6407260894775
  ],
  "streamlines_count": [
    448
  ],
  "avg_length": [
    81.1109619140625
  ],
  "std_length": [
    4.924777030944824
  ],
  "min_length": [
    67.69618225097656
  ],
  "max_length": [
    98.52400970458984
  ],
  "span": [
    34.69235610961914
  ],
  "curl": [
    2.3380067256825168
  ],
  "diameter": [
    10.441299387770464
  ],
  "elongation": [
    7.768282366183752
  ],
  "surface_area": [
    5101.468858907491
  ],
  "end_surface_area_head": [
    516.6044414083535
  ],
  "end_surface_area_tail": [
    736.1613290069038
  ],
  "radius_head": [
    3.4191916561658253
  ],
  "radius_tail": [
    5.104051316795372
  ],
  "irregularity": [
    1.9173935705021066
  ],
  "irregularity_of_end_surface_head": [
    0.0710949293712431
  ],
  "irregularity_of_end_surface_tail": [
    0.11117494854286716
  ],
  "mean_curvature": [
    0.3505819473149521
  ],
  "fractal_dimension": [
    2.2568661535636
  ]
}