{
  "volume": [
    2812.910970687866
  ],
  "volume_endpoints": [
    81.3651933670044
  ],
  "streamlines_count": [
    8
  ],
  "avg_length": [
    123.94120788574219
  ],
  "std_length": [
    33.15550994873047
  ],
  "min_length": [
    38.893592834472656
  ],
  "max_length": [
    147.29306030273438
  ],
  "span": [
    22.972414016723633
  ],
  "curl": [
    5.395219143948673
  ],
  "diameter": [
    5.375578281065663
  ],
  "elongation": [
    23.056348806657482
  ],
  "surface_area": [
    4333.019752312565
  ],
  "end_surface_area_head": [
    148.52377690490164
  ],
  "end_surface_area_tail": [
    90.40577724646187
  ],
  "radius_head": [
    4.101823653631693
  ],
  "radius_tail": [
    6.304008339635505
  ],
  "irregularity": [
    2.0701407825097307
  ],
  "irregularity_of_end_surface_head": [
    0.35588350435573085
  ],
  "irregularity_of_end_surface_tail": [
    1.380979546720273
  ],
  "mean_curvature": [
    0.3561915382742882
  ],
  "fractal_dimension": [
    1.5809264461798371
  ]
}