{
  "volume": [
    6660.322257041931
  ],
  "volume_endpoints": [
    668.356945514679
  ],
  "streamlines_count": [
    124
  ],
  "avg_length": [
    91.99776458740234
  ],
  "std_length": [
    10.865610122680664
  ],
  "min_length": [
    54.247886657714844
  ],
  "max_length": [
    114.43742370605469
  ],
  "span": [
    30.421371459960938
  ],
  "curl": [
    3.024116276561861
  ],
  "diameter": [
    9.600946361070624
  ],
  "elongation": [
    9.582155875844666
  ],
  "surface_area": [
    5269.365302365206
  ],
  "end_surface_area_head": [
    878.227550394201
  ],
  "end_surface_area_tail": [
    413.2835531266828
  ],
  "radius_head": [
    4.107548350831543
  ],
  "radius_tail": [
    3.644787053840338
  ],
  "irregularity": [
    1.8989656833573443
  ],
  "irregularity_of_end_surface_head": [
    0.060354295421863866
  ],
  "irregularity_of_end_surface_tail": [
    0.10098248871596033
  ],
  "mean_curvature": [
    0.36540310084819794
  ],
  "fractal_dimension": [
    2.1759694550671242
  ]
}