{
  "volume": [
    8973.418468475342
  ],
  "volume_endpoints": [
    1301.8430938720703
  ],
  "streamlines_count": [
    998
  ],
  "avg_length": [
    85.53702545166016
  ],
  "std_length": [
    7.420506000518799
  ],
  "min_length": [
    63.83100509643555
  ],
  "max_length": [
    107.34762573242188
  ],
  "span": [
    37.51085662841797
  ],
  "curl": [
    2.280327167651455
  ],
  "diameter": [
    11.557314941078712
  ],
  "elongation": [
    7.401115733865819
  ],
  "surface_area": [
    5753.681966185537
  ],
  "end_surface_area_head": [
    1033.208882816707
  ],
  "end_surface_area_tail": [
    309.9626648450121
  ],
  "radius_head": [
    4.5965034123351645
  ],
  "radius_tail": [
    2.848091554532239
  ],
  "irregularity": [
    1.852613772210203
  ],
  "irregularity_of_end_surface_head": [
    0.06424168375382819
  ],
  "irregularity_of_end_surface_tail": [
    0.08221449219257408
  ],
  "mean_curvature": [
    0.3500557614412002
  ],
  "fractal_dimension": [
    2.2886141382508565
  ]
}