{
  "volume": [
    9043.160062789917
  ],
  "volume_endpoints": [
    2365.402407169342
  ],
  "streamlines_count": [
    3024
  ],
  "avg_length": [
    70.91368103027344
  ],
  "std_length": [
    5.065998077392578
  ],
  "min_length": [
    57.17261505126953
  ],
  "max_length": [
    87.19134521484375
  ],
  "span": [
    34.19072723388672
  ],
  "curl": [
    2.074061792987845
  ],
  "diameter": [
    12.742368296167154
  ],
  "elongation": [
    5.565188462776104
  ],
  "surface_area": [
    5650.361077903866
  ],
  "end_surface_area_head": [
    749.0764400421126
  ],
  "end_surface_area_tail": [
    1517.5255466370386
  ],
  "radius_head": [
    3.9710679033494403
  ],
  "radius_tail": [
    5.881871193072301
  ],
  "irregularity": [
    1.990426503596758
  ],
  "irregularity_of_end_surface_head": [
    0.06613606653735547
  ],
  "irregularity_of_end_surface_tail": [
    0.0716217422194759
  ],
  "mean_curvature": [
    0.3479868832423731
  ],
  "fractal_dimension": [
    2.353998232942047
  ]
}