{
  "volume": [
    12582.545974254608
  ],
  "volume_endpoints": [
    2533.9445934295654
  ],
  "streamlines_count": [
    3488
  ],
  "avg_length": [
    86.87773895263672
  ],
  "std_length": [
    3.849663019180298
  ],
  "min_length": [
    76.13355255126953
  ],
  "max_length": [
    99.69917297363281
  ],
  "span": [
    41.358890533447266
  ],
  "curl": [
    2.100581950629889
  ],
  "diameter": [
    13.579540274386463
  ],
  "elongation": [
    6.397693677193497
  ],
  "surface_area": [
    7129.141291435279
  ],
  "end_surface_area_head": [
    1091.3268824751467
  ],
  "end_surface_area_tail": [
    1297.968659038488
  ],
  "radius_head": [
    4.831705167318312
  ],
  "radius_tail": [
    4.99542839624082
  ],
  "irregularity": [
    1.923507004999677
  ],
  "irregularity_of_end_surface_head": [
    0.06720411566852855
  ],
  "irregularity_of_end_surface_tail": [
    0.0603991939896891
  ],
  "mean_curvature": [
    0.35422982113999785
  ],
  "fractal_dimension": [
    2.398389421481294
  ]
}