{
  "volume": [
    10339.191357135773
  ],
  "volume_endpoints": [
    2057.3770322799683
  ],
  "streamlines_count": [
    3387
  ],
  "avg_length": [
    79.12451934814453
  ],
  "std_length": [
    4.225492000579834
  ],
  "min_length": [
    64.67144775390625
  ],
  "max_length": [
    92.58277893066406
  ],
  "span": [
    38.91021728515625
  ],
  "curl": [
    2.0335152273315504
  ],
  "diameter": [
    12.898606787368433
  ],
  "elongation": [
    6.134346185793564
  ],
  "surface_area": [
    6089.474853100967
  ],
  "end_surface_area_head": [
    1033.208882816707
  ],
  "end_surface_area_tail": [
    910.5153279822231
  ],
  "radius_head": [
    4.798382013631881
  ],
  "radius_tail": [
    4.1871137710065165
  ],
  "irregularity": [
    1.8992235214194924
  ],
  "irregularity_of_end_surface_head": [
    0.07000859830645814
  ],
  "irregularity_of_end_surface_tail": [
    0.06049119089141059
  ],
  "mean_curvature": [
    0.3508365050349786
  ],
  "fractal_dimension": [
    2.3576932814663145
  ]
}