{
  "volume": [
    929.8879241943359
  ],
  "volume_endpoints": [
    81.3651933670044
  ],
  "streamlines_count": [
    18
  ],
  "avg_length": [
    53.55796813964844
  ],
  "std_length": [
    2.185058116912842
  ],
  "min_length": [
    49.047462463378906
  ],
  "max_length": [
    57.90370178222656
  ],
  "span": [
    24.84337615966797
  ],
  "curl": [
    2.155824868384726
  ],
  "diameter": [
    4.70173683254694
  ],
  "elongation": [
    11.391102915182937
  ],
  "surface_area": [
    1181.7326597216088
  ],
  "end_surface_area_head": [
    77.49066621125303
  ],
  "end_surface_area_tail": [
    103.3208882816707
  ],
  "radius_head": [
    1.3359431115782605
  ],
  "radius_tail": [
    1.512073675615559
  ],
  "irregularity": [
    1.493781085836417
  ],
  "irregularity_of_end_surface_head": [
    0.07235630953799364
  ],
  "irregularity_of_end_surface_tail": [
    0.06951966115746032
  ],
  "mean_curvature": [
    0.3177308738231659
  ],
  "fractal_dimension": [
    1.7753648006115847
  ]
}