{
  "volume": [
    1894.6466455459595
  ],
  "volume_endpoints": [
    162.7303867340088
  ],
  "streamlines_count": [
    26
  ],
  "avg_length": [
    62.342044830322266
  ],
  "std_length": [
    3.9681992530822754
  ],
  "min_length": [
    52.535423278808594
  ],
  "max_length": [
    69.30585479736328
  ],
  "span": [
    23.009296417236328
  ],
  "curl": [
    2.7094285587812093
  ],
  "diameter": [
    6.220548068686243
  ],
  "elongation": [
    10.021953715645617
  ],
  "surface_area": [
    2202.026431503107
  ],
  "end_surface_area_head": [
    193.72666552813257
  ],
  "end_surface_area_tail": [
    148.52377690490164
  ],
  "radius_head": [
    2.920220307576437
  ],
  "radius_tail": [
    1.9581466506389908
  ],
  "irregularity": [
    1.8074361382746866
  ],
  "irregularity_of_end_surface_head": [
    0.13829029494895165
  ],
  "irregularity_of_end_surface_tail": [
    0.08110438141741304
  ],
  "mean_curvature": [
    0.3372167509335738
  ],
  "fractal_dimension": [
    1.7640133123109436
  ]
}