{
  "volume": [
    3167.430741786957
  ],
  "volume_endpoints": [
    366.1433701515198
  ],
  "streamlines_count": [
    1488
  ],
  "avg_length": [
    62.27529525756836
  ],
  "std_length": [
    2.580047607421875
  ],
  "min_length": [
    55.82664108276367
  ],
  "max_length": [
    70.92045593261719
  ],
  "span": [
    26.96503448486328
  ],
  "curl": [
    2.3094832418080666
  ],
  "diameter": [
    8.047309885120358
  ],
  "elongation": [
    7.738647591130629
  ],
  "surface_area": [
    2602.394873594581
  ],
  "end_surface_area_head": [
    232.47199863375909
  ],
  "end_surface_area_tail": [
    277.67488725699
  ],
  "radius_head": [
    2.3445854820281107
  ],
  "radius_tail": [
    2.4083166902207203
  ],
  "irregularity": [
    1.652938903681387
  ],
  "irregularity_of_end_surface_head": [
    0.0742867512929696
  ],
  "irregularity_of_end_surface_tail": [
    0.06562063964151998
  ],
  "mean_curvature": [
    0.3308315107658986
  ],
  "fractal_dimension": [
    2.009984082040505
  ]
}