{
  "volume": [
    2266.601815223694
  ],
  "volume_endpoints": [
    494.00295972824097
  ],
  "streamlines_count": [
    384
  ],
  "avg_length": [
    54.086151123046875
  ],
  "std_length": [
    2.8021106719970703
  ],
  "min_length": [
    47.514739990234375
  ],
  "max_length": [
    64.91173553466797
  ],
  "span": [
    26.68425941467285
  ],
  "curl": [
    2.0268934686381654
  ],
  "diameter": [
    7.304653786173385
  ],
  "elongation": [
    7.40434149328526
  ],
  "surface_area": [
    2118.0782097742494
  ],
  "end_surface_area_head": [
    426.19866416189166
  ],
  "end_surface_area_tail": [
    258.30222070417676
  ],
  "radius_head": [
    2.8972733962756476
  ],
  "radius_tail": [
    2.5615170565800924
  ],
  "irregularity": [
    1.7065004438055524
  ],
  "irregularity_of_end_surface_head": [
    0.06187521852179349
  ],
  "irregularity_of_end_surface_tail": [
    0.07980245223798427
  ],
  "mean_curvature": [
    0.3250441588461399
  ],
  "fractal_dimension": [
    1.9756047506721484
  ]
}