{
  "volume": [
    2836.1581687927246
  ],
  "volume_endpoints": [
    703.2277426719666
  ],
  "streamlines_count": [
    252
  ],
  "avg_length": [
    68.4346694946289
  ],
  "std_length": [
    4.349049091339111
  ],
  "min_length": [
    59.7420539855957
  ],
  "max_length": [
    81.9580307006836
  ],
  "span": [
    32.11389923095703
  ],
  "curl": [
    2.130998450311494
  ],
  "diameter": [
    7.264106383457697
  ],
  "elongation": [
    9.420934369914084
  ],
  "surface_area": [
    2583.0222070417676
  ],
  "end_surface_area_head": [
    697.4159959012773
  ],
  "end_surface_area_tail": [
    219.55688759855025
  ],
  "radius_head": [
    3.6870196852197785
  ],
  "radius_tail": [
    2.2567788123185175
  ],
  "irregularity": [
    1.653940558503137
  ],
  "irregularity_of_end_surface_head": [
    0.06123629143235671
  ],
  "irregularity_of_end_surface_tail": [
    0.07287537434425971
  ],
  "mean_curvature": [
    0.3253587486725005
  ],
  "fractal_dimension": [
    2.0430405256805537
  ]
}