{
  "volume": [
    7229.878610610962
  ],
  "volume_endpoints": [
    1609.868468761444
  ],
  "streamlines_count": [
    3618
  ],
  "avg_length": [
    55.00265121459961
  ],
  "std_length": [
    4.347090244293213
  ],
  "min_length": [
    42.69882583618164
  ],
  "max_length": [
    69.39814758300781
  ],
  "span": [
    25.167409896850586
  ],
  "curl": [
    2.1854712678034685
  ],
  "diameter": [
    12.936856185073147
  ],
  "elongation": [
    4.251624229854467
  ],
  "surface_area": [
    4158.665753337245
  ],
  "end_surface_area_head": [
    800.736884182948
  ],
  "end_surface_area_tail": [
    781.3642176301347
  ],
  "radius_head": [
    4.391312080937948
  ],
  "radius_tail": [
    4.643412480587828
  ],
  "irregularity": [
    1.8603376235720248
  ],
  "irregularity_of_end_surface_head": [
    0.07565691771369908
  ],
  "irregularity_of_end_surface_tail": [
    0.08669037516755533
  ],
  "mean_curvature": [
    0.3704126492480404
  ],
  "fractal_dimension": [
    2.331962417397323
  ]
}