{
  "volume": [
    6578.957063674927
  ],
  "volume_endpoints": [
    1493.632478237152
  ],
  "streamlines_count": [
    2861
  ],
  "avg_length": [
    63.6089973449707
  ],
  "std_length": [
    4.8240556716918945
  ],
  "min_length": [
    49.754451751708984
  ],
  "max_length": [
    77.97381591796875
  ],
  "span": [
    30.118059158325195
  ],
  "curl": [
    2.1119885916482763
  ],
  "diameter": [
    11.475571160215788
  ],
  "elongation": [
    5.542991843882618
  ],
  "surface_area": [
    4255.529086101312
  ],
  "end_surface_area_head": [
    716.7886624540905
  ],
  "end_surface_area_tail": [
    1013.8362162638938
  ],
  "radius_head": [
    4.2526141832825735
  ],
  "radius_tail": [
    4.668866999648774
  ],
  "irregularity": [
    1.8557130856484576
  ],
  "irregularity_of_end_surface_head": [
    0.07926303761824383
  ],
  "irregularity_of_end_surface_tail": [
    0.06754684624815491
  ],
  "mean_curvature": [
    0.3629557240555146
  ],
  "fractal_dimension": [
    2.2695655358153863
  ]
}