{
  "volume": [
    22654.39455318451
  ],
  "volume_endpoints": [
    8148.142935752869
  ],
  "streamlines_count": [
    6872
  ],
  "avg_length": [
    50.298919677734375
  ],
  "std_length": [
    8.416470527648926
  ],
  "min_length": [
    27.85072135925293
  ],
  "max_length": [
    75.97831726074219
  ],
  "span": [
    23.144994735717773
  ],
  "curl": [
    2.1732093807786517
  ],
  "diameter": [
    23.947046672432307
  ],
  "elongation": [
    2.1004226686390592
  ],
  "surface_area": [
    12249.982816895583
  ],
  "end_surface_area_head": [
    1039.6664383343114
  ],
  "end_surface_area_tail": [
    8117.147285628755
  ],
  "radius_head": [
    4.792276351263634
  ],
  "radius_tail": [
    13.907310353673427
  ],
  "irregularity": [
    3.237240677123461
  ],
  "irregularity_of_end_surface_head": [
    0.06939681779781884
  ],
  "irregularity_of_end_surface_tail": [
    0.07485705533900734
  ],
  "mean_curvature": [
    0.3882809955457592
  ],
  "fractal_dimension": [
    2.4002306118821695
  ]
}