{
  "volume": [
    17080.87880754471
  ],
  "volume_endpoints": [
    7317.055603504181
  ],
  "streamlines_count": [
    7251
  ],
  "avg_length": [
    51.55922317504883
  ],
  "std_length": [
    8.056641578674316
  ],
  "min_length": [
    30.017337799072266
  ],
  "max_length": [
    75.8472671508789
  ],
  "span": [
    24.47102165222168
  ],
  "curl": [
    2.106950167745361
  ],
  "diameter": [
    20.537944800487992
  ],
  "elongation": [
    2.510437323496154
  ],
  "surface_area": [
    8995.374836022957
  ],
  "end_surface_area_head": [
    1201.105326274422
  ],
  "end_surface_area_tail": [
    5792.427299291164
  ],
  "radius_head": [
    5.001546713467976
  ],
  "radius_tail": [
    9.803043671859987
  ],
  "irregularity": [
    2.7039959993208136
  ],
  "irregularity_of_end_surface_head": [
    0.06543007808973311
  ],
  "irregularity_of_end_surface_tail": [
    0.0521208099311791
  ],
  "mean_curvature": [
    0.3701700929374041
  ],
  "fractal_dimension": [
    2.463843535180895
  ]
}