{
  "volume": [
    7392.608997344971
  ],
  "volume_endpoints": [
    1400.6436858177185
  ],
  "streamlines_count": [
    1422
  ],
  "avg_length": [
    76.76483917236328
  ],
  "std_length": [
    6.197512626647949
  ],
  "min_length": [
    62.050479888916016
  ],
  "max_length": [
    97.84667205810547
  ],
  "span": [
    35.220088958740234
  ],
  "curl": [
    2.1795753912573037
  ],
  "diameter": [
    11.073190090310911
  ],
  "elongation": [
    6.932495382656968
  ],
  "surface_area": [
    5107.926414425096
  ],
  "end_surface_area_head": [
    845.9397728061789
  ],
  "end_surface_area_tail": [
    690.9584403836728
  ],
  "radius_head": [
    4.194580344918063
  ],
  "radius_tail": [
    5.07047106303242
  ],
  "irregularity": [
    1.9127563818999156
  ],
  "irregularity_of_end_surface_head": [
    0.06534125375703992
  ],
  "irregularity_of_end_surface_tail": [
    0.11689463076750975
  ],
  "mean_curvature": [
    0.35693802972718464
  ],
  "fractal_dimension": [
    2.274003935708084
  ]
}