{
  "volume": [
    8566.59250164032
  ],
  "volume_endpoints": [
    2330.5316100120544
  ],
  "streamlines_count": [
    1674
  ],
  "avg_length": [
    73.16195678710938
  ],
  "std_length": [
    6.245635986328125
  ],
  "min_length": [
    56.32915115356445
  ],
  "max_length": [
    92.24433898925781
  ],
  "span": [
    34.806114196777344
  ],
  "curl": [
    2.1019857710483336
  ],
  "diameter": [
    12.210022307457969
  ],
  "elongation": [
    5.991959305628912
  ],
  "surface_area": [
    5508.29485651657
  ],
  "end_surface_area_head": [
    865.3124393589922
  ],
  "end_surface_area_tail": [
    1782.2853228588197
  ],
  "radius_head": [
    4.221555706440616
  ],
  "radius_tail": [
    6.361967546827199
  ],
  "irregularity": [
    1.962752490597783
  ],
  "irregularity_of_end_surface_head": [
    0.06470263605435227
  ],
  "irregularity_of_end_surface_tail": [
    0.07134368553993166
  ],
  "mean_curvature": [
    0.3612679660569525
  ],
  "fractal_dimension": [
    2.2586097204003326
  ]
}