{
  "volume": [
    11245.83208322525
  ],
  "volume_endpoints": [
    2225.9192185401917
  ],
  "streamlines_count": [
    2168
  ],
  "avg_length": [
    84.4627685546875
  ],
  "std_length": [
    4.151976585388184
  ],
  "min_length": [
    73.84291076660156
  ],
  "max_length": [
    97.64451599121094
  ],
  "span": [
    39.57541275024414
  ],
  "curl": [
    2.134223314049111
  ],
  "diameter": [
    13.020216334042392
  ],
  "elongation": [
    6.487048017309273
  ],
  "surface_area": [
    6670.654849685365
  ],
  "end_surface_area_head": [
    891.1426614294098
  ],
  "end_surface_area_tail": [
    1414.2046583553679
  ],
  "radius_head": [
    4.298457567981867
  ],
  "radius_tail": [
    5.598707335590854
  ],
  "irregularity": [
    1.9307901938662808
  ],
  "irregularity_of_end_surface_head": [
    0.06513702596763488
  ],
  "irregularity_of_end_surface_tail": [
    0.06963268491882332
  ],
  "mean_curvature": [
    0.36466585135437907
  ],
  "fractal_dimension": [
    2.268145226286095
  ]
}