{
  "volume": [
    10374.06215429306
  ],
  "volume_endpoints": [
    1720.2926597595215
  ],
  "streamlines_count": [
    1507
  ],
  "avg_length": [
    84.16009521484375
  ],
  "std_length": [
    6.5564656257629395
  ],
  "min_length": [
    65.24829864501953
  ],
  "max_length": [
    104.21952056884766
  ],
  "span": [
    33.46664047241211
  ],
  "curl": [
    2.514745849205279
  ],
  "diameter": [
    12.527845046359909
  ],
  "elongation": [
    6.717842925371855
  ],
  "surface_area": [
    6328.40440725233
  ],
  "end_surface_area_head": [
    936.3455500526408
  ],
  "end_surface_area_tail": [
    955.718216605454
  ],
  "radius_head": [
    4.277233193938469
  ],
  "radius_tail": [
    4.668718133046447
  ],
  "irregularity": [
    1.910564748543309
  ],
  "irregularity_of_end_surface_head": [
    0.061381794222900944
  ],
  "irregularity_of_end_surface_tail": [
    0.07164985541321331
  ],
  "mean_curvature": [
    0.3722256409979531
  ],
  "fractal_dimension": [
    2.3181378713458165
  ]
}