{
  "volume": [
    8613.086897850037
  ],
  "volume_endpoints": [
    1534.3150749206543
  ],
  "streamlines_count": [
    1093
  ],
  "avg_length": [
    69.9770278930664
  ],
  "std_length": [
    8.535177230834961
  ],
  "min_length": [
    43.026771545410156
  ],
  "max_length": [
    93.57193756103516
  ],
  "span": [
    25.693185806274414
  ],
  "curl": [
    2.723563688080193
  ],
  "diameter": [
    12.518627799208115
  ],
  "elongation": [
    5.589832129803629
  ],
  "surface_area": [
    5366.228635129272
  ],
  "end_surface_area_head": [
    929.8879945350363
  ],
  "end_surface_area_tail": [
    690.9584403836728
  ],
  "radius_head": [
    4.221941441238299
  ],
  "radius_tail": [
    4.795101000589882
  ],
  "irregularity": [
    1.9498763847780463
  ],
  "irregularity_of_end_surface_head": [
    0.060220400928423706
  ],
  "irregularity_of_end_surface_tail": [
    0.10454264044606022
  ],
  "mean_curvature": [
    0.3743824602972992
  ],
  "fractal_dimension": [
    2.29571119530296
  ]
}