{
  "volume": [
    11501.551262378693
  ],
  "volume_endpoints": [
    2074.812430858612
  ],
  "streamlines_count": [
    3184
  ],
  "avg_length": [
    76.00883483886719
  ],
  "std_length": [
    4.876280784606934
  ],
  "min_length": [
    62.903419494628906
  ],
  "max_length": [
    91.40681457519531
  ],
  "span": [
    35.36149215698242
  ],
  "curl": [
    2.1494804150638367
  ],
  "diameter": [
    13.880376023580524
  ],
  "elongation": [
    5.475992488225133
  ],
  "surface_area": [
    6321.946851734726
  ],
  "end_surface_area_head": [
    962.1757721230584
  ],
  "end_surface_area_tail": [
    1033.208882816707
  ],
  "radius_head": [
    4.309855618647228
  ],
  "radius_tail": [
    5.489374427152977
  ],
  "irregularity": [
    1.9073731338789173
  ],
  "irregularity_of_end_surface_head": [
    0.06064861652639064
  ],
  "irregularity_of_end_surface_tail": [
    0.09162362093718729
  ],
  "mean_curvature": [
    0.3769595270517783
  ],
  "fractal_dimension": [
    2.3206530848347655
  ]
}