{
  "volume": [
    5102.7599840164185
  ],
  "volume_endpoints": [
    1400.6436858177185
  ],
  "streamlines_count": [
    828
  ],
  "avg_length": [
    69.19476318359375
  ],
  "std_length": [
    6.888742923736572
  ],
  "min_length": [
    49.92331314086914
  ],
  "max_length": [
    87.47855377197266
  ],
  "span": [
    25.579431533813477
  ],
  "curl": [
    2.70509385996812
  ],
  "diameter": [
    9.689938400431114
  ],
  "elongation": [
    7.140887828607374
  ],
  "surface_area": [
    4010.141976432344
  ],
  "end_surface_area_head": [
    697.4159959012773
  ],
  "end_surface_area_tail": [
    1123.614660063169
  ],
  "radius_head": [
    3.775042743804959
  ],
  "radius_tail": [
    5.354247947464092
  ],
  "irregularity": [
    1.9037750575340144
  ],
  "irregularity_of_end_surface_head": [
    0.06419507570700869
  ],
  "irregularity_of_end_surface_tail": [
    0.08015478130409373
  ],
  "mean_curvature": [
    0.370988007724861
  ],
  "fractal_dimension": [
    2.151020263423034
  ]
}