{
  "volume": [
    3748.6106944084167
  ],
  "volume_endpoints": [
    366.1433701515198
  ],
  "streamlines_count": [
    56
  ],
  "avg_length": [
    86.52449798583984
  ],
  "std_length": [
    6.251277446746826
  ],
  "min_length": [
    75.31214141845703
  ],
  "max_length": [
    105.76168060302734
  ],
  "span": [
    27.66823959350586
  ],
  "curl": [
    3.1272137026798195
  ],
  "diameter": [
    7.4271241774136545
  ],
  "elongation": [
    11.649798215164655
  ],
  "surface_area": [
    3790.585088833794
  ],
  "end_surface_area_head": [
    581.1799965843977
  ],
  "end_surface_area_tail": [
    297.0475538098033
  ],
  "radius_head": [
    3.7269765409226414
  ],
  "radius_tail": [
    2.9516055662015486
  ],
  "irregularity": [
    1.8775720163349823
  ],
  "irregularity_of_end_surface_head": [
    0.07508488724272105
  ],
  "irregularity_of_end_surface_tail": [
    0.09213837185922473
  ],
  "mean_curvature": [
    0.34870682656764984
  ],
  "fractal_dimension": [
    1.9782249941414185
  ]
}