{
  "volume": [
    13442.692304134369
  ],
  "volume_endpoints": [
    1946.9528412818909
  ],
  "streamlines_count": [
    1482
  ],
  "avg_length": [
    70.40521240234375
  ],
  "std_length": [
    12.873811721801758
  ],
  "min_length": [
    39.14467239379883
  ],
  "max_length": [
    113.98088073730469
  ],
  "span": [
    26.059146881103516
  ],
  "curl": [
    2.701746635205363
  ],
  "diameter": [
    15.591782999028196
  ],
  "elongation": [
    4.515533111686583
  ],
  "surface_area": [
    7639.288177326028
  ],
  "end_surface_area_head": [
    923.4304390174319
  ],
  "end_surface_area_tail": [
    1149.4448821335866
  ],
  "radius_head": [
    4.492829807702045
  ],
  "radius_tail": [
    4.964366760874031
  ],
  "irregularity": [
    2.215146356717473
  ],
  "irregularity_of_end_surface_head": [
    0.06867293697413983
  ],
  "irregularity_of_end_surface_tail": [
    0.06735803977022686
  ],
  "mean_curvature": [
    0.3851593523091472
  ],
  "fractal_dimension": [
    2.367743933855355
  ]
}