{
  "volume": [
    12472.12178325653
  ],
  "volume_endpoints": [
    1226.2897000312805
  ],
  "streamlines_count": [
    2195
  ],
  "avg_length": [
    47.911685943603516
  ],
  "std_length": [
    16.27045249938965
  ],
  "min_length": [
    28.746437072753906
  ],
  "max_length": [
    125.71415710449219
  ],
  "span": [
    16.448123931884766
  ],
  "curl": [
    2.9128967012904425
  ],
  "diameter": [
    18.20557935746397
  ],
  "elongation": [
    2.63170344666678
  ],
  "surface_area": [
    7749.066621125303
  ],
  "end_surface_area_head": [
    471.4015527851226
  ],
  "end_surface_area_tail": [
    904.0577724646187
  ],
  "radius_head": [
    3.1457994374572245
  ],
  "radius_tail": [
    5.179632627911423
  ],
  "irregularity": [
    2.8278317388337797
  ],
  "irregularity_of_end_surface_head": [
    0.06595093011175776
  ],
  "irregularity_of_end_surface_tail": [
    0.0932291241629561
  ],
  "mean_curvature": [
    0.4277335860191554
  ],
  "fractal_dimension": [
    2.3409345882687282
  ]
}