{
  "volume": [
    14668.98200416565
  ],
  "volume_endpoints": [
    4178.683859348297
  ],
  "streamlines_count": [
    8712
  ],
  "avg_length": [
    62.272987365722656
  ],
  "std_length": [
    10.090076446533203
  ],
  "min_length": [
    43.332740783691406
  ],
  "max_length": [
    110.44265747070312
  ],
  "span": [
    27.708162307739258
  ],
  "curl": [
    2.2474600326824627
  ],
  "diameter": [
    17.31829754988356
  ],
  "elongation": [
    3.5957915139378898
  ],
  "surface_area": [
    7477.8492893859175
  ],
  "end_surface_area_head": [
    1595.0162128482916
  ],
  "end_surface_area_tail": [
    1498.1528800842252
  ],
  "radius_head": [
    5.777950085364625
  ],
  "radius_tail": [
    5.653005728359936
  ],
  "irregularity": [
    2.2070996301923786
  ],
  "irregularity_of_end_surface_head": [
    0.0657555390360629
  ],
  "irregularity_of_end_surface_tail": [
    0.06701200161141581
  ],
  "mean_curvature": [
    0.38306396880124666
  ],
  "fractal_dimension": [
    2.426494697354725
  ]
}