{
  "volume": [
    39805.01495504379
  ],
  "volume_endpoints": [
    5096.948184490204
  ],
  "streamlines_count": [
    8989
  ],
  "avg_length": [
    68.86876678466797
  ],
  "std_length": [
    13.710017204284668
  ],
  "min_length": [
    46.503292083740234
  ],
  "max_length": [
    154.5247802734375
  ],
  "span": [
    28.852296829223633
  ],
  "curl": [
    2.3869422664095445
  ],
  "diameter": [
    27.127689248919186
  ],
  "elongation": [
    2.538689018173998
  ],
  "surface_area": [
    16499.05434747929
  ],
  "end_surface_area_head": [
    1788.742878376424
  ],
  "end_surface_area_tail": [
    1866.233544587677
  ],
  "radius_head": [
    5.718666793733542
  ],
  "radius_tail": [
    6.1384626397215145
  ],
  "irregularity": [
    2.811085611605412
  ],
  "irregularity_of_end_surface_head": [
    0.05743697247380383
  ],
  "irregularity_of_end_surface_tail": [
    0.0634312274162316
  ],
  "mean_curvature": [
    0.3971215187939644
  ],
  "fractal_dimension": [
    2.5236793340502177
  ]
}