{
  "volume": [
    6799.8054456710815
  ],
  "volume_endpoints": [
    1865.5876479148865
  ],
  "streamlines_count": [
    2197
  ],
  "avg_length": [
    67.43276977539062
  ],
  "std_length": [
    4.664450168609619
  ],
  "min_length": [
    53.38029098510742
  ],
  "max_length": [
    84.53861236572266
  ],
  "span": [
    32.919227600097656
  ],
  "curl": [
    2.04843110520584
  ],
  "diameter": [
    11.330988624179033
  ],
  "elongation": [
    5.9511814910392555
  ],
  "surface_area": [
    4468.6284181822575
  ],
  "end_surface_area_head": [
    800.736884182948
  ],
  "end_surface_area_tail": [
    1059.0391048871247
  ],
  "radius_head": [
    4.190760096560028
  ],
  "radius_tail": [
    5.096997812824372
  ],
  "irregularity": [
    1.861596562455368
  ],
  "irregularity_of_end_surface_head": [
    0.06890419113691178
  ],
  "irregularity_of_end_surface_tail": [
    0.0770667013495729
  ],
  "mean_curvature": [
    0.3650702131054973
  ],
  "fractal_dimension": [
    2.2839186071072053
  ]
}