{
  "volume": [
    8380.614916801453
  ],
  "volume_endpoints": [
    1667.98646402359
  ],
  "streamlines_count": [
    1315
  ],
  "avg_length": [
    75.3282699584961
  ],
  "std_length": [
    6.735157012939453
  ],
  "min_length": [
    58.18101501464844
  ],
  "max_length": [
    97.54531860351562
  ],
  "span": [
    34.772972106933594
  ],
  "curl": [
    2.166287935550839
  ],
  "diameter": [
    11.901837201376647
  ],
  "elongation": [
    6.329129585958638
  ],
  "surface_area": [
    5308.110635470833
  ],
  "end_surface_area_head": [
    910.5153279822231
  ],
  "end_surface_area_tail": [
    749.0764400421126
  ],
  "radius_head": [
    4.361917834873224
  ],
  "radius_tail": [
    4.357961680134917
  ],
  "irregularity": [
    1.8845952611309593
  ],
  "irregularity_of_end_surface_head": [
    0.06564740637928178
  ],
  "irregularity_of_end_surface_tail": [
    0.07965087464268289
  ],
  "mean_curvature": [
    0.3732782016235613
  ],
  "fractal_dimension": [
    2.2826940543638585
  ]
}