{
  "volume": [
    4794.734609127045
  ],
  "volume_endpoints": [
    2005.0708365440369
  ],
  "streamlines_count": [
    3186
  ],
  "avg_length": [
    28.751956939697266
  ],
  "std_length": [
    6.384008407592773
  ],
  "min_length": [
    20.073959350585938
  ],
  "max_length": [
    52.431785583496094
  ],
  "span": [
    13.354619979858398
  ],
  "curl": [
    2.152959573770075
  ],
  "diameter": [
    14.571479227521788
  ],
  "elongation": [
    1.9731666559557104
  ],
  "surface_area": [
    2892.9848718867797
  ],
  "end_surface_area_head": [
    929.8879945350363
  ],
  "end_surface_area_tail": [
    1013.8362162638938
  ],
  "radius_head": [
    4.510724065746097
  ],
  "radius_tail": [
    5.169333924563418
  ],
  "irregularity": [
    2.197987605298762
  ],
  "irregularity_of_end_surface_head": [
    0.0687403523080654
  ],
  "irregularity_of_end_surface_tail": [
    0.08280398656687193
  ],
  "mean_curvature": [
    0.4356274438387032
  ],
  "fractal_dimension": [
    2.4084354249577244
  ]
}