{
  "volume": [
    12977.748342037201
  ],
  "volume_endpoints": [
    2882.6525650024414
  ],
  "streamlines_count": [
    3203
  ],
  "avg_length": [
    67.7623291015625
  ],
  "std_length": [
    5.474644660949707
  ],
  "min_length": [
    53.652015686035156
  ],
  "max_length": [
    85.40726470947266
  ],
  "span": [
    32.160499572753906
  ],
  "curl": [
    2.1070048662729777
  ],
  "diameter": [
    15.615668141969252
  ],
  "elongation": [
    4.339380709522248
  ],
  "surface_area": [
    6961.244847977564
  ],
  "end_surface_area_head": [
    955.718216605454
  ],
  "end_surface_area_tail": [
    1976.0119883869522
  ],
  "radius_head": [
    4.515503384689854
  ],
  "radius_tail": [
    7.795411739374661
  ],
  "irregularity": [
    2.0940552732267497
  ],
  "irregularity_of_end_surface_head": [
    0.06702431019368976
  ],
  "irregularity_of_end_surface_tail": [
    0.09661363339291075
  ],
  "mean_curvature": [
    0.38162394735614397
  ],
  "fractal_dimension": [
    2.342077498004094
  ]
}