{
  "volume": [
    11629.410851955414
  ],
  "volume_endpoints": [
    2394.461404800415
  ],
  "streamlines_count": [
    2296
  ],
  "avg_length": [
    77.86482238769531
  ],
  "std_length": [
    5.145166873931885
  ],
  "min_length": [
    63.43929672241211
  ],
  "max_length": [
    95.13947296142578
  ],
  "span": [
    35.817047119140625
  ],
  "curl": [
    2.1739598501431003
  ],
  "diameter": [
    13.789968292415299
  ],
  "elongation": [
    5.646483061931491
  ],
  "surface_area": [
    6677.112405202969
  ],
  "end_surface_area_head": [
    904.0577724646187
  ],
  "end_surface_area_tail": [
    1394.8319918025545
  ],
  "radius_head": [
    4.423465216539
  ],
  "radius_tail": [
    5.553054094208987
  ],
  "irregularity": [
    1.9794031169076718
  ],
  "irregularity_of_end_surface_head": [
    0.06799530427682574
  ],
  "irregularity_of_end_surface_tail": [
    0.06945312336965524
  ],
  "mean_curvature": [
    0.3799442093468917
  ],
  "fractal_dimension": [
    2.277979403618475
  ]
}