{
  "volume": [
    8345.744119644165
  ],
  "volume_endpoints": [
    2220.107419013977
  ],
  "streamlines_count": [
    1281
  ],
  "avg_length": [
    70.0146713256836
  ],
  "std_length": [
    7.1979875564575195
  ],
  "min_length": [
    47.636932373046875
  ],
  "max_length": [
    93.0603256225586
  ],
  "span": [
    26.67184066772461
  ],
  "curl": [
    2.6250408510578653
  ],
  "diameter": [
    12.319499511675469
  ],
  "elongation": [
    5.683239912411142
  ],
  "surface_area": [
    5340.398413058854
  ],
  "end_surface_area_head": [
    1123.614660063169
  ],
  "end_surface_area_tail": [
    1246.3082148976528
  ],
  "radius_head": [
    4.568771549286034
  ],
  "radius_tail": [
    5.357469565463951
  ],
  "irregularity": [
    1.9707959739315648
  ],
  "irregularity_of_end_surface_head": [
    0.058362160584245586
  ],
  "irregularity_of_end_surface_tail": [
    0.07235088374214341
  ],
  "mean_curvature": [
    0.4185162541179523
  ],
  "fractal_dimension": [
    2.2807007819843355
  ]
}