{
  "volume": [
    8636.334095954895
  ],
  "volume_endpoints": [
    2440.955801010132
  ],
  "streamlines_count": [
    2864
  ],
  "avg_length": [
    73.11742401123047
  ],
  "std_length": [
    4.520658493041992
  ],
  "min_length": [
    59.30558776855469
  ],
  "max_length": [
    87.06104278564453
  ],
  "span": [
    35.7684326171875
  ],
  "curl": [
    2.0441886507516682
  ],
  "diameter": [
    12.263355988414377
  ],
  "elongation": [
    5.9622687362502615
  ],
  "surface_area": [
    5327.483302023646
  ],
  "end_surface_area_head": [
    949.2606610878496
  ],
  "end_surface_area_tail": [
    1362.5442142145325
  ],
  "radius_head": [
    4.4697719571282954
  ],
  "radius_tail": [
    4.943205652351894
  ],
  "irregularity": [
    1.89121980255633
  ],
  "irregularity_of_end_surface_head": [
    0.0661203467215547
  ],
  "irregularity_of_end_surface_tail": [
    0.05633997194386445
  ],
  "mean_curvature": [
    0.364753514434622
  ],
  "fractal_dimension": [
    2.3598683749126357
  ]
}