{
  "volume": [
    9322.126440048218
  ],
  "volume_endpoints": [
    2022.5062351226807
  ],
  "streamlines_count": [
    1685
  ],
  "avg_length": [
    62.674564361572266
  ],
  "std_length": [
    11.635700225830078
  ],
  "min_length": [
    39.719486236572266
  ],
  "max_length": [
    92.78636932373047
  ],
  "span": [
    29.1306095123291
  ],
  "curl": [
    2.151501990888525
  ],
  "diameter": [
    13.76153540892396
  ],
  "elongation": [
    4.5543293316623386
  ],
  "surface_area": [
    5553.497745139801
  ],
  "end_surface_area_head": [
    1065.496660404729
  ],
  "end_surface_area_tail": [
    878.227550394201
  ],
  "radius_head": [
    4.552417991194618
  ],
  "radius_tail": [
    6.447511264711975
  ],
  "irregularity": [
    2.0495499700260833
  ],
  "irregularity_of_end_surface_head": [
    0.06110574478835182
  ],
  "irregularity_of_end_surface_tail": [
    0.1487055011284236
  ],
  "mean_curvature": [
    0.393219545121009
  ],
  "fractal_dimension": [
    2.3307133640911686
  ]
}