{
  "volume": [
    4294.919849872589
  ],
  "volume_endpoints": [
    2266.601815223694
  ],
  "streamlines_count": [
    3844
  ],
  "avg_length": [
    26.618305206298828
  ],
  "std_length": [
    4.454498767852783
  ],
  "min_length": [
    20.070064544677734
  ],
  "max_length": [
    41.75930404663086
  ],
  "span": [
    12.059713363647461
  ],
  "curl": [
    2.207208778820272
  ],
  "diameter": [
    14.33317458852939
  ],
  "elongation": [
    1.8571116288223428
  ],
  "surface_area": [
    2621.7675401473944
  ],
  "end_surface_area_head": [
    1110.69954902796
  ],
  "end_surface_area_tail": [
    761.9915510773214
  ],
  "radius_head": [
    4.7198741227803165
  ],
  "radius_tail": [
    4.164141421515868
  ],
  "irregularity": [
    2.187366306997942
  ],
  "irregularity_of_end_surface_head": [
    0.06301067177892312
  ],
  "irregularity_of_end_surface_tail": [
    0.07149088243545237
  ],
  "mean_curvature": [
    0.4458187572952674
  ],
  "fractal_dimension": [
    2.3683966434902555
  ]
}