{
  "volume": [
    13930.883464336395
  ],
  "volume_endpoints": [
    2836.1581687927246
  ],
  "streamlines_count": [
    3289
  ],
  "avg_length": [
    69.47728729248047
  ],
  "std_length": [
    6.05474853515625
  ],
  "min_length": [
    53.0769157409668
  ],
  "max_length": [
    90.32666015625
  ],
  "span": [
    28.224943161010742
  ],
  "curl": [
    2.4615563225811816
  ],
  "diameter": [
    15.9780200684214
  ],
  "elongation": [
    4.348303919694895
  ],
  "surface_area": [
    7529.509733526753
  ],
  "end_surface_area_head": [
    949.2606610878496
  ],
  "end_surface_area_tail": [
    1685.4219900947533
  ],
  "radius_head": [
    4.452515985153888
  ],
  "radius_tail": [
    6.971136774073088
  ],
  "irregularity": [
    2.1589918890581212
  ],
  "irregularity_of_end_surface_head": [
    0.06561080464708673
  ],
  "irregularity_of_end_surface_tail": [
    0.09058335963336263
  ],
  "mean_curvature": [
    0.378810128711864
  ],
  "fractal_dimension": [
    2.3467861444083065
  ]
}