{
  "volume": [
    8897.865074634552
  ],
  "volume_endpoints": [
    1859.7758483886719
  ],
  "streamlines_count": [
    1853
  ],
  "avg_length": [
    87.79027557373047
  ],
  "std_length": [
    6.5978498458862305
  ],
  "min_length": [
    69.12808990478516
  ],
  "max_length": [
    106.74150848388672
  ],
  "span": [
    42.328121185302734
  ],
  "curl": [
    2.074041396484501
  ],
  "diameter": [
    11.359906612271148
  ],
  "elongation": [
    7.72808074662322
  ],
  "surface_area": [
    5760.139521703142
  ],
  "end_surface_area_head": [
    1207.5628817920265
  ],
  "end_surface_area_tail": [
    594.0951076196066
  ],
  "radius_head": [
    5.072045774371101
  ],
  "radius_tail": [
    4.218822798910542
  ],
  "irregularity": [
    1.8384928994578902
  ],
  "irregularity_of_end_surface_head": [
    0.06692778408807104
  ],
  "irregularity_of_end_surface_tail": [
    0.09411881820325009
  ],
  "mean_curvature": [
    0.3405547492001035
  ],
  "fractal_dimension": [
    2.3321941432609785
  ]
}