{
  "volume": [
    8496.850907325745
  ],
  "volume_endpoints": [
    1359.9610891342163
  ],
  "streamlines_count": [
    462
  ],
  "avg_length": [
    88.88227081298828
  ],
  "std_length": [
    6.650267124176025
  ],
  "min_length": [
    71.70806884765625
  ],
  "max_length": [
    112.9174575805664
  ],
  "span": [
    29.7030029296875
  ],
  "curl": [
    2.992366496525252
  ],
  "diameter": [
    11.032564811071776
  ],
  "elongation": [
    8.056356099878979
  ],
  "surface_area": [
    5921.578409643253
  ],
  "end_surface_area_head": [
    755.533995559717
  ],
  "end_surface_area_tail": [
    975.0908831582673
  ],
  "radius_head": [
    4.435153592745683
  ],
  "radius_tail": [
    4.541104876203221
  ],
  "irregularity": [
    1.9221885349284722
  ],
  "irregularity_of_end_surface_head": [
    0.0817924450829648
  ],
  "irregularity_of_end_surface_tail": [
    0.06643972722660088
  ],
  "mean_curvature": [
    0.3739497356471561
  ],
  "fractal_dimension": [
    2.234219819742871
  ]
}