{
  "volume": [
    11408.562469959259
  ],
  "volume_endpoints": [
    2539.75639295578
  ],
  "streamlines_count": [
    2758
  ],
  "avg_length": [
    88.40699768066406
  ],
  "std_length": [
    5.336833953857422
  ],
  "min_length": [
    72.9672622680664
  ],
  "max_length": [
    104.39429473876953
  ],
  "span": [
    41.919944763183594
  ],
  "curl": [
    2.1089483342618323
  ],
  "diameter": [
    12.818204638574857
  ],
  "elongation": [
    6.896987540253005
  ],
  "surface_area": [
    6625.451961062134
  ],
  "end_surface_area_head": [
    1123.614660063169
  ],
  "end_surface_area_tail": [
    1317.3413255913015
  ],
  "radius_head": [
    5.056834478546294
  ],
  "radius_tail": [
    5.01573337486193
  ],
  "irregularity": [
    1.8610232289030186
  ],
  "irregularity_of_end_surface_head": [
    0.0714973512168626
  ],
  "irregularity_of_end_surface_tail": [
    0.05999574371513994
  ],
  "mean_curvature": [
    0.357277701003038
  ],
  "fractal_dimension": [
    2.356002751342637
  ]
}