{
  "volume": [
    9054.783661842346
  ],
  "volume_endpoints": [
    1336.713891029358
  ],
  "streamlines_count": [
    431
  ],
  "avg_length": [
    74.37378692626953
  ],
  "std_length": [
    5.015639305114746
  ],
  "min_length": [
    61.42762756347656
  ],
  "max_length": [
    88.81861114501953
  ],
  "span": [
    34.9381103515625
  ],
  "curl": [
    2.128729521370448
  ],
  "diameter": [
    12.45042426845838
  ],
  "elongation": [
    5.973594579799692
  ],
  "surface_area": [
    6347.777073805144
  ],
  "end_surface_area_head": [
    942.8031055702452
  ],
  "end_surface_area_tail": [
    1039.6664383343114
  ],
  "radius_head": [
    4.3941491235615135
  ],
  "radius_tail": [
    7.196137514111303
  ],
  "irregularity": [
    2.18206532265142
  ],
  "irregularity_of_end_surface_head": [
    0.06433961400916506
  ],
  "irregularity_of_end_surface_tail": [
    0.1564785293507318
  ],
  "mean_curvature": [
    0.36017529773601525
  ],
  "fractal_dimension": [
    2.248803207215638
  ]
}