{
  "volume": [
    9798.694001197815
  ],
  "volume_endpoints": [
    2417.7086029052734
  ],
  "streamlines_count": [
    3245
  ],
  "avg_length": [
    78.99313354492188
  ],
  "std_length": [
    4.525304317474365
  ],
  "min_length": [
    66.09561920166016
  ],
  "max_length": [
    94.32296752929688
  ],
  "span": [
    36.798439025878906
  ],
  "curl": [
    2.1466435978267744
  ],
  "diameter": [
    12.567372447804265
  ],
  "elongation": [
    6.285572729940324
  ],
  "surface_area": [
    5727.85174411512
  ],
  "end_surface_area_head": [
    1078.411771439938
  ],
  "end_surface_area_tail": [
    1104.2419935103558
  ],
  "radius_head": [
    4.976364736727699
  ],
  "radius_tail": [
    4.9714263645132455
  ],
  "irregularity": [
    1.83657246019981
  ],
  "irregularity_of_end_surface_head": [
    0.07214224629201337
  ],
  "irregularity_of_end_surface_tail": [
    0.07031494411947717
  ],
  "mean_curvature": [
    0.351134902753154
  ],
  "fractal_dimension": [
    2.3404296806813014
  ]
}