{
  "volume": [
    8124.89573764801
  ],
  "volume_endpoints": [
    1022.8767166137695
  ],
  "streamlines_count": [
    177
  ],
  "avg_length": [
    76.4883041381836
  ],
  "std_length": [
    5.050001621246338
  ],
  "min_length": [
    64.09715270996094
  ],
  "max_length": [
    89.2765121459961
  ],
  "span": [
    33.59339141845703
  ],
  "curl": [
    2.2768854500400053
  ],
  "diameter": [
    11.629644563405188
  ],
  "elongation": [
    6.5770113369473115
  ],
  "surface_area": [
    6373.607295875561
  ],
  "end_surface_area_head": [
    910.5153279822231
  ],
  "end_surface_area_tail": [
    962.1757721230584
  ],
  "radius_head": [
    4.285541802562729
  ],
  "radius_tail": [
    5.529103904424031
  ],
  "irregularity": [
    2.2807304189239934
  ],
  "irregularity_of_end_surface_head": [
    0.06336859568819735
  ],
  "irregularity_of_end_surface_tail": [
    0.09981710237912833
  ],
  "mean_curvature": [
    0.36587599812254396
  ],
  "fractal_dimension": [
    2.172143792846566
  ]
}