{
  "volume": [
    6689.381254673004
  ],
  "volume_endpoints": [
    1621.4920678138733
  ],
  "streamlines_count": [
    1686
  ],
  "avg_length": [
    81.78298950195312
  ],
  "std_length": [
    5.894770622253418
  ],
  "min_length": [
    67.08843994140625
  ],
  "max_length": [
    100.4059066772461
  ],
  "span": [
    39.701011657714844
  ],
  "curl": [
    2.0599724311070737
  ],
  "diameter": [
    10.205083037485846
  ],
  "elongation": [
    8.013946501125329
  ],
  "surface_area": [
    4714.015527851226
  ],
  "end_surface_area_head": [
    1104.2419935103558
  ],
  "end_surface_area_tail": [
    516.6044414083535
  ],
  "radius_head": [
    4.8901313521657475
  ],
  "radius_tail": [
    3.8928435188673847
  ],
  "irregularity": [
    1.7978837679536261
  ],
  "irregularity_of_end_surface_head": [
    0.0680341029896657
  ],
  "irregularity_of_end_surface_tail": [
    0.09215642743986845
  ],
  "mean_curvature": [
    0.33643205958824
  ],
  "fractal_dimension": [
    2.224818963884292
  ]
}