{
  "volume": [
    18365.286502838135
  ],
  "volume_endpoints": [
    3335.97292804718
  ],
  "streamlines_count": [
    3044
  ],
  "avg_length": [
    95.89055633544922
  ],
  "std_length": [
    5.6552910804748535
  ],
  "min_length": [
    80.08430480957031
  ],
  "max_length": [
    113.92789459228516
  ],
  "span": [
    41.625431060791016
  ],
  "curl": [
    2.3036531728742413
  ],
  "diameter": [
    15.61586313873349
  ],
  "elongation": [
    6.140586369356868
  ],
  "surface_area": [
    10286.88593954384
  ],
  "end_surface_area_head": [
    1078.411771439938
  ],
  "end_surface_area_tail": [
    2266.601986679151
  ],
  "radius_head": [
    5.068920380220984
  ],
  "radius_tail": [
    7.0385732196502
  ],
  "irregularity": [
    2.1867151777193037
  ],
  "irregularity_of_end_surface_head": [
    0.07485075618009088
  ],
  "irregularity_of_end_surface_tail": [
    0.06866633582070009
  ],
  "mean_curvature": [
    0.3553509426238346
  ],
  "fractal_dimension": [
    2.3974494370799277
  ]
}