{
  "volume": [
    13989.001459598541
  ],
  "volume_endpoints": [
    2998.8885555267334
  ],
  "streamlines_count": [
    3546
  ],
  "avg_length": [
    78.09895324707031
  ],
  "std_length": [
    6.7509260177612305
  ],
  "min_length": [
    61.705711364746094
  ],
  "max_length": [
    99.65135192871094
  ],
  "span": [
    33.76813507080078
  ],
  "curl": [
    2.312800309620956
  ],
  "diameter": [
    15.101699022359352
  ],
  "elongation": [
    5.1715342181987705
  ],
  "surface_area": [
    7619.915510773215
  ],
  "end_surface_area_head": [
    1220.477992827235
  ],
  "end_surface_area_tail": [
    1575.6435462954782
  ],
  "radius_head": [
    5.149496288990861
  ],
  "radius_tail": [
    6.458749204499879
  ],
  "irregularity": [
    2.0565025844026024
  ],
  "irregularity_of_end_surface_head": [
    0.06825734929841334
  ],
  "irregularity_of_end_surface_tail": [
    0.08317422058780173
  ],
  "mean_curvature": [
    0.35747237768270035
  ],
  "fractal_dimension": [
    2.3688222075101195
  ]
}