{
  "volume": [
    8258.567126750946
  ],
  "volume_endpoints": [
    1563.3740725517273
  ],
  "streamlines_count": [
    2498
  ],
  "avg_length": [
    71.81515502929688
  ],
  "std_length": [
    4.432770252227783
  ],
  "min_length": [
    58.4051399230957
  ],
  "max_length": [
    86.61066436767578
  ],
  "span": [
    31.597900390625
  ],
  "curl": [
    2.2727824995170947
  ],
  "diameter": [
    12.100389768946814
  ],
  "elongation": [
    5.934945600975255
  ],
  "surface_area": [
    4862.539304756127
  ],
  "end_surface_area_head": [
    878.227550394201
  ],
  "end_surface_area_tail": [
    703.8735514188817
  ],
  "radius_head": [
    4.430580353943869
  ],
  "radius_tail": [
    3.818399916222862
  ],
  "irregularity": [
    1.7811389055549418
  ],
  "irregularity_of_end_surface_head": [
    0.07022052151069287
  ],
  "irregularity_of_end_surface_tail": [
    0.06507558033659835
  ],
  "mean_curvature": [
    0.3850025769063623
  ],
  "fractal_dimension": [
    2.26256341816458
  ]
}