{
  "volume": [
    11524.798460483551
  ],
  "volume_endpoints": [
    2871.028965950012
  ],
  "streamlines_count": [
    3272
  ],
  "avg_length": [
    69.95426940917969
  ],
  "std_length": [
    4.164425849914551
  ],
  "min_length": [
    57.872344970703125
  ],
  "max_length": [
    82.94302368164062
  ],
  "span": [
    31.784616470336914
  ],
  "curl": [
    2.2008844899690616
  ],
  "diameter": [
    14.483202950108184
  ],
  "elongation": [
    4.830027560212926
  ],
  "surface_area": [
    6431.725295534001
  ],
  "end_surface_area_head": [
    929.8879945350363
  ],
  "end_surface_area_tail": [
    1898.5213221756992
  ],
  "radius_head": [
    4.605751341268363
  ],
  "radius_tail": [
    6.110899590440715
  ],
  "irregularity": [
    2.0206857216194445
  ],
  "irregularity_of_end_surface_head": [
    0.07166716193410085
  ],
  "irregularity_of_end_surface_tail": [
    0.06179376959744926
  ],
  "mean_curvature": [
    0.37904359642552865
  ],
  "fractal_dimension": [
    2.3182208311895436
  ]
}