{
  "volume": [
    11164.466889858246
  ],
  "volume_endpoints": [
    2202.6720204353333
  ],
  "streamlines_count": [
    2219
  ],
  "avg_length": [
    76.11497497558594
  ],
  "std_length": [
    4.46524715423584
  ],
  "min_length": [
    63.99793243408203
  ],
  "max_length": [
    91.33003234863281
  ],
  "span": [
    35.48255920410156
  ],
  "curl": [
    2.1451376868776566
  ],
  "diameter": [
    13.665923959951424
  ],
  "elongation": [
    5.569691094333916
  ],
  "surface_area": [
    6257.371296558682
  ],
  "end_surface_area_head": [
    1013.8362162638938
  ],
  "end_surface_area_tail": [
    1149.4448821335866
  ],
  "radius_head": [
    4.675621935993426
  ],
  "radius_tail": [
    5.44461946843448
  ],
  "irregularity": [
    1.9148419976423823
  ],
  "irregularity_of_end_surface_head": [
    0.06774244176062433
  ],
  "irregularity_of_end_surface_tail": [
    0.08102084816010376
  ],
  "mean_curvature": [
    0.3872503665397166
  ],
  "fractal_dimension": [
    2.322736392603609
  ]
}