{
  "volume": [
    8508.474506378174
  ],
  "volume_endpoints": [
    1470.3852801322937
  ],
  "streamlines_count": [
    875
  ],
  "avg_length": [
    75.24557495117188
  ],
  "std_length": [
    5.328327655792236
  ],
  "min_length": [
    58.413230895996094
  ],
  "max_length": [
    91.19790649414062
  ],
  "span": [
    30.137863159179688
  ],
  "curl": [
    2.4967123433319074
  ],
  "diameter": [
    11.998872202902955
  ],
  "elongation": [
    6.271053952301224
  ],
  "surface_area": [
    5127.2990809779085
  ],
  "end_surface_area_head": [
    871.7699948765966
  ],
  "end_surface_area_tail": [
    658.6706627956507
  ],
  "radius_head": [
    4.193242184246504
  ],
  "radius_tail": [
    4.026395032335026
  ],
  "irregularity": [
    1.8076626536460014
  ],
  "irregularity_of_end_surface_head": [
    0.06336476782651167
  ],
  "irregularity_of_end_surface_tail": [
    0.0773240005849694
  ],
  "mean_curvature": [
    0.3856121209348951
  ],
  "fractal_dimension": [
    2.2993604928145417
  ]
}