{
  "volume": [
    8880.429676055908
  ],
  "volume_endpoints": [
    1877.2112469673157
  ],
  "streamlines_count": [
    1731
  ],
  "avg_length": [
    70.3343734741211
  ],
  "std_length": [
    5.801021099090576
  ],
  "min_length": [
    53.03571701049805
  ],
  "max_length": [
    88.59569549560547
  ],
  "span": [
    30.144182205200195
  ],
  "curl": [
    2.3332652713991244
  ],
  "diameter": [
    12.679094462119323
  ],
  "elongation": [
    5.547271036133966
  ],
  "surface_area": [
    5146.671747530722
  ],
  "end_surface_area_head": [
    1155.9024376511911
  ],
  "end_surface_area_tail": [
    594.0951076196066
  ],
  "radius_head": [
    4.697651047382417
  ],
  "radius_tail": [
    3.7981515729040587
  ],
  "irregularity": [
    1.8370489839137132
  ],
  "irregularity_of_end_surface_head": [
    0.05997775412703558
  ],
  "irregularity_of_end_surface_tail": [
    0.07628488239090486
  ],
  "mean_curvature": [
    0.3818583230384163
  ],
  "fractal_dimension": [
    2.3379213609747276
  ]
}