{
  "volume": [
    9153.584253787994
  ],
  "volume_endpoints": [
    1545.9386739730835
  ],
  "streamlines_count": [
    2708
  ],
  "avg_length": [
    85.58850860595703
  ],
  "std_length": [
    3.8623287677764893
  ],
  "min_length": [
    72.98967742919922
  ],
  "max_length": [
    98.78180694580078
  ],
  "span": [
    42.45716857910156
  ],
  "curl": [
    2.0158788602800457
  ],
  "diameter": [
    11.669249392744048
  ],
  "elongation": [
    7.334534186849761
  ],
  "surface_area": [
    5605.158189280635
  ],
  "end_surface_area_head": [
    1104.2419935103558
  ],
  "end_surface_area_tail": [
    419.74110864428724
  ],
  "radius_head": [
    5.0019867140559
  ],
  "radius_tail": [
    3.0903749990413507
  ],
  "irregularity": [
    1.786403745872275
  ],
  "irregularity_of_end_surface_head": [
    0.07118208116018795
  ],
  "irregularity_of_end_surface_tail": [
    0.07148101832769041
  ],
  "mean_curvature": [
    0.3406195426951307
  ],
  "fractal_dimension": [
    2.281763603595896
  ]
}