{
  "volume": [
    4120.565864086151
  ],
  "volume_endpoints": [
    575.3681530952454
  ],
  "streamlines_count": [
    198
  ],
  "avg_length": [
    87.80760955810547
  ],
  "std_length": [
    8.045559883117676
  ],
  "min_length": [
    68.53630065917969
  ],
  "max_length": [
    107.49002075195312
  ],
  "span": [
    29.352869033813477
  ],
  "curl": [
    2.9914489604731376
  ],
  "diameter": [
    7.729784964146693
  ],
  "elongation": [
    11.359644539322412
  ],
  "surface_area": [
    3661.4339784817057
  ],
  "end_surface_area_head": [
    555.34977451398
  ],
  "end_surface_area_tail": [
    329.33533139782537
  ],
  "radius_head": [
    3.3913137582200426
  ],
  "radius_tail": [
    3.0686861957733194
  ],
  "irregularity": [
    1.717124434337883
  ],
  "irregularity_of_end_surface_head": [
    0.0650607726201315
  ],
  "irregularity_of_end_surface_tail": [
    0.0898289880723656
  ],
  "mean_curvature": [
    0.3549072951680482
  ],
  "fractal_dimension": [
    2.1748171184139493
  ]
}