{
  "volume": [
    6282.555287837982
  ],
  "volume_endpoints": [
    1574.9976716041565
  ],
  "streamlines_count": [
    1257
  ],
  "avg_length": [
    80.71033477783203
  ],
  "std_length": [
    5.609224796295166
  ],
  "min_length": [
    66.39433288574219
  ],
  "max_length": [
    97.86669921875
  ],
  "span": [
    39.57028579711914
  ],
  "curl": [
    2.039670251350776
  ],
  "diameter": [
    9.955398400461071
  ],
  "elongation": [
    8.107192854692189
  ],
  "surface_area": [
    4358.8499743829825
  ],
  "end_surface_area_head": [
    1130.0722155807734
  ],
  "end_surface_area_tail": [
    374.5382200210563
  ],
  "radius_head": [
    4.861039845650308
  ],
  "radius_tail": [
    3.1522364409204138
  ],
  "irregularity": [
    1.726769048368986
  ],
  "irregularity_of_end_surface_head": [
    0.06569041980920433
  ],
  "irregularity_of_end_surface_tail": [
    0.08334725500323421
  ],
  "mean_curvature": [
    0.33942939249788284
  ],
  "fractal_dimension": [
    2.256693432361938
  ]
}