{
  "volume": [
    6735.875650882721
  ],
  "volume_endpoints": [
    877.5817284584045
  ],
  "streamlines_count": [
    415
  ],
  "avg_length": [
    61.926937103271484
  ],
  "std_length": [
    6.755959987640381
  ],
  "min_length": [
    47.47995376586914
  ],
  "max_length": [
    82.46732330322266
  ],
  "span": [
    23.61663246154785
  ],
  "curl": [
    2.622174740793368
  ],
  "diameter": [
    11.76826094485734
  ],
  "elongation": [
    5.262199520680512
  ],
  "surface_area": [
    4197.411086442872
  ],
  "end_surface_area_head": [
    684.5008848660684
  ],
  "end_surface_area_tail": [
    574.7224410667933
  ],
  "radius_head": [
    4.130977890327273
  ],
  "radius_tail": [
    3.8838011896520843
  ],
  "irregularity": [
    1.8333261894325357
  ],
  "irregularity_of_end_surface_head": [
    0.07832160884183201
  ],
  "irregularity_of_end_surface_tail": [
    0.08245285504366098
  ],
  "mean_curvature": [
    0.39553450446530997
  ],
  "fractal_dimension": [
    2.249126132211709
  ]
}