{
  "volume": [
    11344.632675170898
  ],
  "volume_endpoints": [
    2905.8997631073
  ],
  "streamlines_count": [
    2686
  ],
  "avg_length": [
    77.89988708496094
  ],
  "std_length": [
    4.641007900238037
  ],
  "min_length": [
    63.744346618652344
  ],
  "max_length": [
    92.89048767089844
  ],
  "span": [
    36.674957275390625
  ],
  "curl": [
    2.1240621086485296
  ],
  "diameter": [
    13.617013389618988
  ],
  "elongation": [
    5.720776271274609
  ],
  "surface_area": [
    6709.4001827909915
  ],
  "end_surface_area_head": [
    1026.7513272991027
  ],
  "end_surface_area_tail": [
    1924.3515442461169
  ],
  "radius_head": [
    4.565889907132618
  ],
  "radius_tail": [
    5.6837919362079585
  ],
  "irregularity": [
    2.0133307693014557
  ],
  "irregularity_of_end_surface_head": [
    0.06378748377414682
  ],
  "irregularity_of_end_surface_tail": [
    0.05274020372732549
  ],
  "mean_curvature": [
    0.3668628689387088
  ],
  "fractal_dimension": [
    2.3123027764485573
  ]
}