{
  "volume": [
    5311.984766960144
  ],
  "volume_endpoints": [
    1104.241909980774
  ],
  "streamlines_count": [
    1417
  ],
  "avg_length": [
    62.14095687866211
  ],
  "std_length": [
    5.003134727478027
  ],
  "min_length": [
    47.38483428955078
  ],
  "max_length": [
    75.60702514648438
  ],
  "span": [
    27.733186721801758
  ],
  "curl": [
    2.240671348086065
  ],
  "diameter": [
    10.4326467299093
  ],
  "elongation": [
    5.956394238914515
  ],
  "surface_area": [
    3732.467089175354
  ],
  "end_surface_area_head": [
    568.2648855491889
  ],
  "end_surface_area_tail": [
    910.5153279822231
  ],
  "radius_head": [
    3.6083679627430216
  ],
  "radius_tail": [
    4.335807447205002
  ],
  "irregularity": [
    1.8326252935897913
  ],
  "irregularity_of_end_surface_head": [
    0.07198146616452741
  ],
  "irregularity_of_end_surface_tail": [
    0.06486382949138549
  ],
  "mean_curvature": [
    0.36721973496587157
  ],
  "fractal_dimension": [
    2.3259776567648376
  ]
}