{
  "volume": [
    7613.4573793411255
  ],
  "volume_endpoints": [
    1784.222454547882
  ],
  "streamlines_count": [
    2928
  ],
  "avg_length": [
    58.564937591552734
  ],
  "std_length": [
    5.168511390686035
  ],
  "min_length": [
    45.70979690551758
  ],
  "max_length": [
    75.371826171875
  ],
  "span": [
    24.523469924926758
  ],
  "curl": [
    2.3881179038217875
  ],
  "diameter": [
    12.865515055029888
  ],
  "elongation": [
    4.552086515079414
  ],
  "surface_area": [
    4488.001084735071
  ],
  "end_surface_area_head": [
    787.8217731477391
  ],
  "end_surface_area_tail": [
    910.5153279822231
  ],
  "radius_head": [
    4.276162757015469
  ],
  "radius_tail": [
    4.532049830617174
  ],
  "irregularity": [
    1.8959994994956688
  ],
  "irregularity_of_end_surface_head": [
    0.0729172610053138
  ],
  "irregularity_of_end_surface_tail": [
    0.0708682917042696
  ],
  "mean_curvature": [
    0.37940072631616084
  ],
  "fractal_dimension": [
    2.3110491867091394
  ]
}