{
  "volume": [
    9746.387805461884
  ],
  "volume_endpoints": [
    2510.697395324707
  ],
  "streamlines_count": [
    3108
  ],
  "avg_length": [
    67.55606842041016
  ],
  "std_length": [
    6.604613780975342
  ],
  "min_length": [
    48.073265075683594
  ],
  "max_length": [
    88.60545349121094
  ],
  "span": [
    27.760154724121094
  ],
  "curl": [
    2.4335623879541988
  ],
  "diameter": [
    13.553289649053754
  ],
  "elongation": [
    4.984477582173321
  ],
  "surface_area": [
    5469.549523410943
  ],
  "end_surface_area_head": [
    936.3455500526408
  ],
  "end_surface_area_tail": [
    1310.8837700736972
  ],
  "radius_head": [
    4.616259506536962
  ],
  "radius_tail": [
    5.62584381891876
  ],
  "irregularity": [
    1.9014836681106024
  ],
  "irregularity_of_end_surface_head": [
    0.07149804253330368
  ],
  "irregularity_of_end_surface_tail": [
    0.0758509507739313
  ],
  "mean_curvature": [
    0.37774206629859586
  ],
  "fractal_dimension": [
    2.3239971280438554
  ]
}