{
  "volume": [
    6485.968271255493
  ],
  "volume_endpoints": [
    1203.0425019264221
  ],
  "streamlines_count": [
    1320
  ],
  "avg_length": [
    74.35710144042969
  ],
  "std_length": [
    4.900486946105957
  ],
  "min_length": [
    59.25142288208008
  ],
  "max_length": [
    90.71656036376953
  ],
  "span": [
    33.7803840637207
  ],
  "curl": [
    2.2011917123312807
  ],
  "diameter": [
    10.538559291094257
  ],
  "elongation": [
    7.05571790095313
  ],
  "surface_area": [
    4404.052863006214
  ],
  "end_surface_area_head": [
    820.1095507357612
  ],
  "end_surface_area_tail": [
    413.2835531266828
  ],
  "radius_head": [
    4.022913161580325
  ],
  "radius_tail": [
    3.888184293099079
  ],
  "irregularity": [
    1.7889531014048703
  ],
  "irregularity_of_end_surface_head": [
    0.0619953789703509
  ],
  "irregularity_of_end_surface_tail": [
    0.11491995126851132
  ],
  "mean_curvature": [
    0.3671790827178594
  ],
  "fractal_dimension": [
    2.2540276609779646
  ]
}