{
  "volume": [
    8589.839699745178
  ],
  "volume_endpoints": [
    2231.7310180664062
  ],
  "streamlines_count": [
    2055
  ],
  "avg_length": [
    73.34378051757812
  ],
  "std_length": [
    5.5859375
  ],
  "min_length": [
    54.976341247558594
  ],
  "max_length": [
    91.33277893066406
  ],
  "span": [
    35.31268310546875
  ],
  "curl": [
    2.076981244911963
  ],
  "diameter": [
    12.211413654437935
  ],
  "elongation": [
    6.006166246847526
  ],
  "surface_area": [
    5340.398413058854
  ],
  "end_surface_area_head": [
    891.1426614294098
  ],
  "end_surface_area_tail": [
    1381.9168807673457
  ],
  "radius_head": [
    4.247647463711851
  ],
  "radius_tail": [
    5.6233574550261345
  ],
  "irregularity": [
    1.8979927560027743
  ],
  "irregularity_of_end_surface_head": [
    0.06360621716879782
  ],
  "irregularity_of_end_surface_tail": [
    0.07188848517751585
  ],
  "mean_curvature": [
    0.3712474579503646
  ],
  "fractal_dimension": [
    2.334769278494846
  ]
}