{
  "volume": [
    12338.450394153595
  ],
  "volume_endpoints": [
    2295.660812854767
  ],
  "streamlines_count": [
    3043
  ],
  "avg_length": [
    70.52854919433594
  ],
  "std_length": [
    4.812024116516113
  ],
  "min_length": [
    57.5743522644043
  ],
  "max_length": [
    88.9642105102539
  ],
  "span": [
    30.38042449951172
  ],
  "curl": [
    2.3215129596187665
  ],
  "diameter": [
    14.924606653008487
  ],
  "elongation": [
    4.725655478505952
  ],
  "surface_area": [
    6877.296626248706
  ],
  "end_surface_area_head": [
    833.02466177097
  ],
  "end_surface_area_tail": [
    1440.0348804257856
  ],
  "radius_head": [
    4.201807101075999
  ],
  "radius_tail": [
    5.620105026385685
  ],
  "irregularity": [
    2.0796968765109125
  ],
  "irregularity_of_end_surface_head": [
    0.06658313431506359
  ],
  "irregularity_of_end_surface_tail": [
    0.06890737789123767
  ],
  "mean_curvature": [
    0.37226272897621615
  ],
  "fractal_dimension": [
    2.3758163528850385
  ]
}