{
  "volume": [
    9409.303432941437
  ],
  "volume_endpoints": [
    2057.3770322799683
  ],
  "streamlines_count": [
    2595
  ],
  "avg_length": [
    67.86255645751953
  ],
  "std_length": [
    4.369079113006592
  ],
  "min_length": [
    56.32817077636719
  ],
  "max_length": [
    83.00220489501953
  ],
  "span": [
    30.653423309326172
  ],
  "curl": [
    2.2138655044401725
  ],
  "diameter": [
    13.286747699479154
  ],
  "elongation": [
    5.107537073213167
  ],
  "surface_area": [
    5372.686190646877
  ],
  "end_surface_area_head": [
    852.3973283237833
  ],
  "end_surface_area_tail": [
    1097.7844379927512
  ],
  "radius_head": [
    4.241418389687713
  ],
  "radius_tail": [
    4.917048072940904
  ],
  "irregularity": [
    1.8966740309831054
  ],
  "irregularity_of_end_surface_head": [
    0.06630251812602833
  ],
  "irregularity_of_end_surface_tail": [
    0.06918974202342283
  ],
  "mean_curvature": [
    0.37294251877448464
  ],
  "fractal_dimension": [
    2.3523080664202562
  ]
}