{
  "volume": [
    15837.153708934784
  ],
  "volume_endpoints": [
    3562.6331095695496
  ],
  "streamlines_count": [
    3215
  ],
  "avg_length": [
    80.53961944580078
  ],
  "std_length": [
    5.393789291381836
  ],
  "min_length": [
    65.03097534179688
  ],
  "max_length": [
    98.41435241699219
  ],
  "span": [
    35.11555099487305
  ],
  "curl": [
    2.2935598948044347
  ],
  "diameter": [
    15.823000384086589
  ],
  "elongation": [
    5.09003460094715
  ],
  "surface_area": [
    8730.615059801174
  ],
  "end_surface_area_head": [
    878.227550394201
  ],
  "end_surface_area_tail": [
    2473.2437632424926
  ],
  "radius_head": [
    4.226712750376652
  ],
  "radius_tail": [
    8.656363042064106
  ],
  "irregularity": [
    2.180703174059138
  ],
  "irregularity_of_end_surface_head": [
    0.06390697833210288
  ],
  "irregularity_of_end_surface_tail": [
    0.09518179142344976
  ],
  "mean_curvature": [
    0.3728136573850089
  ],
  "fractal_dimension": [
    2.359819604957095
  ]
}