{
  "volume": [
    5288.737568855286
  ],
  "volume_endpoints": [
    1139.1127071380615
  ],
  "streamlines_count": [
    2198
  ],
  "avg_length": [
    55.40365982055664
  ],
  "std_length": [
    4.660447597503662
  ],
  "min_length": [
    42.108070373535156
  ],
  "max_length": [
    70.7094955444336
  ],
  "span": [
    25.942007064819336
  ],
  "curl": [
    2.1356736077560883
  ],
  "diameter": [
    11.024574613177965
  ],
  "elongation": [
    5.0254691690626485
  ],
  "surface_area": [
    3487.0799795063863
  ],
  "end_surface_area_head": [
    600.552663137211
  ],
  "end_surface_area_tail": [
    548.8922189963756
  ],
  "radius_head": [
    3.6605325173998464
  ],
  "radius_tail": [
    3.8089917386927885
  ],
  "irregularity": [
    1.8172377110643871
  ],
  "irregularity_of_end_surface_head": [
    0.0700950441807055
  ],
  "irregularity_of_end_surface_tail": [
    0.08303914326368875
  ],
  "mean_curvature": [
    0.375770664667953
  ],
  "fractal_dimension": [
    2.2596150630329506
  ]
}