{
  "volume": [
    6939.288634300232
  ],
  "volume_endpoints": [
    1917.8938436508179
  ],
  "streamlines_count": [
    1440
  ],
  "avg_length": [
    72.06475067138672
  ],
  "std_length": [
    5.159823894500732
  ],
  "min_length": [
    58.339359283447266
  ],
  "max_length": [
    87.11751556396484
  ],
  "span": [
    35.40998077392578
  ],
  "curl": [
    2.035153623253356
  ],
  "diameter": [
    11.072637730963827
  ],
  "elongation": [
    6.508363447118195
  ],
  "surface_area": [
    4778.59108302727
  ],
  "end_surface_area_head": [
    949.2606610878496
  ],
  "end_surface_area_tail": [
    1065.496660404729
  ],
  "radius_head": [
    4.333121705214354
  ],
  "radius_tail": [
    5.051565716082154
  ],
  "irregularity": [
    1.9062331427330346
  ],
  "irregularity_of_end_surface_head": [
    0.06213927243425848
  ],
  "irregularity_of_end_surface_tail": [
    0.0752401744974585
  ],
  "mean_curvature": [
    0.3532472546729777
  ],
  "fractal_dimension": [
    2.2233545132478194
  ]
}