{
  "volume": [
    9752.199604988098
  ],
  "volume_endpoints": [
    2464.2029991149902
  ],
  "streamlines_count": [
    3538
  ],
  "avg_length": [
    58.49736022949219
  ],
  "std_length": [
    5.856916904449463
  ],
  "min_length": [
    41.77323913574219
  ],
  "max_length": [
    77.3790054321289
  ],
  "span": [
    26.290943145751953
  ],
  "curl": [
    2.22500044616863
  ],
  "diameter": [
    14.56928422974901
  ],
  "elongation": [
    4.0151155888665055
  ],
  "surface_area": [
    5140.214192013118
  ],
  "end_surface_area_head": [
    1026.7513272991027
  ],
  "end_surface_area_tail": [
    1142.987326615982
  ],
  "radius_head": [
    4.562168103634261
  ],
  "radius_tail": [
    4.9058237082660305
  ],
  "irregularity": [
    1.9198038544792524
  ],
  "irregularity_of_end_surface_head": [
    0.06368353570396527
  ],
  "irregularity_of_end_surface_tail": [
    0.0661503784409462
  ],
  "mean_curvature": [
    0.3756331143034185
  ],
  "fractal_dimension": [
    2.430582413835242
  ]
}