{
  "volume": [
    11001.736503124237
  ],
  "volume_endpoints": [
    2876.840765476227
  ],
  "streamlines_count": [
    3362
  ],
  "avg_length": [
    70.80470275878906
  ],
  "std_length": [
    5.436816692352295
  ],
  "min_length": [
    54.57172775268555
  ],
  "max_length": [
    88.00945281982422
  ],
  "span": [
    31.879671096801758
  ],
  "curl": [
    2.220998533635824
  ],
  "diameter": [
    14.065482247805727
  ],
  "elongation": [
    5.033933533977115
  ],
  "surface_area": [
    6257.371296558682
  ],
  "end_surface_area_head": [
    994.4635497110805
  ],
  "end_surface_area_tail": [
    1620.8464349187093
  ],
  "radius_head": [
    4.654235818539952
  ],
  "radius_tail": [
    6.074249127771077
  ],
  "irregularity": [
    1.9999784775949148
  ],
  "irregularity_of_end_surface_head": [
    0.06843176972303926
  ],
  "irregularity_of_end_surface_tail": [
    0.07151435114016341
  ],
  "mean_curvature": [
    0.3676164457967847
  ],
  "fractal_dimension": [
    2.35865737480407
  ]
}