{
  "volume": [
    8700.263890743256
  ],
  "volume_endpoints": [
    1731.9162588119507
  ],
  "streamlines_count": [
    2155
  ],
  "avg_length": [
    55.56467056274414
  ],
  "std_length": [
    7.701961040496826
  ],
  "min_length": [
    40.10340118408203
  ],
  "max_length": [
    85.70834350585938
  ],
  "span": [
    24.709056854248047
  ],
  "curl": [
    2.248757242759402
  ],
  "diameter": [
    14.119583959164215
  ],
  "elongation": [
    3.935290920996315
  ],
  "surface_area": [
    4707.557972333621
  ],
  "end_surface_area_head": [
    1046.1239938519159
  ],
  "end_surface_area_tail": [
    619.9253296900242
  ],
  "radius_head": [
    4.519929749857956
  ],
  "radius_tail": [
    4.56219401531443
  ],
  "irregularity": [
    1.9099639064890208
  ],
  "irregularity_of_end_surface_head": [
    0.06135219136425387
  ],
  "irregularity_of_end_surface_tail": [
    0.10547705415248154
  ],
  "mean_curvature": [
    0.39067994134885253
  ],
  "fractal_dimension": [
    2.3745326099311908
  ]
}