{
  "volume": [
    10902.935911178589
  ],
  "volume_endpoints": [
    2109.6832280158997
  ],
  "streamlines_count": [
    2592
  ],
  "avg_length": [
    79.94690704345703
  ],
  "std_length": [
    4.07204532623291
  ],
  "min_length": [
    67.82471466064453
  ],
  "max_length": [
    94.35453033447266
  ],
  "span": [
    37.21318435668945
  ],
  "curl": [
    2.14834899043209
  ],
  "diameter": [
    13.177285504848278
  ],
  "elongation": [
    6.067023971973773
  ],
  "surface_area": [
    6380.0648513931665
  ],
  "end_surface_area_head": [
    936.3455500526408
  ],
  "end_surface_area_tail": [
    1297.968659038488
  ],
  "radius_head": [
    4.486286657790711
  ],
  "radius_tail": [
    5.296472384665183
  ],
  "irregularity": [
    1.9277361797581898
  ],
  "irregularity_of_end_surface_head": [
    0.0675286024587266
  ],
  "irregularity_of_end_surface_tail": [
    0.06789832976118484
  ],
  "mean_curvature": [
    0.36346797497920047
  ],
  "fractal_dimension": [
    2.3300896346825772
  ]
}