{
  "volume": [
    13140.47872877121
  ],
  "volume_endpoints": [
    3417.3381214141846
  ],
  "streamlines_count": [
    3329
  ],
  "avg_length": [
    74.9959716796875
  ],
  "std_length": [
    5.895787715911865
  ],
  "min_length": [
    59.2911262512207
  ],
  "max_length": [
    93.39248657226562
  ],
  "span": [
    32.06561279296875
  ],
  "curl": [
    2.338828581380874
  ],
  "diameter": [
    14.936253809198694
  ],
  "elongation": [
    5.021069716524248
  ],
  "surface_area": [
    7400.358623174664
  ],
  "end_surface_area_head": [
    994.4635497110805
  ],
  "end_surface_area_tail": [
    2059.96021011581
  ],
  "radius_head": [
    4.494230369733826
  ],
  "radius_tail": [
    6.54979265781542
  ],
  "irregularity": [
    2.1029225220085492
  ],
  "irregularity_of_end_surface_head": [
    0.06380749036043747
  ],
  "irregularity_of_end_surface_tail": [
    0.0654253636329996
  ],
  "mean_curvature": [
    0.36465013755911213
  ],
  "fractal_dimension": [
    2.385613122543488
  ]
}