{
  "volume": [
    2760.604774951935
  ],
  "volume_endpoints": [
    709.0395421981812
  ],
  "streamlines_count": [
    407
  ],
  "avg_length": [
    58.162986755371094
  ],
  "std_length": [
    4.244317054748535
  ],
  "min_length": [
    48.323097229003906
  ],
  "max_length": [
    68.90821838378906
  ],
  "span": [
    29.04503631591797
  ],
  "curl": [
    2.002510381558559
  ],
  "diameter": [
    7.773808297292348
  ],
  "elongation": [
    7.481916781460835
  ],
  "surface_area": [
    2395.7530970312396
  ],
  "end_surface_area_head": [
    671.5857738308596
  ],
  "end_surface_area_tail": [
    219.55688759855025
  ],
  "radius_head": [
    3.843805131120934
  ],
  "radius_tail": [
    2.332274170794124
  ],
  "irregularity": [
    1.686598302023291
  ],
  "irregularity_of_end_surface_head": [
    0.06911480851651748
  ],
  "irregularity_of_end_surface_tail": [
    0.07783268494525714
  ],
  "mean_curvature": [
    0.3392787577918472
  ],
  "fractal_dimension": [
    2.014965405738614
  ]
}