{
  "volume": [
    8595.651499271393
  ],
  "volume_endpoints": [
    1772.5988554954529
  ],
  "streamlines_count": [
    2942
  ],
  "avg_length": [
    71.58183288574219
  ],
  "std_length": [
    4.384772777557373
  ],
  "min_length": [
    59.02547836303711
  ],
  "max_length": [
    87.10760498046875
  ],
  "span": [
    34.8431282043457
  ],
  "curl": [
    2.054403165695506
  ],
  "diameter": [
    12.364969563227845
  ],
  "elongation": [
    5.789082821410191
  ],
  "surface_area": [
    5230.619969259579
  ],
  "end_surface_area_head": [
    1000.921105228685
  ],
  "end_surface_area_tail": [
    742.6188845245082
  ],
  "radius_head": [
    4.7042412303189
  ],
  "radius_tail": [
    4.44427289605311
  ],
  "irregularity": [
    1.8810807046501576
  ],
  "irregularity_of_end_surface_head": [
    0.06945910673179864
  ],
  "irregularity_of_end_surface_tail": [
    0.08355747750664393
  ],
  "mean_curvature": [
    0.3523180782693653
  ],
  "fractal_dimension": [
    2.282364791270753
  ]
}