{
  "volume": [
    3957.8354773521423
  ],
  "volume_endpoints": [
    354.5197710990906
  ],
  "streamlines_count": [
    65
  ],
  "avg_length": [
    57.529815673828125
  ],
  "std_length": [
    4.4372100830078125
  ],
  "min_length": [
    46.85123062133789
  ],
  "max_length": [
    66.26702880859375
  ],
  "span": [
    24.029541015625
  ],
  "curl": [
    2.3941287782575564
  ],
  "diameter": [
    9.35917217083781
  ],
  "elongation": [
    6.146891479685023
  ],
  "surface_area": [
    3293.353313978254
  ],
  "end_surface_area_head": [
    271.2173317393856
  ],
  "end_surface_area_tail": [
    439.1137751971005
  ],
  "radius_head": [
    2.6651496705154285
  ],
  "radius_tail": [
    3.952746466904159
  ],
  "irregularity": [
    1.9469644999962765
  ],
  "irregularity_of_end_surface_head": [
    0.08227646809153687
  ],
  "irregularity_of_end_surface_tail": [
    0.11178170501906753
  ],
  "mean_curvature": [
    0.3947937804919023
  ],
  "fractal_dimension": [
    2.105015292896574
  ]
}