{
  "volume": [
    6735.875650882721
  ],
  "volume_endpoints": [
    1749.3516573905945
  ],
  "streamlines_count": [
    3832
  ],
  "avg_length": [
    59.225894927978516
  ],
  "std_length": [
    4.29821252822876
  ],
  "min_length": [
    47.7426872253418
  ],
  "max_length": [
    73.81800079345703
  ],
  "span": [
    25.97730255126953
  ],
  "curl": [
    2.2799093482122954
  ],
  "diameter": [
    12.033619469697328
  ],
  "elongation": [
    4.921702491683342
  ],
  "surface_area": [
    4035.972198502762
  ],
  "end_surface_area_head": [
    820.1095507357612
  ],
  "end_surface_area_tail": [
    839.4822172885745
  ],
  "radius_head": [
    4.378043620323582
  ],
  "radius_tail": [
    4.345073968914381
  ],
  "irregularity": [
    1.802562730678354
  ],
  "irregularity_of_end_surface_head": [
    0.07342402221393168
  ],
  "irregularity_of_end_surface_tail": [
    0.07065334372372886
  ],
  "mean_curvature": [
    0.36730690233580504
  ],
  "fractal_dimension": [
    2.2851216150368057
  ]
}