{
  "volume": [
    8723.511088848114
  ],
  "volume_endpoints": [
    2051.5652327537537
  ],
  "streamlines_count": [
    2855
  ],
  "avg_length": [
    73.19746398925781
  ],
  "std_length": [
    4.661827564239502
  ],
  "min_length": [
    60.20134353637695
  ],
  "max_length": [
    88.8080825805664
  ],
  "span": [
    29.511821746826172
  ],
  "curl": [
    2.4802760269155457
  ],
  "diameter": [
    12.318354572543281
  ],
  "elongation": [
    5.9421462142687185
  ],
  "surface_area": [
    5540.582634104591
  ],
  "end_surface_area_head": [
    1007.3786607462894
  ],
  "end_surface_area_tail": [
    988.0059941934761
  ],
  "radius_head": [
    4.769708352424238
  ],
  "radius_tail": [
    4.710719614039047
  ],
  "irregularity": [
    1.9559458551220887
  ],
  "irregularity_of_end_surface_head": [
    0.07094810087871514
  ],
  "irregularity_of_end_surface_tail": [
    0.07056101252323667
  ],
  "mean_curvature": [
    0.3609303889884214
  ],
  "fractal_dimension": [
    2.2837227493423877
  ]
}