{
  "volume": [
    5445.65615606308
  ],
  "volume_endpoints": [
    528.8737568855286
  ],
  "streamlines_count": [
    170
  ],
  "avg_length": [
    58.81230926513672
  ],
  "std_length": [
    7.459443092346191
  ],
  "min_length": [
    42.67311096191406
  ],
  "max_length": [
    81.5113296508789
  ],
  "span": [
    22.004173278808594
  ],
  "curl": [
    2.672779773179512
  ],
  "diameter": [
    10.857905342188321
  ],
  "elongation": [
    5.416542824021671
  ],
  "surface_area": [
    3809.9577553866075
  ],
  "end_surface_area_head": [
    458.48644174991375
  ],
  "end_surface_area_tail": [
    368.0806645034519
  ],
  "radius_head": [
    3.613315087869867
  ],
  "radius_tail": [
    2.778424832670146
  ],
  "irregularity": [
    1.8991357276416367
  ],
  "irregularity_of_end_surface_head": [
    0.08946126695466985
  ],
  "irregularity_of_end_surface_tail": [
    0.06588767340394878
  ],
  "mean_curvature": [
    0.40995604465989505
  ],
  "fractal_dimension": [
    2.14402417896317
  ]
}