{
  "volume": [
    12669.722967147827
  ],
  "volume_endpoints": [
    1313.4666929244995
  ],
  "streamlines_count": [
    4834
  ],
  "avg_length": [
    72.03881072998047
  ],
  "std_length": [
    7.845770359039307
  ],
  "min_length": [
    55.16994094848633
  ],
  "max_length": [
    109.32703399658203
  ],
  "span": [
    28.336509704589844
  ],
  "curl": [
    2.542261255214219
  ],
  "diameter": [
    14.964263656110049
  ],
  "elongation": [
    4.814056500572706
  ],
  "surface_area": [
    7238.919735234554
  ],
  "end_surface_area_head": [
    897.6002169470142
  ],
  "end_surface_area_tail": [
    645.7555517604419
  ],
  "radius_head": [
    4.349430227209575
  ],
  "radius_tail": [
    3.87315089165277
  ],
  "irregularity": [
    2.1374797180718077
  ],
  "irregularity_of_end_surface_head": [
    0.06621123072103852
  ],
  "irregularity_of_end_surface_tail": [
    0.07298112563960794
  ],
  "mean_curvature": [
    0.3400860929974949
  ],
  "fractal_dimension": [
    2.3435988244595833
  ]
}