{
  "volume": [
    39496.98958015442
  ],
  "volume_endpoints": [
    11059.854498386383
  ],
  "streamlines_count": [
    9013
  ],
  "avg_length": [
    62.54345703125
  ],
  "std_length": [
    11.026254653930664
  ],
  "min_length": [
    31.437227249145508
  ],
  "max_length": [
    105.01195526123047
  ],
  "span": [
    28.06475067138672
  ],
  "curl": [
    2.22854133869131
  ],
  "diameter": [
    28.35607495187673
  ],
  "elongation": [
    2.2056457791634734
  ],
  "surface_area": [
    18920.637666580948
  ],
  "end_surface_area_head": [
    1930.8090997637214
  ],
  "end_surface_area_tail": [
    9098.695724304627
  ],
  "radius_head": [
    6.394229328882721
  ],
  "radius_tail": [
    16.488622206727467
  ],
  "irregularity": [
    3.3959234964102665
  ],
  "irregularity_of_end_surface_head": [
    0.06652531690966652
  ],
  "irregularity_of_end_surface_tail": [
    0.09387273380541022
  ],
  "mean_curvature": [
    0.37869543771751446
  ],
  "fractal_dimension": [
    2.4815475908958637
  ]
}