{
  "volume": [
    21863.989817619324
  ],
  "volume_endpoints": [
    1313.4666929244995
  ],
  "streamlines_count": [
    2112
  ],
  "avg_length": [
    50.76555633544922
  ],
  "std_length": [
    18.98139762878418
  ],
  "min_length": [
    22.812088012695312
  ],
  "max_length": [
    136.7098388671875
  ],
  "span": [
    15.896378517150879
  ],
  "curl": [
    3.193529663418456
  ],
  "diameter": [
    23.417212261960774
  ],
  "elongation": [
    2.1678736037215436
  ],
  "surface_area": [
    13819.168807673457
  ],
  "end_surface_area_head": [
    413.2835531266828
  ],
  "end_surface_area_tail": [
    1220.477992827235
  ],
  "radius_head": [
    3.0576939687379774
  ],
  "radius_tail": [
    5.735296561471732
  ],
  "irregularity": [
    3.7002213680182834
  ],
  "irregularity_of_end_surface_head": [
    0.07107056749948673
  ],
  "irregularity_of_end_surface_tail": [
    0.08467041309609498
  ],
  "mean_curvature": [
    0.40914065825442475
  ],
  "fractal_dimension": [
    2.321557356017835
  ]
}