{
  "volume": [
    19103.38504266739
  ],
  "volume_endpoints": [
    5561.892146587372
  ],
  "streamlines_count": [
    6345
  ],
  "avg_length": [
    84.36666870117188
  ],
  "std_length": [
    11.093565940856934
  ],
  "min_length": [
    50.736019134521484
  ],
  "max_length": [
    129.00778198242188
  ],
  "span": [
    33.86285400390625
  ],
  "curl": [
    2.4914222732507945
  ],
  "diameter": [
    16.979495159865678
  ],
  "elongation": [
    4.968738346272439
  ],
  "surface_area": [
    12404.96414931809
  ],
  "end_surface_area_head": [
    6580.249072438903
  ],
  "end_surface_area_tail": [
    716.7886624540905
  ],
  "radius_head": [
    9.588131603758395
  ],
  "radius_tail": [
    3.9793781427307295
  ],
  "irregularity": [
    2.756449030645771
  ],
  "irregularity_of_end_surface_head": [
    0.04389100374481061
  ],
  "irregularity_of_end_surface_tail": [
    0.06940474543993454
  ],
  "mean_curvature": [
    0.3386443888863961
  ],
  "fractal_dimension": [
    2.271106148372474
  ]
}