{
  "volume": [
    5724.622533321381
  ],
  "volume_endpoints": [
    1976.0118389129639
  ],
  "streamlines_count": [
    2709
  ],
  "avg_length": [
    33.44916915893555
  ],
  "std_length": [
    6.112868309020996
  ],
  "min_length": [
    20.157299041748047
  ],
  "max_length": [
    57.79443359375
  ],
  "span": [
    14.869133949279785
  ],
  "curl": [
    2.249570773458243
  ],
  "diameter": [
    14.76168112808965
  ],
  "elongation": [
    2.2659457868444215
  ],
  "surface_area": [
    3532.2828681296173
  ],
  "end_surface_area_head": [
    794.2793286653435
  ],
  "end_surface_area_tail": [
    981.5484386758717
  ],
  "radius_head": [
    4.185167720016392
  ],
  "radius_tail": [
    4.549278388427116
  ],
  "irregularity": [
    2.277112292122199
  ],
  "irregularity_of_end_surface_head": [
    0.06927911745339739
  ],
  "irregularity_of_end_surface_tail": [
    0.06624043317418674
  ],
  "mean_curvature": [
    0.42952497620871255
  ],
  "fractal_dimension": [
    2.304345410596003
  ]
}