{
  "volume": [
    10193.896368980408
  ],
  "volume_endpoints": [
    2220.107419013977
  ],
  "streamlines_count": [
    1648
  ],
  "avg_length": [
    80.2328109741211
  ],
  "std_length": [
    4.413784503936768
  ],
  "min_length": [
    67.32470703125
  ],
  "max_length": [
    95.15046691894531
  ],
  "span": [
    36.85054016113281
  ],
  "curl": [
    2.1772492512537074
  ],
  "diameter": [
    12.718888567407074
  ],
  "elongation": [
    6.308162112507421
  ],
  "surface_area": [
    6405.895073463584
  ],
  "end_surface_area_head": [
    916.9728834998275
  ],
  "end_surface_area_tail": [
    1523.983102154643
  ],
  "radius_head": [
    4.387629679085229
  ],
  "radius_tail": [
    5.536011860407516
  ],
  "irregularity": [
    1.9981531758016697
  ],
  "irregularity_of_end_surface_head": [
    0.06595584833704367
  ],
  "irregularity_of_end_surface_tail": [
    0.06317769034271425
  ],
  "mean_curvature": [
    0.36905695892219403
  ],
  "fractal_dimension": [
    2.3126964568325223
  ]
}