{
  "volume": [
    9264.008444786072
  ],
  "volume_endpoints": [
    1755.163456916809
  ],
  "streamlines_count": [
    2831
  ],
  "avg_length": [
    66.99705505371094
  ],
  "std_length": [
    5.023340702056885
  ],
  "min_length": [
    54.85258865356445
  ],
  "max_length": [
    84.32389068603516
  ],
  "span": [
    29.242185592651367
  ],
  "curl": [
    2.2911096997670195
  ],
  "diameter": [
    13.26864802813372
  ],
  "elongation": [
    5.0492751719433695
  ],
  "surface_area": [
    4875.454415791336
  ],
  "end_surface_area_head": [
    916.9728834998275
  ],
  "end_surface_area_tail": [
    723.2462179716949
  ],
  "radius_head": [
    4.3763548481050645
  ],
  "radius_tail": [
    4.001554246997886
  ],
  "irregularity": [
    1.745753174932458
  ],
  "irregularity_of_end_surface_head": [
    0.06561731220958944
  ],
  "irregularity_of_end_surface_tail": [
    0.06955384111818896
  ],
  "mean_curvature": [
    0.3765876091587716
  ],
  "fractal_dimension": [
    2.335575499200721
  ]
}