{
  "volume": [
    18865.10126209259
  ],
  "volume_endpoints": [
    3440.585319519043
  ],
  "streamlines_count": [
    3468
  ],
  "avg_length": [
    90.21491241455078
  ],
  "std_length": [
    6.575712203979492
  ],
  "min_length": [
    69.39585876464844
  ],
  "max_length": [
    110.9798812866211
  ],
  "span": [
    36.38216018676758
  ],
  "curl": [
    2.4796469465098587
  ],
  "diameter": [
    16.317193501612348
  ],
  "elongation": [
    5.528825309673284
  ],
  "surface_area": [
    9763.82394261788
  ],
  "end_surface_area_head": [
    1046.1239938519159
  ],
  "end_surface_area_tail": [
    2221.39909805592
  ],
  "radius_head": [
    4.757349426534493
  ],
  "radius_tail": [
    6.840221910129626
  ],
  "irregularity": [
    2.1112821284917307
  ],
  "irregularity_of_end_surface_head": [
    0.06796679833994458
  ],
  "irregularity_of_end_surface_tail": [
    0.06617038539630424
  ],
  "mean_curvature": [
    0.3674713654621937
  ],
  "fractal_dimension": [
    2.3859108730951393
  ]
}