{
  "volume": [
    13303.209115505219
  ],
  "volume_endpoints": [
    2150.365824699402
  ],
  "streamlines_count": [
    1922
  ],
  "avg_length": [
    90.44349670410156
  ],
  "std_length": [
    4.798700332641602
  ],
  "min_length": [
    78.85922241210938
  ],
  "max_length": [
    108.26893615722656
  ],
  "span": [
    41.1068115234375
  ],
  "curl": [
    2.2002070545543093
  ],
  "diameter": [
    13.684993515776927
  ],
  "elongation": [
    6.608954297262367
  ],
  "surface_area": [
    7671.575954914049
  ],
  "end_surface_area_head": [
    1110.69954902796
  ],
  "end_surface_area_tail": [
    942.8031055702452
  ],
  "radius_head": [
    4.749256459858634
  ],
  "radius_tail": [
    4.835893226109959
  ],
  "irregularity": [
    1.9729349942418368
  ],
  "irregularity_of_end_surface_head": [
    0.0637976264536475
  ],
  "irregularity_of_end_surface_tail": [
    0.07792598039747105
  ],
  "mean_curvature": [
    0.37362460058636027
  ],
  "fractal_dimension": [
    2.3842369862017745
  ]
}