{
  "volume": [
    8944.359470844269
  ],
  "volume_endpoints": [
    1912.0820441246033
  ],
  "streamlines_count": [
    2249
  ],
  "avg_length": [
    74.84931182861328
  ],
  "std_length": [
    4.826142311096191
  ],
  "min_length": [
    62.589683532714844
  ],
  "max_length": [
    91.60426330566406
  ],
  "span": [
    34.75425720214844
  ],
  "curl": [
    2.1536731857985516
  ],
  "diameter": [
    12.334904060977168
  ],
  "elongation": [
    6.06809031173638
  ],
  "surface_area": [
    5521.209967551778
  ],
  "end_surface_area_head": [
    904.0577724646187
  ],
  "end_surface_area_tail": [
    981.5484386758717
  ],
  "radius_head": [
    4.40082894283837
  ],
  "radius_tail": [
    5.031890913842342
  ],
  "irregularity": [
    1.9035347213027893
  ],
  "irregularity_of_end_surface_head": [
    0.06730117781388613
  ],
  "irregularity_of_end_surface_tail": [
    0.08104021249188102
  ],
  "mean_curvature": [
    0.37139173696813926
  ],
  "fractal_dimension": [
    2.2613714761951744
  ]
}