{
  "volume": [
    17882.907142162323
  ],
  "volume_endpoints": [
    3132.559944629669
  ],
  "streamlines_count": [
    2100
  ],
  "avg_length": [
    74.59147644042969
  ],
  "std_length": [
    6.093360424041748
  ],
  "min_length": [
    58.11115264892578
  ],
  "max_length": [
    96.86905670166016
  ],
  "span": [
    33.56908416748047
  ],
  "curl": [
    2.2220289379443074
  ],
  "diameter": [
    17.47147287464291
  ],
  "elongation": [
    4.269329608077145
  ],
  "surface_area": [
    9305.337500867969
  ],
  "end_surface_area_head": [
    1278.595992485675
  ],
  "end_surface_area_tail": [
    1898.5213221756992
  ],
  "radius_head": [
    4.971550395002308
  ],
  "radius_tail": [
    7.246920903426545
  ],
  "irregularity": [
    2.2728121110759445
  ],
  "irregularity_of_end_surface_head": [
    0.06072957277970741
  ],
  "irregularity_of_end_surface_tail": [
    0.0869043340930847
  ],
  "mean_curvature": [
    0.37679118332408723
  ],
  "fractal_dimension": [
    2.400207635623462
  ]
}