{
  "volume": [
    13186.973124980927
  ],
  "volume_endpoints": [
    1272.7840962409973
  ],
  "streamlines_count": [
    2604
  ],
  "avg_length": [
    51.425018310546875
  ],
  "std_length": [
    13.349067687988281
  ],
  "min_length": [
    23.80158042907715
  ],
  "max_length": [
    111.13616943359375
  ],
  "span": [
    15.790153503417969
  ],
  "curl": [
    3.2567776050698503
  ],
  "diameter": [
    18.069261053955014
  ],
  "elongation": [
    2.8459945405067315
  ],
  "surface_area": [
    7904.047953547809
  ],
  "end_surface_area_head": [
    484.3166638203314
  ],
  "end_surface_area_tail": [
    981.5484386758717
  ],
  "radius_head": [
    3.1296578862382725
  ],
  "radius_tail": [
    6.192778135352039
  ],
  "irregularity": [
    2.7076021256364093
  ],
  "irregularity_of_end_surface_head": [
    0.06353516944286416
  ],
  "irregularity_of_end_surface_tail": [
    0.12274651719835022
  ],
  "mean_curvature": [
    0.41491485525569244
  ],
  "fractal_dimension": [
    2.3839112361020995
  ]
}