{
  "volume": [
    4916.782399177551
  ],
  "volume_endpoints": [
    1952.7646408081055
  ],
  "streamlines_count": [
    3330
  ],
  "avg_length": [
    32.757389068603516
  ],
  "std_length": [
    5.624031066894531
  ],
  "min_length": [
    21.077659606933594
  ],
  "max_length": [
    53.04659652709961
  ],
  "span": [
    14.46235466003418
  ],
  "curl": [
    2.265010770281172
  ],
  "diameter": [
    13.824228828751547
  ],
  "elongation": [
    2.3695635738085365
  ],
  "surface_area": [
    3086.7115374149125
  ],
  "end_surface_area_head": [
    736.1613290069038
  ],
  "end_surface_area_tail": [
    1130.0722155807734
  ],
  "radius_head": [
    3.9246920700563277
  ],
  "radius_tail": [
    4.813171633170062
  ],
  "irregularity": [
    2.1696814683475236
  ],
  "irregularity_of_end_surface_head": [
    0.06573369545518516
  ],
  "irregularity_of_end_surface_tail": [
    0.06440304068521414
  ],
  "mean_curvature": [
    0.4183718465425231
  ],
  "fractal_dimension": [
    2.360798095847974
  ]
}