{
  "volume": [
    11431.809668064117
  ],
  "volume_endpoints": [
    1813.281452178955
  ],
  "streamlines_count": [
    2867
  ],
  "avg_length": [
    78.1391830444336
  ],
  "std_length": [
    6.471735954284668
  ],
  "min_length": [
    62.46909713745117
  ],
  "max_length": [
    100.21259307861328
  ],
  "span": [
    32.44208526611328
  ],
  "curl": [
    2.4085746154564327
  ],
  "diameter": [
    13.648286130896063
  ],
  "elongation": [
    5.725201120128001
  ],
  "surface_area": [
    6128.220186206594
  ],
  "end_surface_area_head": [
    1020.2937717814982
  ],
  "end_surface_area_tail": [
    684.5008848660684
  ],
  "radius_head": [
    4.608311548246126
  ],
  "radius_tail": [
    3.8654908686847875
  ],
  "irregularity": [
    1.8291002256654183
  ],
  "irregularity_of_end_surface_head": [
    0.06538954290627838
  ],
  "irregularity_of_end_surface_tail": [
    0.06857805478207506
  ],
  "mean_curvature": [
    0.37984875296731424
  ],
  "fractal_dimension": [
    2.3653014924897318
  ]
}