{
  "volume": [
    9618.528215885162
  ],
  "volume_endpoints": [
    2167.8012232780457
  ],
  "streamlines_count": [
    1277
  ],
  "avg_length": [
    74.1096420288086
  ],
  "std_length": [
    7.71660852432251
  ],
  "min_length": [
    54.56351089477539
  ],
  "max_length": [
    99.06089782714844
  ],
  "span": [
    34.877323150634766
  ],
  "curl": [
    2.12486611167749
  ],
  "diameter": [
    12.854997994588807
  ],
  "elongation": [
    5.765045008953278
  ],
  "surface_area": [
    5908.663298608043
  ],
  "end_surface_area_head": [
    1110.69954902796
  ],
  "end_surface_area_tail": [
    1091.3268824751467
  ],
  "radius_head": [
    4.724490700345201
  ],
  "radius_tail": [
    5.043871296893494
  ],
  "irregularity": [
    1.9742067899968443
  ],
  "irregularity_of_end_surface_head": [
    0.06313399537178595
  ],
  "irregularity_of_end_surface_tail": [
    0.07323572951199724
  ],
  "mean_curvature": [
    0.37285810510628653
  ],
  "fractal_dimension": [
    2.3658825885300194
  ]
}