{
  "volume": [
    10536.79254102707
  ],
  "volume_endpoints": [
    2109.6832280158997
  ],
  "streamlines_count": [
    2899
  ],
  "avg_length": [
    75.78984832763672
  ],
  "std_length": [
    4.398766994476318
  ],
  "min_length": [
    63.48117446899414
  ],
  "max_length": [
    89.91969299316406
  ],
  "span": [
    35.02061080932617
  ],
  "curl": [
    2.1641498128140437
  ],
  "diameter": [
    13.30465921405363
  ],
  "elongation": [
    5.696489260512615
  ],
  "surface_area": [
    5831.1726323967905
  ],
  "end_surface_area_head": [
    1046.1239938519159
  ],
  "end_surface_area_tail": [
    839.4822172885745
  ],
  "radius_head": [
    4.671617273303889
  ],
  "radius_tail": [
    4.159283382034522
  ],
  "irregularity": [
    1.840734843888107
  ],
  "irregularity_of_end_surface_head": [
    0.06553921279407526
  ],
  "irregularity_of_end_surface_tail": [
    0.06474040226605185
  ],
  "mean_curvature": [
    0.37075314068637993
  ],
  "fractal_dimension": [
    2.3455541014631107
  ]
}