{
  "volume": [
    14291.2150349617
  ],
  "volume_endpoints": [
    3365.031925678253
  ],
  "streamlines_count": [
    4024
  ],
  "avg_length": [
    62.25217056274414
  ],
  "std_length": [
    5.059614181518555
  ],
  "min_length": [
    50.02547836303711
  ],
  "max_length": [
    79.23524475097656
  ],
  "span": [
    27.097888946533203
  ],
  "curl": [
    2.2973070221659624
  ],
  "diameter": [
    17.096703773638623
  ],
  "elongation": [
    3.6411796909490035
  ],
  "surface_area": [
    7290.580179375389
  ],
  "end_surface_area_head": [
    1046.1239938519159
  ],
  "end_surface_area_tail": [
    2189.111320467898
  ],
  "radius_head": [
    4.662624146009779
  ],
  "radius_tail": [
    6.77965449230048
  ],
  "irregularity": [
    2.180445983070959
  ],
  "irregularity_of_end_surface_head": [
    0.06528712229418315
  ],
  "irregularity_of_end_surface_tail": [
    0.06596250639948861
  ],
  "mean_curvature": [
    0.3764426069885907
  ],
  "fractal_dimension": [
    2.4072378518354203
  ]
}