{
  "volume": [
    17156.432201385498
  ],
  "volume_endpoints": [
    3702.1162981987
  ],
  "streamlines_count": [
    3684
  ],
  "avg_length": [
    76.57589721679688
  ],
  "std_length": [
    7.9291839599609375
  ],
  "min_length": [
    53.70989227294922
  ],
  "max_length": [
    100.25072479248047
  ],
  "span": [
    35.035186767578125
  ],
  "curl": [
    2.185685428903176
  ],
  "diameter": [
    16.88972200890423
  ],
  "elongation": [
    4.533875523612894
  ],
  "surface_area": [
    9983.380830216433
  ],
  "end_surface_area_head": [
    1059.0391048871247
  ],
  "end_surface_area_tail": [
    3099.626648450121
  ],
  "radius_head": [
    4.689148121147431
  ],
  "radius_tail": [
    8.76124047091453
  ],
  "irregularity": [
    2.457045336584638
  ],
  "irregularity_of_end_surface_head": [
    0.06522675588104862
  ],
  "irregularity_of_end_surface_tail": [
    0.07779858318111331
  ],
  "mean_curvature": [
    0.37279358672849777
  ],
  "fractal_dimension": [
    2.3521307610279303
  ]
}