{
  "volume": [
    6015.212509632111
  ],
  "volume_endpoints": [
    1354.1492896080017
  ],
  "streamlines_count": [
    1074
  ],
  "avg_length": [
    80.98237609863281
  ],
  "std_length": [
    5.482113361358643
  ],
  "min_length": [
    63.73609924316406
  ],
  "max_length": [
    94.65808868408203
  ],
  "span": [
    39.82623291015625
  ],
  "curl": [
    2.0333928212924492
  ],
  "diameter": [
    9.724903246572268
  ],
  "elongation": [
    8.327319464815924
  ],
  "surface_area": [
    4313.647085759752
  ],
  "end_surface_area_head": [
    904.0577724646187
  ],
  "end_surface_area_tail": [
    594.0951076196066
  ],
  "radius_head": [
    4.418871670166833
  ],
  "radius_tail": [
    5.209691678159321
  ],
  "irregularity": [
    1.743487885161918
  ],
  "irregularity_of_end_surface_head": [
    0.06785415818726857
  ],
  "irregularity_of_end_surface_tail": [
    0.14352182220656837
  ],
  "mean_curvature": [
    0.3453520931844605
  ],
  "fractal_dimension": [
    2.159917733785891
  ]
}