{
  "volume": [
    5637.445540428162
  ],
  "volume_endpoints": [
    534.6855564117432
  ],
  "streamlines_count": [
    151
  ],
  "avg_length": [
    84.88494873046875
  ],
  "std_length": [
    7.435661315917969
  ],
  "min_length": [
    68.21113586425781
  ],
  "max_length": [
    104.95084381103516
  ],
  "span": [
    26.1773681640625
  ],
  "curl": [
    3.24268460444403
  ],
  "diameter": [
    9.195617407110488
  ],
  "elongation": [
    9.231022232920617
  ],
  "surface_area": [
    4623.6097506047645
  ],
  "end_surface_area_head": [
    406.8259976090784
  ],
  "end_surface_area_tail": [
    523.0619969259579
  ],
  "radius_head": [
    3.771806754957442
  ],
  "radius_tail": [
    3.4233426623840875
  ],
  "irregularity": [
    1.8854703784472309
  ],
  "irregularity_of_end_surface_head": [
    0.10986011328788273
  ],
  "irregularity_of_end_surface_tail": [
    0.07038780949833683
  ],
  "mean_curvature": [
    0.3774423571611872
  ],
  "fractal_dimension": [
    2.089339576805591
  ]
}