{
  "volume": [
    11024.983701229095
  ],
  "volume_endpoints": [
    2679.2395815849304
  ],
  "streamlines_count": [
    3270
  ],
  "avg_length": [
    79.22572326660156
  ],
  "std_length": [
    4.840193271636963
  ],
  "min_length": [
    63.51087188720703
  ],
  "max_length": [
    95.14855194091797
  ],
  "span": [
    36.50204849243164
  ],
  "curl": [
    2.170445948616508
  ],
  "diameter": [
    13.31100758927184
  ],
  "elongation": [
    5.951895281800789
  ],
  "surface_area": [
    6509.215961745254
  ],
  "end_surface_area_head": [
    1078.411771439938
  ],
  "end_surface_area_tail": [
    1401.2895473201588
  ],
  "radius_head": [
    4.9161080842769245
  ],
  "radius_tail": [
    5.3033216286603855
  ],
  "irregularity": [
    1.9647245160403535
  ],
  "irregularity_of_end_surface_head": [
    0.07040574496509816
  ],
  "irregularity_of_end_surface_tail": [
    0.06305476668592871
  ],
  "mean_curvature": [
    0.36240675531396077
  ],
  "fractal_dimension": [
    2.32837020405541
  ]
}