{
  "volume": [
    5527.021349430084
  ],
  "volume_endpoints": [
    1162.35990524292
  ],
  "streamlines_count": [
    557
  ],
  "avg_length": [
    85.9932861328125
  ],
  "std_length": [
    4.5512590408325195
  ],
  "min_length": [
    76.59112548828125
  ],
  "max_length": [
    98.6754379272461
  ],
  "span": [
    41.22043991088867
  ],
  "curl": [
    2.086180698670728
  ],
  "diameter": [
    9.046245252841059
  ],
  "elongation": [
    9.505964489057545
  ],
  "surface_area": [
    4481.543529217467
  ],
  "end_surface_area_head": [
    1168.8175486863997
  ],
  "end_surface_area_tail": [
    303.5051093274077
  ],
  "radius_head": [
    5.0188732612892855
  ],
  "radius_tail": [
    3.205267012148665
  ],
  "irregularity": [
    1.8337699148187865
  ],
  "irregularity_of_end_surface_head": [
    0.06770419938861733
  ],
  "irregularity_of_end_surface_tail": [
    0.10634382913428382
  ],
  "mean_curvature": [
    0.3316222960045779
  ],
  "fractal_dimension": [
    2.1449932869697705
  ]
}