{
  "volume": [
    1121.6773085594177
  ],
  "volume_endpoints": [
    505.62655878067017
  ],
  "streamlines_count": [
    188
  ],
  "avg_length": [
    26.46470069885254
  ],
  "std_length": [
    3.634145736694336
  ],
  "min_length": [
    20.16351318359375
  ],
  "max_length": [
    35.29668426513672
  ],
  "span": [
    12.122610092163086
  ],
  "curl": [
    2.1830860266603143
  ],
  "diameter": [
    7.346077961625819
  ],
  "elongation": [
    3.60256191631751
  ],
  "surface_area": [
    1214.0204373096308
  ],
  "end_surface_area_head": [
    761.9915510773214
  ],
  "end_surface_area_tail": [
    19.372666552813257
  ],
  "radius_head": [
    4.342683519210139
  ],
  "radius_tail": [
    0.0
  ],
  "irregularity": [
    1.987712667321735
  ],
  "irregularity_of_end_surface_head": [
    0.07775280720112489
  ],
  "irregularity_of_end_surface_tail": [
    0.0
  ],
  "mean_curvature": [
    0.38698034796943054
  ],
  "fractal_dimension": [
    1.948920122539905
  ]
}