{
  "volume": [
    4637.8160219192505
  ],
  "volume_endpoints": [
    714.8513417243958
  ],
  "streamlines_count": [
    179
  ],
  "avg_length": [
    75.6783447265625
  ],
  "std_length": [
    13.13528823852539
  ],
  "min_length": [
    45.10736083984375
  ],
  "max_length": [
    104.04222869873047
  ],
  "span": [
    29.242948532104492
  ],
  "curl": [
    2.587917721206489
  ],
  "diameter": [
    8.833361527640019
  ],
  "elongation": [
    8.567332435082756
  ],
  "surface_area": [
    3784.1275333161893
  ],
  "end_surface_area_head": [
    897.6002169470142
  ],
  "end_surface_area_tail": [
    361.62310898584747
  ],
  "radius_head": [
    4.266402650877698
  ],
  "radius_tail": [
    3.4522201741179
  ],
  "irregularity": [
    1.8018484568220194
  ],
  "irregularity_of_end_surface_head": [
    0.0637075061541609
  ],
  "irregularity_of_end_surface_tail": [
    0.10353582999832955
  ],
  "mean_curvature": [
    0.35561743495184617
  ],
  "fractal_dimension": [
    2.200244883856506
  ]
}