{
  "volume": [
    8793.25268316269
  ],
  "volume_endpoints": [
    2458.3911995887756
  ],
  "streamlines_count": [
    3817
  ],
  "avg_length": [
    68.99905395507812
  ],
  "std_length": [
    5.044539451599121
  ],
  "min_length": [
    53.96176528930664
  ],
  "max_length": [
    84.78108215332031
  ],
  "span": [
    29.453899383544922
  ],
  "curl": [
    2.3426118578250454
  ],
  "diameter": [
    12.738205997325286
  ],
  "elongation": [
    5.416701062109237
  ],
  "surface_area": [
    5224.162413741975
  ],
  "end_surface_area_head": [
    1142.987326615982
  ],
  "end_surface_area_tail": [
    1168.8175486863997
  ],
  "radius_head": [
    5.195550249482261
  ],
  "radius_tail": [
    5.095940215426916
  ],
  "irregularity": [
    1.8919750002508302
  ],
  "irregularity_of_end_surface_head": [
    0.0741944733996076
  ],
  "irregularity_of_end_surface_tail": [
    0.06979941741894859
  ],
  "mean_curvature": [
    0.35300854882208316
  ],
  "fractal_dimension": [
    2.3389646039512098
  ]
}