{
  "volume": [
    10664.65213060379
  ],
  "volume_endpoints": [
    3225.548737049103
  ],
  "streamlines_count": [
    4163
  ],
  "avg_length": [
    64.7802505493164
  ],
  "std_length": [
    5.542260646820068
  ],
  "min_length": [
    48.9065055847168
  ],
  "max_length": [
    81.73625183105469
  ],
  "span": [
    29.389015197753906
  ],
  "curl": [
    2.2042334563924864
  ],
  "diameter": [
    14.47795073592642
  ],
  "elongation": [
    4.4744074441811
  ],
  "surface_area": [
    5766.5970772207465
  ],
  "end_surface_area_head": [
    1117.1571045455644
  ],
  "end_surface_area_tail": [
    1859.7759890700727
  ],
  "radius_head": [
    5.250205928875024
  ],
  "radius_tail": [
    5.6929412314594074
  ],
  "irregularity": [
    1.9571315448339066
  ],
  "irregularity_of_end_surface_head": [
    0.07751545437447573
  ],
  "irregularity_of_end_surface_tail": [
    0.054747291398388895
  ],
  "mean_curvature": [
    0.37144083911456827
  ],
  "fractal_dimension": [
    2.4487118231486096
  ]
}