{
  "volume": [
    7584.3983817100525
  ],
  "volume_endpoints": [
    1673.7982635498047
  ],
  "streamlines_count": [
    1893
  ],
  "avg_length": [
    78.72936248779297
  ],
  "std_length": [
    3.854109764099121
  ],
  "min_length": [
    67.6200180053711
  ],
  "max_length": [
    91.68923950195312
  ],
  "span": [
    37.511512756347656
  ],
  "curl": [
    2.0988053187609843
  ],
  "diameter": [
    11.0750899043535
  ],
  "elongation": [
    7.108688341829649
  ],
  "surface_area": [
    5146.671747530722
  ],
  "end_surface_area_head": [
    768.4491065949259
  ],
  "end_surface_area_tail": [
    1033.208882816707
  ],
  "radius_head": [
    4.043397635492434
  ],
  "radius_tail": [
    4.6857215761109225
  ],
  "irregularity": [
    1.878852133135415
  ],
  "irregularity_of_end_surface_head": [
    0.06683864981155989
  ],
  "irregularity_of_end_surface_tail": [
    0.06675974977673967
  ],
  "mean_curvature": [
    0.36313570756415997
  ],
  "fractal_dimension": [
    2.2331065783891852
  ]
}