{
  "volume": [
    3347.5965270996094
  ],
  "volume_endpoints": [
    1470.3852801322937
  ],
  "streamlines_count": [
    2338
  ],
  "avg_length": [
    27.04050064086914
  ],
  "std_length": [
    3.930851697921753
  ],
  "min_length": [
    20.103696823120117
  ],
  "max_length": [
    41.24124526977539
  ],
  "span": [
    12.31059455871582
  ],
  "curl": [
    2.196522719670322
  ],
  "diameter": [
    12.554928668664104
  ],
  "elongation": [
    2.153775728599688
  ],
  "surface_area": [
    2240.7717646087335
  ],
  "end_surface_area_head": [
    1013.8362162638938
  ],
  "end_surface_area_tail": [
    445.5713307147049
  ],
  "radius_head": [
    4.541729965192826
  ],
  "radius_tail": [
    3.0898345115411185
  ],
  "irregularity": [
    2.100964784710309
  ],
  "irregularity_of_end_surface_head": [
    0.06391822259099497
  ],
  "irregularity_of_end_surface_tail": [
    0.06731363952027494
  ],
  "mean_curvature": [
    0.4073300887125491
  ],
  "fractal_dimension": [
    2.3584861046591774
  ]
}