{
  "volume": [
    15203.667560577393
  ],
  "volume_endpoints": [
    2714.110378742218
  ],
  "streamlines_count": [
    3579
  ],
  "avg_length": [
    73.96198272705078
  ],
  "std_length": [
    5.4551239013671875
  ],
  "min_length": [
    60.385780334472656
  ],
  "max_length": [
    91.55603790283203
  ],
  "span": [
    30.72840690612793
  ],
  "curl": [
    2.4069579315646563
  ],
  "diameter": [
    16.17800514807644
  ],
  "elongation": [
    4.571761601636332
  ],
  "surface_area": [
    7619.915510773215
  ],
  "end_surface_area_head": [
    858.8548838413877
  ],
  "end_surface_area_tail": [
    1498.1528800842252
  ],
  "radius_head": [
    4.421195515320465
  ],
  "radius_tail": [
    5.723654225118867
  ],
  "irregularity": [
    2.0270607711925486
  ],
  "irregularity_of_end_surface_head": [
    0.07150057341568776
  ],
  "irregularity_of_end_surface_tail": [
    0.06869743441343745
  ],
  "mean_curvature": [
    0.3842030223620341
  ],
  "fractal_dimension": [
    2.4282618555555566
  ]
}