{
  "volume": [
    12088.543014526367
  ],
  "volume_endpoints": [
    2359.5906076431274
  ],
  "streamlines_count": [
    2972
  ],
  "avg_length": [
    84.89234924316406
  ],
  "std_length": [
    4.311025142669678
  ],
  "min_length": [
    73.51820373535156
  ],
  "max_length": [
    99.01150512695312
  ],
  "span": [
    38.771114349365234
  ],
  "curl": [
    2.189577232116722
  ],
  "diameter": [
    13.465043580457978
  ],
  "elongation": [
    6.304647195228511
  ],
  "surface_area": [
    6715.857738308596
  ],
  "end_surface_area_head": [
    852.3973283237833
  ],
  "end_surface_area_tail": [
    1323.7988811089058
  ],
  "radius_head": [
    4.287553111920994
  ],
  "radius_tail": [
    5.172440053320037
  ],
  "irregularity": [
    1.870145083196038
  ],
  "irregularity_of_end_surface_head": [
    0.06775273303739146
  ],
  "irregularity_of_end_surface_tail": [
    0.06349196893926803
  ],
  "mean_curvature": [
    0.37496318933861095
  ],
  "fractal_dimension": [
    2.4126415386096385
  ]
}