{
  "volume": [
    9345.373638153076
  ],
  "volume_endpoints": [
    1964.3882398605347
  ],
  "streamlines_count": [
    2768
  ],
  "avg_length": [
    74.91023254394531
  ],
  "std_length": [
    4.568765640258789
  ],
  "min_length": [
    63.53291320800781
  ],
  "max_length": [
    89.56310272216797
  ],
  "span": [
    36.069068908691406
  ],
  "curl": [
    2.07685517842393
  ],
  "diameter": [
    12.60325784782413
  ],
  "elongation": [
    5.943719746785794
  ],
  "surface_area": [
    5585.785522727822
  ],
  "end_surface_area_head": [
    839.4822172885745
  ],
  "end_surface_area_tail": [
    1071.9542159223336
  ],
  "radius_head": [
    4.205362005103352
  ],
  "radius_tail": [
    4.697650445659015
  ],
  "irregularity": [
    1.8832605830272287
  ],
  "irregularity_of_end_surface_head": [
    0.06618280122011437
  ],
  "irregularity_of_end_surface_tail": [
    0.06467479059265428
  ],
  "mean_curvature": [
    0.3671324140031558
  ],
  "fractal_dimension": [
    2.399608339192334
  ]
}