{
  "volume": [
    14262.156037330627
  ],
  "volume_endpoints": [
    3469.644317150116
  ],
  "streamlines_count": [
    3138
  ],
  "avg_length": [
    75.73382568359375
  ],
  "std_length": [
    6.223639011383057
  ],
  "min_length": [
    60.279701232910156
  ],
  "max_length": [
    96.03036499023438
  ],
  "span": [
    31.89301300048828
  ],
  "curl": [
    2.3746212276160383
  ],
  "diameter": [
    15.484696701851139
  ],
  "elongation": [
    4.8908820845383465
  ],
  "surface_area": [
    7736.151510090094
  ],
  "end_surface_area_head": [
    994.4635497110805
  ],
  "end_surface_area_tail": [
    2163.2810983974805
  ],
  "radius_head": [
    4.591289259670096
  ],
  "radius_tail": [
    6.867059818274539
  ],
  "irregularity": [
    2.09982206511698
  ],
  "irregularity_of_end_surface_head": [
    0.06659326572985146
  ],
  "irregularity_of_end_surface_tail": [
    0.06848233787810518
  ],
  "mean_curvature": [
    0.3803859469881477
  ],
  "fractal_dimension": [
    2.418066743788193
  ]
}