{
  "volume": [
    9310.502840995789
  ],
  "volume_endpoints": [
    1691.2336621284485
  ],
  "streamlines_count": [
    1589
  ],
  "avg_length": [
    71.01744079589844
  ],
  "std_length": [
    7.161742687225342
  ],
  "min_length": [
    53.095924377441406
  ],
  "max_length": [
    91.07772827148438
  ],
  "span": [
    28.317651748657227
  ],
  "curl": [
    2.5078859442950088
  ],
  "diameter": [
    12.919899006912898
  ],
  "elongation": [
    5.496748910955107
  ],
  "surface_area": [
    5450.17685685813
  ],
  "end_surface_area_head": [
    1007.3786607462894
  ],
  "end_surface_area_tail": [
    755.533995559717
  ],
  "radius_head": [
    4.490751639037374
  ],
  "radius_tail": [
    4.584518457798223
  ],
  "irregularity": [
    1.8907607828217423
  ],
  "irregularity_of_end_surface_head": [
    0.06289197018508035
  ],
  "irregularity_of_end_surface_tail": [
    0.08739434132157128
  ],
  "mean_curvature": [
    0.38449883875492763
  ],
  "fractal_dimension": [
    2.390491590833172
  ]
}