{
  "volume": [
    7700.6343722343445
  ],
  "volume_endpoints": [
    784.592936038971
  ],
  "streamlines_count": [
    332
  ],
  "avg_length": [
    62.483829498291016
  ],
  "std_length": [
    15.202764511108398
  ],
  "min_length": [
    44.84048843383789
  ],
  "max_length": [
    110.07647705078125
  ],
  "span": [
    27.592376708984375
  ],
  "curl": [
    2.2645323437449885
  ],
  "diameter": [
    12.526636977559999
  ],
  "elongation": [
    4.988076976304452
  ],
  "surface_area": [
    6528.588628298067
  ],
  "end_surface_area_head": [
    516.6044414083535
  ],
  "end_surface_area_tail": [
    632.8404407252331
  ],
  "radius_head": [
    3.895130001527323
  ],
  "radius_tail": [
    3.8390773667870493
  ],
  "irregularity": [
    2.655016969036649
  ],
  "irregularity_of_end_surface_head": [
    0.09226471638307715
  ],
  "irregularity_of_end_surface_tail": [
    0.07316601082617272
  ],
  "mean_curvature": [
    0.3202671905059412
  ],
  "fractal_dimension": [
    2.12347372404632
  ]
}