{
  "volume": [
    18202.556116104126
  ],
  "volume_endpoints": [
    4504.144632816315
  ],
  "streamlines_count": [
    4905
  ],
  "avg_length": [
    78.2142333984375
  ],
  "std_length": [
    9.669654846191406
  ],
  "min_length": [
    54.32453918457031
  ],
  "max_length": [
    107.31025695800781
  ],
  "span": [
    33.92507553100586
  ],
  "curl": [
    2.305499167627601
  ],
  "diameter": [
    17.213863391979224
  ],
  "elongation": [
    4.543676896778519
  ],
  "surface_area": [
    9744.451276065069
  ],
  "end_surface_area_head": [
    1175.2751042040043
  ],
  "end_surface_area_tail": [
    3273.9806474254406
  ],
  "radius_head": [
    5.143733459579866
  ],
  "radius_tail": [
    7.803347210832788
  ],
  "irregularity": [
    2.3037925556452405
  ],
  "irregularity_of_end_surface_head": [
    0.07072407045609742
  ],
  "irregularity_of_end_surface_tail": [
    0.05842996516515334
  ],
  "mean_curvature": [
    0.36696708278918483
  ],
  "fractal_dimension": [
    2.3455170651813324
  ]
}