{
  "volume": [
    16767.04163312912
  ],
  "volume_endpoints": [
    2551.3799920082092
  ],
  "streamlines_count": [
    3727
  ],
  "avg_length": [
    89.05310821533203
  ],
  "std_length": [
    8.54749584197998
  ],
  "min_length": [
    65.518310546875
  ],
  "max_length": [
    115.12088775634766
  ],
  "span": [
    34.886478424072266
  ],
  "curl": [
    2.552653986247115
  ],
  "diameter": [
    15.483129262613454
  ],
  "elongation": [
    5.751622085230879
  ],
  "surface_area": [
    8678.95461566034
  ],
  "end_surface_area_head": [
    1181.7326597216088
  ],
  "end_surface_area_tail": [
    1181.7326597216088
  ],
  "radius_head": [
    5.034367514328005
  ],
  "radius_tail": [
    5.127003106589261
  ],
  "irregularity": [
    2.003594001835056
  ],
  "irregularity_of_end_surface_head": [
    0.06737836481624027
  ],
  "irregularity_of_end_surface_tail": [
    0.06988078831004484
  ],
  "mean_curvature": [
    0.37000767599170575
  ],
  "fractal_dimension": [
    2.3931578854502407
  ]
}