{
  "volume": [
    6921.853235721588
  ],
  "volume_endpoints": [
    1232.1014995574951
  ],
  "streamlines_count": [
    781
  ],
  "avg_length": [
    78.02925109863281
  ],
  "std_length": [
    5.171614646911621
  ],
  "min_length": [
    67.62123107910156
  ],
  "max_length": [
    97.88848876953125
  ],
  "span": [
    36.20920181274414
  ],
  "curl": [
    2.154956397607465
  ],
  "diameter": [
    10.627657095176971
  ],
  "elongation": [
    7.342093407778836
  ],
  "surface_area": [
    4830.251527168106
  ],
  "end_surface_area_head": [
    1026.7513272991027
  ],
  "end_surface_area_tail": [
    213.09933208094583
  ],
  "radius_head": [
    4.5827130366005875
  ],
  "radius_tail": [
    2.528819035138571
  ],
  "irregularity": [
    1.8540647701571078
  ],
  "irregularity_of_end_surface_head": [
    0.06425840272331357
  ],
  "irregularity_of_end_surface_tail": [
    0.09427646460640131
  ],
  "mean_curvature": [
    0.3449360048648795
  ],
  "fractal_dimension": [
    2.28405881895336
  ]
}