{
  "volume": [
    14593.42861032486
  ],
  "volume_endpoints": [
    2458.3911995887756
  ],
  "streamlines_count": [
    3758
  ],
  "avg_length": [
    85.06246185302734
  ],
  "std_length": [
    6.486999988555908
  ],
  "min_length": [
    64.06494903564453
  ],
  "max_length": [
    105.59880828857422
  ],
  "span": [
    34.18458938598633
  ],
  "curl": [
    2.4883277342479344
  ],
  "diameter": [
    14.779670583091598
  ],
  "elongation": [
    5.755369267183901
  ],
  "surface_area": [
    7665.118399396445
  ],
  "end_surface_area_head": [
    1039.6664383343114
  ],
  "end_surface_area_tail": [
    1155.9024376511911
  ],
  "radius_head": [
    4.7273408373039345
  ],
  "radius_tail": [
    4.900487435022342
  ],
  "irregularity": [
    1.9407352437267982
  ],
  "irregularity_of_end_surface_head": [
    0.06752890062506071
  ],
  "irregularity_of_end_surface_tail": [
    0.06526904422038543
  ],
  "mean_curvature": [
    0.364657935760261
  ],
  "fractal_dimension": [
    2.4288379426453193
  ]
}