{
  "volume": [
    20597.01752090454
  ],
  "volume_endpoints": [
    877.5817284584045
  ],
  "streamlines_count": [
    902
  ],
  "avg_length": [
    79.08139038085938
  ],
  "std_length": [
    33.36729431152344
  ],
  "min_length": [
    24.39989471435547
  ],
  "max_length": [
    182.5801239013672
  ],
  "span": [
    14.827555656433105
  ],
  "curl": [
    5.333407084299091
  ],
  "diameter": [
    18.21042494848991
  ],
  "elongation": [
    4.342643875941905
  ],
  "surface_area": [
    13728.763030426995
  ],
  "end_surface_area_head": [
    380.9957755386607
  ],
  "end_surface_area_tail": [
    800.736884182948
  ],
  "radius_head": [
    2.871357668967836
  ],
  "radius_tail": [
    5.724276066976995
  ],
  "irregularity": [
    3.0345001229844852
  ],
  "irregularity_of_end_surface_head": [
    0.06798362206644232
  ],
  "irregularity_of_end_surface_tail": [
    0.12855861348607842
  ],
  "mean_curvature": [
    0.3938166164770359
  ],
  "fractal_dimension": [
    2.324028999722626
  ]
}