{
  "volume": [
    8566.59250164032
  ],
  "volume_endpoints": [
    1848.1522493362427
  ],
  "streamlines_count": [
    2614
  ],
  "avg_length": [
    77.3349838256836
  ],
  "std_length": [
    4.695493221282959
  ],
  "min_length": [
    64.6800765991211
  ],
  "max_length": [
    91.956787109375
  ],
  "span": [
    37.741268157958984
  ],
  "curl": [
    2.0490828104135916
  ],
  "diameter": [
    11.876025301281866
  ],
  "elongation": [
    6.511857449254194
  ],
  "surface_area": [
    5295.195524435623
  ],
  "end_surface_area_head": [
    865.3124393589922
  ],
  "end_surface_area_tail": [
    949.2606610878496
  ],
  "radius_head": [
    4.370596501016528
  ],
  "radius_tail": [
    4.500458843968874
  ],
  "irregularity": [
    1.8352068226482894
  ],
  "irregularity_of_end_surface_head": [
    0.06935189831210849
  ],
  "irregularity_of_end_surface_tail": [
    0.06703135188523782
  ],
  "mean_curvature": [
    0.3692491936861511
  ],
  "fractal_dimension": [
    2.2844512532069534
  ]
}