{
  "volume": [
    2894.2761640548706
  ],
  "volume_endpoints": [
    1336.713891029358
  ],
  "streamlines_count": [
    3931
  ],
  "avg_length": [
    26.39335060119629
  ],
  "std_length": [
    3.7105495929718018
  ],
  "min_length": [
    20.099754333496094
  ],
  "max_length": [
    38.209869384765625
  ],
  "span": [
    12.389627456665039
  ],
  "curl": [
    2.1302779840242816
  ],
  "diameter": [
    11.816198549512722
  ],
  "elongation": [
    2.233658353877669
  ],
  "surface_area": [
    1995.3846549397654
  ],
  "end_surface_area_head": [
    858.8548838413877
  ],
  "end_surface_area_tail": [
    406.8259976090784
  ],
  "radius_head": [
    4.338975919439041
  ],
  "radius_tail": [
    3.0739051608700545
  ],
  "irregularity": [
    2.0365939468943677
  ],
  "irregularity_of_end_surface_head": [
    0.06886595316137528
  ],
  "irregularity_of_end_surface_tail": [
    0.07296626275879098
  ],
  "mean_curvature": [
    0.4329051243587172
  ],
  "fractal_dimension": [
    2.318798825969065
  ]
}