{
  "volume": [
    7636.704577445984
  ],
  "volume_endpoints": [
    1731.9162588119507
  ],
  "streamlines_count": [
    1820
  ],
  "avg_length": [
    76.0606689453125
  ],
  "std_length": [
    7.800886154174805
  ],
  "min_length": [
    53.908687591552734
  ],
  "max_length": [
    97.15836334228516
  ],
  "span": [
    32.0957145690918
  ],
  "curl": [
    2.369807619692599
  ],
  "diameter": [
    11.30649471848378
  ],
  "elongation": [
    6.727166185375653
  ],
  "surface_area": [
    4946.487526484985
  ],
  "end_surface_area_head": [
    904.0577724646187
  ],
  "end_surface_area_tail": [
    962.1757721230584
  ],
  "radius_head": [
    4.329636402164911
  ],
  "radius_tail": [
    5.00125277177853
  ],
  "irregularity": [
    1.8308759533013363
  ],
  "irregularity_of_end_surface_head": [
    0.06514131795473638
  ],
  "irregularity_of_end_surface_tail": [
    0.08166821544783978
  ],
  "mean_curvature": [
    0.36973500107670876
  ],
  "fractal_dimension": [
    2.2449842695027207
  ]
}