{
  "volume": [
    7601.833780288696
  ],
  "volume_endpoints": [
    1516.8796763420105
  ],
  "streamlines_count": [
    2964
  ],
  "avg_length": [
    56.98924255371094
  ],
  "std_length": [
    5.074532508850098
  ],
  "min_length": [
    43.92850875854492
  ],
  "max_length": [
    74.0346908569336
  ],
  "span": [
    25.955238342285156
  ],
  "curl": [
    2.195674021643119
  ],
  "diameter": [
    13.032201957328896
  ],
  "elongation": [
    4.372955755313629
  ],
  "surface_area": [
    4249.0715305837075
  ],
  "end_surface_area_head": [
    787.8217731477391
  ],
  "end_surface_area_tail": [
    665.1282183132552
  ],
  "radius_head": [
    4.270774928635474
  ],
  "radius_tail": [
    4.033374789929237
  ],
  "irregularity": [
    1.8210986953334993
  ],
  "irregularity_of_end_surface_head": [
    0.07273362992696558
  ],
  "irregularity_of_end_surface_tail": [
    0.07683899187505716
  ],
  "mean_curvature": [
    0.3876746463288984
  ],
  "fractal_dimension": [
    2.3487669666182738
  ]
}