{
  "volume": [
    14674.793803691864
  ],
  "volume_endpoints": [
    3405.7145223617554
  ],
  "streamlines_count": [
    3078
  ],
  "avg_length": [
    85.4578857421875
  ],
  "std_length": [
    5.38208532333374
  ],
  "min_length": [
    66.44368743896484
  ],
  "max_length": [
    102.94596862792969
  ],
  "span": [
    38.65154266357422
  ],
  "curl": [
    2.2109825340224845
  ],
  "diameter": [
    14.786486501177306
  ],
  "elongation": [
    5.779458543811832
  ],
  "surface_area": [
    8226.92572942803
  ],
  "end_surface_area_head": [
    910.5153279822231
  ],
  "end_surface_area_tail": [
    2518.4466518657237
  ],
  "radius_head": [
    4.326298503371905
  ],
  "radius_tail": [
    7.917986195944802
  ],
  "irregularity": [
    2.0723856135847707
  ],
  "irregularity_of_end_surface_head": [
    0.06457963321391032
  ],
  "irregularity_of_end_surface_tail": [
    0.07820717482205658
  ],
  "mean_curvature": [
    0.371926768829948
  ],
  "fractal_dimension": [
    2.381663227232956
  ]
}