{
  "volume": [
    4108.942265033722
  ],
  "volume_endpoints": [
    941.5115232467651
  ],
  "streamlines_count": [
    404
  ],
  "avg_length": [
    54.444820404052734
  ],
  "std_length": [
    4.114264488220215
  ],
  "min_length": [
    44.16413116455078
  ],
  "max_length": [
    66.1805191040039
  ],
  "span": [
    25.373842239379883
  ],
  "curl": [
    2.145706585956267
  ],
  "diameter": [
    9.802611571246844
  ],
  "elongation": [
    5.5541138204181255
  ],
  "surface_area": [
    3112.5417594853297
  ],
  "end_surface_area_head": [
    626.3828852076286
  ],
  "end_surface_area_tail": [
    632.8404407252331
  ],
  "radius_head": [
    3.5034325969150615
  ],
  "radius_tail": [
    3.675645834022494
  ],
  "irregularity": [
    1.8563802981099748
  ],
  "irregularity_of_end_surface_head": [
    0.06155984571475413
  ],
  "irregularity_of_end_surface_tail": [
    0.0670691751421604
  ],
  "mean_curvature": [
    0.3981117853286243
  ],
  "fractal_dimension": [
    2.14758263699246
  ]
}