{
  "volume": [
    8293.437923908234
  ],
  "volume_endpoints": [
    1423.890883922577
  ],
  "streamlines_count": [
    923
  ],
  "avg_length": [
    55.69569396972656
  ],
  "std_length": [
    6.701679706573486
  ],
  "min_length": [
    40.33469772338867
  ],
  "max_length": [
    78.60746765136719
  ],
  "span": [
    23.2238712310791
  ],
  "curl": [
    2.3982088694667056
  ],
  "diameter": [
    13.769290057061728
  ],
  "elongation": [
    4.044921251489101
  ],
  "surface_area": [
    4843.1666382033145
  ],
  "end_surface_area_head": [
    678.043329348464
  ],
  "end_surface_area_tail": [
    891.1426614294098
  ],
  "radius_head": [
    3.9053812641004715
  ],
  "radius_tail": [
    4.551939518989544
  ],
  "irregularity": [
    2.0102328747123526
  ],
  "irregularity_of_end_surface_head": [
    0.07066743072535075
  ],
  "irregularity_of_end_surface_tail": [
    0.07304585951446672
  ],
  "mean_curvature": [
    0.4031040277796215
  ],
  "fractal_dimension": [
    2.3669129048808344
  ]
}