{
  "volume": [
    12286.144198417664
  ],
  "volume_endpoints": [
    1766.7870559692383
  ],
  "streamlines_count": [
    1667
  ],
  "avg_length": [
    67.30125427246094
  ],
  "std_length": [
    6.353609085083008
  ],
  "min_length": [
    52.11090850830078
  ],
  "max_length": [
    90.75167083740234
  ],
  "span": [
    27.081199645996094
  ],
  "curl": [
    2.4851651755542266
  ],
  "diameter": [
    15.245837425822621
  ],
  "elongation": [
    4.414401937572121
  ],
  "surface_area": [
    6786.890849002244
  ],
  "end_surface_area_head": [
    839.4822172885745
  ],
  "end_surface_area_tail": [
    1052.5815493695204
  ],
  "radius_head": [
    4.289444290711481
  ],
  "radius_tail": [
    5.257242989811728
  ],
  "irregularity": [
    2.105457840141939
  ],
  "irregularity_of_end_surface_head": [
    0.0688557852290903
  ],
  "irregularity_of_end_surface_tail": [
    0.08249169375520336
  ],
  "mean_curvature": [
    0.40107897698128375
  ],
  "fractal_dimension": [
    2.3931564124490055
  ]
}