{
  "volume": [
    10711.146526813507
  ],
  "volume_endpoints": [
    2005.0708365440369
  ],
  "streamlines_count": [
    2643
  ],
  "avg_length": [
    81.42514038085938
  ],
  "std_length": [
    3.72631573677063
  ],
  "min_length": [
    71.04026794433594
  ],
  "max_length": [
    93.86351013183594
  ],
  "span": [
    40.22631072998047
  ],
  "curl": [
    2.0241761897437347
  ],
  "diameter": [
    12.941773106019891
  ],
  "elongation": [
    6.291652597663322
  ],
  "surface_area": [
    6154.050408277011
  ],
  "end_surface_area_head": [
    839.4822172885745
  ],
  "end_surface_area_tail": [
    1104.2419935103558
  ],
  "radius_head": [
    4.221174499559722
  ],
  "radius_tail": [
    4.936652801973049
  ],
  "irregularity": [
    1.8589122057931502
  ],
  "irregularity_of_end_surface_head": [
    0.06668144208201149
  ],
  "irregularity_of_end_surface_tail": [
    0.0693347225203207
  ],
  "mean_curvature": [
    0.3559240252850771
  ],
  "fractal_dimension": [
    2.285506563325374
  ]
}