{
  "volume": [
    18847.665863513947
  ],
  "volume_endpoints": [
    3341.784727573395
  ],
  "streamlines_count": [
    3603
  ],
  "avg_length": [
    81.04230499267578
  ],
  "std_length": [
    6.8611249923706055
  ],
  "min_length": [
    62.555389404296875
  ],
  "max_length": [
    103.17121124267578
  ],
  "span": [
    31.71697998046875
  ],
  "curl": [
    2.5551709224075387
  ],
  "diameter": [
    17.207903183671444
  ],
  "elongation": [
    4.709597917169636
  ],
  "surface_area": [
    9421.573500184848
  ],
  "end_surface_area_head": [
    1033.208882816707
  ],
  "end_surface_area_tail": [
    2072.8753211510184
  ],
  "radius_head": [
    4.543500000108321
  ],
  "radius_tail": [
    7.737029283619811
  ],
  "irregularity": [
    2.1504721831746068
  ],
  "irregularity_of_end_surface_head": [
    0.0627686526117196
  ],
  "irregularity_of_end_surface_tail": [
    0.0907246231426565
  ],
  "mean_curvature": [
    0.3791768638799166
  ],
  "fractal_dimension": [
    2.4441916208122203
  ]
}