{
  "volume": [
    8822.311680793762
  ],
  "volume_endpoints": [
    1790.0342540740967
  ],
  "streamlines_count": [
    2334
  ],
  "avg_length": [
    77.5868148803711
  ],
  "std_length": [
    5.795433044433594
  ],
  "min_length": [
    61.72864532470703
  ],
  "max_length": [
    96.02477264404297
  ],
  "span": [
    36.282684326171875
  ],
  "curl": [
    2.1383978699835398
  ],
  "diameter": [
    12.032400969629606
  ],
  "elongation": [
    6.448157360796418
  ],
  "surface_area": [
    5353.313524094064
  ],
  "end_surface_area_head": [
    923.4304390174319
  ],
  "end_surface_area_tail": [
    839.4822172885745
  ],
  "radius_head": [
    4.3063713402542225
  ],
  "radius_tail": [
    4.581455765870865
  ],
  "irregularity": [
    1.825292994869722
  ],
  "irregularity_of_end_surface_head": [
    0.06309117847137098
  ],
  "irregularity_of_end_surface_tail": [
    0.07854985132097544
  ],
  "mean_curvature": [
    0.36935004517882936
  ],
  "fractal_dimension": [
    2.330947104883015
  ]
}