{
  "volume": [
    15302.46815252304
  ],
  "volume_endpoints": [
    3057.0065507888794
  ],
  "streamlines_count": [
    2728
  ],
  "avg_length": [
    93.4878921508789
  ],
  "std_length": [
    4.13299560546875
  ],
  "min_length": [
    81.42173767089844
  ],
  "max_length": [
    106.96123504638672
  ],
  "span": [
    42.86516571044922
  ],
  "curl": [
    2.1809758716992294
  ],
  "diameter": [
    14.43637376039426
  ],
  "elongation": [
    6.475857005542488
  ],
  "surface_area": [
    8620.8366160019
  ],
  "end_surface_area_head": [
    981.5484386758717
  ],
  "end_surface_area_tail": [
    1969.5544328693477
  ],
  "radius_head": [
    4.4634866459532345
  ],
  "radius_tail": [
    6.187367290998303
  ],
  "irregularity": [
    2.033227879898842
  ],
  "irregularity_of_end_surface_head": [
    0.06376562424783251
  ],
  "irregularity_of_end_surface_tail": [
    0.061065185256668424
  ],
  "mean_curvature": [
    0.368445215577429
  ],
  "fractal_dimension": [
    2.3811748538421686
  ]
}