{
  "volume": [
    11303.950078487396
  ],
  "volume_endpoints": [
    2475.8265981674194
  ],
  "streamlines_count": [
    2420
  ],
  "avg_length": [
    76.95720672607422
  ],
  "std_length": [
    5.417142391204834
  ],
  "min_length": [
    62.56491470336914
  ],
  "max_length": [
    95.06652069091797
  ],
  "span": [
    35.339561462402344
  ],
  "curl": [
    2.1776503029883028
  ],
  "diameter": [
    13.675572831627541
  ],
  "elongation": [
    5.62734794904496
  ],
  "surface_area": [
    6334.861962769935
  ],
  "end_surface_area_head": [
    1039.6664383343114
  ],
  "end_surface_area_tail": [
    1297.968659038488
  ],
  "radius_head": [
    4.528550737933054
  ],
  "radius_tail": [
    5.3846937208252
  ],
  "irregularity": [
    1.9159865699300702
  ],
  "irregularity_of_end_surface_head": [
    0.06196897659572574
  ],
  "irregularity_of_end_surface_tail": [
    0.07017908124829289
  ],
  "mean_curvature": [
    0.3686412621135554
  ],
  "fractal_dimension": [
    2.371467358827324
  ]
}