{
  "volume": [
    9095.466258525848
  ],
  "volume_endpoints": [
    1877.2112469673157
  ],
  "streamlines_count": [
    1968
  ],
  "avg_length": [
    82.69345092773438
  ],
  "std_length": [
    4.4173760414123535
  ],
  "min_length": [
    70.58406066894531
  ],
  "max_length": [
    97.05966186523438
  ],
  "span": [
    36.88371658325195
  ],
  "curl": [
    2.242004293170487
  ],
  "diameter": [
    11.834011441062593
  ],
  "elongation": [
    6.987778517840372
  ],
  "surface_area": [
    5424.346634787712
  ],
  "end_surface_area_head": [
    884.6851059118054
  ],
  "end_surface_area_tail": [
    904.0577724646187
  ],
  "radius_head": [
    4.3219219312032475
  ],
  "radius_tail": [
    4.401421030757183
  ],
  "irregularity": [
    1.764389485701063
  ],
  "irregularity_of_end_surface_head": [
    0.06633076291468436
  ],
  "irregularity_of_end_surface_tail": [
    0.06731928844504868
  ],
  "mean_curvature": [
    0.36832860846647886
  ],
  "fractal_dimension": [
    2.29819869573349
  ]
}