{
  "volume": [
    19254.49183034897
  ],
  "volume_endpoints": [
    4469.273835659027
  ],
  "streamlines_count": [
    3464
  ],
  "avg_length": [
    73.4837875366211
  ],
  "std_length": [
    5.390185356140137
  ],
  "min_length": [
    57.48666763305664
  ],
  "max_length": [
    90.62574768066406
  ],
  "span": [
    31.229209899902344
  ],
  "curl": [
    2.3530466435800186
  ],
  "diameter": [
    18.265237491780628
  ],
  "elongation": [
    4.023149853358811
  ],
  "surface_area": [
    9660.503054336212
  ],
  "end_surface_area_head": [
    955.718216605454
  ],
  "end_surface_area_tail": [
    3525.8253126120126
  ],
  "radius_head": [
    4.411986178231877
  ],
  "radius_tail": [
    8.456351847611526
  ],
  "irregularity": [
    2.2910418012097313
  ],
  "irregularity_of_end_surface_head": [
    0.06398649112906352
  ],
  "irregularity_of_end_surface_tail": [
    0.0637169781230074
  ],
  "mean_curvature": [
    0.38776312729743834
  ],
  "fractal_dimension": [
    2.4272539216548297
  ]
}