{
  "volume": [
    22857.80753660202
  ],
  "volume_endpoints": [
    912.4525256156921
  ],
  "streamlines_count": [
    804
  ],
  "avg_length": [
    66.54975891113281
  ],
  "std_length": [
    28.69048309326172
  ],
  "min_length": [
    29.687191009521484
  ],
  "max_length": [
    163.64256286621094
  ],
  "span": [
    15.824116706848145
  ],
  "curl": [
    4.205590753911232
  ],
  "diameter": [
    20.912170055079034
  ],
  "elongation": [
    3.1823459132099763
  ],
  "surface_area": [
    16034.110350211773
  ],
  "end_surface_area_head": [
    736.1613290069038
  ],
  "end_surface_area_tail": [
    445.5713307147049
  ],
  "radius_head": [
    5.231317574938283
  ],
  "radius_tail": [
    3.0771511677103094
  ],
  "irregularity": [
    3.6673250681261256
  ],
  "irregularity_of_end_surface_head": [
    0.11678822109844435
  ],
  "irregularity_of_end_surface_tail": [
    0.06676214736511187
  ],
  "mean_curvature": [
    0.4322079212140681
  ],
  "fractal_dimension": [
    2.2475394905541615
  ]
}