{
  "volume": [
    8409.673914432526
  ],
  "volume_endpoints": [
    1075.182912349701
  ],
  "streamlines_count": [
    2196
  ],
  "avg_length": [
    71.54373931884766
  ],
  "std_length": [
    5.9562668800354
  ],
  "min_length": [
    56.26759338378906
  ],
  "max_length": [
    89.83440399169922
  ],
  "span": [
    30.08535385131836
  ],
  "curl": [
    2.3780255227316385
  ],
  "diameter": [
    12.233727985566018
  ],
  "elongation": [
    5.848073408470308
  ],
  "surface_area": [
    5153.129303048327
  ],
  "end_surface_area_head": [
    626.3828852076286
  ],
  "end_surface_area_tail": [
    523.0619969259579
  ],
  "radius_head": [
    3.604641969961965
  ],
  "radius_tail": [
    3.566883894051357
  ],
  "irregularity": [
    1.874091160055301
  ],
  "irregularity_of_end_surface_head": [
    0.0651679800582859
  ],
  "irregularity_of_end_surface_tail": [
    0.07641430206552383
  ],
  "mean_curvature": [
    0.3665935815954903
  ],
  "fractal_dimension": [
    2.3330876173562167
  ]
}