{
  "volume": [
    9880.05919456482
  ],
  "volume_endpoints": [
    1981.8236384391785
  ],
  "streamlines_count": [
    2747
  ],
  "avg_length": [
    74.21359252929688
  ],
  "std_length": [
    4.111483573913574
  ],
  "min_length": [
    62.19226837158203
  ],
  "max_length": [
    87.95108032226562
  ],
  "span": [
    34.54521179199219
  ],
  "curl": [
    2.1483033010815142
  ],
  "diameter": [
    13.019463994972371
  ],
  "elongation": [
    5.700203369198254
  ],
  "surface_area": [
    5663.276188939076
  ],
  "end_surface_area_head": [
    833.02466177097
  ],
  "end_surface_area_tail": [
    1104.2419935103558
  ],
  "radius_head": [
    4.2574019316121365
  ],
  "radius_tail": [
    4.5498741119532236
  ],
  "irregularity": [
    1.865697841062487
  ],
  "irregularity_of_end_surface_head": [
    0.0683567363619617
  ],
  "irregularity_of_end_surface_tail": [
    0.05889580671028653
  ],
  "mean_curvature": [
    0.3641016155340301
  ],
  "fractal_dimension": [
    2.3609270662752535
  ]
}