{
  "volume": [
    13210.220323085785
  ],
  "volume_endpoints": [
    1877.2112469673157
  ],
  "streamlines_count": [
    2180
  ],
  "avg_length": [
    60.12954330444336
  ],
  "std_length": [
    5.76263427734375
  ],
  "min_length": [
    47.43099594116211
  ],
  "max_length": [
    82.40151977539062
  ],
  "span": [
    27.19181251525879
  ],
  "curl": [
    2.2113106020682305
  ],
  "diameter": [
    16.725000411775103
  ],
  "elongation": [
    3.595189346728484
  ],
  "surface_area": [
    6341.31951828754
  ],
  "end_surface_area_head": [
    949.2606610878496
  ],
  "end_surface_area_tail": [
    755.533995559717
  ],
  "radius_head": [
    4.407503673963564
  ],
  "radius_tail": [
    4.205728938827874
  ],
  "irregularity": [
    2.0071310122135477
  ],
  "irregularity_of_end_surface_head": [
    0.06429093698764486
  ],
  "irregularity_of_end_surface_tail": [
    0.07354927902547
  ],
  "mean_curvature": [
    0.39003650794882294
  ],
  "fractal_dimension": [
    2.421072401897929
  ]
}