{
  "volume": [
    3859.034885406494
  ],
  "volume_endpoints": [
    1877.2112469673157
  ],
  "streamlines_count": [
    3887
  ],
  "avg_length": [
    26.043542861938477
  ],
  "std_length": [
    4.199682235717773
  ],
  "min_length": [
    20.08376121520996
  ],
  "max_length": [
    40.92939758300781
  ],
  "span": [
    11.68863582611084
  ],
  "curl": [
    2.22810798876638
  ],
  "diameter": [
    13.735497044258523
  ],
  "elongation": [
    1.8960757501545786
  ],
  "surface_area": [
    2447.413541172075
  ],
  "end_surface_area_head": [
    678.043329348464
  ],
  "end_surface_area_tail": [
    1033.208882816707
  ],
  "radius_head": [
    3.888363560858366
  ],
  "radius_tail": [
    4.612435580183266
  ],
  "irregularity": [
    2.1777751730084653
  ],
  "irregularity_of_end_surface_head": [
    0.07005290572810516
  ],
  "irregularity_of_end_surface_tail": [
    0.06468779812143464
  ],
  "mean_curvature": [
    0.44562584813468586
  ],
  "fractal_dimension": [
    2.1926848175179434
  ]
}