{
  "volume": [
    17388.904182434082
  ],
  "volume_endpoints": [
    4010.1416730880737
  ],
  "streamlines_count": [
    9075
  ],
  "avg_length": [
    67.933837890625
  ],
  "std_length": [
    8.365967750549316
  ],
  "min_length": [
    50.03554916381836
  ],
  "max_length": [
    110.7374038696289
  ],
  "span": [
    30.34610939025879
  ],
  "curl": [
    2.2386341859174874
  ],
  "diameter": [
    18.05294633892259
  ],
  "elongation": [
    3.7630332808422517
  ],
  "surface_area": [
    8336.704173227305
  ],
  "end_surface_area_head": [
    1562.7284352602694
  ],
  "end_surface_area_tail": [
    1414.2046583553679
  ],
  "radius_head": [
    5.7704308008299865
  ],
  "radius_tail": [
    5.4126770032357685
  ],
  "irregularity": [
    2.1637659208390296
  ],
  "irregularity_of_end_surface_head": [
    0.0669395568185606
  ],
  "irregularity_of_end_surface_tail": [
    0.0650821411848078
  ],
  "mean_curvature": [
    0.38818050493550366
  ],
  "fractal_dimension": [
    2.49215143262445
  ]
}