{
  "volume": [
    8124.89573764801
  ],
  "volume_endpoints": [
    1929.517442703247
  ],
  "streamlines_count": [
    1549
  ],
  "avg_length": [
    78.0597152709961
  ],
  "std_length": [
    4.598787784576416
  ],
  "min_length": [
    65.25143432617188
  ],
  "max_length": [
    93.90435028076172
  ],
  "span": [
    37.90711975097656
  ],
  "curl": [
    2.059236253869832
  ],
  "diameter": [
    11.5119919228768
  ],
  "elongation": [
    6.780730545499661
  ],
  "surface_area": [
    5249.992635812393
  ],
  "end_surface_area_head": [
    1142.987326615982
  ],
  "end_surface_area_tail": [
    768.4491065949259
  ],
  "radius_head": [
    4.899522542385951
  ],
  "radius_tail": [
    4.063764719064721
  ],
  "irregularity": [
    1.8596507195343557
  ],
  "irregularity_of_end_surface_head": [
    0.06598055708481519
  ],
  "irregularity_of_end_surface_tail": [
    0.06751369442856431
  ],
  "mean_curvature": [
    0.36672007798994644
  ],
  "fractal_dimension": [
    2.317958943342846
  ]
}