{
  "volume": [
    4841.2290053367615
  ],
  "volume_endpoints": [
    947.3233227729797
  ],
  "streamlines_count": [
    604
  ],
  "avg_length": [
    52.16876983642578
  ],
  "std_length": [
    4.733785152435303
  ],
  "min_length": [
    40.31880187988281
  ],
  "max_length": [
    65.8381576538086
  ],
  "span": [
    25.0234432220459
  ],
  "curl": [
    2.0847958202036954
  ],
  "diameter": [
    10.869950706568604
  ],
  "elongation": [
    4.799356615748102
  ],
  "surface_area": [
    3248.150425355023
  ],
  "end_surface_area_head": [
    523.0619969259579
  ],
  "end_surface_area_tail": [
    600.552663137211
  ],
  "radius_head": [
    3.336081843439495
  ],
  "radius_tail": [
    3.9499514237939817
  ],
  "irregularity": [
    1.8232578428023014
  ],
  "irregularity_of_end_surface_head": [
    0.06684518018701725
  ],
  "irregularity_of_end_surface_tail": [
    0.0816173115217682
  ],
  "mean_curvature": [
    0.38928169145292
  ],
  "fractal_dimension": [
    2.273866335326455
  ]
}