{
  "volume": [
    8485.227308273315
  ],
  "volume_endpoints": [
    2074.812430858612
  ],
  "streamlines_count": [
    2791
  ],
  "avg_length": [
    57.110294342041016
  ],
  "std_length": [
    6.45731258392334
  ],
  "min_length": [
    39.711429595947266
  ],
  "max_length": [
    76.54478454589844
  ],
  "span": [
    25.207738876342773
  ],
  "curl": [
    2.2655857640463934
  ],
  "diameter": [
    13.754018386340425
  ],
  "elongation": [
    4.1522624688912115
  ],
  "surface_area": [
    4578.406861981533
  ],
  "end_surface_area_head": [
    1059.0391048871247
  ],
  "end_surface_area_tail": [
    916.9728834998275
  ],
  "radius_head": [
    4.849547394346969
  ],
  "radius_tail": [
    4.620343731234829
  ],
  "irregularity": [
    1.855327201972608
  ],
  "irregularity_of_end_surface_head": [
    0.06976543268469283
  ],
  "irregularity_of_end_surface_tail": [
    0.07313781001837233
  ],
  "mean_curvature": [
    0.4021959373148826
  ],
  "fractal_dimension": [
    2.3921508427590807
  ]
}