{
  "volume": [
    8153.954735279083
  ],
  "volume_endpoints": [
    2400.2732043266296
  ],
  "streamlines_count": [
    1402
  ],
  "avg_length": [
    68.8573226928711
  ],
  "std_length": [
    7.061524868011475
  ],
  "min_length": [
    50.50239562988281
  ],
  "max_length": [
    89.89680480957031
  ],
  "span": [
    27.04646873474121
  ],
  "curl": [
    2.5458895713222556
  ],
  "diameter": [
    12.279032283587114
  ],
  "elongation": [
    5.607715746859783
  ],
  "surface_area": [
    5353.313524094064
  ],
  "end_surface_area_head": [
    1052.5815493695204
  ],
  "end_surface_area_tail": [
    1614.3888794011048
  ],
  "radius_head": [
    4.495983685929315
  ],
  "radius_tail": [
    5.766628690427591
  ],
  "irregularity": [
    2.0153873709315073
  ],
  "irregularity_of_end_surface_head": [
    0.06033142357906253
  ],
  "irregularity_of_end_surface_tail": [
    0.06471212959219173
  ],
  "mean_curvature": [
    0.40575464259030647
  ],
  "fractal_dimension": [
    2.2490077578710483
  ]
}