{
  "volume": [
    9955.61258840561
  ],
  "volume_endpoints": [
    1586.6212706565857
  ],
  "streamlines_count": [
    859
  ],
  "avg_length": [
    79.83499908447266
  ],
  "std_length": [
    7.828553676605225
  ],
  "min_length": [
    61.96460723876953
  ],
  "max_length": [
    104.70059204101562
  ],
  "span": [
    36.11534881591797
  ],
  "curl": [
    2.2105559464868048
  ],
  "diameter": [
    12.60063382358687
  ],
  "elongation": [
    6.335792326178954
  ],
  "surface_area": [
    6541.503739333277
  ],
  "end_surface_area_head": [
    1265.6808814504661
  ],
  "end_surface_area_tail": [
    484.3166638203314
  ],
  "radius_head": [
    4.713602295643938
  ],
  "radius_tail": [
    4.298878060557744
  ],
  "irregularity": [
    2.0698649265178863
  ],
  "irregularity_of_end_surface_head": [
    0.055148223381866056
  ],
  "irregularity_of_end_surface_tail": [
    0.11987557777112687
  ],
  "mean_curvature": [
    0.37600094229156394
  ],
  "fractal_dimension": [
    2.3714032961447686
  ]
}