{
  "volume": [
    4440.214838027954
  ],
  "volume_endpoints": [
    1336.713891029358
  ],
  "streamlines_count": [
    1707
  ],
  "avg_length": [
    59.171783447265625
  ],
  "std_length": [
    3.9227731227874756
  ],
  "min_length": [
    50.43132781982422
  ],
  "max_length": [
    72.3258285522461
  ],
  "span": [
    29.855695724487305
  ],
  "curl": [
    1.9819261287129744
  ],
  "diameter": [
    9.774616375041061
  ],
  "elongation": [
    6.053616958140422
  ],
  "surface_area": [
    3306.2684250134625
  ],
  "end_surface_area_head": [
    1020.2937717814982
  ],
  "end_surface_area_tail": [
    342.2504424330342
  ],
  "radius_head": [
    4.450670349891202
  ],
  "radius_tail": [
    2.8552899906137226
  ],
  "irregularity": [
    1.8195913185684434
  ],
  "irregularity_of_end_surface_head": [
    0.06099236784107858
  ],
  "irregularity_of_end_surface_tail": [
    0.07483526489035404
  ],
  "mean_curvature": [
    0.3569383324065541
  ],
  "fractal_dimension": [
    2.19166300192339
  ]
}