{
  "volume": [
    6730.063851356506
  ],
  "volume_endpoints": [
    1929.517442703247
  ],
  "streamlines_count": [
    3193
  ],
  "avg_length": [
    69.03678894042969
  ],
  "std_length": [
    6.514701843261719
  ],
  "min_length": [
    52.489585876464844
  ],
  "max_length": [
    88.30376434326172
  ],
  "span": [
    34.2634391784668
  ],
  "curl": [
    2.014882060754034
  ],
  "diameter": [
    11.141004766793335
  ],
  "elongation": [
    6.196639386260691
  ],
  "surface_area": [
    4707.557972333621
  ],
  "end_surface_area_head": [
    1071.9542159223336
  ],
  "end_surface_area_tail": [
    1039.6664383343114
  ],
  "radius_head": [
    4.966115867120626
  ],
  "radius_tail": [
    5.423568340702916
  ],
  "irregularity": [
    1.9482328462290024
  ],
  "irregularity_of_end_surface_head": [
    0.07227820062687768
  ],
  "irregularity_of_end_surface_tail": [
    0.0888845098603817
  ],
  "mean_curvature": [
    0.34489974066862444
  ],
  "fractal_dimension": [
    2.1605508335640384
  ]
}