{
  "volume": [
    3248.795935153961
  ],
  "volume_endpoints": [
    767.1575374603271
  ],
  "streamlines_count": [
    243
  ],
  "avg_length": [
    64.35150909423828
  ],
  "std_length": [
    6.07658576965332
  ],
  "min_length": [
    46.9078369140625
  ],
  "max_length": [
    84.2787094116211
  ],
  "span": [
    28.502275466918945
  ],
  "curl": [
    2.2577674252333857
  ],
  "diameter": [
    8.017461957744443
  ],
  "elongation": [
    8.026419013074099
  ],
  "surface_area": [
    2841.3244277459444
  ],
  "end_surface_area_head": [
    852.3973283237833
  ],
  "end_surface_area_tail": [
    251.84466518657234
  ],
  "radius_head": [
    4.0043718152128545
  ],
  "radius_tail": [
    2.6240920951560383
  ],
  "irregularity": [
    1.7529733294854937
  ],
  "irregularity_of_end_surface_head": [
    0.05909851723899159
  ],
  "irregularity_of_end_surface_tail": [
    0.08589645942853993
  ],
  "mean_curvature": [
    0.3599493333096367
  ],
  "fractal_dimension": [
    2.0432109707504935
  ]
}