{
  "volume": [
    6474.344672203064
  ],
  "volume_endpoints": [
    1412.2672848701477
  ],
  "streamlines_count": [
    2569
  ],
  "avg_length": [
    57.15510559082031
  ],
  "std_length": [
    4.610708713531494
  ],
  "min_length": [
    43.86766052246094
  ],
  "max_length": [
    71.51344299316406
  ],
  "span": [
    25.365615844726562
  ],
  "curl": [
    2.2532512492773833
  ],
  "diameter": [
    12.009514521676886
  ],
  "elongation": [
    4.759152044627342
  ],
  "surface_area": [
    4100.547753678806
  ],
  "end_surface_area_head": [
    833.02466177097
  ],
  "end_surface_area_tail": [
    755.533995559717
  ],
  "radius_head": [
    4.517803375933691
  ],
  "radius_tail": [
    4.5642551245105505
  ],
  "irregularity": [
    1.9015665016285759
  ],
  "irregularity_of_end_surface_head": [
    0.07697446250159536
  ],
  "irregularity_of_end_surface_tail": [
    0.08662349176017267
  ],
  "mean_curvature": [
    0.37094656158486616
  ],
  "fractal_dimension": [
    2.279729903191092
  ]
}