{
  "volume": [
    778.7811365127563
  ],
  "volume_endpoints": [
    197.6011838912964
  ],
  "streamlines_count": [
    290
  ],
  "avg_length": [
    35.75291061401367
  ],
  "std_length": [
    1.936415433883667
  ],
  "min_length": [
    32.12314987182617
  ],
  "max_length": [
    40.422454833984375
  ],
  "span": [
    15.979151725769043
  ],
  "curl": [
    2.237472378233705
  ],
  "diameter": [
    5.266317874577037
  ],
  "elongation": [
    6.78897694091152
  ],
  "surface_area": [
    962.1757721230584
  ],
  "end_surface_area_head": [
    219.55688759855025
  ],
  "end_surface_area_tail": [
    83.94822172885745
  ],
  "radius_head": [
    2.2732188637330824
  ],
  "radius_tail": [
    1.3743122649054202
  ],
  "irregularity": [
    1.6266198645701357
  ],
  "irregularity_of_end_surface_head": [
    0.07394099825723827
  ],
  "irregularity_of_end_surface_tail": [
    0.07068206293976272
  ],
  "mean_curvature": [
    0.30024766500653893
  ],
  "fractal_dimension": [
    1.715047469668257
  ]
}