{
  "volume": [
    4969.088594913483
  ],
  "volume_endpoints": [
    1237.9132990837097
  ],
  "streamlines_count": [
    1728
  ],
  "avg_length": [
    75.73001861572266
  ],
  "std_length": [
    4.237137317657471
  ],
  "min_length": [
    65.98104858398438
  ],
  "max_length": [
    88.41874694824219
  ],
  "span": [
    36.607723236083984
  ],
  "curl": [
    2.068689662215215
  ],
  "diameter": [
    9.140277843610033
  ],
  "elongation": [
    8.2853081614653
  ],
  "surface_area": [
    3822.872866421816
  ],
  "end_surface_area_head": [
    949.2606610878496
  ],
  "end_surface_area_tail": [
    361.62310898584747
  ],
  "radius_head": [
    4.595557090705831
  ],
  "radius_tail": [
    2.8990971988888954
  ],
  "irregularity": [
    1.7579742991331027
  ],
  "irregularity_of_end_surface_head": [
    0.06989413279191707
  ],
  "irregularity_of_end_surface_tail": [
    0.07301620379829211
  ],
  "mean_curvature": [
    0.3307038050627819
  ],
  "fractal_dimension": [
    2.136702202858307
  ]
}