{
  "volume": [
    3091.877347946167
  ],
  "volume_endpoints": [
    540.4973559379578
  ],
  "streamlines_count": [
    1412
  ],
  "avg_length": [
    60.839080810546875
  ],
  "std_length": [
    3.1156299114227295
  ],
  "min_length": [
    52.69492721557617
  ],
  "max_length": [
    69.41211700439453
  ],
  "span": [
    27.90220069885254
  ],
  "curl": [
    2.1804402264603038
  ],
  "diameter": [
    8.044051939691062
  ],
  "elongation": [
    7.563238187256588
  ],
  "surface_area": [
    2608.8524291121853
  ],
  "end_surface_area_head": [
    387.45333105626514
  ],
  "end_surface_area_tail": [
    400.368442091474
  ],
  "radius_head": [
    3.1622848047899166
  ],
  "radius_tail": [
    3.1682664718929976
  ],
  "irregularity": [
    1.6968448357684496
  ],
  "irregularity_of_end_surface_head": [
    0.08108349051525562
  ],
  "irregularity_of_end_surface_tail": [
    0.07876502904293499
  ],
  "mean_curvature": [
    0.3431514259058423
  ],
  "fractal_dimension": [
    1.9595957474897197
  ]
}