{
  "volume": [
    7503.033188343048
  ],
  "volume_endpoints": [
    1795.8460536003113
  ],
  "streamlines_count": [
    2838
  ],
  "avg_length": [
    67.88473510742188
  ],
  "std_length": [
    4.938079833984375
  ],
  "min_length": [
    55.149566650390625
  ],
  "max_length": [
    83.65336608886719
  ],
  "span": [
    31.386390686035156
  ],
  "curl": [
    2.1628716658276366
  ],
  "diameter": [
    11.86280602863561
  ],
  "elongation": [
    5.72248546790321
  ],
  "surface_area": [
    4894.82708234415
  ],
  "end_surface_area_head": [
    1084.8693269575424
  ],
  "end_surface_area_tail": [
    774.9066621125303
  ],
  "radius_head": [
    4.8384542228750504
  ],
  "radius_tail": [
    4.249408279936062
  ],
  "irregularity": [
    1.9347636737024843
  ],
  "irregularity_of_end_surface_head": [
    0.06779313462834986
  ],
  "irregularity_of_end_surface_tail": [
    0.07320780703038005
  ],
  "mean_curvature": [
    0.35766424987415263
  ],
  "fractal_dimension": [
    2.270414442950367
  ]
}