{
  "volume": [
    2911.7115626335144
  ],
  "volume_endpoints": [
    534.6855564117432
  ],
  "streamlines_count": [
    304
  ],
  "avg_length": [
    57.9612922668457
  ],
  "std_length": [
    5.055263996124268
  ],
  "min_length": [
    47.2231559753418
  ],
  "max_length": [
    73.56047821044922
  ],
  "span": [
    28.205358505249023
  ],
  "curl": [
    2.0549744920299133
  ],
  "diameter": [
    7.997609685110777
  ],
  "elongation": [
    7.247326957547425
  ],
  "surface_area": [
    2647.5977622178116
  ],
  "end_surface_area_head": [
    167.8964434577149
  ],
  "end_surface_area_tail": [
    607.0102186548154
  ],
  "radius_head": [
    1.9776851590107123
  ],
  "radius_tail": [
    3.854288475153669
  ],
  "irregularity": [
    1.818041815776511
  ],
  "irregularity_of_end_surface_head": [
    0.07318510244757077
  ],
  "irregularity_of_end_surface_tail": [
    0.0768851211962158
  ],
  "mean_curvature": [
    0.33062933306944997
  ],
  "fractal_dimension": [
    2.0228550332583883
  ]
}