{
  "volume": [
    7822.682162284851
  ],
  "volume_endpoints": [
    1865.5876479148865
  ],
  "streamlines_count": [
    2891
  ],
  "avg_length": [
    71.0223617553711
  ],
  "std_length": [
    4.564483642578125
  ],
  "min_length": [
    55.17305374145508
  ],
  "max_length": [
    85.62275695800781
  ],
  "span": [
    32.618865966796875
  ],
  "curl": [
    2.1773400040229967
  ],
  "diameter": [
    11.842280584911347
  ],
  "elongation": [
    5.997355091033994
  ],
  "surface_area": [
    4810.878860615292
  ],
  "end_surface_area_head": [
    1026.7513272991027
  ],
  "end_surface_area_tail": [
    884.6851059118054
  ],
  "radius_head": [
    4.764066528346226
  ],
  "radius_tail": [
    4.41291876813692
  ],
  "irregularity": [
    1.8207238944878903
  ],
  "irregularity_of_end_surface_head": [
    0.06944488050721122
  ],
  "irregularity_of_end_surface_tail": [
    0.06915331810343583
  ],
  "mean_curvature": [
    0.3640308737631118
  ],
  "fractal_dimension": [
    2.370324179564388
  ]
}