{
  "volume": [
    5869.917521476746
  ],
  "volume_endpoints": [
    679.9805445671082
  ],
  "streamlines_count": [
    195
  ],
  "avg_length": [
    54.1302490234375
  ],
  "std_length": [
    5.658350944519043
  ],
  "min_length": [
    42.16518783569336
  ],
  "max_length": [
    69.67571258544922
  ],
  "span": [
    20.622800827026367
  ],
  "curl": [
    2.624776793290818
  ],
  "diameter": [
    11.75035658671207
  ],
  "elongation": [
    4.606689901194223
  ],
  "surface_area": [
    3971.396643326718
  ],
  "end_surface_area_head": [
    445.5713307147049
  ],
  "end_surface_area_tail": [
    607.0102186548154
  ],
  "radius_head": [
    3.0955520278324933
  ],
  "radius_tail": [
    4.03612420147111
  ],
  "irregularity": [
    1.9874779558495526
  ],
  "irregularity_of_end_surface_head": [
    0.06756298809433581
  ],
  "irregularity_of_end_surface_tail": [
    0.08431074261776
  ],
  "mean_curvature": [
    0.4237148900826772
  ],
  "fractal_dimension": [
    2.2635782591327693
  ]
}