{
  "volume": [
    14564.369612693787
  ],
  "volume_endpoints": [
    2667.615982532501
  ],
  "streamlines_count": [
    2908
  ],
  "avg_length": [
    84.82759094238281
  ],
  "std_length": [
    6.231983184814453
  ],
  "min_length": [
    68.73001861572266
  ],
  "max_length": [
    104.91888427734375
  ],
  "span": [
    34.0437126159668
  ],
  "curl": [
    2.491725620507028
  ],
  "diameter": [
    14.785374814741159
  ],
  "elongation": [
    5.737263478624086
  ],
  "surface_area": [
    7523.0521780091485
  ],
  "end_surface_area_head": [
    852.3973283237833
  ],
  "end_surface_area_tail": [
    1672.5068790595446
  ],
  "radius_head": [
    4.293048348017717
  ],
  "radius_tail": [
    5.909021478826097
  ],
  "irregularity": [
    1.9093024476969975
  ],
  "irregularity_of_end_surface_head": [
    0.06792651787400601
  ],
  "irregularity_of_end_surface_tail": [
    0.06558629486482533
  ],
  "mean_curvature": [
    0.36937820233988794
  ],
  "fractal_dimension": [
    2.3913179320981106
  ]
}