{
  "volume": [
    10815.75891828537
  ],
  "volume_endpoints": [
    2220.107419013977
  ],
  "streamlines_count": [
    3287
  ],
  "avg_length": [
    63.84477233886719
  ],
  "std_length": [
    5.118733882904053
  ],
  "min_length": [
    50.197444915771484
  ],
  "max_length": [
    80.8538818359375
  ],
  "span": [
    29.216278076171875
  ],
  "curl": [
    2.1852466002826527
  ],
  "diameter": [
    14.686587164311966
  ],
  "elongation": [
    4.347148294193791
  ],
  "surface_area": [
    5773.054632738351
  ],
  "end_surface_area_head": [
    923.4304390174319
  ],
  "end_surface_area_tail": [
    1130.0722155807734
  ],
  "radius_head": [
    4.445010710941959
  ],
  "radius_tail": [
    5.189922136239459
  ],
  "irregularity": [
    1.9597901244984488
  ],
  "irregularity_of_end_surface_head": [
    0.0672188859175623
  ],
  "irregularity_of_end_surface_tail": [
    0.07487991794893803
  ],
  "mean_curvature": [
    0.3773912321407816
  ],
  "fractal_dimension": [
    2.3589344500887766
  ]
}