{
  "volume": [
    8775.817284584045
  ],
  "volume_endpoints": [
    1557.5622730255127
  ],
  "streamlines_count": [
    1291
  ],
  "avg_length": [
    80.75375366210938
  ],
  "std_length": [
    6.915072441101074
  ],
  "min_length": [
    57.23987579345703
  ],
  "max_length": [
    103.27301025390625
  ],
  "span": [
    34.73798370361328
  ],
  "curl": [
    2.324652874245829
  ],
  "diameter": [
    11.762983456252996
  ],
  "elongation": [
    6.865074150825409
  ],
  "surface_area": [
    5508.29485651657
  ],
  "end_surface_area_head": [
    936.3455500526408
  ],
  "end_surface_area_tail": [
    884.6851059118054
  ],
  "radius_head": [
    4.234060143720188
  ],
  "radius_tail": [
    4.9061475353376665
  ],
  "irregularity": [
    1.8458104575395962
  ],
  "irregularity_of_end_surface_head": [
    0.060148910799308
  ],
  "irregularity_of_end_surface_tail": [
    0.08547564070336258
  ],
  "mean_curvature": [
    0.3729674705325126
  ],
  "fractal_dimension": [
    2.3228832661420222
  ]
}