{
  "volume": [
    14581.80501127243
  ],
  "volume_endpoints": [
    3266.231333732605
  ],
  "streamlines_count": [
    3029
  ],
  "avg_length": [
    63.931236267089844
  ],
  "std_length": [
    6.589178085327148
  ],
  "min_length": [
    44.86077880859375
  ],
  "max_length": [
    84.15189361572266
  ],
  "span": [
    27.94754409790039
  ],
  "curl": [
    2.2875439803632975
  ],
  "diameter": [
    17.041356083962075
  ],
  "elongation": [
    3.7515345581714987
  ],
  "surface_area": [
    7213.089513164136
  ],
  "end_surface_area_head": [
    1007.3786607462894
  ],
  "end_surface_area_tail": [
    2305.3473197847775
  ],
  "radius_head": [
    4.517770331315134
  ],
  "radius_tail": [
    6.697398247047591
  ],
  "irregularity": [
    2.1074350322936537
  ],
  "irregularity_of_end_surface_head": [
    0.06365102823928175
  ],
  "irregularity_of_end_surface_tail": [
    0.06112596891297353
  ],
  "mean_curvature": [
    0.39747745350628017
  ],
  "fractal_dimension": [
    2.4359872446679596
  ]
}