{
  "volume": [
    18004.95493221283
  ],
  "volume_endpoints": [
    4114.7540645599365
  ],
  "streamlines_count": [
    3501
  ],
  "avg_length": [
    71.13500213623047
  ],
  "std_length": [
    6.098828315734863
  ],
  "min_length": [
    53.92945098876953
  ],
  "max_length": [
    91.6724853515625
  ],
  "span": [
    32.99900436401367
  ],
  "curl": [
    2.1556711636368386
  ],
  "diameter": [
    17.951857995442385
  ],
  "elongation": [
    3.962542604464129
  ],
  "surface_area": [
    9673.41816537142
  ],
  "end_surface_area_head": [
    975.0908831582673
  ],
  "end_surface_area_tail": [
    3667.89153399931
  ],
  "radius_head": [
    4.421948615955564
  ],
  "radius_tail": [
    8.423815540038605
  ],
  "irregularity": [
    2.4112227701913227
  ],
  "irregularity_of_end_surface_head": [
    0.06299878303087383
  ],
  "irregularity_of_end_surface_tail": [
    0.06077865498740772
  ],
  "mean_curvature": [
    0.38082791563103247
  ],
  "fractal_dimension": [
    2.3858571509386604
  ]
}