{
  "volume": [
    15726.729517936707
  ],
  "volume_endpoints": [
    3574.2567086219788
  ],
  "streamlines_count": [
    2821
  ],
  "avg_length": [
    81.2892837524414
  ],
  "std_length": [
    6.613783359527588
  ],
  "min_length": [
    62.83503723144531
  ],
  "max_length": [
    103.69146728515625
  ],
  "span": [
    35.849632263183594
  ],
  "curl": [
    2.2675067670337823
  ],
  "diameter": [
    15.694866269304915
  ],
  "elongation": [
    5.179354978730984
  ],
  "surface_area": [
    8846.851059118055
  ],
  "end_surface_area_head": [
    962.1757721230584
  ],
  "end_surface_area_tail": [
    2705.7157618762517
  ],
  "radius_head": [
    4.416656577284855
  ],
  "radius_tail": [
    8.782183224945754
  ],
  "irregularity": [
    2.2072317089028997
  ],
  "irregularity_of_end_surface_head": [
    0.06369168206967786
  ],
  "irregularity_of_end_surface_tail": [
    0.08955146364371831
  ],
  "mean_curvature": [
    0.37142867903175275
  ],
  "fractal_dimension": [
    2.4296780881691062
  ]
}