{
  "volume": [
    6637.075058937073
  ],
  "volume_endpoints": [
    1272.7840962409973
  ],
  "streamlines_count": [
    2347
  ],
  "avg_length": [
    65.71283721923828
  ],
  "std_length": [
    4.897296905517578
  ],
  "min_length": [
    50.376075744628906
  ],
  "max_length": [
    82.12332916259766
  ],
  "span": [
    28.55498695373535
  ],
  "curl": [
    2.3012735857910176
  ],
  "diameter": [
    11.340137345528936
  ],
  "elongation": [
    5.794712640332069
  ],
  "surface_area": [
    4281.35930817173
  ],
  "end_surface_area_head": [
    865.3124393589922
  ],
  "end_surface_area_tail": [
    471.4015527851226
  ],
  "radius_head": [
    4.3186334729692994
  ],
  "radius_tail": [
    3.1994235427762323
  ],
  "irregularity": [
    1.8287876116019712
  ],
  "irregularity_of_end_surface_head": [
    0.06771262009418495
  ],
  "irregularity_of_end_surface_tail": [
    0.06821852678790612
  ],
  "mean_curvature": [
    0.37632538669658916
  ],
  "fractal_dimension": [
    2.267380553181981
  ]
}