{
  "volume": [
    8183.013732910156
  ],
  "volume_endpoints": [
    1604.0566692352295
  ],
  "streamlines_count": [
    587
  ],
  "avg_length": [
    59.74527359008789
  ],
  "std_length": [
    12.702136993408203
  ],
  "min_length": [
    37.90583038330078
  ],
  "max_length": [
    98.10646057128906
  ],
  "span": [
    26.254281997680664
  ],
  "curl": [
    2.275639211743283
  ],
  "diameter": [
    13.20565424429511
  ],
  "elongation": [
    4.524219132565739
  ],
  "surface_area": [
    5430.804190305316
  ],
  "end_surface_area_head": [
    1220.477992827235
  ],
  "end_surface_area_tail": [
    774.9066621125303
  ],
  "radius_head": [
    4.760812342672142
  ],
  "radius_tail": [
    6.805228428446227
  ],
  "irregularity": [
    2.1910424675572417
  ],
  "irregularity_of_end_surface_head": [
    0.058342098516654194
  ],
  "irregularity_of_end_surface_tail": [
    0.18775257118320005
  ],
  "mean_curvature": [
    0.4079925742324004
  ],
  "fractal_dimension": [
    2.27891481006688
  ]
}