{
  "volume": [
    8833.935279846191
  ],
  "volume_endpoints": [
    2342.1552090644836
  ],
  "streamlines_count": [
    2892
  ],
  "avg_length": [
    67.78981018066406
  ],
  "std_length": [
    6.112381458282471
  ],
  "min_length": [
    53.08266067504883
  ],
  "max_length": [
    86.92806243896484
  ],
  "span": [
    32.40273666381836
  ],
  "curl": [
    2.0921013827933774
  ],
  "diameter": [
    12.881011174172809
  ],
  "elongation": [
    5.262770854246805
  ],
  "surface_area": [
    5095.011303389887
  ],
  "end_surface_area_head": [
    1059.0391048871247
  ],
  "end_surface_area_tail": [
    1117.1571045455644
  ],
  "radius_head": [
    4.7124918277361
  ],
  "radius_tail": [
    5.3087150537951455
  ],
  "irregularity": [
    1.857295063085536
  ],
  "irregularity_of_end_surface_head": [
    0.0658778013294961
  ],
  "irregularity_of_end_surface_tail": [
    0.07925277015114231
  ],
  "mean_curvature": [
    0.38545457240745407
  ],
  "fractal_dimension": [
    2.3756130029158036
  ]
}