{
  "volume": [
    7189.19601392746
  ],
  "volume_endpoints": [
    1040.3121151924133
  ],
  "streamlines_count": [
    229
  ],
  "avg_length": [
    60.67208480834961
  ],
  "std_length": [
    11.710251808166504
  ],
  "min_length": [
    42.05741500854492
  ],
  "max_length": [
    92.179443359375
  ],
  "span": [
    25.806303024291992
  ],
  "curl": [
    2.351056823258944
  ],
  "diameter": [
    12.282895657174478
  ],
  "elongation": [
    4.939558757296033
  ],
  "surface_area": [
    5211.247302706766
  ],
  "end_surface_area_head": [
    1239.8506593800485
  ],
  "end_surface_area_tail": [
    452.02888623230933
  ],
  "radius_head": [
    4.5680439156528045
  ],
  "radius_tail": [
    6.413170670291373
  ],
  "irregularity": [
    2.2258819601967876
  ],
  "irregularity_of_end_surface_head": [
    0.052873862366247505
  ],
  "irregularity_of_end_surface_tail": [
    0.28584413090600225
  ],
  "mean_curvature": [
    0.4167223550607023
  ],
  "fractal_dimension": [
    2.1993616571511647
  ]
}