{
  "volume": [
    20864.360299110413
  ],
  "volume_endpoints": [
    5009.771191596985
  ],
  "streamlines_count": [
    4549
  ],
  "avg_length": [
    88.19841003417969
  ],
  "std_length": [
    8.972689628601074
  ],
  "min_length": [
    67.64894104003906
  ],
  "max_length": [
    128.72998046875
  ],
  "span": [
    33.62968444824219
  ],
  "curl": [
    2.622635670873498
  ],
  "diameter": [
    17.355103905830955
  ],
  "elongation": [
    5.081986861775391
  ],
  "surface_area": [
    13741.678141462204
  ],
  "end_surface_area_head": [
    6754.6030714142225
  ],
  "end_surface_area_tail": [
    632.8404407252331
  ],
  "radius_head": [
    9.41723492411153
  ],
  "radius_tail": [
    3.935286891644088
  ],
  "irregularity": [
    2.857603211488479
  ],
  "irregularity_of_end_surface_head": [
    0.041247425673830176
  ],
  "irregularity_of_end_surface_tail": [
    0.07687912756370875
  ],
  "mean_curvature": [
    0.35650816191602835
  ],
  "fractal_dimension": [
    2.319595296188904
  ]
}