{
  "volume": [
    8618.898697376251
  ],
  "volume_endpoints": [
    2150.365824699402
  ],
  "streamlines_count": [
    1896
  ],
  "avg_length": [
    76.31873321533203
  ],
  "std_length": [
    4.417482376098633
  ],
  "min_length": [
    63.970123291015625
  ],
  "max_length": [
    91.3195571899414
  ],
  "span": [
    34.609466552734375
  ],
  "curl": [
    2.2051404085944326
  ],
  "diameter": [
    11.991275220443699
  ],
  "elongation": [
    6.364521855458514
  ],
  "surface_area": [
    5598.700633763031
  ],
  "end_surface_area_head": [
    929.8879945350363
  ],
  "end_surface_area_tail": [
    1401.2895473201588
  ],
  "radius_head": [
    4.34406285996537
  ],
  "radius_tail": [
    4.975705102187054
  ],
  "irregularity": [
    1.947335806277731
  ],
  "irregularity_of_end_surface_head": [
    0.0637545865942601
  ],
  "irregularity_of_end_surface_tail": [
    0.05550489123658932
  ],
  "mean_curvature": [
    0.3662105785203382
  ],
  "fractal_dimension": [
    2.270414717783449
  ]
}