{
  "volume": [
    11123.784293174744
  ],
  "volume_endpoints": [
    2237.542817592621
  ],
  "streamlines_count": [
    2314
  ],
  "avg_length": [
    70.48320007324219
  ],
  "std_length": [
    5.477116584777832
  ],
  "min_length": [
    56.88219451904297
  ],
  "max_length": [
    88.00967407226562
  ],
  "span": [
    32.24174880981445
  ],
  "curl": [
    2.186084895363584
  ],
  "diameter": [
    14.175504748846608
  ],
  "elongation": [
    4.972182742133191
  ],
  "surface_area": [
    6748.145515896618
  ],
  "end_surface_area_head": [
    1007.3786607462894
  ],
  "end_surface_area_tail": [
    1310.8837700736972
  ],
  "radius_head": [
    4.6476392846637165
  ],
  "radius_tail": [
    6.2536118091300725
  ],
  "irregularity": [
    2.149861195735202
  ],
  "irregularity_of_end_surface_head": [
    0.06736308275042253
  ],
  "irregularity_of_end_surface_tail": [
    0.09372328976153571
  ],
  "mean_curvature": [
    0.3780714093016053
  ],
  "fractal_dimension": [
    2.3495851649330834
  ]
}