{
  "volume": [
    13489.186700344086
  ],
  "volume_endpoints": [
    3248.795935153961
  ],
  "streamlines_count": [
    2737
  ],
  "avg_length": [
    85.78076934814453
  ],
  "std_length": [
    5.0555243492126465
  ],
  "min_length": [
    66.46324157714844
  ],
  "max_length": [
    103.08965301513672
  ],
  "span": [
    37.47482681274414
  ],
  "curl": [
    2.2890237699236784
  ],
  "diameter": [
    14.149887065749448
  ],
  "elongation": [
    6.062293568107793
  ],
  "surface_area": [
    7891.1328425126
  ],
  "end_surface_area_head": [
    865.3124393589922
  ],
  "end_surface_area_tail": [
    2311.8048753023822
  ],
  "radius_head": [
    4.305311805350589
  ],
  "radius_tail": [
    7.944361118076111
  ],
  "irregularity": [
    2.0694101324050087
  ],
  "irregularity_of_end_surface_head": [
    0.06729551882491139
  ],
  "irregularity_of_end_surface_tail": [
    0.08576629545447287
  ],
  "mean_curvature": [
    0.37348842473852406
  ],
  "fractal_dimension": [
    2.355020318825948
  ]
}