{
  "volume": [
    6172.131096839905
  ],
  "volume_endpoints": [
    1418.0790843963623
  ],
  "streamlines_count": [
    1226
  ],
  "avg_length": [
    72.88844299316406
  ],
  "std_length": [
    4.948470115661621
  ],
  "min_length": [
    58.416587829589844
  ],
  "max_length": [
    87.12857055664062
  ],
  "span": [
    35.4132194519043
  ],
  "curl": [
    2.0582269593465212
  ],
  "diameter": [
    10.38348867880152
  ],
  "elongation": [
    7.019648718062355
  ],
  "surface_area": [
    4384.680196453401
  ],
  "end_surface_area_head": [
    794.2793286653435
  ],
  "end_surface_area_tail": [
    936.3455500526408
  ],
  "radius_head": [
    4.010152106297458
  ],
  "radius_tail": [
    5.478311554331148
  ],
  "irregularity": [
    1.8441068597582655
  ],
  "irregularity_of_end_surface_head": [
    0.06360603213972613
  ],
  "irregularity_of_end_surface_tail": [
    0.10069483072569356
  ],
  "mean_curvature": [
    0.355888468333403
  ],
  "fractal_dimension": [
    2.1995203746633423
  ]
}