{
  "volume": [
    9136.14885520935
  ],
  "volume_endpoints": [
    1586.6212706565857
  ],
  "streamlines_count": [
    1455
  ],
  "avg_length": [
    75.8144302368164
  ],
  "std_length": [
    7.929367542266846
  ],
  "min_length": [
    50.70009231567383
  ],
  "max_length": [
    100.85778045654297
  ],
  "span": [
    32.809104919433594
  ],
  "curl": [
    2.310774110509481
  ],
  "diameter": [
    12.386845052610077
  ],
  "elongation": [
    6.120560151904158
  ],
  "surface_area": [
    6024.899297924923
  ],
  "end_surface_area_head": [
    891.1426614294098
  ],
  "end_surface_area_tail": [
    858.8548838413877
  ],
  "radius_head": [
    4.2581632569773085
  ],
  "radius_tail": [
    5.848264075761469
  ],
  "irregularity": [
    2.0421485913734374
  ],
  "irregularity_of_end_surface_head": [
    0.06392154361145425
  ],
  "irregularity_of_end_surface_tail": [
    0.1251076978707967
  ],
  "mean_curvature": [
    0.3665369479721764
  ],
  "fractal_dimension": [
    2.258712067430149
  ]
}