{
  "volume": [
    18795.359667778015
  ],
  "volume_endpoints": [
    8636.334095954895
  ],
  "streamlines_count": [
    7435
  ],
  "avg_length": [
    46.137264251708984
  ],
  "std_length": [
    7.50328254699707
  ],
  "min_length": [
    26.643047332763672
  ],
  "max_length": [
    70.20811462402344
  ],
  "span": [
    21.813417434692383
  ],
  "curl": [
    2.1150864778451264
  ],
  "diameter": [
    22.77479414333224
  ],
  "elongation": [
    2.025803788229478
  ],
  "surface_area": [
    10545.188160248017
  ],
  "end_surface_area_head": [
    1104.2419935103558
  ],
  "end_surface_area_tail": [
    7878.217731477391
  ],
  "radius_head": [
    4.8980236675141295
  ],
  "radius_tail": [
    13.132680819660859
  ],
  "irregularity": [
    3.1944652004196685
  ],
  "irregularity_of_end_surface_head": [
    0.06825388436274576
  ],
  "irregularity_of_end_surface_tail": [
    0.0687746947908298
  ],
  "mean_curvature": [
    0.36900620566732384
  ],
  "fractal_dimension": [
    2.3996240418883517
  ]
}