{
  "volume": [
    5666.504538059235
  ],
  "volume_endpoints": [
    1470.3852801322937
  ],
  "streamlines_count": [
    2516
  ],
  "avg_length": [
    54.17608642578125
  ],
  "std_length": [
    4.147531509399414
  ],
  "min_length": [
    42.605899810791016
  ],
  "max_length": [
    68.09253692626953
  ],
  "span": [
    26.06079864501953
  ],
  "curl": [
    2.078834465655749
  ],
  "diameter": [
    11.540081212535764
  ],
  "elongation": [
    4.694601834078155
  ],
  "surface_area": [
    3667.89153399931
  ],
  "end_surface_area_head": [
    897.6002169470142
  ],
  "end_surface_area_tail": [
    477.859108302727
  ],
  "radius_head": [
    4.258498216607561
  ],
  "radius_tail": [
    3.611562042938524
  ],
  "irregularity": [
    1.8674548787894198
  ],
  "irregularity_of_end_surface_head": [
    0.06347166094769009
  ],
  "irregularity_of_end_surface_tail": [
    0.08575119171993267
  ],
  "mean_curvature": [
    0.37815884577142983
  ],
  "fractal_dimension": [
    2.3152700677088793
  ]
}