{
  "volume": [
    7369.361799240112
  ],
  "volume_endpoints": [
    1743.5398578643799
  ],
  "streamlines_count": [
    1429
  ],
  "avg_length": [
    56.9248161315918
  ],
  "std_length": [
    6.799144268035889
  ],
  "min_length": [
    41.24154281616211
  ],
  "max_length": [
    80.64939880371094
  ],
  "span": [
    24.078933715820312
  ],
  "curl": [
    2.364092065014952
  ],
  "diameter": [
    12.838644705806882
  ],
  "elongation": [
    4.433864900540854
  ],
  "surface_area": [
    4778.59108302727
  ],
  "end_surface_area_head": [
    936.3455500526408
  ],
  "end_surface_area_tail": [
    871.7699948765966
  ],
  "radius_head": [
    4.335996853013235
  ],
  "radius_tail": [
    5.338122291739074
  ],
  "irregularity": [
    2.0812736157034037
  ],
  "irregularity_of_end_surface_head": [
    0.06307999329419604
  ],
  "irregularity_of_end_surface_tail": [
    0.10268925268635996
  ],
  "mean_curvature": [
    0.3985934337800495
  ],
  "fractal_dimension": [
    2.321219679815516
  ]
}