{
  "volume": [
    7787.8113651275635
  ],
  "volume_endpoints": [
    1592.4330701828003
  ],
  "streamlines_count": [
    1063
  ],
  "avg_length": [
    77.79583740234375
  ],
  "std_length": [
    4.7952961921691895
  ],
  "min_length": [
    64.95073699951172
  ],
  "max_length": [
    93.06340789794922
  ],
  "span": [
    36.47214126586914
  ],
  "curl": [
    2.133020840077344
  ],
  "diameter": [
    11.28975691761353
  ],
  "elongation": [
    6.890833697311218
  ],
  "surface_area": [
    5411.431523752503
  ],
  "end_surface_area_head": [
    942.8031055702452
  ],
  "end_surface_area_tail": [
    755.533995559717
  ],
  "radius_head": [
    4.307877644050605
  ],
  "radius_tail": [
    4.3197930149494095
  ],
  "irregularity": [
    1.961197556512594
  ],
  "irregularity_of_end_surface_head": [
    0.06183802172237878
  ],
  "irregularity_of_end_surface_tail": [
    0.07759285610923027
  ],
  "mean_curvature": [
    0.37320594457332973
  ],
  "fractal_dimension": [
    2.2191453011425843
  ]
}