{
  "volume": [
    8711.887489795685
  ],
  "volume_endpoints": [
    1662.1746644973755
  ],
  "streamlines_count": [
    1834
  ],
  "avg_length": [
    83.43668365478516
  ],
  "std_length": [
    3.761848211288452
  ],
  "min_length": [
    73.18450164794922
  ],
  "max_length": [
    94.6175765991211
  ],
  "span": [
    38.69611740112305
  ],
  "curl": [
    2.1562029800013898
  ],
  "diameter": [
    11.530089312933718
  ],
  "elongation": [
    7.2364299521245865
  ],
  "surface_area": [
    5295.195524435623
  ],
  "end_surface_area_head": [
    891.1426614294098
  ],
  "end_surface_area_tail": [
    626.3828852076286
  ],
  "radius_head": [
    4.326908189361959
  ],
  "radius_tail": [
    3.9024960207078614
  ],
  "irregularity": [
    1.7520335690085205
  ],
  "irregularity_of_end_surface_head": [
    0.06600213712687591
  ],
  "irregularity_of_end_surface_tail": [
    0.07638268622909002
  ],
  "mean_curvature": [
    0.3761037924330003
  ],
  "fractal_dimension": [
    2.3129383368006136
  ]
}