{
  "volume": [
    15308.279952049255
  ],
  "volume_endpoints": [
    2458.3911995887756
  ],
  "streamlines_count": [
    1606
  ],
  "avg_length": [
    78.17554473876953
  ],
  "std_length": [
    7.7078471183776855
  ],
  "min_length": [
    56.63581085205078
  ],
  "max_length": [
    103.51394653320312
  ],
  "span": [
    30.332429885864258
  ],
  "curl": [
    2.5772925226541603
  ],
  "diameter": [
    15.790024328893546
  ],
  "elongation": [
    4.950945173385146
  ],
  "surface_area": [
    8956.629502917329
  ],
  "end_surface_area_head": [
    1000.921105228685
  ],
  "end_surface_area_tail": [
    1627.3039904363136
  ],
  "radius_head": [
    4.444567047031441
  ],
  "radius_tail": [
    5.686205996430019
  ],
  "irregularity": [
    2.3096226061801652
  ],
  "irregularity_of_end_surface_head": [
    0.0620024641454307
  ],
  "irregularity_of_end_surface_tail": [
    0.06242037325416755
  ],
  "mean_curvature": [
    0.38546333711589703
  ],
  "fractal_dimension": [
    2.4055797177623632
  ]
}