{
  "volume": [
    11768.894040584564
  ],
  "volume_endpoints": [
    3027.9475531578064
  ],
  "streamlines_count": [
    3281
  ],
  "avg_length": [
    71.32850646972656
  ],
  "std_length": [
    5.289422035217285
  ],
  "min_length": [
    54.57685089111328
  ],
  "max_length": [
    88.93938446044922
  ],
  "span": [
    28.681447982788086
  ],
  "curl": [
    2.4869213894825406
  ],
  "diameter": [
    14.49410223898782
  ],
  "elongation": [
    4.921209005816128
  ],
  "surface_area": [
    6922.499514871937
  ],
  "end_surface_area_head": [
    607.0102186548154
  ],
  "end_surface_area_tail": [
    2466.7862077248883
  ],
  "radius_head": [
    3.7691942807012833
  ],
  "radius_tail": [
    6.325840455405913
  ],
  "irregularity": [
    2.131368830662735
  ],
  "irregularity_of_end_surface_head": [
    0.07352768920626923
  ],
  "irregularity_of_end_surface_tail": [
    0.0509629817491225
  ],
  "mean_curvature": [
    0.36189083290405294
  ],
  "fractal_dimension": [
    2.3290630848394662
  ]
}