{
  "volume": [
    9165.207852840424
  ],
  "volume_endpoints": [
    1447.1380820274353
  ],
  "streamlines_count": [
    689
  ],
  "avg_length": [
    62.87428665161133
  ],
  "std_length": [
    8.490617752075195
  ],
  "min_length": [
    44.4991455078125
  ],
  "max_length": [
    84.3991470336914
  ],
  "span": [
    27.655054092407227
  ],
  "curl": [
    2.27351884547113
  ],
  "diameter": [
    13.623530965707623
  ],
  "elongation": [
    4.615124141448711
  ],
  "surface_area": [
    5921.578409643253
  ],
  "end_surface_area_head": [
    1343.1715476617192
  ],
  "end_surface_area_tail": [
    658.6706627956507
  ],
  "radius_head": [
    7.272913237181838
  ],
  "radius_tail": [
    3.9034972761846563
  ],
  "irregularity": [
    2.200517656690103
  ],
  "irregularity_of_end_surface_head": [
    0.12371865854856269
  ],
  "irregularity_of_end_surface_tail": [
    0.07267571507812233
  ],
  "mean_curvature": [
    0.3752010600054731
  ],
  "fractal_dimension": [
    2.287488589625287
  ]
}