{
  "volume": [
    8973.418468475342
  ],
  "volume_endpoints": [
    2458.3911995887756
  ],
  "streamlines_count": [
    3855
  ],
  "avg_length": [
    71.01399230957031
  ],
  "std_length": [
    4.7575225830078125
  ],
  "min_length": [
    56.36488342285156
  ],
  "max_length": [
    85.97233581542969
  ],
  "span": [
    33.18356704711914
  ],
  "curl": [
    2.1400349217651526
  ],
  "diameter": [
    12.68417004365603
  ],
  "elongation": [
    5.598631370058608
  ],
  "surface_area": [
    5456.634412375734
  ],
  "end_surface_area_head": [
    1033.208882816707
  ],
  "end_surface_area_tail": [
    1375.4593252497411
  ],
  "radius_head": [
    4.717355069730417
  ],
  "radius_tail": [
    5.233799410294022
  ],
  "irregularity": [
    1.9282751327097856
  ],
  "irregularity_of_end_surface_head": [
    0.06766418793261544
  ],
  "irregularity_of_end_surface_tail": [
    0.06256569431866116
  ],
  "mean_curvature": [
    0.35628829452314265
  ],
  "fractal_dimension": [
    2.2816297450574616
  ]
}