{
  "volume": [
    7229.878610610962
  ],
  "volume_endpoints": [
    2005.0708365440369
  ],
  "streamlines_count": [
    3413
  ],
  "avg_length": [
    67.82405090332031
  ],
  "std_length": [
    4.72393274307251
  ],
  "min_length": [
    54.854270935058594
  ],
  "max_length": [
    83.63787841796875
  ],
  "span": [
    32.90119171142578
  ],
  "curl": [
    2.061446633854502
  ],
  "diameter": [
    11.650074417221141
  ],
  "elongation": [
    5.821769756514413
  ],
  "surface_area": [
    4688.185305780808
  ],
  "end_surface_area_head": [
    929.8879945350363
  ],
  "end_surface_area_tail": [
    910.5153279822231
  ],
  "radius_head": [
    4.642282818629274
  ],
  "radius_tail": [
    5.03006419404581
  ],
  "irregularity": [
    1.8886108133928123
  ],
  "irregularity_of_end_surface_head": [
    0.072808556742903
  ],
  "irregularity_of_end_surface_tail": [
    0.08729907993314726
  ],
  "mean_curvature": [
    0.3495060084346729
  ],
  "fractal_dimension": [
    2.2502174730286564
  ]
}