{
  "volume": [
    10252.014364242554
  ],
  "volume_endpoints": [
    2510.697395324707
  ],
  "streamlines_count": [
    3665
  ],
  "avg_length": [
    66.19074249267578
  ],
  "std_length": [
    4.7278618812561035
  ],
  "min_length": [
    53.763484954833984
  ],
  "max_length": [
    81.5547866821289
  ],
  "span": [
    29.053895950317383
  ],
  "curl": [
    2.2782053947554224
  ],
  "diameter": [
    14.043036864563966
  ],
  "elongation": [
    4.713420831337467
  ],
  "surface_area": [
    6166.96551931222
  ],
  "end_surface_area_head": [
    710.3311069364861
  ],
  "end_surface_area_tail": [
    1840.4033225172593
  ],
  "radius_head": [
    3.9606818419286087
  ],
  "radius_tail": [
    6.1030539599221045
  ],
  "irregularity": [
    2.1118514141048714
  ],
  "irregularity_of_end_surface_head": [
    0.06937914660785961
  ],
  "irregularity_of_end_surface_tail": [
    0.06358157526954769
  ],
  "mean_curvature": [
    0.36295760212946393
  ],
  "fractal_dimension": [
    2.332655204812538
  ]
}