{
  "volume": [
    17417.963180065155
  ],
  "volume_endpoints": [
    6637.075058937073
  ],
  "streamlines_count": [
    7144
  ],
  "avg_length": [
    51.74987030029297
  ],
  "std_length": [
    7.770015239715576
  ],
  "min_length": [
    30.824600219726562
  ],
  "max_length": [
    75.643310546875
  ],
  "span": [
    24.96463394165039
  ],
  "curl": [
    2.072927262672766
  ],
  "diameter": [
    20.701371091369918
  ],
  "elongation": [
    2.4998281549508907
  ],
  "surface_area": [
    9324.71016742078
  ],
  "end_surface_area_head": [
    1136.5297710983778
  ],
  "end_surface_area_tail": [
    5792.427299291164
  ],
  "radius_head": [
    4.794662640981397
  ],
  "radius_tail": [
    10.213104854946723
  ],
  "irregularity": [
    2.770620816849803
  ],
  "irregularity_of_end_surface_head": [
    0.06354555341656491
  ],
  "irregularity_of_end_surface_tail": [
    0.05657243373860416
  ],
  "mean_curvature": [
    0.35770569675396563
  ],
  "fractal_dimension": [
    2.476073757846797
  ]
}