{
  "volume": [
    7206.6314125061035
  ],
  "volume_endpoints": [
    1685.421862602234
  ],
  "streamlines_count": [
    2397
  ],
  "avg_length": [
    69.7567367553711
  ],
  "std_length": [
    5.758201599121094
  ],
  "min_length": [
    54.76530456542969
  ],
  "max_length": [
    88.94913482666016
  ],
  "span": [
    33.3856315612793
  ],
  "curl": [
    2.0894239076272276
  ],
  "diameter": [
    11.469068233832969
  ],
  "elongation": [
    6.082162502930577
  ],
  "surface_area": [
    4752.760860956852
  ],
  "end_surface_area_head": [
    833.02466177097
  ],
  "end_surface_area_tail": [
    787.8217731477391
  ],
  "radius_head": [
    4.204926157038276
  ],
  "radius_tail": [
    4.441329455326446
  ],
  "irregularity": [
    1.8909576296218933
  ],
  "irregularity_of_end_surface_head": [
    0.06668202205434537
  ],
  "irregularity_of_end_surface_tail": [
    0.07865890087266021
  ],
  "mean_curvature": [
    0.36366001880561805
  ],
  "fractal_dimension": [
    2.2604118218374993
  ]
}