{
  "volume": [
    14221.473440647125
  ],
  "volume_endpoints": [
    2812.910970687866
  ],
  "streamlines_count": [
    2980
  ],
  "avg_length": [
    80.97378540039062
  ],
  "std_length": [
    5.7965087890625
  ],
  "min_length": [
    64.33316040039062
  ],
  "max_length": [
    100.52762603759766
  ],
  "span": [
    36.48670196533203
  ],
  "curl": [
    2.2192684194183445
  ],
  "diameter": [
    14.953922840038658
  ],
  "elongation": [
    5.414885864168421
  ],
  "surface_area": [
    7787.81195423093
  ],
  "end_surface_area_head": [
    975.0908831582673
  ],
  "end_surface_area_tail": [
    2008.2997659749744
  ],
  "radius_head": [
    4.478252435376466
  ],
  "radius_tail": [
    6.420473775349208
  ],
  "irregularity": [
    2.047227025074709
  ],
  "irregularity_of_end_surface_head": [
    0.06461329939288417
  ],
  "irregularity_of_end_surface_tail": [
    0.064484522440448
  ],
  "mean_curvature": [
    0.3856150416819841
  ],
  "fractal_dimension": [
    2.3324004180447444
  ]
}