{
  "volume": [
    10368.250354766846
  ],
  "volume_endpoints": [
    1447.1380820274353
  ],
  "streamlines_count": [
    1031
  ],
  "avg_length": [
    59.42395782470703
  ],
  "std_length": [
    11.292250633239746
  ],
  "min_length": [
    42.07521057128906
  ],
  "max_length": [
    101.9915771484375
  ],
  "span": [
    25.356346130371094
  ],
  "curl": [
    2.3435536618397372
  ],
  "diameter": [
    14.90482941882343
  ],
  "elongation": [
    3.986892848948679
  ],
  "surface_area": [
    5928.035965160857
  ],
  "end_surface_area_head": [
    942.8031055702452
  ],
  "end_surface_area_tail": [
    374.5382200210563
  ],
  "radius_head": [
    4.30507761824757
  ],
  "radius_tail": [
    3.056512026666946
  ],
  "irregularity": [
    2.1304550388472894
  ],
  "irregularity_of_end_surface_head": [
    0.061757661136718
  ],
  "irregularity_of_end_surface_tail": [
    0.07836207879298791
  ],
  "mean_curvature": [
    0.39516968497596355
  ],
  "fractal_dimension": [
    2.403791548154169
  ]
}