{
  "volume": [
    10193.896368980408
  ],
  "volume_endpoints": [
    2231.7310180664062
  ],
  "streamlines_count": [
    2830
  ],
  "avg_length": [
    74.7949447631836
  ],
  "std_length": [
    5.239115238189697
  ],
  "min_length": [
    60.71787643432617
  ],
  "max_length": [
    91.88526916503906
  ],
  "span": [
    32.325191497802734
  ],
  "curl": [
    2.3138283579315435
  ],
  "diameter": [
    13.173131996906996
  ],
  "elongation": [
    5.677840682135819
  ],
  "surface_area": [
    5727.85174411512
  ],
  "end_surface_area_head": [
    942.8031055702452
  ],
  "end_surface_area_tail": [
    975.0908831582673
  ],
  "radius_head": [
    4.501385512036869
  ],
  "radius_tail": [
    4.327902708524717
  ],
  "irregularity": [
    1.8504638548598786
  ],
  "irregularity_of_end_surface_head": [
    0.06751826687859495
  ],
  "irregularity_of_end_surface_tail": [
    0.0603475655680943
  ],
  "mean_curvature": [
    0.38128149681082885
  ],
  "fractal_dimension": [
    2.4273228704174525
  ]
}