{
  "volume": [
    11524.798460483551
  ],
  "volume_endpoints": [
    2516.5091948509216
  ],
  "streamlines_count": [
    3147
  ],
  "avg_length": [
    76.31817626953125
  ],
  "std_length": [
    5.6127142906188965
  ],
  "min_length": [
    60.179100036621094
  ],
  "max_length": [
    93.94588470458984
  ],
  "span": [
    34.752647399902344
  ],
  "curl": [
    2.1960392079293998
  ],
  "diameter": [
    13.866208849649551
  ],
  "elongation": [
    5.503896349538979
  ],
  "surface_area": [
    6380.0648513931665
  ],
  "end_surface_area_head": [
    936.3455500526408
  ],
  "end_surface_area_tail": [
    1478.7802135314118
  ],
  "radius_head": [
    4.452619758560356
  ],
  "radius_tail": [
    5.658352686905844
  ],
  "irregularity": [
    1.9190641816224463
  ],
  "irregularity_of_end_surface_head": [
    0.06651888182432895
  ],
  "irregularity_of_end_surface_tail": [
    0.06801837764969954
  ],
  "mean_curvature": [
    0.3890539558114875
  ],
  "fractal_dimension": [
    2.415876212102094
  ]
}