{
  "volume": [
    9746.387805461884
  ],
  "volume_endpoints": [
    2069.0006313323975
  ],
  "streamlines_count": [
    1804
  ],
  "avg_length": [
    76.54193878173828
  ],
  "std_length": [
    4.784603595733643
  ],
  "min_length": [
    62.85309600830078
  ],
  "max_length": [
    92.36351013183594
  ],
  "span": [
    34.805267333984375
  ],
  "curl": [
    2.1991481360351917
  ],
  "diameter": [
    12.732895474972247
  ],
  "elongation": [
    6.011353735855993
  ],
  "surface_area": [
    5785.9697437735595
  ],
  "end_surface_area_head": [
    1401.2895473201588
  ],
  "end_surface_area_tail": [
    581.1799965843977
  ],
  "radius_head": [
    5.304767713355524
  ],
  "radius_tail": [
    3.9290990083279773
  ],
  "irregularity": [
    1.8897295449175222
  ],
  "irregularity_of_end_surface_head": [
    0.06308915832613339
  ],
  "irregularity_of_end_surface_tail": [
    0.08344977304286702
  ],
  "mean_curvature": [
    0.37983120493838635
  ],
  "fractal_dimension": [
    2.3116606128694506
  ]
}