{
  "volume": [
    13791.400275707245
  ],
  "volume_endpoints": [
    2783.851973056793
  ],
  "streamlines_count": [
    2236
  ],
  "avg_length": [
    77.36367797851562
  ],
  "std_length": [
    6.528838634490967
  ],
  "min_length": [
    58.13786697387695
  ],
  "max_length": [
    98.4654312133789
  ],
  "span": [
    34.197975158691406
  ],
  "curl": [
    2.262229784644243
  ],
  "diameter": [
    15.065747580656405
  ],
  "elongation": [
    5.13507063385599
  ],
  "surface_area": [
    7794.269509748534
  ],
  "end_surface_area_head": [
    1297.968659038488
  ],
  "end_surface_area_tail": [
    1691.8795456123578
  ],
  "radius_head": [
    5.309235401401397
  ],
  "radius_tail": [
    5.476811507117995
  ],
  "irregularity": [
    2.1286181000836795
  ],
  "irregularity_of_end_surface_head": [
    0.06822595598967601
  ],
  "irregularity_of_end_surface_tail": [
    0.05569754092812421
  ],
  "mean_curvature": [
    0.3918607729971942
  ],
  "fractal_dimension": [
    2.3883970403674177
  ]
}