{
  "volume": [
    12611.604971885681
  ],
  "volume_endpoints": [
    2853.5935673713684
  ],
  "streamlines_count": [
    1930
  ],
  "avg_length": [
    79.95088958740234
  ],
  "std_length": [
    5.885849952697754
  ],
  "min_length": [
    60.138282775878906
  ],
  "max_length": [
    99.07502746582031
  ],
  "span": [
    36.42401885986328
  ],
  "curl": [
    2.195004617557527
  ],
  "diameter": [
    14.171916625065986
  ],
  "elongation": [
    5.641501548632635
  ],
  "surface_area": [
    7458.476622833104
  ],
  "end_surface_area_head": [
    1356.086658696928
  ],
  "end_surface_area_tail": [
    1717.7097676827755
  ],
  "radius_head": [
    5.269833953819735
  ],
  "radius_tail": [
    5.557451018398927
  ],
  "irregularity": [
    2.095310412204223
  ],
  "irregularity_of_end_surface_head": [
    0.06433633127401131
  ],
  "irregularity_of_end_surface_tail": [
    0.05648737258726925
  ],
  "mean_curvature": [
    0.39176209924134564
  ],
  "fractal_dimension": [
    2.354305569277166
  ]
}