{
  "volume": [
    8293.437923908234
  ],
  "volume_endpoints": [
    2167.8012232780457
  ],
  "streamlines_count": [
    1625
  ],
  "avg_length": [
    67.95298767089844
  ],
  "std_length": [
    7.288170337677002
  ],
  "min_length": [
    49.9951171875
  ],
  "max_length": [
    92.50279235839844
  ],
  "span": [
    25.448171615600586
  ],
  "curl": [
    2.6702502913506354
  ],
  "diameter": [
    12.465740458769163
  ],
  "elongation": [
    5.451179406121532
  ],
  "surface_area": [
    4998.147970625821
  ],
  "end_surface_area_head": [
    1052.5815493695204
  ],
  "end_surface_area_tail": [
    1110.69954902796
  ],
  "radius_head": [
    4.699023358394516
  ],
  "radius_tail": [
    4.714761566489403
  ],
  "irregularity": [
    1.8781600570232562
  ],
  "irregularity_of_end_surface_head": [
    0.06590362863667623
  ],
  "irregularity_of_end_surface_tail": [
    0.06287423969435915
  ],
  "mean_curvature": [
    0.42223301854500406
  ],
  "fractal_dimension": [
    2.3166908361041694
  ]
}