{
  "volume": [
    9287.25564289093
  ],
  "volume_endpoints": [
    2557.191791534424
  ],
  "streamlines_count": [
    2906
  ],
  "avg_length": [
    63.76529312133789
  ],
  "std_length": [
    5.174615859985352
  ],
  "min_length": [
    49.57563400268555
  ],
  "max_length": [
    80.28068542480469
  ],
  "span": [
    27.068580627441406
  ],
  "curl": [
    2.3556940054955944
  ],
  "diameter": [
    13.617788324400191
  ],
  "elongation": [
    4.682499948033705
  ],
  "surface_area": [
    5430.804190305316
  ],
  "end_surface_area_head": [
    1026.7513272991027
  ],
  "end_surface_area_tail": [
    1517.5255466370386
  ],
  "radius_head": [
    4.800588852752401
  ],
  "radius_tail": [
    5.512036060983231
  ],
  "irregularity": [
    1.9907802891011666
  ],
  "irregularity_of_end_surface_head": [
    0.07051371961613748
  ],
  "irregularity_of_end_surface_tail": [
    0.06289816306774584
  ],
  "mean_curvature": [
    0.38756301636049356
  ],
  "fractal_dimension": [
    2.3614888729594106
  ]
}