{
  "volume": [
    6369.732280731201
  ],
  "volume_endpoints": [
    1243.7250986099243
  ],
  "streamlines_count": [
    2377
  ],
  "avg_length": [
    69.49433135986328
  ],
  "std_length": [
    5.730737209320068
  ],
  "min_length": [
    57.484336853027344
  ],
  "max_length": [
    87.4845962524414
  ],
  "span": [
    30.63786506652832
  ],
  "curl": [
    2.2682498016412187
  ],
  "diameter": [
    10.802914991874632
  ],
  "elongation": [
    6.432924022093403
  ],
  "surface_area": [
    4229.698864030895
  ],
  "end_surface_area_head": [
    697.4159959012773
  ],
  "end_surface_area_tail": [
    619.9253296900242
  ],
  "radius_head": [
    3.883494242200115
  ],
  "radius_tail": [
    3.8228711011812537
  ],
  "irregularity": [
    1.7933672584473677
  ],
  "irregularity_of_end_surface_head": [
    0.06793652048290323
  ],
  "irregularity_of_end_surface_tail": [
    0.07406103903213643
  ],
  "mean_curvature": [
    0.3636586171616814
  ],
  "fractal_dimension": [
    2.2877974032699253
  ]
}