{
  "volume": [
    9566.222020149231
  ],
  "volume_endpoints": [
    1243.7250986099243
  ],
  "streamlines_count": [
    1104
  ],
  "avg_length": [
    66.57757568359375
  ],
  "std_length": [
    6.237762451171875
  ],
  "min_length": [
    51.93817138671875
  ],
  "max_length": [
    86.26323699951172
  ],
  "span": [
    28.40037727355957
  ],
  "curl": [
    2.3442496922594307
  ],
  "diameter": [
    13.525748221481814
  ],
  "elongation": [
    4.9222841201386665
  ],
  "surface_area": [
    5133.756636495513
  ],
  "end_surface_area_head": [
    400.368442091474
  ],
  "end_surface_area_tail": [
    916.9728834998275
  ],
  "radius_head": [
    2.96355807580842
  ],
  "radius_tail": [
    4.357063701285382
  ],
  "irregularity": [
    1.814663603597725
  ],
  "irregularity_of_end_surface_head": [
    0.06891550125368345
  ],
  "irregularity_of_end_surface_tail": [
    0.06504009974581683
  ],
  "mean_curvature": [
    0.40298313258782675
  ],
  "fractal_dimension": [
    2.4322978900617342
  ]
}