{
  "volume": [
    7485.597789764404
  ],
  "volume_endpoints": [
    1615.6802682876587
  ],
  "streamlines_count": [
    3095
  ],
  "avg_length": [
    59.31635665893555
  ],
  "std_length": [
    4.151027202606201
  ],
  "min_length": [
    48.907386779785156
  ],
  "max_length": [
    72.79549407958984
  ],
  "span": [
    27.01031494140625
  ],
  "curl": [
    2.1960631257951313
  ],
  "diameter": [
    12.675966112995633
  ],
  "elongation": [
    4.679434776819364
  ],
  "surface_area": [
    4371.765085418192
  ],
  "end_surface_area_head": [
    949.2606610878496
  ],
  "end_surface_area_tail": [
    587.6375521020021
  ],
  "radius_head": [
    4.402243604545532
  ],
  "radius_tail": [
    3.615177136951792
  ],
  "irregularity": [
    1.8507655511665755
  ],
  "irregularity_of_end_surface_head": [
    0.0641375744397358
  ],
  "irregularity_of_end_surface_tail": [
    0.06987140805651823
  ],
  "mean_curvature": [
    0.3837981500995371
  ],
  "fractal_dimension": [
    2.352730740537514
  ]
}