{
  "volume": [
    11838.63563489914
  ],
  "volume_endpoints": [
    2103.871428489685
  ],
  "streamlines_count": [
    929
  ],
  "avg_length": [
    70.01260375976562
  ],
  "std_length": [
    7.3575592041015625
  ],
  "min_length": [
    51.75855255126953
  ],
  "max_length": [
    95.17102813720703
  ],
  "span": [
    25.91909408569336
  ],
  "curl": [
    2.701197948056784
  ],
  "diameter": [
    14.672961289202766
  ],
  "elongation": [
    4.771538776653425
  ],
  "surface_area": [
    7645.745732843632
  ],
  "end_surface_area_head": [
    994.4635497110805
  ],
  "end_surface_area_tail": [
    1291.5111035208838
  ],
  "radius_head": [
    4.635510462647859
  ],
  "radius_tail": [
    4.78632519468526
  ],
  "irregularity": [
    2.369059548432872
  ],
  "irregularity_of_end_surface_head": [
    0.06788223525610439
  ],
  "irregularity_of_end_surface_tail": [
    0.05572577704464222
  ],
  "mean_curvature": [
    0.4044580921546764
  ],
  "fractal_dimension": [
    2.2890549234833033
  ]
}