{
  "volume": [
    4446.026637554169
  ],
  "volume_endpoints": [
    1371.5846881866455
  ],
  "streamlines_count": [
    1926
  ],
  "avg_length": [
    49.698917388916016
  ],
  "std_length": [
    4.068789482116699
  ],
  "min_length": [
    40.01551818847656
  ],
  "max_length": [
    61.34809112548828
  ],
  "span": [
    24.490949630737305
  ],
  "curl": [
    2.0292768609732272
  ],
  "diameter": [
    10.672535923072727
  ],
  "elongation": [
    4.656711183466058
  ],
  "surface_area": [
    2957.5604270628237
  ],
  "end_surface_area_head": [
    884.6851059118054
  ],
  "end_surface_area_tail": [
    387.45333105626514
  ],
  "radius_head": [
    4.306125161754088
  ],
  "radius_tail": [
    3.218625680168727
  ],
  "irregularity": [
    1.774880836063239
  ],
  "irregularity_of_end_surface_head": [
    0.06584676672399
  ],
  "irregularity_of_end_surface_tail": [
    0.08399847814595694
  ],
  "mean_curvature": [
    0.3781582617422378
  ],
  "fractal_dimension": [
    2.279780845752522
  ]
}