{
  "volume": [
    13012.619139194489
  ],
  "volume_endpoints": [
    3266.231333732605
  ],
  "streamlines_count": [
    3664
  ],
  "avg_length": [
    70.2336196899414
  ],
  "std_length": [
    6.540936470031738
  ],
  "min_length": [
    53.40715408325195
  ],
  "max_length": [
    90.61575317382812
  ],
  "span": [
    30.2963924407959
  ],
  "curl": [
    2.318217253991193
  ],
  "diameter": [
    15.359069051784463
  ],
  "elongation": [
    4.572778431631665
  ],
  "surface_area": [
    7238.919735234554
  ],
  "end_surface_area_head": [
    916.9728834998275
  ],
  "end_surface_area_tail": [
    2234.3142090911288
  ],
  "radius_head": [
    4.445871403198536
  ],
  "radius_tail": [
    6.72749562960626
  ],
  "irregularity": [
    2.136062442243186
  ],
  "irregularity_of_end_surface_head": [
    0.06771847554274728
  ],
  "irregularity_of_end_surface_tail": [
    0.06363740678296465
  ],
  "mean_curvature": [
    0.3654087481280081
  ],
  "fractal_dimension": [
    2.359027876289022
  ]
}