{
  "volume": [
    12785.95895767212
  ],
  "volume_endpoints": [
    3161.618942260742
  ],
  "streamlines_count": [
    3879
  ],
  "avg_length": [
    62.93365478515625
  ],
  "std_length": [
    4.942061901092529
  ],
  "min_length": [
    50.11919021606445
  ],
  "max_length": [
    78.82286071777344
  ],
  "span": [
    29.856136322021484
  ],
  "curl": [
    2.1078968191452567
  ],
  "diameter": [
    16.08348785928659
  ],
  "elongation": [
    3.9129357596908574
  ],
  "surface_area": [
    6961.244847977564
  ],
  "end_surface_area_head": [
    904.0577724646187
  ],
  "end_surface_area_tail": [
    2079.3328766686227
  ],
  "radius_head": [
    4.419827636520842
  ],
  "radius_tail": [
    7.828447778190499
  ],
  "irregularity": [
    2.1891415686655837
  ],
  "irregularity_of_end_surface_head": [
    0.06788352012105853
  ],
  "irregularity_of_end_surface_tail": [
    0.09259278992013178
  ],
  "mean_curvature": [
    0.37550385473437703
  ],
  "fractal_dimension": [
    2.3796143549392474
  ]
}