{
  "volume": [
    10618.157734394073
  ],
  "volume_endpoints": [
    1621.4920678138733
  ],
  "streamlines_count": [
    676
  ],
  "avg_length": [
    61.185142517089844
  ],
  "std_length": [
    7.185140132904053
  ],
  "min_length": [
    41.52022933959961
  ],
  "max_length": [
    81.07667541503906
  ],
  "span": [
    23.901782989501953
  ],
  "curl": [
    2.5598568334405574
  ],
  "diameter": [
    14.864717419513903
  ],
  "elongation": [
    4.116132233820203
  ],
  "surface_area": [
    6076.559742065759
  ],
  "end_surface_area_head": [
    787.8217731477391
  ],
  "end_surface_area_tail": [
    1343.1715476617192
  ],
  "radius_head": [
    4.0747323053078075
  ],
  "radius_tail": [
    5.82761312538646
  ],
  "irregularity": [
    2.1266952730420208
  ],
  "irregularity_of_end_surface_head": [
    0.06620946191345525
  ],
  "irregularity_of_end_surface_tail": [
    0.0794327895750525
  ],
  "mean_curvature": [
    0.41239105231134143
  ],
  "fractal_dimension": [
    2.424031649830475
  ]
}