{
  "volume": [
    9542.974822044373
  ],
  "volume_endpoints": [
    1923.7056431770325
  ],
  "streamlines_count": [
    2768
  ],
  "avg_length": [
    63.39362335205078
  ],
  "std_length": [
    4.910055160522461
  ],
  "min_length": [
    50.42041778564453
  ],
  "max_length": [
    81.00236511230469
  ],
  "span": [
    28.909149169921875
  ],
  "curl": [
    2.192856765843797
  ],
  "diameter": [
    13.844400702572274
  ],
  "elongation": [
    4.579008128554984
  ],
  "surface_area": [
    5211.247302706766
  ],
  "end_surface_area_head": [
    916.9728834998275
  ],
  "end_surface_area_tail": [
    1020.2937717814982
  ],
  "radius_head": [
    4.342323112240389
  ],
  "radius_tail": [
    4.838661741845154
  ],
  "irregularity": [
    1.8900446968646514
  ],
  "irregularity_of_end_surface_head": [
    0.06460076367640198
  ],
  "irregularity_of_end_surface_tail": [
    0.07209002276653138
  ],
  "mean_curvature": [
    0.3808166704791991
  ],
  "fractal_dimension": [
    2.38923959523925
  ]
}