{
  "volume": [
    8113.272138595581
  ],
  "volume_endpoints": [
    1830.7168507575989
  ],
  "streamlines_count": [
    3021
  ],
  "avg_length": [
    57.15443801879883
  ],
  "std_length": [
    3.880833387374878
  ],
  "min_length": [
    47.163578033447266
  ],
  "max_length": [
    70.27117919921875
  ],
  "span": [
    26.201814651489258
  ],
  "curl": [
    2.181316018718966
  ],
  "diameter": [
    13.443987551209005
  ],
  "elongation": [
    4.251301022192555
  ],
  "surface_area": [
    4571.949306463928
  ],
  "end_surface_area_head": [
    807.1944397005524
  ],
  "end_surface_area_tail": [
    897.6002169470142
  ],
  "radius_head": [
    4.220307135172297
  ],
  "radius_tail": [
    4.836464887556536
  ],
  "irregularity": [
    1.893971646423148
  ],
  "irregularity_of_end_surface_head": [
    0.06932020323540758
  ],
  "irregularity_of_end_surface_tail": [
    0.08186966289542175
  ],
  "mean_curvature": [
    0.3834133411195648
  ],
  "fractal_dimension": [
    2.4014588189151365
  ]
}