{
  "volume": [
    13599.610891342163
  ],
  "volume_endpoints": [
    2859.405366897583
  ],
  "streamlines_count": [
    4230
  ],
  "avg_length": [
    70.35395050048828
  ],
  "std_length": [
    4.7090559005737305
  ],
  "min_length": [
    57.78133773803711
  ],
  "max_length": [
    85.4757308959961
  ],
  "span": [
    29.521059036254883
  ],
  "curl": [
    2.38317840881272
  ],
  "diameter": [
    15.688233917167638
  ],
  "elongation": [
    4.48450417503655
  ],
  "surface_area": [
    7058.10818074163
  ],
  "end_surface_area_head": [
    807.1944397005524
  ],
  "end_surface_area_tail": [
    1737.0824342355886
  ],
  "radius_head": [
    4.18447838109925
  ],
  "radius_tail": [
    6.209963352267513
  ],
  "irregularity": [
    2.0355224321646235
  ],
  "irregularity_of_end_surface_head": [
    0.06814819664941917
  ],
  "irregularity_of_end_surface_tail": [
    0.0697441070880007
  ],
  "mean_curvature": [
    0.37378536155601483
  ],
  "fractal_dimension": [
    2.428520085661683
  ]
}