{
  "volume": [
    6875.358839511871
  ],
  "volume_endpoints": [
    1383.2082872390747
  ],
  "streamlines_count": [
    1296
  ],
  "avg_length": [
    77.71099853515625
  ],
  "std_length": [
    4.452963352203369
  ],
  "min_length": [
    63.7928581237793
  ],
  "max_length": [
    92.453369140625
  ],
  "span": [
    35.20256042480469
  ],
  "curl": [
    2.2075382471440617
  ],
  "diameter": [
    10.613570268137082
  ],
  "elongation": [
    7.321852738701118
  ],
  "surface_area": [
    4752.760860956852
  ],
  "end_surface_area_head": [
    813.6519952181568
  ],
  "end_surface_area_tail": [
    613.4677741724198
  ],
  "radius_head": [
    4.07668437768736
  ],
  "radius_tail": [
    4.176360564605247
  ],
  "irregularity": [
    1.8342228581409792
  ],
  "irregularity_of_end_surface_head": [
    0.06416901267501016
  ],
  "irregularity_of_end_surface_tail": [
    0.08932110586245869
  ],
  "mean_curvature": [
    0.3657781312495102
  ],
  "fractal_dimension": [
    2.254279492813996
  ]
}