{
  "volume": [
    5096.948184490204
  ],
  "volume_endpoints": [
    1359.9610891342163
  ],
  "streamlines_count": [
    1610
  ],
  "avg_length": [
    66.31111145019531
  ],
  "std_length": [
    4.168712139129639
  ],
  "min_length": [
    55.77164840698242
  ],
  "max_length": [
    80.95384979248047
  ],
  "span": [
    31.304628372192383
  ],
  "curl": [
    2.1182526322241495
  ],
  "diameter": [
    9.892749563487492
  ],
  "elongation": [
    6.7030011246760655
  ],
  "surface_area": [
    3693.7217560697277
  ],
  "end_surface_area_head": [
    787.8217731477391
  ],
  "end_surface_area_tail": [
    497.23177485554027
  ],
  "radius_head": [
    4.0755512184394105
  ],
  "radius_tail": [
    3.532163872326306
  ],
  "irregularity": [
    1.7923011460659908
  ],
  "irregularity_of_end_surface_head": [
    0.06623607727962169
  ],
  "irregularity_of_end_surface_tail": [
    0.07882658049492051
  ],
  "mean_curvature": [
    0.3626493283680507
  ],
  "fractal_dimension": [
    2.274025923950015
  ]
}