{
  "volume": [
    5928.035516738892
  ],
  "volume_endpoints": [
    1406.455485343933
  ],
  "streamlines_count": [
    2033
  ],
  "avg_length": [
    68.51140594482422
  ],
  "std_length": [
    3.6311933994293213
  ],
  "min_length": [
    58.979217529296875
  ],
  "max_length": [
    80.34444427490234
  ],
  "span": [
    33.78451156616211
  ],
  "curl": [
    2.0278939303489554
  ],
  "diameter": [
    10.496125572939706
  ],
  "elongation": [
    6.527304334225478
  ],
  "surface_area": [
    4126.377975749224
  ],
  "end_surface_area_head": [
    600.552663137211
  ],
  "end_surface_area_tail": [
    833.02466177097
  ],
  "radius_head": [
    3.6142363104235815
  ],
  "radius_tail": [
    4.323979164172905
  ],
  "irregularity": [
    1.8265317942419599
  ],
  "irregularity_of_end_surface_head": [
    0.06833321668415926
  ],
  "irregularity_of_end_surface_tail": [
    0.07051137747159471
  ],
  "mean_curvature": [
    0.3565342826791661
  ],
  "fractal_dimension": [
    2.241962937298822
  ]
}