{
  "volume": [
    8647.957695007324
  ],
  "volume_endpoints": [
    1697.045461654663
  ],
  "streamlines_count": [
    2674
  ],
  "avg_length": [
    68.6377944946289
  ],
  "std_length": [
    4.273983001708984
  ],
  "min_length": [
    57.566436767578125
  ],
  "max_length": [
    83.66309356689453
  ],
  "span": [
    31.047658920288086
  ],
  "curl": [
    2.21072367069124
  ],
  "diameter": [
    12.665728591632332
  ],
  "elongation": [
    5.419174585816939
  ],
  "surface_area": [
    5069.181081319469
  ],
  "end_surface_area_head": [
    794.2793286653435
  ],
  "end_surface_area_tail": [
    858.8548838413877
  ],
  "radius_head": [
    4.079298957857141
  ],
  "radius_tail": [
    4.53422562828734
  ],
  "irregularity": [
    1.8560703585222413
  ],
  "irregularity_of_end_surface_head": [
    0.06581845468337608
  ],
  "irregularity_of_end_surface_tail": [
    0.07520320293163422
  ],
  "mean_curvature": [
    0.37832940917632074
  ],
  "fractal_dimension": [
    2.3331612458476907
  ]
}