{
  "volume": [
    11548.04565858841
  ],
  "volume_endpoints": [
    2987.264956474304
  ],
  "streamlines_count": [
    3479
  ],
  "avg_length": [
    63.93482208251953
  ],
  "std_length": [
    4.816096782684326
  ],
  "min_length": [
    49.183624267578125
  ],
  "max_length": [
    80.0102767944336
  ],
  "span": [
    30.336406707763672
  ],
  "curl": [
    2.107527852537571
  ],
  "diameter": [
    15.164935761963644
  ],
  "elongation": [
    4.215963924020004
  ],
  "surface_area": [
    6799.805960037454
  ],
  "end_surface_area_head": [
    942.8031055702452
  ],
  "end_surface_area_tail": [
    2092.2479877038318
  ],
  "radius_head": [
    4.390390754877099
  ],
  "radius_tail": [
    7.4676637471738765
  ],
  "irregularity": [
    2.232382509266731
  ],
  "irregularity_of_end_surface_head": [
    0.06422960018336703
  ],
  "irregularity_of_end_surface_tail": [
    0.08373484535911739
  ],
  "mean_curvature": [
    0.37951164773806445
  ],
  "fractal_dimension": [
    2.305284109129367
  ]
}