{
  "volume": [
    12065.295816421509
  ],
  "volume_endpoints": [
    3463.8325176239014
  ],
  "streamlines_count": [
    4166
  ],
  "avg_length": [
    62.84063720703125
  ],
  "std_length": [
    5.186091423034668
  ],
  "min_length": [
    45.623836517333984
  ],
  "max_length": [
    78.29623413085938
  ],
  "span": [
    28.31770896911621
  ],
  "curl": [
    2.2191285769468974
  ],
  "diameter": [
    15.635211357570462
  ],
  "elongation": [
    4.019174142894093
  ],
  "surface_area": [
    6489.8432951924415
  ],
  "end_surface_area_head": [
    891.1426614294098
  ],
  "end_surface_area_tail": [
    2337.6350973727995
  ],
  "radius_head": [
    4.30120869766608
  ],
  "radius_tail": [
    6.502238101938846
  ],
  "irregularity": [
    2.102519348504891
  ],
  "irregularity_of_end_surface_head": [
    0.06522043158437589
  ],
  "irregularity_of_end_surface_tail": [
    0.05681969404032134
  ],
  "mean_curvature": [
    0.38755908216413715
  ],
  "fractal_dimension": [
    2.3632337069348965
  ]
}