{
  "volume": [
    10054.413180351257
  ],
  "volume_endpoints": [
    1226.2897000312805
  ],
  "streamlines_count": [
    840
  ],
  "avg_length": [
    58.83563232421875
  ],
  "std_length": [
    5.719507217407227
  ],
  "min_length": [
    45.668792724609375
  ],
  "max_length": [
    77.32001495361328
  ],
  "span": [
    24.01397705078125
  ],
  "curl": [
    2.450057822567322
  ],
  "diameter": [
    14.75071971393162
  ],
  "elongation": [
    3.9886618053389102
  ],
  "surface_area": [
    5049.808414766656
  ],
  "end_surface_area_head": [
    678.043329348464
  ],
  "end_surface_area_tail": [
    665.1282183132552
  ],
  "radius_head": [
    3.7335770832074537
  ],
  "radius_tail": [
    3.9320266367438608
  ],
  "irregularity": [
    1.8521296867141976
  ],
  "irregularity_of_end_surface_head": [
    0.06458663666589802
  ],
  "irregularity_of_end_surface_tail": [
    0.07302598133241925
  ],
  "mean_curvature": [
    0.41291844376495906
  ],
  "fractal_dimension": [
    2.3406076123082253
  ]
}