{
  "volume": [
    5835.046724319458
  ],
  "volume_endpoints": [
    1534.3150749206543
  ],
  "streamlines_count": [
    1079
  ],
  "avg_length": [
    59.8270378112793
  ],
  "std_length": [
    4.117424964904785
  ],
  "min_length": [
    48.3484001159668
  ],
  "max_length": [
    73.25260162353516
  ],
  "span": [
    27.070415496826172
  ],
  "curl": [
    2.210052439656629
  ],
  "diameter": [
    11.143676040348094
  ],
  "elongation": [
    5.368698586953044
  ],
  "surface_area": [
    3835.7879774570247
  ],
  "end_surface_area_head": [
    949.2606610878496
  ],
  "end_surface_area_tail": [
    497.23177485554027
  ],
  "radius_head": [
    4.372781214181346
  ],
  "radius_tail": [
    3.4984037643605883
  ],
  "irregularity": [
    1.831381161100662
  ],
  "irregularity_of_end_surface_head": [
    0.06328195484433805
  ],
  "irregularity_of_end_surface_tail": [
    0.0773269467085377
  ],
  "mean_curvature": [
    0.3702446487184141
  ],
  "fractal_dimension": [
    2.2611647279510048
  ]
}