{
  "volume": [
    8938.547671318054
  ],
  "volume_endpoints": [
    2092.247829437256
  ],
  "streamlines_count": [
    2353
  ],
  "avg_length": [
    68.72905731201172
  ],
  "std_length": [
    3.8396084308624268
  ],
  "min_length": [
    57.2502326965332
  ],
  "max_length": [
    81.9000473022461
  ],
  "span": [
    32.89522171020508
  ],
  "curl": [
    2.0893325455438387
  ],
  "diameter": [
    12.868216115955079
  ],
  "elongation": [
    5.340993397429481
  ],
  "surface_area": [
    5288.737968918019
  ],
  "end_surface_area_head": [
    968.6333276406629
  ],
  "end_surface_area_tail": [
    981.5484386758717
  ],
  "radius_head": [
    4.500839115958274
  ],
  "radius_tail": [
    4.430090451137653
  ],
  "irregularity": [
    1.903458639681309
  ],
  "irregularity_of_end_surface_head": [
    0.06570182655909709
  ],
  "irregularity_of_end_surface_tail": [
    0.06281499407149993
  ],
  "mean_curvature": [
    0.36780102764399975
  ],
  "fractal_dimension": [
    2.3393236084879088
  ]
}