{
  "volume": [
    8386.426716327667
  ],
  "volume_endpoints": [
    1702.8572611808777
  ],
  "streamlines_count": [
    1914
  ],
  "avg_length": [
    77.07737731933594
  ],
  "std_length": [
    3.9805617332458496
  ],
  "min_length": [
    66.68811798095703
  ],
  "max_length": [
    89.30380249023438
  ],
  "span": [
    34.98093032836914
  ],
  "curl": [
    2.2034113042678873
  ],
  "diameter": [
    11.770097844427386
  ],
  "elongation": [
    6.548575750016268
  ],
  "surface_area": [
    5004.605526143425
  ],
  "end_surface_area_head": [
    949.2606610878496
  ],
  "end_surface_area_tail": [
    561.8073300315845
  ],
  "radius_head": [
    4.426183676461802
  ],
  "radius_tail": [
    3.669202864740001
  ],
  "irregularity": [
    1.7559533609465525
  ],
  "irregularity_of_end_surface_head": [
    0.06483705102970953
  ],
  "irregularity_of_end_surface_tail": [
    0.07528456047843282
  ],
  "mean_curvature": [
    0.36475561764733544
  ],
  "fractal_dimension": [
    2.3137845418174523
  ]
}