{
  "volume": [
    15011.87817621231
  ],
  "volume_endpoints": [
    2836.1581687927246
  ],
  "streamlines_count": [
    3995
  ],
  "avg_length": [
    73.67941284179688
  ],
  "std_length": [
    5.504169464111328
  ],
  "min_length": [
    54.5578498840332
  ],
  "max_length": [
    91.59571075439453
  ],
  "span": [
    29.840883255004883
  ],
  "curl": [
    2.469076140011353
  ],
  "diameter": [
    16.10643769267938
  ],
  "elongation": [
    4.57453188890336
  ],
  "surface_area": [
    8259.213507016051
  ],
  "end_surface_area_head": [
    897.6002169470142
  ],
  "end_surface_area_tail": [
    2027.6724325277876
  ],
  "radius_head": [
    4.4249097392976555
  ],
  "radius_tail": [
    6.430434861207987
  ],
  "irregularity": [
    2.2153541712069478
  ],
  "irregularity_of_end_surface_head": [
    0.06852921488881684
  ],
  "irregularity_of_end_surface_tail": [
    0.06406676018753671
  ],
  "mean_curvature": [
    0.37831017191478694
  ],
  "fractal_dimension": [
    2.322203154975589
  ]
}