{
  "volume": [
    21364.175058364868
  ],
  "volume_endpoints": [
    1255.3486976623535
  ],
  "streamlines_count": [
    1365
  ],
  "avg_length": [
    60.916221618652344
  ],
  "std_length": [
    27.751068115234375
  ],
  "min_length": [
    22.858333587646484
  ],
  "max_length": [
    150.50164794921875
  ],
  "span": [
    15.682286262512207
  ],
  "curl": [
    3.884396739030954
  ],
  "diameter": [
    21.131564136803096
  ],
  "elongation": [
    2.8827123834415835
  ],
  "surface_area": [
    14845.920134972559
  ],
  "end_surface_area_head": [
    432.6562196794961
  ],
  "end_surface_area_tail": [
    994.4635497110805
  ],
  "radius_head": [
    3.0638710253396
  ],
  "radius_tail": [
    5.274170855077214
  ],
  "irregularity": [
    3.6710698241914694
  ],
  "irregularity_of_end_surface_head": [
    0.06816287194493352
  ],
  "irregularity_of_end_surface_tail": [
    0.08787582033666179
  ],
  "mean_curvature": [
    0.40919483681738156
  ],
  "fractal_dimension": [
    2.2844672093240925
  ]
}