{
  "volume": [
    5614.198342323303
  ],
  "volume_endpoints": [
    1853.9640488624573
  ],
  "streamlines_count": [
    2026
  ],
  "avg_length": [
    34.710784912109375
  ],
  "std_length": [
    6.270702362060547
  ],
  "min_length": [
    20.729103088378906
  ],
  "max_length": [
    56.295841217041016
  ],
  "span": [
    15.25202751159668
  ],
  "curl": [
    2.275814470287146
  ],
  "diameter": [
    14.350489587713641
  ],
  "elongation": [
    2.4187875054679298
  ],
  "surface_area": [
    3435.419535365551
  ],
  "end_surface_area_head": [
    981.5484386758717
  ],
  "end_surface_area_tail": [
    826.5671062533656
  ],
  "radius_head": [
    4.623915051467092
  ],
  "radius_tail": [
    4.157879008807086
  ],
  "irregularity": [
    2.1953246601584153
  ],
  "irregularity_of_end_surface_head": [
    0.06843177890504058
  ],
  "irregularity_of_end_surface_tail": [
    0.06570757651996828
  ],
  "mean_curvature": [
    0.4320780010884747
  ],
  "fractal_dimension": [
    2.43778277054401
  ]
}