{
  "volume": [
    9293.067442417145
  ],
  "volume_endpoints": [
    2115.4950275421143
  ],
  "streamlines_count": [
    1338
  ],
  "avg_length": [
    63.55965805053711
  ],
  "std_length": [
    8.759063720703125
  ],
  "min_length": [
    41.19160461425781
  ],
  "max_length": [
    91.31893157958984
  ],
  "span": [
    27.72273826599121
  ],
  "curl": [
    2.2926904781447486
  ],
  "diameter": [
    13.644066510005901
  ],
  "elongation": [
    4.658410159751531
  ],
  "surface_area": [
    5734.309299632724
  ],
  "end_surface_area_head": [
    1065.496660404729
  ],
  "end_surface_area_tail": [
    1285.0535480032795
  ],
  "radius_head": [
    4.490058990226937
  ],
  "radius_tail": [
    5.238525479137522
  ],
  "irregularity": [
    2.104775897676689
  ],
  "irregularity_of_end_surface_head": [
    0.059443157940463585
  ],
  "irregularity_of_end_surface_tail": [
    0.06708829717289506
  ],
  "mean_curvature": [
    0.3785350709396271
  ],
  "fractal_dimension": [
    2.3024213424106628
  ]
}