{
  "volume": [
    6491.780070781708
  ],
  "volume_endpoints": [
    796.2165350914001
  ],
  "streamlines_count": [
    205
  ],
  "avg_length": [
    62.2204475402832
  ],
  "std_length": [
    5.853163242340088
  ],
  "min_length": [
    43.53912353515625
  ],
  "max_length": [
    78.29275512695312
  ],
  "span": [
    23.472482681274414
  ],
  "curl": [
    2.650782551856803
  ],
  "diameter": [
    11.525781792011694
  ],
  "elongation": [
    5.398371118166322
  ],
  "surface_area": [
    4391.137751971005
  ],
  "end_surface_area_head": [
    523.0619969259579
  ],
  "end_surface_area_tail": [
    703.8735514188817
  ],
  "radius_head": [
    3.2801376343668975
  ],
  "radius_tail": [
    3.795967217399225
  ],
  "irregularity": [
    1.949053071578725
  ],
  "irregularity_of_end_surface_head": [
    0.06462206611886112
  ],
  "irregularity_of_end_surface_tail": [
    0.06431320196915913
  ],
  "mean_curvature": [
    0.4149420004065444
  ],
  "fractal_dimension": [
    2.2723240930056487
  ]
}