{
  "volume": [
    7781.999565601349
  ],
  "volume_endpoints": [
    1697.045461654663
  ],
  "streamlines_count": [
    2218
  ],
  "avg_length": [
    74.22427368164062
  ],
  "std_length": [
    4.999594688415527
  ],
  "min_length": [
    58.1385383605957
  ],
  "max_length": [
    90.76751708984375
  ],
  "span": [
    34.76313781738281
  ],
  "curl": [
    2.1351430952969337
  ],
  "diameter": [
    11.553875466079264
  ],
  "elongation": [
    6.424188481133783
  ],
  "surface_area": [
    5056.26597028426
  ],
  "end_surface_area_head": [
    949.2606610878496
  ],
  "end_surface_area_tail": [
    768.4491065949259
  ],
  "radius_head": [
    4.433101494014071
  ],
  "radius_tail": [
    4.8751843186465464
  ],
  "irregularity": [
    1.8767498909364324
  ],
  "irregularity_of_end_surface_head": [
    0.06503988102221346
  ],
  "irregularity_of_end_surface_tail": [
    0.09716656334352755
  ],
  "mean_curvature": [
    0.36557437298102247
  ],
  "fractal_dimension": [
    2.2562379397582806
  ]
}