{
  "volume": [
    7305.432004451752
  ],
  "volume_endpoints": [
    1749.3516573905945
  ],
  "streamlines_count": [
    1945
  ],
  "avg_length": [
    79.55933380126953
  ],
  "std_length": [
    4.196697235107422
  ],
  "min_length": [
    67.03003692626953
  ],
  "max_length": [
    93.92398834228516
  ],
  "span": [
    38.19852066040039
  ],
  "curl": [
    2.0827857316408336
  ],
  "diameter": [
    10.81265738229989
  ],
  "elongation": [
    7.35798157551044
  ],
  "surface_area": [
    5082.096192354677
  ],
  "end_surface_area_head": [
    968.6333276406629
  ],
  "end_surface_area_tail": [
    981.5484386758717
  ],
  "radius_head": [
    4.387258592463013
  ],
  "radius_tail": [
    4.4282867111677
  ],
  "irregularity": [
    1.880483073360213
  ],
  "irregularity_of_end_surface_head": [
    0.06242764203608197
  ],
  "irregularity_of_end_surface_tail": [
    0.06276385342280896
  ],
  "mean_curvature": [
    0.35771038140000294
  ],
  "fractal_dimension": [
    2.193345473602484
  ]
}