{
  "volume": [
    10478.674545764923
  ],
  "volume_endpoints": [
    2063.188831806183
  ],
  "streamlines_count": [
    2325
  ],
  "avg_length": [
    67.02704620361328
  ],
  "std_length": [
    4.943206310272217
  ],
  "min_length": [
    50.73987579345703
  ],
  "max_length": [
    84.4540786743164
  ],
  "span": [
    26.93583106994629
  ],
  "curl": [
    2.4883971847595543
  ],
  "diameter": [
    14.10857641627534
  ],
  "elongation": [
    4.750801514339346
  ],
  "surface_area": [
    5682.648855491889
  ],
  "end_surface_area_head": [
    955.718216605454
  ],
  "end_surface_area_tail": [
    839.4822172885745
  ],
  "radius_head": [
    4.431653370021631
  ],
  "radius_tail": [
    4.065360327477803
  ],
  "irregularity": [
    1.9127916721340052
  ],
  "irregularity_of_end_surface_head": [
    0.06455822430637186
  ],
  "irregularity_of_end_surface_tail": [
    0.06184953818246961
  ],
  "mean_curvature": [
    0.3884659900075646
  ],
  "fractal_dimension": [
    2.3827189355030924
  ]
}