{
  "volume": [
    7909.85915517807
  ],
  "volume_endpoints": [
    1551.750473499298
  ],
  "streamlines_count": [
    1380
  ],
  "avg_length": [
    77.6524658203125
  ],
  "std_length": [
    4.285003185272217
  ],
  "min_length": [
    65.18949890136719
  ],
  "max_length": [
    89.904052734375
  ],
  "span": [
    35.17828369140625
  ],
  "curl": [
    2.2073977940908565
  ],
  "diameter": [
    11.388376302510988
  ],
  "elongation": [
    6.818572179002476
  ],
  "surface_area": [
    5301.653079953228
  ],
  "end_surface_area_head": [
    1084.8693269575424
  ],
  "end_surface_area_tail": [
    574.7224410667933
  ],
  "radius_head": [
    4.781966162904495
  ],
  "radius_tail": [
    4.4062440102202896
  ],
  "irregularity": [
    1.9082899933922555
  ],
  "irregularity_of_end_surface_head": [
    0.06621943025468523
  ],
  "irregularity_of_end_surface_tail": [
    0.10612771296357475
  ],
  "mean_curvature": [
    0.3569451144424038
  ],
  "fractal_dimension": [
    2.2668669770387355
  ]
}