{
  "volume": [
    6212.813693523407
  ],
  "volume_endpoints": [
    1476.1970796585083
  ],
  "streamlines_count": [
    2105
  ],
  "avg_length": [
    79.5995864868164
  ],
  "std_length": [
    4.349727153778076
  ],
  "min_length": [
    67.0887451171875
  ],
  "max_length": [
    94.33417510986328
  ],
  "span": [
    39.12824249267578
  ],
  "curl": [
    2.034325628137176
  ],
  "diameter": [
    9.968821478237697
  ],
  "elongation": [
    7.98485424386275
  ],
  "surface_area": [
    4300.731974724543
  ],
  "end_surface_area_head": [
    929.8879945350363
  ],
  "end_surface_area_tail": [
    523.0619969259579
  ],
  "radius_head": [
    4.467834760172371
  ],
  "radius_tail": [
    3.5322172766437374
  ],
  "irregularity": [
    1.7251937446020293
  ],
  "irregularity_of_end_surface_head": [
    0.06743935955034439
  ],
  "irregularity_of_end_surface_tail": [
    0.07493617578688727
  ],
  "mean_curvature": [
    0.3374025611158221
  ],
  "fractal_dimension": [
    2.2469805564722556
  ]
}