{
  "volume": [
    10670.463930130005
  ],
  "volume_endpoints": [
    2580.438989639282
  ],
  "streamlines_count": [
    3169
  ],
  "avg_length": [
    78.00624084472656
  ],
  "std_length": [
    5.934765815734863
  ],
  "min_length": [
    62.22874450683594
  ],
  "max_length": [
    95.4768295288086
  ],
  "span": [
    37.3844108581543
  ],
  "curl": [
    2.086598104774248
  ],
  "diameter": [
    13.197207208351802
  ],
  "elongation": [
    5.910814281627753
  ],
  "surface_area": [
    6037.814408960132
  ],
  "end_surface_area_head": [
    1220.477992827235
  ],
  "end_surface_area_tail": [
    1084.8693269575424
  ],
  "radius_head": [
    5.148862613423405
  ],
  "radius_tail": [
    5.138704104304365
  ],
  "irregularity": [
    1.8668890210017377
  ],
  "irregularity_of_end_surface_head": [
    0.06824055140174362
  ],
  "irregularity_of_end_surface_tail": [
    0.0764679881639644
  ],
  "mean_curvature": [
    0.3595451223206994
  ],
  "fractal_dimension": [
    2.3917002302147097
  ]
}