{
  "volume": [
    8857.18247795105
  ],
  "volume_endpoints": [
    1586.6212706565857
  ],
  "streamlines_count": [
    3023
  ],
  "avg_length": [
    71.79328155517578
  ],
  "std_length": [
    5.302989959716797
  ],
  "min_length": [
    53.420738220214844
  ],
  "max_length": [
    86.97712707519531
  ],
  "span": [
    31.026145935058594
  ],
  "curl": [
    2.313960673860287
  ],
  "diameter": [
    12.533170652178878
  ],
  "elongation": [
    5.728261710271582
  ],
  "surface_area": [
    5702.021522044702
  ],
  "end_surface_area_head": [
    839.4822172885745
  ],
  "end_surface_area_tail": [
    1104.2419935103558
  ],
  "radius_head": [
    4.418660916934762
  ],
  "radius_tail": [
    5.597756324242068
  ],
  "irregularity": [
    2.0171315476475034
  ],
  "irregularity_of_end_surface_head": [
    0.07306673864267611
  ],
  "irregularity_of_end_surface_tail": [
    0.08914840804736064
  ],
  "mean_curvature": [
    0.35658705283820213
  ],
  "fractal_dimension": [
    2.316863952980175
  ]
}