{
  "volume": [
    10780.888121128082
  ],
  "volume_endpoints": [
    2231.7310180664062
  ],
  "streamlines_count": [
    3496
  ],
  "avg_length": [
    62.35335159301758
  ],
  "std_length": [
    6.782786846160889
  ],
  "min_length": [
    43.37687301635742
  ],
  "max_length": [
    85.18952178955078
  ],
  "span": [
    26.784883499145508
  ],
  "curl": [
    2.327930662644352
  ],
  "diameter": [
    14.83721628962563
  ],
  "elongation": [
    4.202496639252731
  ],
  "surface_area": [
    6354.234629322748
  ],
  "end_surface_area_head": [
    929.8879945350363
  ],
  "end_surface_area_tail": [
    1446.4924359433899
  ],
  "radius_head": [
    4.642346330755652
  ],
  "radius_tail": [
    6.615962204670333
  ],
  "irregularity": [
    2.186256653696395
  ],
  "irregularity_of_end_surface_head": [
    0.07281054897735764
  ],
  "irregularity_of_end_surface_tail": [
    0.09506479955170741
  ],
  "mean_curvature": [
    0.3777808437648163
  ],
  "fractal_dimension": [
    2.3569848252091825
  ]
}