{
  "volume": [
    8659.581294059753
  ],
  "volume_endpoints": [
    2069.0006313323975
  ],
  "streamlines_count": [
    3354
  ],
  "avg_length": [
    74.50560760498047
  ],
  "std_length": [
    5.224705219268799
  ],
  "min_length": [
    61.949951171875
  ],
  "max_length": [
    90.80719757080078
  ],
  "span": [
    35.93412780761719
  ],
  "curl": [
    2.073394072728462
  ],
  "diameter": [
    12.164913515387086
  ],
  "elongation": [
    6.124631096697913
  ],
  "surface_area": [
    5301.653079953228
  ],
  "end_surface_area_head": [
    1039.6664383343114
  ],
  "end_surface_area_tail": [
    833.02466177097
  ],
  "radius_head": [
    4.757597434860381
  ],
  "radius_tail": [
    4.494267400158709
  ],
  "irregularity": [
    1.8619304160369134
  ],
  "irregularity_of_end_surface_head": [
    0.06839608300632537
  ],
  "irregularity_of_end_surface_tail": [
    0.07617453833789746
  ],
  "mean_curvature": [
    0.3446650233921652
  ],
  "fractal_dimension": [
    2.34524571530556
  ]
}