{
  "volume": [
    8491.03910779953
  ],
  "volume_endpoints": [
    2301.4726123809814
  ],
  "streamlines_count": [
    3805
  ],
  "avg_length": [
    59.90260696411133
  ],
  "std_length": [
    5.545345783233643
  ],
  "min_length": [
    42.19050598144531
  ],
  "max_length": [
    77.44098663330078
  ],
  "span": [
    27.08184051513672
  ],
  "curl": [
    2.2119104840983854
  ],
  "diameter": [
    13.434225016356427
  ],
  "elongation": [
    4.458955160508236
  ],
  "surface_area": [
    4965.860193037798
  ],
  "end_surface_area_head": [
    968.6333276406629
  ],
  "end_surface_area_tail": [
    1117.1571045455644
  ],
  "radius_head": [
    4.607009673744327
  ],
  "radius_tail": [
    4.788752152402621
  ],
  "irregularity": [
    1.964202566555061
  ],
  "irregularity_of_end_surface_head": [
    0.06883807440318078
  ],
  "irregularity_of_end_surface_tail": [
    0.06448821281233402
  ],
  "mean_curvature": [
    0.3737439048274588
  ],
  "fractal_dimension": [
    2.3572867331226
  ]
}