{
  "volume": [
    17319.162588119507
  ],
  "volume_endpoints": [
    3516.1387133598328
  ],
  "streamlines_count": [
    4831
  ],
  "avg_length": [
    72.58275604248047
  ],
  "std_length": [
    6.4575982093811035
  ],
  "min_length": [
    56.050262451171875
  ],
  "max_length": [
    92.48800659179688
  ],
  "span": [
    30.34372329711914
  ],
  "curl": [
    2.392018781998699
  ],
  "diameter": [
    17.4301761676092
  ],
  "elongation": [
    4.16420094349719
  ],
  "surface_area": [
    9311.795056385572
  ],
  "end_surface_area_head": [
    1020.2937717814982
  ],
  "end_surface_area_tail": [
    2098.705543221436
  ],
  "radius_head": [
    4.703351656358406
  ],
  "radius_tail": [
    8.871024023594968
  ],
  "irregularity": [
    2.3428706128784023
  ],
  "irregularity_of_end_surface_head": [
    0.06811449466596518
  ],
  "irregularity_of_end_surface_tail": [
    0.1178001582324111
  ],
  "mean_curvature": [
    0.3617187297398495
  ],
  "fractal_dimension": [
    2.4098732670335163
  ]
}