{
  "volume": [
    8572.404301166534
  ],
  "volume_endpoints": [
    1819.0932517051697
  ],
  "streamlines_count": [
    702
  ],
  "avg_length": [
    67.2250747680664
  ],
  "std_length": [
    7.389409065246582
  ],
  "min_length": [
    48.8480224609375
  ],
  "max_length": [
    90.43091583251953
  ],
  "span": [
    25.078306198120117
  ],
  "curl": [
    2.6806066660556858
  ],
  "diameter": [
    12.742091961433065
  ],
  "elongation": [
    5.275827153935075
  ],
  "surface_area": [
    6444.64040656921
  ],
  "end_surface_area_head": [
    1252.7657704152573
  ],
  "end_surface_area_tail": [
    1117.1571045455644
  ],
  "radius_head": [
    5.6484746111154225
  ],
  "radius_tail": [
    4.537114282763472
  ],
  "irregularity": [
    2.3948415705176664
  ],
  "irregularity_of_end_surface_head": [
    0.0800096473422038
  ],
  "irregularity_of_end_surface_tail": [
    0.057888868131705115
  ],
  "mean_curvature": [
    0.3997624507996431
  ],
  "fractal_dimension": [
    2.2050895360668705
  ]
}