{
  "volume": [
    17156.432201385498
  ],
  "volume_endpoints": [
    3231.3605365753174
  ],
  "streamlines_count": [
    3174
  ],
  "avg_length": [
    77.06117248535156
  ],
  "std_length": [
    7.476505279541016
  ],
  "min_length": [
    55.43988800048828
  ],
  "max_length": [
    101.4000473022461
  ],
  "span": [
    29.789098739624023
  ],
  "curl": [
    2.586891706893049
  ],
  "diameter": [
    16.836458424407162
  ],
  "elongation": [
    4.577041711672507
  ],
  "surface_area": [
    8988.917280505351
  ],
  "end_surface_area_head": [
    1007.3786607462894
  ],
  "end_surface_area_tail": [
    2105.163098739041
  ],
  "radius_head": [
    4.649238872542569
  ],
  "radius_tail": [
    7.798859355458747
  ],
  "irregularity": [
    2.2053176659515716
  ],
  "irregularity_of_end_surface_head": [
    0.06740945972026359
  ],
  "irregularity_of_end_surface_tail": [
    0.09076664870969563
  ],
  "mean_curvature": [
    0.38380266343863717
  ],
  "fractal_dimension": [
    2.4175305523498776
  ]
}