{
  "volume": [
    6119.824901103973
  ],
  "volume_endpoints": [
    1197.2307024002075
  ],
  "streamlines_count": [
    738
  ],
  "avg_length": [
    83.3492202758789
  ],
  "std_length": [
    4.4268412590026855
  ],
  "min_length": [
    69.0311279296875
  ],
  "max_length": [
    96.64881896972656
  ],
  "span": [
    39.412017822265625
  ],
  "curl": [
    2.114817380113717
  ],
  "diameter": [
    9.668826936598673
  ],
  "elongation": [
    8.62040667626219
  ],
  "surface_area": [
    4462.170862664653
  ],
  "end_surface_area_head": [
    968.6333276406629
  ],
  "end_surface_area_tail": [
    316.42022036261653
  ],
  "radius_head": [
    4.291155171460931
  ],
  "radius_tail": [
    2.9841476164543703
  ],
  "irregularity": [
    1.7624670039519785
  ],
  "irregularity_of_end_surface_head": [
    0.05972262711607219
  ],
  "irregularity_of_end_surface_tail": [
    0.0884150606312906
  ],
  "mean_curvature": [
    0.3597482550677245
  ],
  "fractal_dimension": [
    2.181593119515354
  ]
}