{
  "volume": [
    5404.973559379578
  ],
  "volume_endpoints": [
    941.5115232467651
  ],
  "streamlines_count": [
    357
  ],
  "avg_length": [
    66.5450439453125
  ],
  "std_length": [
    6.276922702789307
  ],
  "min_length": [
    53.36455154418945
  ],
  "max_length": [
    86.53517150878906
  ],
  "span": [
    29.044675827026367
  ],
  "curl": [
    2.291127101628439
  ],
  "diameter": [
    10.169368576537059
  ],
  "elongation": [
    6.543675100816619
  ],
  "surface_area": [
    3990.7693098795307
  ],
  "end_surface_area_head": [
    632.8404407252331
  ],
  "end_surface_area_tail": [
    684.5008848660684
  ],
  "radius_head": [
    3.3805480971922517
  ],
  "radius_tail": [
    4.618323264134343
  ],
  "irregularity": [
    1.87714165343465
  ],
  "irregularity_of_end_surface_head": [
    0.056732234187714115
  ],
  "irregularity_of_end_surface_tail": [
    0.09789139463573562
  ],
  "mean_curvature": [
    0.3725587329944643
  ],
  "fractal_dimension": [
    2.247963085682627
  ]
}