{
  "volume": [
    12669.722967147827
  ],
  "volume_endpoints": [
    2673.427782058716
  ],
  "streamlines_count": [
    2452
  ],
  "avg_length": [
    71.12935638427734
  ],
  "std_length": [
    6.741204738616943
  ],
  "min_length": [
    51.8465461730957
  ],
  "max_length": [
    93.69193267822266
  ],
  "span": [
    30.490829467773438
  ],
  "curl": [
    2.332811459244027
  ],
  "diameter": [
    15.05962574919736
  ],
  "elongation": [
    4.723182207105536
  ],
  "surface_area": [
    6690.027516238179
  ],
  "end_surface_area_head": [
    1013.8362162638938
  ],
  "end_surface_area_tail": [
    1369.0017697321368
  ],
  "radius_head": [
    4.602281459492284
  ],
  "radius_tail": [
    5.234061705904974
  ],
  "irregularity": [
    1.9879935596780403
  ],
  "irregularity_of_end_surface_head": [
    0.06563393185740136
  ],
  "irregularity_of_end_surface_tail": [
    0.0628671163058605
  ],
  "mean_curvature": [
    0.39644034313824983
  ],
  "fractal_dimension": [
    2.43758884067202
  ]
}