{
  "volume": [
    16331.156668663025
  ],
  "volume_endpoints": [
    4329.790647029877
  ],
  "streamlines_count": [
    3952
  ],
  "avg_length": [
    67.34281921386719
  ],
  "std_length": [
    6.254837512969971
  ],
  "min_length": [
    46.74103927612305
  ],
  "max_length": [
    87.26512908935547
  ],
  "span": [
    29.645530700683594
  ],
  "curl": [
    2.2716010684306736
  ],
  "diameter": [
    17.57186609465863
  ],
  "elongation": [
    3.8324227404815914
  ],
  "surface_area": [
    8595.006393931482
  ],
  "end_surface_area_head": [
    981.5484386758717
  ],
  "end_surface_area_tail": [
    3241.6928698374186
  ],
  "radius_head": [
    4.5380950653589105
  ],
  "radius_tail": [
    7.45325531194756
  ],
  "irregularity": [
    2.311996395924341
  ],
  "irregularity_of_end_surface_head": [
    0.06591516064738225
  ],
  "irregularity_of_end_surface_tail": [
    0.05383565526716201
  ],
  "mean_curvature": [
    0.39502376084958735
  ],
  "fractal_dimension": [
    2.4362450318579163
  ]
}