{
  "volume": [
    13291.58551645279
  ],
  "volume_endpoints": [
    2516.5091948509216
  ],
  "streamlines_count": [
    2954
  ],
  "avg_length": [
    77.12541961669922
  ],
  "std_length": [
    5.812917232513428
  ],
  "min_length": [
    62.49652862548828
  ],
  "max_length": [
    97.02764129638672
  ],
  "span": [
    33.96089553833008
  ],
  "curl": [
    2.2710066502707904
  ],
  "diameter": [
    14.813056668572344
  ],
  "elongation": [
    5.206583714779809
  ],
  "surface_area": [
    7064.565736259235
  ],
  "end_surface_area_head": [
    988.0059941934761
  ],
  "end_surface_area_tail": [
    1291.5111035208838
  ],
  "radius_head": [
    4.556613211177049
  ],
  "radius_tail": [
    5.158823272124732
  ],
  "irregularity": [
    1.9683094326957051
  ],
  "irregularity_of_end_surface_head": [
    0.06601986367783866
  ],
  "irregularity_of_end_surface_tail": [
    0.06473706846750778
  ],
  "mean_curvature": [
    0.37945731623841045
  ],
  "fractal_dimension": [
    2.4114661829444186
  ]
}