{
  "volume": [
    10252.014364242554
  ],
  "volume_endpoints": [
    2394.461404800415
  ],
  "streamlines_count": [
    3282
  ],
  "avg_length": [
    74.71138763427734
  ],
  "std_length": [
    4.776571273803711
  ],
  "min_length": [
    61.1633186340332
  ],
  "max_length": [
    89.07171630859375
  ],
  "span": [
    34.17848587036133
  ],
  "curl": [
    2.18591858977185
  ],
  "diameter": [
    13.218015625995335
  ],
  "elongation": [
    5.652239318536248
  ],
  "surface_area": [
    5902.205743090439
  ],
  "end_surface_area_head": [
    1007.3786607462894
  ],
  "end_surface_area_tail": [
    1394.8319918025545
  ],
  "radius_head": [
    4.824614064614826
  ],
  "radius_tail": [
    5.357413755015139
  ],
  "irregularity": [
    1.90244192429428
  ],
  "irregularity_of_end_surface_head": [
    0.07259091702929725
  ],
  "irregularity_of_end_surface_tail": [
    0.06464550756848979
  ],
  "mean_curvature": [
    0.36809653133644266
  ],
  "fractal_dimension": [
    2.377263584300773
  ]
}