{
  "volume": [
    8514.286305904388
  ],
  "volume_endpoints": [
    2400.2732043266296
  ],
  "streamlines_count": [
    3325
  ],
  "avg_length": [
    63.41481018066406
  ],
  "std_length": [
    4.662490367889404
  ],
  "min_length": [
    51.2789421081543
  ],
  "max_length": [
    78.30032348632812
  ],
  "span": [
    28.33416748046875
  ],
  "curl": [
    2.238103880213775
  ],
  "diameter": [
    13.07476331603931
  ],
  "elongation": [
    4.850168882435577
  ],
  "surface_area": [
    5082.096192354677
  ],
  "end_surface_area_head": [
    955.718216605454
  ],
  "end_surface_area_tail": [
    1414.2046583553679
  ],
  "radius_head": [
    4.741388812164084
  ],
  "radius_tail": [
    5.6546895957638865
  ],
  "irregularity": [
    1.9510503428309356
  ],
  "irregularity_of_end_surface_head": [
    0.07389773884647301
  ],
  "irregularity_of_end_surface_tail": [
    0.07103218096268898
  ],
  "mean_curvature": [
    0.372744134449421
  ],
  "fractal_dimension": [
    2.2973708871729723
  ]
}