{
  "volume": [
    10769.264522075653
  ],
  "volume_endpoints": [
    2196.8602209091187
  ],
  "streamlines_count": [
    2327
  ],
  "avg_length": [
    74.9659652709961
  ],
  "std_length": [
    8.865224838256836
  ],
  "min_length": [
    52.770870208740234
  ],
  "max_length": [
    99.54776000976562
  ],
  "span": [
    30.708187103271484
  ],
  "curl": [
    2.4412370883011074
  ],
  "diameter": [
    13.52433789963073
  ],
  "elongation": [
    5.543041428522942
  ],
  "surface_area": [
    6296.116629664309
  ],
  "end_surface_area_head": [
    1052.5815493695204
  ],
  "end_surface_area_tail": [
    1330.2564366265103
  ],
  "radius_head": [
    4.7802392770740845
  ],
  "radius_tail": [
    6.145433963638954
  ],
  "irregularity": [
    1.976709007855544
  ],
  "irregularity_of_end_surface_head": [
    0.06820141600168257
  ],
  "irregularity_of_end_surface_tail": [
    0.08919070900046018
  ],
  "mean_curvature": [
    0.3748669929267718
  ],
  "fractal_dimension": [
    2.3593811926467048
  ]
}