{
  "volume": [
    11577.104656219482
  ],
  "volume_endpoints": [
    2272.4136147499084
  ],
  "streamlines_count": [
    2363
  ],
  "avg_length": [
    68.56243133544922
  ],
  "std_length": [
    4.42303991317749
  ],
  "min_length": [
    55.47419738769531
  ],
  "max_length": [
    82.18992614746094
  ],
  "span": [
    32.139251708984375
  ],
  "curl": [
    2.1332927087497473
  ],
  "diameter": [
    14.662631969997776
  ],
  "elongation": [
    4.675997561402315
  ],
  "surface_area": [
    6476.928184157232
  ],
  "end_surface_area_head": [
    1065.496660404729
  ],
  "end_surface_area_tail": [
    1304.4262145560926
  ],
  "radius_head": [
    4.789132846673657
  ],
  "radius_tail": [
    6.128851445640094
  ],
  "irregularity": [
    2.050789404615602
  ],
  "irregularity_of_end_surface_head": [
    0.06762566491279094
  ],
  "irregularity_of_end_surface_tail": [
    0.09046665742952588
  ],
  "mean_curvature": [
    0.37678358289229885
  ],
  "fractal_dimension": [
    2.352800433558339
  ]
}