{
  "volume": [
    7543.71578502655
  ],
  "volume_endpoints": [
    1702.8572611808777
  ],
  "streamlines_count": [
    1491
  ],
  "avg_length": [
    78.62837982177734
  ],
  "std_length": [
    5.367959499359131
  ],
  "min_length": [
    60.58050537109375
  ],
  "max_length": [
    96.05884552001953
  ],
  "span": [
    36.60024642944336
  ],
  "curl": [
    2.1483019239598375
  ],
  "diameter": [
    11.052437169087888
  ],
  "elongation": [
    7.114121403167969
  ],
  "surface_area": [
    5127.2990809779085
  ],
  "end_surface_area_head": [
    1020.2937717814982
  ],
  "end_surface_area_tail": [
    626.3828852076286
  ],
  "radius_head": [
    4.611309954846918
  ],
  "radius_tail": [
    4.488132200277818
  ],
  "irregularity": [
    1.8780251190041006
  ],
  "irregularity_of_end_surface_head": [
    0.06547466224765429
  ],
  "irregularity_of_end_surface_tail": [
    0.10102788737435733
  ],
  "mean_curvature": [
    0.36666465593135894
  ],
  "fractal_dimension": [
    2.2451722630512942
  ]
}