{
  "volume": [
    18766.300670146942
  ],
  "volume_endpoints": [
    2789.663772583008
  ],
  "streamlines_count": [
    3353
  ],
  "avg_length": [
    69.80987548828125
  ],
  "std_length": [
    7.794953346252441
  ],
  "min_length": [
    48.8517951965332
  ],
  "max_length": [
    94.18904876708984
  ],
  "span": [
    26.789932250976562
  ],
  "curl": [
    2.6058250104658813
  ],
  "diameter": [
    18.500606361236485
  ],
  "elongation": [
    3.7733831056775977
  ],
  "surface_area": [
    9156.813723963067
  ],
  "end_surface_area_head": [
    1407.7471028377634
  ],
  "end_surface_area_tail": [
    910.5153279822231
  ],
  "radius_head": [
    5.247200730148449
  ],
  "radius_tail": [
    4.540210984776645
  ],
  "irregularity": [
    2.256792763899618
  ],
  "irregularity_of_end_surface_head": [
    0.06144415656664206
  ],
  "irregularity_of_end_surface_tail": [
    0.07112375571135833
  ],
  "mean_curvature": [
    0.3878742727972378
  ],
  "fractal_dimension": [
    2.4263341413831174
  ]
}