{
  "volume": [
    10013.730583667755
  ],
  "volume_endpoints": [
    1906.2702445983887
  ],
  "streamlines_count": [
    2392
  ],
  "avg_length": [
    72.68614959716797
  ],
  "std_length": [
    5.118274688720703
  ],
  "min_length": [
    57.54353713989258
  ],
  "max_length": [
    89.79256439208984
  ],
  "span": [
    29.671110153198242
  ],
  "curl": [
    2.4497280088905993
  ],
  "diameter": [
    13.244244172299286
  ],
  "elongation": [
    5.48813119507364
  ],
  "surface_area": [
    6005.5266313721095
  ],
  "end_surface_area_head": [
    858.8548838413877
  ],
  "end_surface_area_tail": [
    1065.496660404729
  ],
  "radius_head": [
    4.264192746067364
  ],
  "radius_tail": [
    5.302400381901103
  ],
  "irregularity": [
    1.9857399903205053
  ],
  "irregularity_of_end_surface_head": [
    0.06651257125219334
  ],
  "irregularity_of_end_surface_tail": [
    0.08289776388587665
  ],
  "mean_curvature": [
    0.38194506678942053
  ],
  "fractal_dimension": [
    2.287093808948802
  ]
}