{
  "volume": [
    4632.004222393036
  ],
  "volume_endpoints": [
    1848.1522493362427
  ],
  "streamlines_count": [
    2922
  ],
  "avg_length": [
    26.88597869873047
  ],
  "std_length": [
    5.762572288513184
  ],
  "min_length": [
    20.09000015258789
  ],
  "max_length": [
    49.53243637084961
  ],
  "span": [
    12.575713157653809
  ],
  "curl": [
    2.13792874898448
  ],
  "diameter": [
    14.810734866609499
  ],
  "elongation": [
    1.8153034903990053
  ],
  "surface_area": [
    3144.829537073352
  ],
  "end_surface_area_head": [
    613.4677741724198
  ],
  "end_surface_area_tail": [
    1317.3413255913015
  ],
  "radius_head": [
    3.787412200452682
  ],
  "radius_tail": [
    5.112042523186479
  ],
  "irregularity": [
    2.5138813695970934
  ],
  "irregularity_of_end_surface_head": [
    0.07345870475304293
  ],
  "irregularity_of_end_surface_tail": [
    0.06232186942774529
  ],
  "mean_curvature": [
    0.4275807011910777
  ],
  "fractal_dimension": [
    2.338072394485031
  ]
}