{
  "volume": [
    18841.854063987732
  ],
  "volume_endpoints": [
    3847.411286354065
  ],
  "streamlines_count": [
    4407
  ],
  "avg_length": [
    73.70238494873047
  ],
  "std_length": [
    5.727320671081543
  ],
  "min_length": [
    57.98927688598633
  ],
  "max_length": [
    91.63362884521484
  ],
  "span": [
    29.829483032226562
  ],
  "curl": [
    2.4707898849304697
  ],
  "diameter": [
    18.041643892601115
  ],
  "elongation": [
    4.085125800479625
  ],
  "surface_area": [
    9143.898612927856
  ],
  "end_surface_area_head": [
    852.3973283237833
  ],
  "end_surface_area_tail": [
    2453.8710966896792
  ],
  "radius_head": [
    4.358477260213928
  ],
  "radius_tail": [
    7.028704093309237
  ],
  "irregularity": [
    2.1888897186583303
  ],
  "irregularity_of_end_surface_head": [
    0.07001278632385012
  ],
  "irregularity_of_end_surface_tail": [
    0.06324826949274917
  ],
  "mean_curvature": [
    0.37431208990532877
  ],
  "fractal_dimension": [
    2.448167105354391
  ]
}