{
  "volume": [
    14715.476400375366
  ],
  "volume_endpoints": [
    2551.3799920082092
  ],
  "streamlines_count": [
    3098
  ],
  "avg_length": [
    60.027587890625
  ],
  "std_length": [
    5.722534656524658
  ],
  "min_length": [
    43.28963851928711
  ],
  "max_length": [
    78.32331848144531
  ],
  "span": [
    26.349512100219727
  ],
  "curl": [
    2.278129009080378
  ],
  "diameter": [
    17.667161393918423
  ],
  "elongation": [
    3.3976928467573932
  ],
  "surface_area": [
    7322.867956963411
  ],
  "end_surface_area_head": [
    1491.695324566621
  ],
  "end_surface_area_tail": [
    916.9728834998275
  ],
  "radius_head": [
    6.726137287989569
  ],
  "radius_tail": [
    4.41699107710526
  ],
  "irregularity": [
    2.1979290126605435
  ],
  "irregularity_of_end_surface_head": [
    0.09527987949177014
  ],
  "irregularity_of_end_surface_tail": [
    0.06684153634455603
  ],
  "mean_curvature": [
    0.3923400864534181
  ],
  "fractal_dimension": [
    2.40703812049497
  ]
}