{
  "volume": [
    8961.794869422913
  ],
  "volume_endpoints": [
    2545.5681924819946
  ],
  "streamlines_count": [
    2861
  ],
  "avg_length": [
    69.08334350585938
  ],
  "std_length": [
    5.465885162353516
  ],
  "min_length": [
    54.78045654296875
  ],
  "max_length": [
    86.46614837646484
  ],
  "span": [
    33.19352722167969
  ],
  "curl": [
    2.081229362715601
  ],
  "diameter": [
    12.851856998657887
  ],
  "elongation": [
    5.375358869389359
  ],
  "surface_area": [
    5469.549523410943
  ],
  "end_surface_area_head": [
    755.533995559717
  ],
  "end_surface_area_tail": [
    1840.4033225172593
  ],
  "radius_head": [
    4.040372763771273
  ],
  "radius_tail": [
    5.593147078224678
  ],
  "irregularity": [
    1.9609316366354566
  ],
  "irregularity_of_end_surface_head": [
    0.06787951522224743
  ],
  "irregularity_of_end_surface_tail": [
    0.05340099431347299
  ],
  "mean_curvature": [
    0.36847690992612014
  ],
  "fractal_dimension": [
    2.3163096410579427
  ]
}