{
  "volume": [
    9095.466258525848
  ],
  "volume_endpoints": [
    2069.0006313323975
  ],
  "streamlines_count": [
    3147
  ],
  "avg_length": [
    64.3730697631836
  ],
  "std_length": [
    5.350106239318848
  ],
  "min_length": [
    51.37773132324219
  ],
  "max_length": [
    80.96370697021484
  ],
  "span": [
    29.742334365844727
  ],
  "curl": [
    2.1643583510078432
  ],
  "diameter": [
    13.412675973760267
  ],
  "elongation": [
    4.799420331119539
  ],
  "surface_area": [
    5056.26597028426
  ],
  "end_surface_area_head": [
    839.4822172885745
  ],
  "end_surface_area_tail": [
    1142.987326615982
  ],
  "radius_head": [
    4.277804808611996
  ],
  "radius_tail": [
    5.204691631878327
  ],
  "irregularity": [
    1.8640621373588875
  ],
  "irregularity_of_end_surface_head": [
    0.06848260947160618
  ],
  "irregularity_of_end_surface_tail": [
    0.07445578805919974
  ],
  "mean_curvature": [
    0.37198457559839976
  ],
  "fractal_dimension": [
    2.394150522328917
  ]
}