{
  "volume": [
    33574.76586294174
  ],
  "volume_endpoints": [
    9141.960654735565
  ],
  "streamlines_count": [
    8804
  ],
  "avg_length": [
    64.15738677978516
  ],
  "std_length": [
    9.657686233520508
  ],
  "min_length": [
    31.725393295288086
  ],
  "max_length": [
    103.68651580810547
  ],
  "span": [
    28.94402503967285
  ],
  "curl": [
    2.216602103261251
  ],
  "diameter": [
    25.812984616869343
  ],
  "elongation": [
    2.485469531402305
  ],
  "surface_area": [
    16079.313238835004
  ],
  "end_surface_area_head": [
    1704.7946566475666
  ],
  "end_surface_area_tail": [
    7361.613290069037
  ],
  "radius_head": [
    5.892737441856138
  ],
  "radius_tail": [
    14.796513293060833
  ],
  "irregularity": [
    3.090528367183566
  ],
  "irregularity_of_end_surface_head": [
    0.06398998070338532
  ],
  "irregularity_of_end_surface_tail": [
    0.09343200098556065
  ],
  "mean_curvature": [
    0.38057411644524847
  ],
  "fractal_dimension": [
    2.462803376879151
  ]
}