{
  "volume": [
    31122.18646287918
  ],
  "volume_endpoints": [
    1139.1127071380615
  ],
  "streamlines_count": [
    2642
  ],
  "avg_length": [
    89.80916595458984
  ],
  "std_length": [
    43.447139739990234
  ],
  "min_length": [
    24.940319061279297
  ],
  "max_length": [
    197.38568115234375
  ],
  "span": [
    16.413787841796875
  ],
  "curl": [
    5.47156858734919
  ],
  "diameter": [
    21.005343015279646
  ],
  "elongation": [
    4.275539127795301
  ],
  "surface_area": [
    17945.54678342268
  ],
  "end_surface_area_head": [
    452.02888623230933
  ],
  "end_surface_area_tail": [
    923.4304390174319
  ],
  "radius_head": [
    3.09982937888036
  ],
  "radius_tail": [
    5.241882795508346
  ],
  "irregularity": [
    3.028003561319106
  ],
  "irregularity_of_end_surface_head": [
    0.06678197583194555
  ],
  "irregularity_of_end_surface_tail": [
    0.09348034338987064
  ],
  "mean_curvature": [
    0.3981730417206737
  ],
  "fractal_dimension": [
    2.4020741969920443
  ]
}