{
  "volume": [
    9147.77245426178
  ],
  "volume_endpoints": [
    1743.5398578643799
  ],
  "streamlines_count": [
    2583
  ],
  "avg_length": [
    68.19886016845703
  ],
  "std_length": [
    4.131009578704834
  ],
  "min_length": [
    55.10710906982422
  ],
  "max_length": [
    82.55810546875
  ],
  "span": [
    31.779762268066406
  ],
  "curl": [
    2.145983962787098
  ],
  "diameter": [
    13.06845292620685
  ],
  "elongation": [
    5.2185871237822115
  ],
  "surface_area": [
    5185.417080636348
  ],
  "end_surface_area_head": [
    865.3124393589922
  ],
  "end_surface_area_tail": [
    723.2462179716949
  ],
  "radius_head": [
    4.404191012264851
  ],
  "radius_tail": [
    4.397101511872813
  ],
  "irregularity": [
    1.8519639442243236
  ],
  "irregularity_of_end_surface_head": [
    0.07042213999468189
  ],
  "irregularity_of_end_surface_tail": [
    0.08398402509429805
  ],
  "mean_curvature": [
    0.37870234952524934
  ],
  "fractal_dimension": [
    2.339117967091199
  ]
}