{
  "volume": [
    9769.635003566742
  ],
  "volume_endpoints": [
    2301.4726123809814
  ],
  "streamlines_count": [
    2923
  ],
  "avg_length": [
    69.13445281982422
  ],
  "std_length": [
    6.130702495574951
  ],
  "min_length": [
    52.9842529296875
  ],
  "max_length": [
    87.99336242675781
  ],
  "span": [
    29.370445251464844
  ],
  "curl": [
    2.3538782687121897
  ],
  "diameter": [
    13.413649799970829
  ],
  "elongation": [
    5.154037405984355
  ],
  "surface_area": [
    5850.545298949603
  ],
  "end_surface_area_head": [
    1375.4593252497411
  ],
  "end_surface_area_tail": [
    865.3124393589922
  ],
  "radius_head": [
    5.572370543749702
  ],
  "radius_tail": [
    4.350592925071309
  ],
  "irregularity": [
    2.0081908318561754
  ],
  "irregularity_of_end_surface_head": [
    0.07092218323902198
  ],
  "irregularity_of_end_surface_tail": [
    0.06871852423476041
  ],
  "mean_curvature": [
    0.37414640445151315
  ],
  "fractal_dimension": [
    2.3493908481858603
  ]
}