{
  "volume": [
    10327.567758083344
  ],
  "volume_endpoints": [
    2871.028965950012
  ],
  "streamlines_count": [
    2934
  ],
  "avg_length": [
    71.37665557861328
  ],
  "std_length": [
    4.6962761878967285
  ],
  "min_length": [
    58.753662109375
  ],
  "max_length": [
    87.23829650878906
  ],
  "span": [
    33.58180618286133
  ],
  "curl": [
    2.1254561231742435
  ],
  "diameter": [
    13.573004354364915
  ],
  "elongation": [
    5.25872192442489
  ],
  "surface_area": [
    5979.696409301692
  ],
  "end_surface_area_head": [
    761.9915510773214
  ],
  "end_surface_area_tail": [
    1749.9975452707977
  ],
  "radius_head": [
    4.198680296757332
  ],
  "radius_tail": [
    5.637644385671002
  ],
  "irregularity": [
    1.964703773976855
  ],
  "irregularity_of_end_surface_head": [
    0.07268174253949523
  ],
  "irregularity_of_end_surface_tail": [
    0.05705684964069855
  ],
  "mean_curvature": [
    0.3729717298966325
  ],
  "fractal_dimension": [
    2.3318372831126926
  ]
}