{
  "volume": [
    15639.552525043488
  ],
  "volume_endpoints": [
    3603.3157062530518
  ],
  "streamlines_count": [
    3319
  ],
  "avg_length": [
    76.61095428466797
  ],
  "std_length": [
    5.393162250518799
  ],
  "min_length": [
    60.443939208984375
  ],
  "max_length": [
    94.34671020507812
  ],
  "span": [
    33.572265625
  ],
  "curl": [
    2.2819715279393797
  ],
  "diameter": [
    16.12210646566706
  ],
  "elongation": [
    4.751919635800405
  ],
  "surface_area": [
    8427.109950473767
  ],
  "end_surface_area_head": [
    994.4635497110805
  ],
  "end_surface_area_tail": [
    2570.107096006559
  ],
  "radius_head": [
    4.610983302602409
  ],
  "radius_tail": [
    8.300318802321964
  ],
  "irregularity": [
    2.17178150720528
  ],
  "irregularity_of_end_surface_head": [
    0.06716578614306752
  ],
  "irregularity_of_end_surface_tail": [
    0.08421475674774202
  ],
  "mean_curvature": [
    0.3771050003735766
  ],
  "fractal_dimension": [
    2.3187274656928563
  ]
}