{
  "volume": [
    20875.98389816284
  ],
  "volume_endpoints": [
    4539.015429973602
  ],
  "streamlines_count": [
    3645
  ],
  "avg_length": [
    59.23542404174805
  ],
  "std_length": [
    7.130094528198242
  ],
  "min_length": [
    40.87181854248047
  ],
  "max_length": [
    82.58736419677734
  ],
  "span": [
    25.380718231201172
  ],
  "curl": [
    2.333875011028191
  ],
  "diameter": [
    21.183015551549115
  ],
  "elongation": [
    2.7963640916751418
  ],
  "surface_area": [
    9964.008163663619
  ],
  "end_surface_area_head": [
    1226.9355483448396
  ],
  "end_surface_area_tail": [
    3312.725980531067
  ],
  "radius_head": [
    5.163697764694057
  ],
  "radius_tail": [
    8.738817860967176
  ],
  "irregularity": [
    2.52763822912825
  ],
  "irregularity_of_end_surface_head": [
    0.06827312040096917
  ],
  "irregularity_of_end_surface_tail": [
    0.0724218699565787
  ],
  "mean_curvature": [
    0.40706569859847447
  ],
  "fractal_dimension": [
    2.4762912424282297
  ]
}