{
  "volume": [
    8961.794869422913
  ],
  "volume_endpoints": [
    2394.461404800415
  ],
  "streamlines_count": [
    2912
  ],
  "avg_length": [
    67.2512435913086
  ],
  "std_length": [
    5.9761857986450195
  ],
  "min_length": [
    49.85356140136719
  ],
  "max_length": [
    86.39022064208984
  ],
  "span": [
    28.435680389404297
  ],
  "curl": [
    2.36503022506779
  ],
  "diameter": [
    13.025739813476408
  ],
  "elongation": [
    5.162950016991018
  ],
  "surface_area": [
    5017.5206371786335
  ],
  "end_surface_area_head": [
    1168.8175486863997
  ],
  "end_surface_area_tail": [
    929.8879945350363
  ],
  "radius_head": [
    4.99287771123943
  ],
  "radius_tail": [
    4.3255400411679314
  ],
  "irregularity": [
    1.8232095043714678
  ],
  "irregularity_of_end_surface_head": [
    0.06700465995813834
  ],
  "irregularity_of_end_surface_tail": [
    0.06321205439848618
  ],
  "mean_curvature": [
    0.38806277035561565
  ],
  "fractal_dimension": [
    2.3364612222078844
  ]
}