{
  "volume": [
    9577.84561920166
  ],
  "volume_endpoints": [
    2748.9811758995056
  ],
  "streamlines_count": [
    1344
  ],
  "avg_length": [
    70.12129974365234
  ],
  "std_length": [
    7.702701568603516
  ],
  "min_length": [
    46.50556945800781
  ],
  "max_length": [
    93.98616027832031
  ],
  "span": [
    25.60414695739746
  ],
  "curl": [
    2.7386696327093665
  ],
  "diameter": [
    13.18754628443451
  ],
  "elongation": [
    5.317236294853253
  ],
  "surface_area": [
    5979.696409301692
  ],
  "end_surface_area_head": [
    1614.3888794011048
  ],
  "end_surface_area_tail": [
    1252.7657704152573
  ],
  "radius_head": [
    5.465756353100263
  ],
  "radius_tail": [
    5.0162390636250676
  ],
  "irregularity": [
    2.0583314426795356
  ],
  "irregularity_of_end_surface_head": [
    0.0581356124297203
  ],
  "irregularity_of_end_surface_tail": [
    0.06310102965533712
  ],
  "mean_curvature": [
    0.4259672170017092
  ],
  "fractal_dimension": [
    2.2775404397379475
  ]
}