{
  "volume": [
    10501.921743869781
  ],
  "volume_endpoints": [
    1499.4442777633667
  ],
  "streamlines_count": [
    7189
  ],
  "avg_length": [
    39.64965057373047
  ],
  "std_length": [
    10.88187026977539
  ],
  "min_length": [
    20.768905639648438
  ],
  "max_length": [
    90.69634246826172
  ],
  "span": [
    14.860158920288086
  ],
  "curl": [
    2.6681848280638576
  ],
  "diameter": [
    18.36410494916035
  ],
  "elongation": [
    2.15908429425216
  ],
  "surface_area": [
    5986.153964819297
  ],
  "end_surface_area_head": [
    477.859108302727
  ],
  "end_surface_area_tail": [
    1330.2564366265103
  ],
  "radius_head": [
    3.131714701239364
  ],
  "radius_tail": [
    5.514379439784951
  ],
  "irregularity": [
    2.6169105601063642
  ],
  "irregularity_of_end_surface_head": [
    0.06447841993288686
  ],
  "irregularity_of_end_surface_tail": [
    0.07181378153026874
  ],
  "mean_curvature": [
    0.4278052909920786
  ],
  "fractal_dimension": [
    2.383576325481186
  ]
}