{
  "volume": [
    8781.62908411026
  ],
  "volume_endpoints": [
    2179.424822330475
  ],
  "streamlines_count": [
    2713
  ],
  "avg_length": [
    73.198486328125
  ],
  "std_length": [
    5.801156044006348
  ],
  "min_length": [
    57.49789810180664
  ],
  "max_length": [
    89.86421203613281
  ],
  "span": [
    33.68299102783203
  ],
  "curl": [
    2.1731587396036645
  ],
  "diameter": [
    12.359233971583606
  ],
  "elongation": [
    5.9225746916372985
  ],
  "surface_area": [
    5534.125078586987
  ],
  "end_surface_area_head": [
    1020.2937717814982
  ],
  "end_surface_area_tail": [
    1304.4262145560926
  ],
  "radius_head": [
    4.722380618063312
  ],
  "radius_tail": [
    5.665265181383371
  ],
  "irregularity": [
    1.9471770561918185
  ],
  "irregularity_of_end_surface_head": [
    0.06866676896011119
  ],
  "irregularity_of_end_surface_tail": [
    0.07729845990840609
  ],
  "mean_curvature": [
    0.3632363544765364
  ],
  "fractal_dimension": [
    2.300707777735397
  ]
}