{
  "volume": [
    8322.496921539307
  ],
  "volume_endpoints": [
    1615.6802682876587
  ],
  "streamlines_count": [
    475
  ],
  "avg_length": [
    67.51702117919922
  ],
  "std_length": [
    9.83294677734375
  ],
  "min_length": [
    41.76819610595703
  ],
  "max_length": [
    98.16463470458984
  ],
  "span": [
    27.124116897583008
  ],
  "curl": [
    2.489187811501268
  ],
  "diameter": [
    12.527812486174955
  ],
  "elongation": [
    5.389370351265035
  ],
  "surface_area": [
    5857.002854467208
  ],
  "end_surface_area_head": [
    1033.208882816707
  ],
  "end_surface_area_tail": [
    1039.6664383343114
  ],
  "radius_head": [
    4.330597921900256
  ],
  "radius_tail": [
    4.544999662474511
  ],
  "irregularity": [
    2.204129186934722
  ],
  "irregularity_of_end_surface_head": [
    0.0570239723875284
  ],
  "irregularity_of_end_surface_tail": [
    0.062419970438068406
  ],
  "mean_curvature": [
    0.3764050023179305
  ],
  "fractal_dimension": [
    2.253160778237645
  ]
}