{
  "volume": [
    11960.683424949646
  ],
  "volume_endpoints": [
    3498.703314781189
  ],
  "streamlines_count": [
    3597
  ],
  "avg_length": [
    61.39773178100586
  ],
  "std_length": [
    5.262920379638672
  ],
  "min_length": [
    46.25929641723633
  ],
  "max_length": [
    80.0074691772461
  ],
  "span": [
    28.780094146728516
  ],
  "curl": [
    2.133340199235764
  ],
  "diameter": [
    15.749141808718656
  ],
  "elongation": [
    3.8984811062540783
  ],
  "surface_area": [
    6399.437517945979
  ],
  "end_surface_area_head": [
    1330.2564366265103
  ],
  "end_surface_area_tail": [
    2001.84221045737
  ],
  "radius_head": [
    5.1049930480358965
  ],
  "radius_tail": [
    6.100191967441173
  ],
  "irregularity": [
    2.106603054887519
  ],
  "irregularity_of_end_surface_head": [
    0.06154670591480476
  ],
  "irregularity_of_end_surface_tail": [
    0.05839921836190783
  ],
  "mean_curvature": [
    0.37585016835687024
  ],
  "fractal_dimension": [
    2.414854558423646
  ]
}