{
  "volume": [
    12727.840962409973
  ],
  "volume_endpoints": [
    2429.3322019577026
  ],
  "streamlines_count": [
    2613
  ],
  "avg_length": [
    80.72870635986328
  ],
  "std_length": [
    4.574599266052246
  ],
  "min_length": [
    65.88700103759766
  ],
  "max_length": [
    95.2222900390625
  ],
  "span": [
    35.18296813964844
  ],
  "curl": [
    2.2945393930220566
  ],
  "diameter": [
    14.168322468440365
  ],
  "elongation": [
    5.697830956324204
  ],
  "surface_area": [
    6806.263515555058
  ],
  "end_surface_area_head": [
    968.6333276406629
  ],
  "end_surface_area_tail": [
    1246.3082148976528
  ],
  "radius_head": [
    4.6871853643654475
  ],
  "radius_tail": [
    5.124017944993638
  ],
  "irregularity": [
    1.894141680791895
  ],
  "irregularity_of_end_surface_head": [
    0.07125489802174688
  ],
  "irregularity_of_end_surface_tail": [
    0.06618288567281748
  ],
  "mean_curvature": [
    0.3696462384617926
  ],
  "fractal_dimension": [
    2.3528175748689346
  ]
}