{
  "volume": [
    12570.922375202179
  ],
  "volume_endpoints": [
    3266.231333732605
  ],
  "streamlines_count": [
    3379
  ],
  "avg_length": [
    67.3348159790039
  ],
  "std_length": [
    5.888408184051514
  ],
  "min_length": [
    52.25606918334961
  ],
  "max_length": [
    85.59994506835938
  ],
  "span": [
    32.11985778808594
  ],
  "curl": [
    2.096360962220078
  ],
  "diameter": [
    15.417671671026117
  ],
  "elongation": [
    4.3673790320456645
  ],
  "surface_area": [
    6780.43329348464
  ],
  "end_surface_area_head": [
    929.8879945350363
  ],
  "end_surface_area_tail": [
    2434.498430136866
  ],
  "radius_head": [
    4.4635029057950675
  ],
  "radius_tail": [
    6.992407181116777
  ],
  "irregularity": [
    2.0789742229348374
  ],
  "irregularity_of_end_surface_head": [
    0.06730864931710422
  ],
  "irregularity_of_end_surface_tail": [
    0.06309483285087755
  ],
  "mean_curvature": [
    0.37522004294691796
  ],
  "fractal_dimension": [
    2.341838398446602
  ]
}