{
  "volume": [
    11344.632675170898
  ],
  "volume_endpoints": [
    2563.0035910606384
  ],
  "streamlines_count": [
    3021
  ],
  "avg_length": [
    60.99697494506836
  ],
  "std_length": [
    5.513721466064453
  ],
  "min_length": [
    47.4072380065918
  ],
  "max_length": [
    80.32200622558594
  ],
  "span": [
    26.65717124938965
  ],
  "curl": [
    2.288201338934827
  ],
  "diameter": [
    15.388494367573355
  ],
  "elongation": [
    3.9638039621082894
  ],
  "surface_area": [
    5979.696409301692
  ],
  "end_surface_area_head": [
    962.1757721230584
  ],
  "end_surface_area_tail": [
    1601.473768365896
  ],
  "radius_head": [
    4.52733434417948
  ],
  "radius_tail": [
    5.135544928246574
  ],
  "irregularity": [
    2.0277986768961545
  ],
  "irregularity_of_end_surface_head": [
    0.06692379996149678
  ],
  "irregularity_of_end_surface_tail": [
    0.05173722240601535
  ],
  "mean_curvature": [
    0.39525619456997696
  ],
  "fractal_dimension": [
    2.376258887434924
  ]
}