{
  "volume": [
    9223.32584810257
  ],
  "volume_endpoints": [
    1946.9528412818909
  ],
  "streamlines_count": [
    2664
  ],
  "avg_length": [
    73.93852233886719
  ],
  "std_length": [
    4.019222736358643
  ],
  "min_length": [
    62.55137252807617
  ],
  "max_length": [
    87.26817321777344
  ],
  "span": [
    34.349971771240234
  ],
  "curl": [
    2.1525060582661895
  ],
  "diameter": [
    12.60269575091388
  ],
  "elongation": [
    5.866881483154552
  ],
  "surface_area": [
    5075.638636837073
  ],
  "end_surface_area_head": [
    962.1757721230584
  ],
  "end_surface_area_tail": [
    781.3642176301347
  ],
  "radius_head": [
    4.518146238022334
  ],
  "radius_tail": [
    4.25709524948236
  ],
  "irregularity": [
    1.733830359435913
  ],
  "irregularity_of_end_surface_head": [
    0.06665243541580013
  ],
  "irregularity_of_end_surface_tail": [
    0.07286569110497342
  ],
  "mean_curvature": [
    0.3754280625252394
  ],
  "fractal_dimension": [
    2.3704780600742548
  ]
}