{
  "volume": [
    16150.990883350372
  ],
  "volume_endpoints": [
    2969.8295578956604
  ],
  "streamlines_count": [
    3449
  ],
  "avg_length": [
    70.46436309814453
  ],
  "std_length": [
    8.458016395568848
  ],
  "min_length": [
    48.58332824707031
  ],
  "max_length": [
    97.19535827636719
  ],
  "span": [
    27.86786460876465
  ],
  "curl": [
    2.5285167732580045
  ],
  "diameter": [
    17.083225745384397
  ],
  "elongation": [
    4.124769182844922
  ],
  "surface_area": [
    7761.9817321605115
  ],
  "end_surface_area_head": [
    1071.9542159223336
  ],
  "end_surface_area_tail": [
    1478.7802135314118
  ],
  "radius_head": [
    4.677962281233616
  ],
  "radius_tail": [
    4.980886826398609
  ],
  "irregularity": [
    2.052500789576034
  ],
  "irregularity_of_end_surface_head": [
    0.06413381393837903
  ],
  "irregularity_of_end_surface_tail": [
    0.05270594320558229
  ],
  "mean_curvature": [
    0.38904314834886994
  ],
  "fractal_dimension": [
    2.4914818313437115
  ]
}