{
  "volume": [
    14448.133622169495
  ],
  "volume_endpoints": [
    3591.6921072006226
  ],
  "streamlines_count": [
    4188
  ],
  "avg_length": [
    67.32691955566406
  ],
  "std_length": [
    5.393548488616943
  ],
  "min_length": [
    51.2763557434082
  ],
  "max_length": [
    84.51249694824219
  ],
  "span": [
    31.308555603027344
  ],
  "curl": [
    2.150431990837481
  ],
  "diameter": [
    16.529760528610574
  ],
  "elongation": [
    4.073072894137281
  ],
  "surface_area": [
    7271.207512822576
  ],
  "end_surface_area_head": [
    949.2606610878496
  ],
  "end_surface_area_tail": [
    2253.686875643942
  ],
  "radius_head": [
    4.471377470106191
  ],
  "radius_tail": [
    6.887248160542173
  ],
  "irregularity": [
    2.0797032004944813
  ],
  "irregularity_of_end_surface_head": [
    0.06616785524827495
  ],
  "irregularity_of_end_surface_tail": [
    0.06612227089983083
  ],
  "mean_curvature": [
    0.3805797003216707
  ],
  "fractal_dimension": [
    2.4275452385534817
  ]
}