{
  "volume": [
    6491.780070781708
  ],
  "volume_endpoints": [
    1452.94988155365
  ],
  "streamlines_count": [
    2252
  ],
  "avg_length": [
    66.0539779663086
  ],
  "std_length": [
    3.8572542667388916
  ],
  "min_length": [
    54.584720611572266
  ],
  "max_length": [
    77.99551391601562
  ],
  "span": [
    30.13899803161621
  ],
  "curl": [
    2.1916447884902177
  ],
  "diameter": [
    11.186325952640338
  ],
  "elongation": [
    5.904885862075
  ],
  "surface_area": [
    3990.7693098795307
  ],
  "end_surface_area_head": [
    981.5484386758717
  ],
  "end_surface_area_tail": [
    406.8259976090784
  ],
  "radius_head": [
    4.628305684974801
  ],
  "radius_tail": [
    3.116841142438565
  ],
  "irregularity": [
    1.7191758583686272
  ],
  "irregularity_of_end_surface_head": [
    0.06856179924853707
  ],
  "irregularity_of_end_surface_tail": [
    0.07501886868030783
  ],
  "mean_curvature": [
    0.3678962280361733
  ],
  "fractal_dimension": [
    2.2875302082652618
  ]
}