{
  "volume": [
    8990.853867053986
  ],
  "volume_endpoints": [
    2185.2366218566895
  ],
  "streamlines_count": [
    2164
  ],
  "avg_length": [
    54.35682678222656
  ],
  "std_length": [
    5.388713836669922
  ],
  "min_length": [
    41.2578010559082
  ],
  "max_length": [
    74.32960510253906
  ],
  "span": [
    24.39277458190918
  ],
  "curl": [
    2.228398684196431
  ],
  "diameter": [
    14.512040471720557
  ],
  "elongation": [
    3.745636382984948
  ],
  "surface_area": [
    4759.218416474457
  ],
  "end_surface_area_head": [
    1136.5297710983778
  ],
  "end_surface_area_tail": [
    923.4304390174319
  ],
  "radius_head": [
    4.752739279647894
  ],
  "radius_tail": [
    4.373759970416621
  ],
  "irregularity": [
    1.920450807423306
  ],
  "irregularity_of_end_surface_head": [
    0.062439158025072744
  ],
  "irregularity_of_end_surface_tail": [
    0.06508120382765392
  ],
  "mean_curvature": [
    0.4012186981723842
  ],
  "fractal_dimension": [
    2.3377166734905663
  ]
}