{
  "volume": [
    9252.384845733643
  ],
  "volume_endpoints": [
    1981.8236384391785
  ],
  "streamlines_count": [
    2894
  ],
  "avg_length": [
    69.04296875
  ],
  "std_length": [
    4.8571672439575195
  ],
  "min_length": [
    52.80769729614258
  ],
  "max_length": [
    85.34295654296875
  ],
  "span": [
    33.25676345825195
  ],
  "curl": [
    2.0760579674769426
  ],
  "diameter": [
    13.062375828281796
  ],
  "elongation": [
    5.285636369496635
  ],
  "surface_area": [
    5204.789747189162
  ],
  "end_surface_area_head": [
    1039.6664383343114
  ],
  "end_surface_area_tail": [
    865.3124393589922
  ],
  "radius_head": [
    4.791287068300711
  ],
  "radius_tail": [
    4.112636531141785
  ],
  "irregularity": [
    1.8370106982828869
  ],
  "irregularity_of_end_surface_head": [
    0.06936816919812526
  ],
  "irregularity_of_end_surface_tail": [
    0.06140695797190531
  ],
  "mean_curvature": [
    0.3767613366338905
  ],
  "fractal_dimension": [
    2.395195540941173
  ]
}