{
  "volume": [
    12408.19198846817
  ],
  "volume_endpoints": [
    2807.0991711616516
  ],
  "streamlines_count": [
    3911
  ],
  "avg_length": [
    65.49906158447266
  ],
  "std_length": [
    6.868569374084473
  ],
  "min_length": [
    48.97911071777344
  ],
  "max_length": [
    86.94014739990234
  ],
  "span": [
    26.462848663330078
  ],
  "curl": [
    2.4751326819638875
  ],
  "diameter": [
    15.530726534158358
  ],
  "elongation": [
    4.217385544740209
  ],
  "surface_area": [
    6496.300850710046
  ],
  "end_surface_area_head": [
    929.8879945350363
  ],
  "end_surface_area_tail": [
    1549.8133242250606
  ],
  "radius_head": [
    4.598458260712868
  ],
  "radius_tail": [
    6.395320423296935
  ],
  "irregularity": [
    2.0327754456443876
  ],
  "irregularity_of_end_surface_head": [
    0.07144037567222264
  ],
  "irregularity_of_end_surface_tail": [
    0.08290774439348546
  ],
  "mean_curvature": [
    0.38080688427092624
  ],
  "fractal_dimension": [
    2.4337514550285775
  ]
}