{
  "volume": [
    5428.220757484436
  ],
  "volume_endpoints": [
    1226.2897000312805
  ],
  "streamlines_count": [
    1450
  ],
  "avg_length": [
    71.49237060546875
  ],
  "std_length": [
    4.436445713043213
  ],
  "min_length": [
    59.00715637207031
  ],
  "max_length": [
    84.2493667602539
  ],
  "span": [
    36.06919479370117
  ],
  "curl": [
    1.982089453739444
  ],
  "diameter": [
    9.832273735619237
  ],
  "elongation": [
    7.271194082653981
  ],
  "surface_area": [
    3919.7361991858825
  ],
  "end_surface_area_head": [
    807.1944397005524
  ],
  "end_surface_area_tail": [
    497.23177485554027
  ],
  "radius_head": [
    4.164308833390857
  ],
  "radius_tail": [
    4.509387423519697
  ],
  "irregularity": [
    1.7749793626517698
  ],
  "irregularity_of_end_surface_head": [
    0.0674928195485585
  ],
  "irregularity_of_end_surface_tail": [
    0.128477210149082
  ],
  "mean_curvature": [
    0.3363271097068129
  ],
  "fractal_dimension": [
    2.252807157392467
  ]
}