{
  "volume": [
    9502.29222536087
  ],
  "volume_endpoints": [
    2051.5652327537537
  ],
  "streamlines_count": [
    2624
  ],
  "avg_length": [
    78.05156707763672
  ],
  "std_length": [
    5.641695499420166
  ],
  "min_length": [
    61.08056640625
  ],
  "max_length": [
    94.409423828125
  ],
  "span": [
    38.27373504638672
  ],
  "curl": [
    2.039298411378988
  ],
  "diameter": [
    12.45026045787226
  ],
  "elongation": [
    6.269071023994921
  ],
  "surface_area": [
    5928.035965160857
  ],
  "end_surface_area_head": [
    1110.69954902796
  ],
  "end_surface_area_tail": [
    955.718216605454
  ],
  "radius_head": [
    4.874460537596358
  ],
  "radius_tail": [
    4.792357726507623
  ],
  "irregularity": [
    1.9417838880208689
  ],
  "irregularity_of_end_surface_head": [
    0.06720574422588109
  ],
  "irregularity_of_end_surface_tail": [
    0.07549504804788497
  ],
  "mean_curvature": [
    0.34636240756911474
  ],
  "fractal_dimension": [
    2.2604456586026536
  ]
}