{
  "volume": [
    7973.788949966431
  ],
  "volume_endpoints": [
    1987.635437965393
  ],
  "streamlines_count": [
    1226
  ],
  "avg_length": [
    62.20616912841797
  ],
  "std_length": [
    5.529147148132324
  ],
  "min_length": [
    42.15843200683594
  ],
  "max_length": [
    80.08130645751953
  ],
  "span": [
    28.84889793395996
  ],
  "curl": [
    2.156275406804741
  ],
  "diameter": [
    12.775287992966838
  ],
  "elongation": [
    4.869257676434711
  ],
  "surface_area": [
    5036.893303731447
  ],
  "end_surface_area_head": [
    1188.190215239213
  ],
  "end_surface_area_tail": [
    988.0059941934761
  ],
  "radius_head": [
    4.75461343525526
  ],
  "radius_tail": [
    5.602697908560699
  ],
  "irregularity": [
    2.017477605338624
  ],
  "irregularity_of_end_surface_head": [
    0.05977152376499601
  ],
  "irregularity_of_end_surface_tail": [
    0.09981244773380296
  ],
  "mean_curvature": [
    0.3905803844405621
  ],
  "fractal_dimension": [
    2.2590776557291203
  ]
}