{
  "volume": [
    4916.782399177551
  ],
  "volume_endpoints": [
    2278.225414276123
  ],
  "streamlines_count": [
    2934
  ],
  "avg_length": [
    27.684036254882812
  ],
  "std_length": [
    5.205905437469482
  ],
  "min_length": [
    20.09026336669922
  ],
  "max_length": [
    45.8596076965332
  ],
  "span": [
    12.29128360748291
  ],
  "curl": [
    2.2523307686130374
  ],
  "diameter": [
    15.037680343802025
  ],
  "elongation": [
    1.840977838466499
  ],
  "surface_area": [
    2880.069760851571
  ],
  "end_surface_area_head": [
    1123.614660063169
  ],
  "end_surface_area_tail": [
    813.6519952181568
  ],
  "radius_head": [
    4.869516177159404
  ],
  "radius_tail": [
    4.297480890776555
  ],
  "irregularity": [
    2.202129610148134
  ],
  "irregularity_of_end_surface_head": [
    0.0662985609209039
  ],
  "irregularity_of_end_surface_tail": [
    0.07130813654101527
  ],
  "mean_curvature": [
    0.45641531475807584
  ],
  "fractal_dimension": [
    2.3790185522509364
  ]
}