{
  "volume": [
    9141.960654735565
  ],
  "volume_endpoints": [
    2086.4360299110413
  ],
  "streamlines_count": [
    1647
  ],
  "avg_length": [
    83.26781463623047
  ],
  "std_length": [
    4.854920387268066
  ],
  "min_length": [
    69.35502624511719
  ],
  "max_length": [
    98.43603515625
  ],
  "span": [
    38.966552734375
  ],
  "curl": [
    2.1369048271692344
  ],
  "diameter": [
    11.823230320234824
  ],
  "elongation": [
    7.04272964163796
  ],
  "surface_area": [
    5682.648855491889
  ],
  "end_surface_area_head": [
    1175.2751042040043
  ],
  "end_surface_area_tail": [
    839.4822172885745
  ],
  "radius_head": [
    4.707246110410175
  ],
  "radius_tail": [
    4.229060177866347
  ],
  "irregularity": [
    1.8373319680799598
  ],
  "irregularity_of_end_surface_head": [
    0.059230329220452765
  ],
  "irregularity_of_end_surface_tail": [
    0.06693081322633194
  ],
  "mean_curvature": [
    0.3796828866511601
  ],
  "fractal_dimension": [
    2.290939485094413
  ]
}