{
  "volume": [
    10984.301104545593
  ],
  "volume_endpoints": [
    1749.3516573905945
  ],
  "streamlines_count": [
    4079
  ],
  "avg_length": [
    65.69901275634766
  ],
  "std_length": [
    6.254246711730957
  ],
  "min_length": [
    48.61137008666992
  ],
  "max_length": [
    84.70195007324219
  ],
  "span": [
    27.319499969482422
  ],
  "curl": [
    2.4048395040076698
  ],
  "diameter": [
    14.590220394185836
  ],
  "elongation": [
    4.502948617728115
  ],
  "surface_area": [
    6108.84751965378
  ],
  "end_surface_area_head": [
    684.5008848660684
  ],
  "end_surface_area_tail": [
    1091.3268824751467
  ],
  "radius_head": [
    4.282736506876561
  ],
  "radius_tail": [
    7.560311842636432
  ],
  "irregularity": [
    2.02856401190013
  ],
  "irregularity_of_end_surface_head": [
    0.08418187017546225
  ],
  "irregularity_of_end_surface_tail": [
    0.16454111584275521
  ],
  "mean_curvature": [
    0.3606526346205496
  ],
  "fractal_dimension": [
    2.358182437327652
  ]
}