{
  "volume": [
    5143.442580699921
  ],
  "volume_endpoints": [
    1342.5256905555725
  ],
  "streamlines_count": [
    4479
  ],
  "avg_length": [
    42.68404006958008
  ],
  "std_length": [
    1.7999670505523682
  ],
  "min_length": [
    40.00057601928711
  ],
  "max_length": [
    48.085506439208984
  ],
  "span": [
    21.26845359802246
  ],
  "curl": [
    2.0069178924013937
  ],
  "diameter": [
    12.386518276852307
  ],
  "elongation": [
    3.446007918895757
  ],
  "surface_area": [
    3080.2539818973078
  ],
  "end_surface_area_head": [
    671.5857738308596
  ],
  "end_surface_area_tail": [
    671.5857738308596
  ],
  "radius_head": [
    3.8923878837469568
  ],
  "radius_tail": [
    4.260976955639786
  ],
  "irregularity": [
    1.8544788653461621
  ],
  "irregularity_of_end_surface_head": [
    0.0708729661034006
  ],
  "irregularity_of_end_surface_tail": [
    0.08493110130809697
  ],
  "mean_curvature": [
    0.3661403097187363
  ],
  "fractal_dimension": [
    2.344663900983087
  ]
}