{
  "volume": [
    10536.79254102707
  ],
  "volume_endpoints": [
    2923.3351616859436
  ],
  "streamlines_count": [
    4015
  ],
  "avg_length": [
    66.82563781738281
  ],
  "std_length": [
    5.570973873138428
  ],
  "min_length": [
    49.20325469970703
  ],
  "max_length": [
    83.85833740234375
  ],
  "span": [
    30.620283126831055
  ],
  "curl": [
    2.1823977766824365
  ],
  "diameter": [
    14.168951629396114
  ],
  "elongation": [
    4.716343139935678
  ],
  "surface_area": [
    5960.323742748878
  ],
  "end_surface_area_head": [
    994.4635497110805
  ],
  "end_surface_area_tail": [
    1595.0162128482916
  ],
  "radius_head": [
    4.651999371269787
  ],
  "radius_tail": [
    6.402931150985044
  ],
  "irregularity": [
    2.0037297516706682
  ],
  "irregularity_of_end_surface_head": [
    0.06836602003596122
  ],
  "irregularity_of_end_surface_tail": [
    0.0807499821128625
  ],
  "mean_curvature": [
    0.3538922988611319
  ],
  "fractal_dimension": [
    2.3650196974043776
  ]
}