{
  "volume": [
    10908.747710704803
  ],
  "volume_endpoints": [
    3149.995343208313
  ],
  "streamlines_count": [
    4138
  ],
  "avg_length": [
    64.7634048461914
  ],
  "std_length": [
    6.170129776000977
  ],
  "min_length": [
    46.847496032714844
  ],
  "max_length": [
    82.70584869384766
  ],
  "span": [
    28.736934661865234
  ],
  "curl": [
    2.2536643385327513
  ],
  "diameter": [
    14.644605319092936
  ],
  "elongation": [
    4.422338699818423
  ],
  "surface_area": [
    6851.466404178289
  ],
  "end_surface_area_head": [
    968.6333276406629
  ],
  "end_surface_area_tail": [
    2537.8193184185366
  ],
  "radius_head": [
    4.687644489165092
  ],
  "radius_tail": [
    6.871071611733014
  ],
  "irregularity": [
    2.299462413264786
  ],
  "irregularity_of_end_surface_head": [
    0.07126885799580328
  ],
  "irregularity_of_end_surface_tail": [
    0.058443756606912714
  ],
  "mean_curvature": [
    0.361534512240337
  ],
  "fractal_dimension": [
    2.3556331299220434
  ]
}