{
  "volume": [
    27013.24419784546
  ],
  "volume_endpoints": [
    7729.6933698654175
  ],
  "streamlines_count": [
    8582
  ],
  "avg_length": [
    65.52304077148438
  ],
  "std_length": [
    8.723454475402832
  ],
  "min_length": [
    34.092384338378906
  ],
  "max_length": [
    102.64559936523438
  ],
  "span": [
    30.86722183227539
  ],
  "curl": [
    2.1227385194404556
  ],
  "diameter": [
    22.911124732369018
  ],
  "elongation": [
    2.8598788377644726
  ],
  "surface_area": [
    13257.361477641873
  ],
  "end_surface_area_head": [
    1691.8795456123578
  ],
  "end_surface_area_tail": [
    6192.795741382638
  ],
  "radius_head": [
    5.960167728426616
  ],
  "radius_tail": [
    13.455035491547177
  ],
  "irregularity": [
    2.8110383578121185
  ],
  "irregularity_of_end_surface_head": [
    0.06596254386993444
  ],
  "irregularity_of_end_surface_tail": [
    0.09184019818959722
  ],
  "mean_curvature": [
    0.36284685215626916
  ],
  "fractal_dimension": [
    2.439441270929399
  ]
}