{
  "volume": [
    4998.147592544556
  ],
  "volume_endpoints": [
    912.4525256156921
  ],
  "streamlines_count": [
    2148
  ],
  "avg_length": [
    56.27686309814453
  ],
  "std_length": [
    4.431266784667969
  ],
  "min_length": [
    43.36032485961914
  ],
  "max_length": [
    70.52305603027344
  ],
  "span": [
    27.191919326782227
  ],
  "curl": [
    2.069617169050497
  ],
  "diameter": [
    10.633951047082782
  ],
  "elongation": [
    5.292187527380333
  ],
  "surface_area": [
    3293.353313978254
  ],
  "end_surface_area_head": [
    542.4346634787712
  ],
  "end_surface_area_tail": [
    477.859108302727
  ],
  "radius_head": [
    3.4672488352998005
  ],
  "radius_tail": [
    3.6578611653220703
  ],
  "irregularity": [
    1.7517168747593566
  ],
  "irregularity_of_end_surface_head": [
    0.06962616258605424
  ],
  "irregularity_of_end_surface_tail": [
    0.08796389263977739
  ],
  "mean_curvature": [
    0.3592864083372459
  ],
  "fractal_dimension": [
    2.2775569085279863
  ]
}