{
  "volume": [
    10525.16894197464
  ],
  "volume_endpoints": [
    2150.365824699402
  ],
  "streamlines_count": [
    2199
  ],
  "avg_length": [
    80.26766204833984
  ],
  "std_length": [
    4.589875221252441
  ],
  "min_length": [
    67.2773666381836
  ],
  "max_length": [
    95.93621063232422
  ],
  "span": [
    37.56121063232422
  ],
  "curl": [
    2.1369828260877073
  ],
  "diameter": [
    12.92109413035749
  ],
  "elongation": [
    6.212141265943944
  ],
  "surface_area": [
    6321.946851734726
  ],
  "end_surface_area_head": [
    910.5153279822231
  ],
  "end_surface_area_tail": [
    1220.477992827235
  ],
  "radius_head": [
    4.429178428377981
  ],
  "radius_tail": [
    4.700735941784357
  ],
  "irregularity": [
    1.9402650638844825
  ],
  "irregularity_of_end_surface_head": [
    0.06768757630939357
  ],
  "irregularity_of_end_surface_tail": [
    0.05687895800067435
  ],
  "mean_curvature": [
    0.369648606994576
  ],
  "fractal_dimension": [
    2.3251030898981737
  ]
}