{
  "volume": [
    8944.359470844269
  ],
  "volume_endpoints": [
    2167.8012232780457
  ],
  "streamlines_count": [
    2655
  ],
  "avg_length": [
    60.09227752685547
  ],
  "std_length": [
    4.642540454864502
  ],
  "min_length": [
    46.01464080810547
  ],
  "max_length": [
    75.25873565673828
  ],
  "span": [
    27.314298629760742
  ],
  "curl": [
    2.2000300407267623
  ],
  "diameter": [
    13.766398900640771
  ],
  "elongation": [
    4.365141382330452
  ],
  "surface_area": [
    4830.251527168106
  ],
  "end_surface_area_head": [
    981.5484386758717
  ],
  "end_surface_area_tail": [
    916.9728834998275
  ],
  "radius_head": [
    4.383969243331209
  ],
  "radius_tail": [
    4.377052460139412
  ],
  "irregularity": [
    1.85857828976402
  ],
  "irregularity_of_end_surface_head": [
    0.06151388173229273
  ],
  "irregularity_of_end_surface_tail": [
    0.06563823330792792
  ],
  "mean_curvature": [
    0.39572330905219255
  ],
  "fractal_dimension": [
    2.412528946574891
  ]
}