{
  "volume": [
    10298.50876045227
  ],
  "volume_endpoints": [
    2179.424822330475
  ],
  "streamlines_count": [
    2018
  ],
  "avg_length": [
    77.07499694824219
  ],
  "std_length": [
    7.559763431549072
  ],
  "min_length": [
    56.01625061035156
  ],
  "max_length": [
    99.92644500732422
  ],
  "span": [
    35.79813766479492
  ],
  "curl": [
    2.153044878198798
  ],
  "diameter": [
    13.043239611984704
  ],
  "elongation": [
    5.909191216377124
  ],
  "surface_area": [
    6057.187075512945
  ],
  "end_surface_area_head": [
    1097.7844379927512
  ],
  "end_surface_area_tail": [
    1020.2937717814982
  ],
  "radius_head": [
    4.61168972979358
  ],
  "radius_tail": [
    4.93241524759209
  ],
  "irregularity": [
    1.9178830702150764
  ],
  "irregularity_of_end_surface_head": [
    0.06086294515807349
  ],
  "irregularity_of_end_surface_tail": [
    0.07491070776464688
  ],
  "mean_curvature": [
    0.37309799543457295
  ],
  "fractal_dimension": [
    2.2763642453371027
  ]
}