{
  "volume": [
    12710.40556383133
  ],
  "volume_endpoints": [
    2603.6861877441406
  ],
  "streamlines_count": [
    3026
  ],
  "avg_length": [
    76.3285140991211
  ],
  "std_length": [
    4.84374475479126
  ],
  "min_length": [
    63.083984375
  ],
  "max_length": [
    91.60430145263672
  ],
  "span": [
    36.845760345458984
  ],
  "curl": [
    2.071568435105672
  ],
  "diameter": [
    14.561005283471856
  ],
  "elongation": [
    5.241981072952519
  ],
  "surface_area": [
    7051.650625224025
  ],
  "end_surface_area_head": [
    942.8031055702452
  ],
  "end_surface_area_tail": [
    1724.16732320038
  ],
  "radius_head": [
    4.379581726870298
  ],
  "radius_tail": [
    5.8970508941042965
  ],
  "irregularity": [
    2.019587838787534
  ],
  "irregularity_of_end_surface_head": [
    0.0639137262844478
  ],
  "irregularity_of_end_surface_tail": [
    0.06336365411258175
  ],
  "mean_curvature": [
    0.37368234899449015
  ],
  "fractal_dimension": [
    2.332735282584135
  ]
}