{
  "volume": [
    11193.525887489319
  ],
  "volume_endpoints": [
    1883.0230464935303
  ],
  "streamlines_count": [
    2381
  ],
  "avg_length": [
    83.64588928222656
  ],
  "std_length": [
    3.573272943496704
  ],
  "min_length": [
    74.1598892211914
  ],
  "max_length": [
    96.09586334228516
  ],
  "span": [
    38.49931716918945
  ],
  "curl": [
    2.1726590348248402
  ],
  "diameter": [
    13.053176546259035
  ],
  "elongation": [
    6.408086873397801
  ],
  "surface_area": [
    6244.456185523473
  ],
  "end_surface_area_head": [
    897.6002169470142
  ],
  "end_surface_area_tail": [
    968.6333276406629
  ],
  "radius_head": [
    4.371672682371745
  ],
  "radius_tail": [
    4.315028380515823
  ],
  "irregularity": [
    1.820471713835015
  ],
  "irregularity_of_end_surface_head": [
    0.0668901545608338
  ],
  "irregularity_of_end_surface_tail": [
    0.06038899164404816
  ],
  "mean_curvature": [
    0.3759644528814145
  ],
  "fractal_dimension": [
    2.3341441751912084
  ]
}