{
  "volume": [
    11350.444474697113
  ],
  "volume_endpoints": [
    2789.663772583008
  ],
  "streamlines_count": [
    1848
  ],
  "avg_length": [
    74.53887176513672
  ],
  "std_length": [
    8.930729866027832
  ],
  "min_length": [
    50.717018127441406
  ],
  "max_length": [
    99.84964752197266
  ],
  "span": [
    30.621938705444336
  ],
  "curl": [
    2.434165664105529
  ],
  "diameter": [
    13.924194661039095
  ],
  "elongation": [
    5.353190872410156
  ],
  "surface_area": [
    6702.942627273387
  ],
  "end_surface_area_head": [
    1233.3931038624441
  ],
  "end_surface_area_tail": [
    1872.6911001052815
  ],
  "radius_head": [
    5.077392824986638
  ],
  "radius_tail": [
    6.252308616898858
  ],
  "irregularity": [
    2.0557141650266093
  ],
  "irregularity_of_end_surface_head": [
    0.06566438585454283
  ],
  "irregularity_of_end_surface_tail": [
    0.06557896224387923
  ],
  "mean_curvature": [
    0.38629925517099245
  ],
  "fractal_dimension": [
    2.3227606690722937
  ]
}