{
  "volume": [
    13309.020915031433
  ],
  "volume_endpoints": [
    2760.604774951935
  ],
  "streamlines_count": [
    1819
  ],
  "avg_length": [
    81.54537963867188
  ],
  "std_length": [
    6.6296281814575195
  ],
  "min_length": [
    60.144264221191406
  ],
  "max_length": [
    102.2741928100586
  ],
  "span": [
    35.900054931640625
  ],
  "curl": [
    2.2714555672393026
  ],
  "diameter": [
    14.415457618644123
  ],
  "elongation": [
    5.656801316748057
  ],
  "surface_area": [
    7697.4061769844675
  ],
  "end_surface_area_head": [
    1117.1571045455644
  ],
  "end_surface_area_tail": [
    2008.2997659749744
  ],
  "radius_head": [
    4.92540472728688
  ],
  "radius_tail": [
    7.127816743883201
  ],
  "irregularity": [
    2.0843312446914695
  ],
  "irregularity_of_end_surface_head": [
    0.06822121765345447
  ],
  "irregularity_of_end_surface_tail": [
    0.07947570443244477
  ],
  "mean_curvature": [
    0.38108744072088374
  ],
  "fractal_dimension": [
    2.3286172764928947
  ]
}