{
  "volume": [
    7183.384214401245
  ],
  "volume_endpoints": [
    1563.3740725517273
  ],
  "streamlines_count": [
    1533
  ],
  "avg_length": [
    74.1267318725586
  ],
  "std_length": [
    4.999520778656006
  ],
  "min_length": [
    60.12777328491211
  ],
  "max_length": [
    89.33881378173828
  ],
  "span": [
    31.192834854125977
  ],
  "curl": [
    2.3764025366470856
  ],
  "diameter": [
    11.107905611114102
  ],
  "elongation": [
    6.673331091181628
  ],
  "surface_area": [
    4591.321973016742
  ],
  "end_surface_area_head": [
    865.3124393589922
  ],
  "end_surface_area_tail": [
    716.7886624540905
  ],
  "radius_head": [
    4.455875539708606
  ],
  "radius_tail": [
    3.8736752455161736
  ],
  "irregularity": [
    1.7749284175924844
  ],
  "irregularity_of_end_surface_head": [
    0.07208468901602486
  ],
  "irregularity_of_end_surface_tail": [
    0.06576656540462276
  ],
  "mean_curvature": [
    0.3768327306744637
  ],
  "fractal_dimension": [
    2.2730708223517118
  ]
}