{
  "volume": [
    13919.259865283966
  ],
  "volume_endpoints": [
    2975.641357421875
  ],
  "streamlines_count": [
    1935
  ],
  "avg_length": [
    81.47537231445312
  ],
  "std_length": [
    8.030500411987305
  ],
  "min_length": [
    59.385459899902344
  ],
  "max_length": [
    106.95747375488281
  ],
  "span": [
    36.20756530761719
  ],
  "curl": [
    2.250230625070852
  ],
  "diameter": [
    14.748571363436241
  ],
  "elongation": [
    5.524289119720565
  ],
  "surface_area": [
    7878.217731477391
  ],
  "end_surface_area_head": [
    1336.7139921441149
  ],
  "end_surface_area_tail": [
    1795.2004338940285
  ],
  "radius_head": [
    5.217886561446262
  ],
  "radius_tail": [
    7.258398378465056
  ],
  "irregularity": [
    2.086900768322796
  ],
  "irregularity_of_end_surface_head": [
    0.06398831070744528
  ],
  "irregularity_of_end_surface_tail": [
    0.09219736940446921
  ],
  "mean_curvature": [
    0.37950597907529626
  ],
  "fractal_dimension": [
    2.3622692710057476
  ]
}