{
  "volume": [
    10722.770125865936
  ],
  "volume_endpoints": [
    2568.815390586853
  ],
  "streamlines_count": [
    2362
  ],
  "avg_length": [
    78.2029800415039
  ],
  "std_length": [
    6.192803382873535
  ],
  "min_length": [
    61.06943893432617
  ],
  "max_length": [
    97.80073547363281
  ],
  "span": [
    32.890830993652344
  ],
  "curl": [
    2.3776529105207596
  ],
  "diameter": [
    13.212862203269978
  ],
  "elongation": [
    5.9187009474866
  ],
  "surface_area": [
    6263.828852076286
  ],
  "end_surface_area_head": [
    1336.7139921441149
  ],
  "end_surface_area_tail": [
    1084.8693269575424
  ],
  "radius_head": [
    5.253575768402501
  ],
  "radius_tail": [
    5.076229102903292
  ],
  "irregularity": [
    1.929611157281689
  ],
  "irregularity_of_end_surface_head": [
    0.06486663644896937
  ],
  "irregularity_of_end_surface_tail": [
    0.07461993590439063
  ],
  "mean_curvature": [
    0.3797641857057987
  ],
  "fractal_dimension": [
    2.362410431849378
  ]
}