{
  "volume": [
    11681.717047691345
  ],
  "volume_endpoints": [
    3341.784727573395
  ],
  "streamlines_count": [
    3040
  ],
  "avg_length": [
    69.25277709960938
  ],
  "std_length": [
    6.586143970489502
  ],
  "min_length": [
    49.50644302368164
  ],
  "max_length": [
    90.09758758544922
  ],
  "span": [
    32.41279220581055
  ],
  "curl": [
    2.136587821866042
  ],
  "diameter": [
    14.655134337471925
  ],
  "elongation": [
    4.725495891398003
  ],
  "surface_area": [
    6754.6030714142225
  ],
  "end_surface_area_head": [
    1246.3082148976528
  ],
  "end_surface_area_tail": [
    2079.3328766686227
  ],
  "radius_head": [
    5.094128132584476
  ],
  "radius_tail": [
    6.542074999230586
  ],
  "irregularity": [
    2.1184731449097884
  ],
  "irregularity_of_end_surface_head": [
    0.06541301156915914
  ],
  "irregularity_of_end_surface_tail": [
    0.06466315485705335
  ],
  "mean_curvature": [
    0.3821221265059553
  ],
  "fractal_dimension": [
    2.372514057589663
  ]
}