{
  "volume": [
    15471.010338783264
  ],
  "volume_endpoints": [
    2882.6525650024414
  ],
  "streamlines_count": [
    2462
  ],
  "avg_length": [
    82.8951644897461
  ],
  "std_length": [
    6.359772205352783
  ],
  "min_length": [
    62.85543441772461
  ],
  "max_length": [
    102.85003662109375
  ],
  "span": [
    37.295833587646484
  ],
  "curl": [
    2.222638737781249
  ],
  "diameter": [
    15.415222536999584
  ],
  "elongation": [
    5.3774873694350696
  ],
  "surface_area": [
    8575.633727378668
  ],
  "end_surface_area_head": [
    1207.5628817920265
  ],
  "end_surface_area_tail": [
    1859.7759890700727
  ],
  "radius_head": [
    5.203231461896495
  ],
  "radius_tail": [
    7.288216908458954
  ],
  "irregularity": [
    2.13617758970708
  ],
  "irregularity_of_end_surface_head": [
    0.07043465776024041
  ],
  "irregularity_of_end_surface_tail": [
    0.08972879079812213
  ],
  "mean_curvature": [
    0.3739977961967478
  ],
  "fractal_dimension": [
    2.3922636419702017
  ]
}