{
  "volume": [
    8996.6656665802
  ],
  "volume_endpoints": [
    1900.458445072174
  ],
  "streamlines_count": [
    1915
  ],
  "avg_length": [
    65.44293975830078
  ],
  "std_length": [
    6.2372145652771
  ],
  "min_length": [
    50.94670867919922
  ],
  "max_length": [
    86.61271667480469
  ],
  "span": [
    27.81085968017578
  ],
  "curl": [
    2.353143358777579
  ],
  "diameter": [
    13.23014031122063
  ],
  "elongation": [
    4.946503832827675
  ],
  "surface_area": [
    5275.82285788281
  ],
  "end_surface_area_head": [
    1130.0722155807734
  ],
  "end_surface_area_tail": [
    884.6851059118054
  ],
  "radius_head": [
    4.7858865667492205
  ],
  "radius_tail": [
    4.743258656329816
  ],
  "irregularity": [
    1.9396040503711092
  ],
  "irregularity_of_end_surface_head": [
    0.06367493014907243
  ],
  "irregularity_of_end_surface_tail": [
    0.07989411177672491
  ],
  "mean_curvature": [
    0.3877506944902883
  ],
  "fractal_dimension": [
    2.350052651508505
  ]
}