{
  "volume": [
    8212.07273054123
  ],
  "volume_endpoints": [
    1098.4301104545593
  ],
  "streamlines_count": [
    609
  ],
  "avg_length": [
    82.85956573486328
  ],
  "std_length": [
    5.095277309417725
  ],
  "min_length": [
    71.79002380371094
  ],
  "max_length": [
    98.14202880859375
  ],
  "span": [
    38.7502555847168
  ],
  "curl": [
    2.138297270161576
  ],
  "diameter": [
    11.233371621775431
  ],
  "elongation": [
    7.376197327456292
  ],
  "surface_area": [
    5437.261745822921
  ],
  "end_surface_area_head": [
    439.1137751971005
  ],
  "end_surface_area_tail": [
    1091.3268824751467
  ],
  "radius_head": [
    3.4688225493290386
  ],
  "radius_tail": [
    4.6719239089881945
  ],
  "irregularity": [
    1.8594203862971284
  ],
  "irregularity_of_end_surface_head": [
    0.08608688209039252
  ],
  "irregularity_of_end_surface_tail": [
    0.06283281847493233
  ],
  "mean_curvature": [
    0.3685450504468188
  ],
  "fractal_dimension": [
    2.222596127894712
  ]
}