{
  "volume": [
    10955.24210691452
  ],
  "volume_endpoints": [
    2510.697395324707
  ],
  "streamlines_count": [
    2553
  ],
  "avg_length": [
    76.67529296875
  ],
  "std_length": [
    5.201788425445557
  ],
  "min_length": [
    61.6634407043457
  ],
  "max_length": [
    93.73504638671875
  ],
  "span": [
    35.56394958496094
  ],
  "curl": [
    2.1559836256537146
  ],
  "diameter": [
    13.487713340941763
  ],
  "elongation": [
    5.684825220595639
  ],
  "surface_area": [
    6276.743963111496
  ],
  "end_surface_area_head": [
    1007.3786607462894
  ],
  "end_surface_area_tail": [
    1291.5111035208838
  ],
  "radius_head": [
    4.685706592209764
  ],
  "radius_tail": [
    5.008252544289297
  ],
  "irregularity": [
    1.9319272559823482
  ],
  "irregularity_of_end_surface_head": [
    0.0684711003195858
  ],
  "irregularity_of_end_surface_tail": [
    0.06101325138174025
  ],
  "mean_curvature": [
    0.3720518159039853
  ],
  "fractal_dimension": [
    2.383636257964553
  ]
}