{
  "volume": [
    10321.755958557129
  ],
  "volume_endpoints": [
    1877.2112469673157
  ],
  "streamlines_count": [
    1269
  ],
  "avg_length": [
    58.151607513427734
  ],
  "std_length": [
    6.72304630279541
  ],
  "min_length": [
    42.66967010498047
  ],
  "max_length": [
    79.28372192382812
  ],
  "span": [
    23.94500160217285
  ],
  "curl": [
    2.4285489088524788
  ],
  "diameter": [
    15.033184596797451
  ],
  "elongation": [
    3.8682161546673144
  ],
  "surface_area": [
    5476.007078928547
  ],
  "end_surface_area_head": [
    1052.5815493695204
  ],
  "end_surface_area_tail": [
    1104.2419935103558
  ],
  "radius_head": [
    4.8129623909058115
  ],
  "radius_tail": [
    4.676051617428852
  ],
  "irregularity": [
    1.993891000752021
  ],
  "irregularity_of_end_surface_head": [
    0.06913835715963948
  ],
  "irregularity_of_end_surface_tail": [
    0.062207708920381674
  ],
  "mean_curvature": [
    0.4007756572431049
  ],
  "fractal_dimension": [
    2.407164355435367
  ]
}