{
  "volume": [
    12181.5318069458
  ],
  "volume_endpoints": [
    3399.9027228355408
  ],
  "streamlines_count": [
    2992
  ],
  "avg_length": [
    71.93550872802734
  ],
  "std_length": [
    4.485813617706299
  ],
  "min_length": [
    57.78230285644531
  ],
  "max_length": [
    87.09427642822266
  ],
  "span": [
    34.631710052490234
  ],
  "curl": [
    2.077157282126608
  ],
  "diameter": [
    14.6836610675233
  ],
  "elongation": [
    4.899017240811371
  ],
  "surface_area": [
    6573.791516921298
  ],
  "end_surface_area_head": [
    1000.921105228685
  ],
  "end_surface_area_tail": [
    2247.229320126338
  ],
  "radius_head": [
    4.672075016222928
  ],
  "radius_tail": [
    6.178761399122383
  ],
  "irregularity": [
    1.9810178246218832
  ],
  "irregularity_of_end_surface_head": [
    0.06851247246543155
  ],
  "irregularity_of_end_surface_tail": [
    0.05337099869195086
  ],
  "mean_curvature": [
    0.37567282492982196
  ],
  "fractal_dimension": [
    2.3821896789363337
  ]
}