{
  "volume": [
    8467.791909694672
  ],
  "volume_endpoints": [
    1883.0230464935303
  ],
  "streamlines_count": [
    3117
  ],
  "avg_length": [
    52.706729888916016
  ],
  "std_length": [
    4.295601844787598
  ],
  "min_length": [
    40.996578216552734
  ],
  "max_length": [
    67.66549682617188
  ],
  "span": [
    24.26295280456543
  ],
  "curl": [
    2.172313086270294
  ],
  "diameter": [
    14.302340455829317
  ],
  "elongation": [
    3.685182159639748
  ],
  "surface_area": [
    4391.137751971005
  ],
  "end_surface_area_head": [
    1091.3268824751467
  ],
  "end_surface_area_tail": [
    542.4346634787712
  ],
  "radius_head": [
    4.60800781366374
  ],
  "radius_tail": [
    3.331798031280923
  ],
  "irregularity": [
    1.8541890196082667
  ],
  "irregularity_of_end_surface_head": [
    0.061125360449709024
  ],
  "irregularity_of_end_surface_tail": [
    0.06429241990260723
  ],
  "mean_curvature": [
    0.3902091146242095
  ],
  "fractal_dimension": [
    2.3905874551312034
  ]
}