{
  "volume": [
    15709.294119358063
  ],
  "volume_endpoints": [
    4724.9930148124695
  ],
  "streamlines_count": [
    3439
  ],
  "avg_length": [
    66.91632843017578
  ],
  "std_length": [
    5.401153087615967
  ],
  "min_length": [
    50.75931167602539
  ],
  "max_length": [
    84.39285278320312
  ],
  "span": [
    30.454437255859375
  ],
  "curl": [
    2.197260381729799
  ],
  "diameter": [
    17.288899220816873
  ],
  "elongation": [
    3.870479408521539
  ],
  "surface_area": [
    8330.246617709701
  ],
  "end_surface_area_head": [
    1078.411771439938
  ],
  "end_surface_area_tail": [
    3764.7548667633764
  ],
  "radius_head": [
    4.535258884415181
  ],
  "radius_tail": [
    7.56619925945963
  ],
  "irregularity": [
    2.2919679452793074
  ],
  "irregularity_of_end_surface_head": [
    0.059919670769538594
  ],
  "irregularity_of_end_surface_tail": [
    0.04777148241266532
  ],
  "mean_curvature": [
    0.38755365459161223
  ],
  "fractal_dimension": [
    2.3957536102085526
  ]
}