{
  "volume": [
    10414.744750976562
  ],
  "volume_endpoints": [
    2807.0991711616516
  ],
  "streamlines_count": [
    3180
  ],
  "avg_length": [
    59.04678726196289
  ],
  "std_length": [
    5.234885215759277
  ],
  "min_length": [
    44.221923828125
  ],
  "max_length": [
    76.43682861328125
  ],
  "span": [
    27.270307540893555
  ],
  "curl": [
    2.1652409740307657
  ],
  "diameter": [
    14.985845067062984
  ],
  "elongation": [
    3.940170674241145
  ],
  "surface_area": [
    5340.398413058854
  ],
  "end_surface_area_head": [
    1052.5815493695204
  ],
  "end_surface_area_tail": [
    1369.0017697321368
  ],
  "radius_head": [
    4.606088407890023
  ],
  "radius_tail": [
    5.075458996417909
  ],
  "irregularity": [
    1.921083644584395
  ],
  "irregularity_of_end_surface_head": [
    0.06332258833690053
  ],
  "irregularity_of_end_surface_tail": [
    0.05911483888075858
  ],
  "mean_curvature": [
    0.38473689400549954
  ],
  "fractal_dimension": [
    2.4207659197032045
  ]
}