{
  "volume": [
    17272.66819190979
  ],
  "volume_endpoints": [
    4114.7540645599365
  ],
  "streamlines_count": [
    3375
  ],
  "avg_length": [
    81.8085708618164
  ],
  "std_length": [
    6.90614652633667
  ],
  "min_length": [
    60.45930480957031
  ],
  "max_length": [
    104.0035629272461
  ],
  "span": [
    32.65861511230469
  ],
  "curl": [
    2.504961419230347
  ],
  "diameter": [
    16.39590417774938
  ],
  "elongation": [
    4.9895736139296005
  ],
  "surface_area": [
    9298.879945350363
  ],
  "end_surface_area_head": [
    1020.2937717814982
  ],
  "end_surface_area_tail": [
    2660.5128732530206
  ],
  "radius_head": [
    4.632149309990185
  ],
  "radius_tail": [
    7.177064040178852
  ],
  "irregularity": [
    2.2067167453574306
  ],
  "irregularity_of_end_surface_head": [
    0.0660677834440706
  ],
  "irregularity_of_end_surface_tail": [
    0.060824444441625075
  ],
  "mean_curvature": [
    0.3763397334681617
  ],
  "fractal_dimension": [
    2.4027307725455667
  ]
}