{
  "volume": [
    9973.047986984253
  ],
  "volume_endpoints": [
    2016.694435596466
  ],
  "streamlines_count": [
    1807
  ],
  "avg_length": [
    87.16800689697266
  ],
  "std_length": [
    4.4448652267456055
  ],
  "min_length": [
    76.52327728271484
  ],
  "max_length": [
    101.14564514160156
  ],
  "span": [
    41.75756072998047
  ],
  "curl": [
    2.0874784200311076
  ],
  "diameter": [
    12.069532700421297
  ],
  "elongation": [
    7.222152593689894
  ],
  "surface_area": [
    6057.187075512945
  ],
  "end_surface_area_head": [
    988.0059941934761
  ],
  "end_surface_area_tail": [
    1117.1571045455644
  ],
  "radius_head": [
    4.485436722945483
  ],
  "radius_tail": [
    4.8310715996235825
  ],
  "irregularity": [
    1.8326247295682485
  ],
  "irregularity_of_end_surface_head": [
    0.06397344848731906
  ],
  "irregularity_of_end_surface_tail": [
    0.06563304734900946
  ],
  "mean_curvature": [
    0.36580050281879317
  ],
  "fractal_dimension": [
    2.286970077881644
  ]
}