{
  "volume": [
    7828.493961811066
  ],
  "volume_endpoints": [
    1656.362864971161
  ],
  "streamlines_count": [
    1800
  ],
  "avg_length": [
    55.86964416503906
  ],
  "std_length": [
    4.523251533508301
  ],
  "min_length": [
    43.3679313659668
  ],
  "max_length": [
    69.60316467285156
  ],
  "span": [
    25.002609252929688
  ],
  "curl": [
    2.2345525460904656
  ],
  "diameter": [
    13.356916687664524
  ],
  "elongation": [
    4.182824934188307
  ],
  "surface_area": [
    4242.613975066103
  ],
  "end_surface_area_head": [
    787.8217731477391
  ],
  "end_surface_area_tail": [
    852.3973283237833
  ],
  "radius_head": [
    4.054936723363894
  ],
  "radius_tail": [
    4.288830444987122
  ],
  "irregularity": [
    1.8096789011819512
  ],
  "irregularity_of_end_surface_head": [
    0.06556771611785393
  ],
  "irregularity_of_end_surface_tail": [
    0.0677931083728041
  ],
  "mean_curvature": [
    0.3969550947844982
  ],
  "fractal_dimension": [
    2.33242197306543
  ]
}