{
  "volume": [
    14256.344237804413
  ],
  "volume_endpoints": [
    2743.169376373291
  ],
  "streamlines_count": [
    1824
  ],
  "avg_length": [
    87.06289672851562
  ],
  "std_length": [
    5.899916648864746
  ],
  "min_length": [
    66.30628967285156
  ],
  "max_length": [
    103.0906753540039
  ],
  "span": [
    38.215789794921875
  ],
  "curl": [
    2.2781917420972566
  ],
  "diameter": [
    14.43918197029919
  ],
  "elongation": [
    6.029628057018774
  ],
  "surface_area": [
    8233.383284945634
  ],
  "end_surface_area_head": [
    1084.8693269575424
  ],
  "end_surface_area_tail": [
    1833.945766999655
  ],
  "radius_head": [
    4.671676769523295
  ],
  "radius_tail": [
    7.148584951928838
  ],
  "irregularity": [
    2.0847441233794632
  ],
  "irregularity_of_end_surface_head": [
    0.06320013638544354
  ],
  "irregularity_of_end_surface_tail": [
    0.08753939669124465
  ],
  "mean_curvature": [
    0.37882800869186195
  ],
  "fractal_dimension": [
    2.3836777309394983
  ]
}