{
  "volume": [
    9141.960654735565
  ],
  "volume_endpoints": [
    2115.4950275421143
  ],
  "streamlines_count": [
    1586
  ],
  "avg_length": [
    78.37999725341797
  ],
  "std_length": [
    6.0120110511779785
  ],
  "min_length": [
    60.64669418334961
  ],
  "max_length": [
    95.45681762695312
  ],
  "span": [
    38.637210845947266
  ],
  "curl": [
    2.0286142694391565
  ],
  "diameter": [
    12.186306902053152
  ],
  "elongation": [
    6.431808905141925
  ],
  "surface_area": [
    5714.936633079911
  ],
  "end_surface_area_head": [
    1071.9542159223336
  ],
  "end_surface_area_tail": [
    1259.2233259328618
  ],
  "radius_head": [
    4.635698716313129
  ],
  "radius_tail": [
    5.372078748414958
  ],
  "irregularity": [
    1.904514096230067
  ],
  "irregularity_of_end_surface_head": [
    0.06298020081160247
  ],
  "irregularity_of_end_surface_tail": [
    0.0719998933769887
  ],
  "mean_curvature": [
    0.36580948898049653
  ],
  "fractal_dimension": [
    2.2749217660721994
  ]
}