{
  "volume": [
    8386.426716327667
  ],
  "volume_endpoints": [
    1737.7280583381653
  ],
  "streamlines_count": [
    1784
  ],
  "avg_length": [
    77.77259826660156
  ],
  "std_length": [
    4.591074466705322
  ],
  "min_length": [
    66.70783996582031
  ],
  "max_length": [
    93.38758850097656
  ],
  "span": [
    37.848167419433594
  ],
  "curl": [
    2.0548577003669743
  ],
  "diameter": [
    11.717372412778209
  ],
  "elongation": [
    6.637375302827091
  ],
  "surface_area": [
    5069.181081319469
  ],
  "end_surface_area_head": [
    988.0059941934761
  ],
  "end_surface_area_tail": [
    652.2131072780463
  ],
  "radius_head": [
    4.514447969036213
  ],
  "radius_tail": [
    3.81939008279384
  ],
  "irregularity": [
    1.7706433433081832
  ],
  "irregularity_of_end_surface_head": [
    0.06480366930964607
  ],
  "irregularity_of_end_surface_tail": [
    0.0702665098329148
  ],
  "mean_curvature": [
    0.37197528385260714
  ],
  "fractal_dimension": [
    2.3467239496488435
  ]
}