{
  "volume": [
    8572.404301166534
  ],
  "volume_endpoints": [
    1656.362864971161
  ],
  "streamlines_count": [
    1910
  ],
  "avg_length": [
    75.54277801513672
  ],
  "std_length": [
    3.953610420227051
  ],
  "min_length": [
    65.4947280883789
  ],
  "max_length": [
    89.07209014892578
  ],
  "span": [
    35.65995407104492
  ],
  "curl": [
    2.118420507907377
  ],
  "diameter": [
    12.020150526415316
  ],
  "elongation": [
    6.284678203415586
  ],
  "surface_area": [
    5230.619969259579
  ],
  "end_surface_area_head": [
    1084.8693269575424
  ],
  "end_surface_area_tail": [
    503.6893303731447
  ],
  "radius_head": [
    4.640581344514563
  ],
  "radius_tail": [
    3.8184192406297806
  ],
  "irregularity": [
    1.8335824223904793
  ],
  "irregularity_of_end_surface_head": [
    0.06236159607576484
  ],
  "irregularity_of_end_surface_tail": [
    0.09093987247070437
  ],
  "mean_curvature": [
    0.3766339408165497
  ],
  "fractal_dimension": [
    2.3225948162775154
  ]
}