{
  "volume": [
    4742.428413391113
  ],
  "volume_endpoints": [
    1807.4696526527405
  ],
  "streamlines_count": [
    2120
  ],
  "avg_length": [
    36.403072357177734
  ],
  "std_length": [
    6.373675346374512
  ],
  "min_length": [
    21.694841384887695
  ],
  "max_length": [
    57.55990982055664
  ],
  "span": [
    16.840797424316406
  ],
  "curl": [
    2.1616002758049557
  ],
  "diameter": [
    12.879127180419221
  ],
  "elongation": [
    2.8265170338967645
  ],
  "surface_area": [
    3054.42375982689
  ],
  "end_surface_area_head": [
    845.9397728061789
  ],
  "end_surface_area_tail": [
    852.3973283237833
  ],
  "radius_head": [
    4.349670327458127
  ],
  "radius_tail": [
    4.220211653543294
  ],
  "irregularity": [
    2.0737430613937082
  ],
  "irregularity_of_end_surface_head": [
    0.07026242136524057
  ],
  "irregularity_of_end_surface_tail": [
    0.06564116157607042
  ],
  "mean_curvature": [
    0.41227505171917517
  ],
  "fractal_dimension": [
    2.4071969385474166
  ]
}