{
  "volume": [
    12541.863377571106
  ],
  "volume_endpoints": [
    2481.638397693634
  ],
  "streamlines_count": [
    2936
  ],
  "avg_length": [
    79.58750915527344
  ],
  "std_length": [
    5.503485679626465
  ],
  "min_length": [
    65.27088928222656
  ],
  "max_length": [
    96.94786834716797
  ],
  "span": [
    37.079227447509766
  ],
  "curl": [
    2.1464176746384322
  ],
  "diameter": [
    14.164904005386509
  ],
  "elongation": [
    5.618640911721575
  ],
  "surface_area": [
    6993.5326255655855
  ],
  "end_surface_area_head": [
    949.2606610878496
  ],
  "end_surface_area_tail": [
    1394.8319918025545
  ],
  "radius_head": [
    4.47706742952972
  ],
  "radius_tail": [
    5.558215228157805
  ],
  "irregularity": [
    1.9746411541372568
  ],
  "irregularity_of_end_surface_head": [
    0.06633636348219626
  ],
  "irregularity_of_end_surface_tail": [
    0.06958228596946034
  ],
  "mean_curvature": [
    0.3840883032847653
  ],
  "fractal_dimension": [
    2.3467663848101403
  ]
}