{
  "volume": [
    13186.973124980927
  ],
  "volume_endpoints": [
    2347.9670085906982
  ],
  "streamlines_count": [
    1970
  ],
  "avg_length": [
    74.92976379394531
  ],
  "std_length": [
    5.612797260284424
  ],
  "min_length": [
    60.54375076293945
  ],
  "max_length": [
    93.39833068847656
  ],
  "span": [
    30.573013305664062
  ],
  "curl": [
    2.450846537265058
  ],
  "diameter": [
    14.969263667796392
  ],
  "elongation": [
    5.005574452879928
  ],
  "surface_area": [
    7342.240623516224
  ],
  "end_surface_area_head": [
    871.7699948765966
  ],
  "end_surface_area_tail": [
    1737.0824342355886
  ],
  "radius_head": [
    4.152726667053848
  ],
  "radius_tail": [
    6.497501598362918
  ],
  "irregularity": [
    2.0836460111838426
  ],
  "irregularity_of_end_surface_head": [
    0.06214621011542901
  ],
  "irregularity_of_end_surface_tail": [
    0.07635231934137562
  ],
  "mean_curvature": [
    0.39009614250986707
  ],
  "fractal_dimension": [
    2.310867001628023
  ]
}