{
  "volume": [
    8194.637331962585
  ],
  "volume_endpoints": [
    1086.8065114021301
  ],
  "streamlines_count": [
    422
  ],
  "avg_length": [
    67.27859497070312
  ],
  "std_length": [
    6.8869805335998535
  ],
  "min_length": [
    45.6160888671875
  ],
  "max_length": [
    90.33967590332031
  ],
  "span": [
    25.278667449951172
  ],
  "curl": [
    2.661477117174271
  ],
  "diameter": [
    12.453214586113045
  ],
  "elongation": [
    5.402508284545864
  ],
  "surface_area": [
    5146.671747530722
  ],
  "end_surface_area_head": [
    910.5153279822231
  ],
  "end_surface_area_tail": [
    535.9771079611668
  ],
  "radius_head": [
    4.119976762360686
  ],
  "radius_tail": [
    3.566251509298139
  ],
  "irregularity": [
    1.95532166586241
  ],
  "irregularity_of_end_surface_head": [
    0.05856688751481318
  ],
  "irregularity_of_end_surface_tail": [
    0.07454655333609328
  ],
  "mean_curvature": [
    0.40982937883426795
  ],
  "fractal_dimension": [
    2.2984333390842386
  ]
}