{
  "volume": [
    12187.343606472015
  ],
  "volume_endpoints": [
    2528.132793903351
  ],
  "streamlines_count": [
    2769
  ],
  "avg_length": [
    78.13127136230469
  ],
  "std_length": [
    6.021488666534424
  ],
  "min_length": [
    63.386016845703125
  ],
  "max_length": [
    97.22749328613281
  ],
  "span": [
    36.60653305053711
  ],
  "curl": [
    2.1343532110631904
  ],
  "diameter": [
    14.092795226771058
  ],
  "elongation": [
    5.544057804365481
  ],
  "surface_area": [
    6625.451961062134
  ],
  "end_surface_area_head": [
    955.718216605454
  ],
  "end_surface_area_tail": [
    1543.3557687074563
  ],
  "radius_head": [
    4.439785248300254
  ],
  "radius_tail": [
    5.668710928595935
  ],
  "irregularity": [
    1.9153299682646432
  ],
  "irregularity_of_end_surface_head": [
    0.06479536436886861
  ],
  "irregularity_of_end_surface_tail": [
    0.06541124950437817
  ],
  "mean_curvature": [
    0.38298924318415545
  ],
  "fractal_dimension": [
    2.420868849960873
  ]
}