{
  "volume": [
    6422.038476467133
  ],
  "volume_endpoints": [
    2400.2732043266296
  ],
  "streamlines_count": [
    2871
  ],
  "avg_length": [
    32.64125442504883
  ],
  "std_length": [
    8.298852920532227
  ],
  "min_length": [
    20.102130889892578
  ],
  "max_length": [
    61.6014518737793
  ],
  "span": [
    15.377245903015137
  ],
  "curl": [
    2.122698344743814
  ],
  "diameter": [
    15.827345784595291
  ],
  "elongation": [
    2.0623328048356955
  ],
  "surface_area": [
    3874.5333105626514
  ],
  "end_surface_area_head": [
    949.2606610878496
  ],
  "end_surface_area_tail": [
    1595.0162128482916
  ],
  "radius_head": [
    4.475926058677722
  ],
  "radius_tail": [
    5.987469373196336
  ],
  "irregularity": [
    2.3872318222991606
  ],
  "irregularity_of_end_surface_head": [
    0.06630254458547792
  ],
  "irregularity_of_end_surface_tail": [
    0.07061084044343321
  ],
  "mean_curvature": [
    0.41037056752610646
  ],
  "fractal_dimension": [
    2.346540928100118
  ]
}