{
  "volume": [
    7264.7494077682495
  ],
  "volume_endpoints": [
    906.6407260894775
  ],
  "streamlines_count": [
    249
  ],
  "avg_length": [
    66.47781372070312
  ],
  "std_length": [
    6.175865173339844
  ],
  "min_length": [
    52.119789123535156
  ],
  "max_length": [
    83.56890106201172
  ],
  "span": [
    25.946025848388672
  ],
  "curl": [
    2.56215784679917
  ],
  "diameter": [
    11.795789513804683
  ],
  "elongation": [
    5.635723971074911
  ],
  "surface_area": [
    4597.779528534346
  ],
  "end_surface_area_head": [
    464.94399726751817
  ],
  "end_surface_area_tail": [
    723.2462179716949
  ],
  "radius_head": [
    3.366560717253111
  ],
  "radius_tail": [
    3.830004028861679
  ],
  "irregularity": [
    1.8663561709189176
  ],
  "irregularity_of_end_surface_head": [
    0.07658119355102652
  ],
  "irregularity_of_end_surface_tail": [
    0.0637180040270069
  ],
  "mean_curvature": [
    0.42038864519701424
  ],
  "fractal_dimension": [
    2.3065034149899795
  ]
}