{
  "volume": [
    15982.448697090149
  ],
  "volume_endpoints": [
    4045.0124702453613
  ],
  "streamlines_count": [
    2811
  ],
  "avg_length": [
    82.36650085449219
  ],
  "std_length": [
    6.8970947265625
  ],
  "min_length": [
    62.95812225341797
  ],
  "max_length": [
    104.19768524169922
  ],
  "span": [
    35.71123123168945
  ],
  "curl": [
    2.306459285038645
  ],
  "diameter": [
    15.718149336241616
  ],
  "elongation": [
    5.24021620437072
  ],
  "surface_area": [
    8717.699948765965
  ],
  "end_surface_area_head": [
    1084.8693269575424
  ],
  "end_surface_area_tail": [
    2802.5790946403176
  ],
  "radius_head": [
    4.680085908908817
  ],
  "radius_tail": [
    8.056600177008745
  ],
  "irregularity": [
    2.1433841625313192
  ],
  "irregularity_of_end_surface_head": [
    0.06342786493006111
  ],
  "irregularity_of_end_surface_tail": [
    0.07276049042389258
  ],
  "mean_curvature": [
    0.3844607293775437
  ],
  "fractal_dimension": [
    2.3919048297719936
  ]
}