{
  "volume": [
    11420.186069011688
  ],
  "volume_endpoints": [
    2626.933385848999
  ],
  "streamlines_count": [
    2981
  ],
  "avg_length": [
    75.35775756835938
  ],
  "std_length": [
    4.633772850036621
  ],
  "min_length": [
    63.35557556152344
  ],
  "max_length": [
    90.46798706054688
  ],
  "span": [
    33.94040298461914
  ],
  "curl": [
    2.220296488598248
  ],
  "diameter": [
    13.890813036794205
  ],
  "elongation": [
    5.425006971784197
  ],
  "surface_area": [
    6657.739738650156
  ],
  "end_surface_area_head": [
    1000.921105228685
  ],
  "end_surface_area_tail": [
    1595.0162128482916
  ],
  "radius_head": [
    4.591230497435813
  ],
  "radius_tail": [
    6.12617217293837
  ],
  "irregularity": [
    2.0245164439170087
  ],
  "irregularity_of_end_surface_head": [
    0.06616193815992506
  ],
  "irregularity_of_end_surface_tail": [
    0.07392020580278258
  ],
  "mean_curvature": [
    0.37949162882592447
  ],
  "fractal_dimension": [
    2.341821632504412
  ]
}