{
  "volume": [
    6143.072099208832
  ],
  "volume_endpoints": [
    1133.300907611847
  ],
  "streamlines_count": [
    648
  ],
  "avg_length": [
    83.04878997802734
  ],
  "std_length": [
    3.7914745807647705
  ],
  "min_length": [
    71.9700698852539
  ],
  "max_length": [
    93.34993743896484
  ],
  "span": [
    39.93437194824219
  ],
  "curl": [
    2.079631804042506
  ],
  "diameter": [
    9.704679807144634
  ],
  "elongation": [
    8.557602273172002
  ],
  "surface_area": [
    4320.104641277357
  ],
  "end_surface_area_head": [
    904.0577724646187
  ],
  "end_surface_area_tail": [
    380.9957755386607
  ],
  "radius_head": [
    4.179323874321922
  ],
  "radius_tail": [
    2.965720717820288
  ],
  "irregularity": [
    1.706199748264217
  ],
  "irregularity_of_end_surface_head": [
    0.060696792855751
  ],
  "irregularity_of_end_surface_tail": [
    0.07252541366257782
  ],
  "mean_curvature": [
    0.36511571765129947
  ],
  "fractal_dimension": [
    2.2289443084599236
  ]
}