{
  "volume": [
    16023.131293773651
  ],
  "volume_endpoints": [
    2074.812430858612
  ],
  "streamlines_count": [
    1223
  ],
  "avg_length": [
    82.82950592041016
  ],
  "std_length": [
    9.705917358398438
  ],
  "min_length": [
    63.977142333984375
  ],
  "max_length": [
    120.05986022949219
  ],
  "span": [
    33.377017974853516
  ],
  "curl": [
    2.4816329003032713
  ],
  "diameter": [
    15.694092919013404
  ],
  "elongation": [
    5.277750447116453
  ],
  "surface_area": [
    8627.294171519505
  ],
  "end_surface_area_head": [
    988.0059941934761
  ],
  "end_surface_area_tail": [
    1175.2751042040043
  ],
  "radius_head": [
    4.396942780761799
  ],
  "radius_tail": [
    5.304552413161954
  ],
  "irregularity": [
    2.112532717311368
  ],
  "irregularity_of_end_surface_head": [
    0.06147406348102477
  ],
  "irregularity_of_end_surface_tail": [
    0.07521558297718035
  ],
  "mean_curvature": [
    0.3908213752513037
  ],
  "fractal_dimension": [
    2.3679675891615095
  ]
}