{
  "volume": [
    14825.900591373444
  ],
  "volume_endpoints": [
    2533.9445934295654
  ],
  "streamlines_count": [
    3022
  ],
  "avg_length": [
    80.64103698730469
  ],
  "std_length": [
    4.745914936065674
  ],
  "min_length": [
    67.57714080810547
  ],
  "max_length": [
    96.2615966796875
  ],
  "span": [
    31.752859115600586
  ],
  "curl": [
    2.539646483288956
  ],
  "diameter": [
    15.299863256416876
  ],
  "elongation": [
    5.270703119093777
  ],
  "surface_area": [
    7981.5386197590615
  ],
  "end_surface_area_head": [
    923.4304390174319
  ],
  "end_surface_area_tail": [
    1498.1528800842252
  ],
  "radius_head": [
    4.377040005375252
  ],
  "radius_tail": [
    6.14412663081864
  ],
  "irregularity": [
    2.059174225294251
  ],
  "irregularity_of_end_surface_head": [
    0.06517885375308531
  ],
  "irregularity_of_end_surface_tail": [
    0.07916150732618817
  ],
  "mean_curvature": [
    0.37208715642350626
  ],
  "fractal_dimension": [
    2.375686049248469
  ]
}