{
  "volume": [
    5800.17592716217
  ],
  "volume_endpoints": [
    1243.7250986099243
  ],
  "streamlines_count": [
    497
  ],
  "avg_length": [
    59.33500289916992
  ],
  "std_length": [
    5.111637592315674
  ],
  "min_length": [
    43.61001968383789
  ],
  "max_length": [
    73.88882446289062
  ],
  "span": [
    27.754467010498047
  ],
  "curl": [
    2.1378541651232803
  ],
  "diameter": [
    11.156299342397556
  ],
  "elongation": [
    5.318520154230504
  ],
  "surface_area": [
    3913.278643668278
  ],
  "end_surface_area_head": [
    813.6519952181568
  ],
  "end_surface_area_tail": [
    833.02466177097
  ],
  "radius_head": [
    4.008248327626265
  ],
  "radius_tail": [
    5.4139069401850035
  ],
  "irregularity": [
    1.8817406793872478
  ],
  "irregularity_of_end_surface_head": [
    0.06203266209120963
  ],
  "irregularity_of_end_surface_tail": [
    0.11053850499504098
  ],
  "mean_curvature": [
    0.39236929946742066
  ],
  "fractal_dimension": [
    2.1843707928315763
  ]
}