{
  "volume": [
    10304.320559978485
  ],
  "volume_endpoints": [
    1900.458445072174
  ],
  "streamlines_count": [
    1921
  ],
  "avg_length": [
    74.8175277709961
  ],
  "std_length": [
    4.974799633026123
  ],
  "min_length": [
    60.809383392333984
  ],
  "max_length": [
    91.59151458740234
  ],
  "span": [
    32.92101287841797
  ],
  "curl": [
    2.2726374807272176
  ],
  "diameter": [
    13.242289038623731
  ],
  "elongation": [
    5.649893878073202
  ],
  "surface_area": [
    5747.224410667933
  ],
  "end_surface_area_head": [
    994.4635497110805
  ],
  "end_surface_area_tail": [
    962.1757721230584
  ],
  "radius_head": [
    4.390495456005404
  ],
  "radius_tail": [
    4.726633550529874
  ],
  "irregularity": [
    1.8464683424031987
  ],
  "irregularity_of_end_surface_head": [
    0.06089590193822791
  ],
  "irregularity_of_end_surface_tail": [
    0.07294563720512627
  ],
  "mean_curvature": [
    0.3772517240866592
  ],
  "fractal_dimension": [
    2.349401715488308
  ]
}