{
  "volume": [
    3748.6106944084167
  ],
  "volume_endpoints": [
    1551.750473499298
  ],
  "streamlines_count": [
    3758
  ],
  "avg_length": [
    28.329322814941406
  ],
  "std_length": [
    5.465648174285889
  ],
  "min_length": [
    20.10009765625
  ],
  "max_length": [
    47.270538330078125
  ],
  "span": [
    13.545228958129883
  ],
  "curl": [
    2.0914613479411193
  ],
  "diameter": [
    12.979923492544502
  ],
  "elongation": [
    2.1825492909271302
  ],
  "surface_area": [
    2440.95598565447
  ],
  "end_surface_area_head": [
    716.7886624540905
  ],
  "end_surface_area_tail": [
    787.8217731477391
  ],
  "radius_head": [
    4.119073417860485
  ],
  "radius_tail": [
    4.324503027369231
  ],
  "irregularity": [
    2.1130109609490715
  ],
  "irregularity_of_end_surface_head": [
    0.0743631556311386
  ],
  "irregularity_of_end_surface_tail": [
    0.0745751789796744
  ],
  "mean_curvature": [
    0.41282164169046204
  ],
  "fractal_dimension": [
    2.1745141670038395
  ]
}