{
  "volume": [
    13018.430938720703
  ],
  "volume_endpoints": [
    2580.438989639282
  ],
  "streamlines_count": [
    3033
  ],
  "avg_length": [
    78.28256225585938
  ],
  "std_length": [
    6.263862609863281
  ],
  "min_length": [
    58.364376068115234
  ],
  "max_length": [
    98.70572662353516
  ],
  "span": [
    31.91120147705078
  ],
  "curl": [
    2.4531374135867923
  ],
  "diameter": [
    14.551302363235035
  ],
  "elongation": [
    5.379763288655604
  ],
  "surface_area": [
    7710.321288019676
  ],
  "end_surface_area_head": [
    904.0577724646187
  ],
  "end_surface_area_tail": [
    2059.96021011581
  ],
  "radius_head": [
    4.563844751031514
  ],
  "radius_tail": [
    6.255140495018605
  ],
  "irregularity": [
    2.1545456765830364
  ],
  "irregularity_of_end_surface_head": [
    0.07237947246890813
  ],
  "irregularity_of_end_surface_tail": [
    0.05967125588648046
  ],
  "mean_curvature": [
    0.37850401062915084
  ],
  "fractal_dimension": [
    2.4011392808552796
  ]
}