{
  "volume": [
    7142.701617717743
  ],
  "volume_endpoints": [
    2028.3180346488953
  ],
  "streamlines_count": [
    2391
  ],
  "avg_length": [
    58.92819595336914
  ],
  "std_length": [
    10.541017532348633
  ],
  "min_length": [
    34.42306137084961
  ],
  "max_length": [
    86.8140869140625
  ],
  "span": [
    27.750709533691406
  ],
  "curl": [
    2.123484298007803
  ],
  "diameter": [
    12.422950093226431
  ],
  "elongation": [
    4.743494541244235
  ],
  "surface_area": [
    4526.746417840698
  ],
  "end_surface_area_head": [
    1039.6664383343114
  ],
  "end_surface_area_tail": [
    981.5484386758717
  ],
  "radius_head": [
    4.605831908342487
  ],
  "radius_tail": [
    6.558097835631333
  ],
  "irregularity": [
    1.9682869257072177
  ],
  "irregularity_of_end_surface_head": [
    0.06410206443295029
  ],
  "irregularity_of_end_surface_tail": [
    0.13765561110243354
  ],
  "mean_curvature": [
    0.38615424810768123
  ],
  "fractal_dimension": [
    2.2651390733859365
  ]
}