{
  "volume": [
    14430.69822359085
  ],
  "volume_endpoints": [
    3620.7511048316956
  ],
  "streamlines_count": [
    3802
  ],
  "avg_length": [
    64.42414093017578
  ],
  "std_length": [
    5.287806034088135
  ],
  "min_length": [
    50.669612884521484
  ],
  "max_length": [
    81.82208251953125
  ],
  "span": [
    29.158641815185547
  ],
  "curl": [
    2.2094355882043963
  ],
  "diameter": [
    16.88785197468243
  ],
  "elongation": [
    3.8148215075995333
  ],
  "surface_area": [
    7393.90106765706
  ],
  "end_surface_area_head": [
    981.5484386758717
  ],
  "end_surface_area_tail": [
    2221.39909805592
  ],
  "radius_head": [
    4.624997460347751
  ],
  "radius_tail": [
    6.502321170792166
  ],
  "irregularity": [
    2.1632201160909528
  ],
  "irregularity_of_end_surface_head": [
    0.0684638209447467
  ],
  "irregularity_of_end_surface_tail": [
    0.05979434533272393
  ],
  "mean_curvature": [
    0.3920346476306168
  ],
  "fractal_dimension": [
    2.4246531654111423
  ]
}