{
  "volume": [
    9897.494593143463
  ],
  "volume_endpoints": [
    2440.955801010132
  ],
  "streamlines_count": [
    3726
  ],
  "avg_length": [
    54.66629409790039
  ],
  "std_length": [
    5.780025482177734
  ],
  "min_length": [
    37.36993408203125
  ],
  "max_length": [
    74.38025665283203
  ],
  "span": [
    24.49193572998047
  ],
  "curl": [
    2.2320119855199367
  ],
  "diameter": [
    15.183010038356846
  ],
  "elongation": [
    3.600491204299866
  ],
  "surface_area": [
    5224.162413741975
  ],
  "end_surface_area_head": [
    852.3973283237833
  ],
  "end_surface_area_tail": [
    1278.595992485675
  ],
  "radius_head": [
    4.219214217455124
  ],
  "radius_tail": [
    4.956272341898469
  ],
  "irregularity": [
    2.003499714584316
  ],
  "irregularity_of_end_surface_head": [
    0.06561013700591664
  ],
  "irregularity_of_end_surface_tail": [
    0.060356890654661925
  ],
  "mean_curvature": [
    0.39547625634373357
  ],
  "fractal_dimension": [
    2.4147549582297176
  ]
}