{
  "volume": [
    7764.564167022705
  ],
  "volume_endpoints": [
    1574.9976716041565
  ],
  "streamlines_count": [
    2675
  ],
  "avg_length": [
    69.02828216552734
  ],
  "std_length": [
    4.595325469970703
  ],
  "min_length": [
    56.04703903198242
  ],
  "max_length": [
    83.98578643798828
  ],
  "span": [
    33.613487243652344
  ],
  "curl": [
    2.0535888366823
  ],
  "diameter": [
    11.9674071909417
  ],
  "elongation": [
    5.768023186992069
  ],
  "surface_area": [
    4636.524861639973
  ],
  "end_surface_area_head": [
    865.3124393589922
  ],
  "end_surface_area_tail": [
    626.3828852076286
  ],
  "radius_head": [
    4.203154986803794
  ],
  "radius_tail": [
    4.219070002389234
  ],
  "irregularity": [
    1.7865516910090313
  ],
  "irregularity_of_end_surface_head": [
    0.06413981967245734
  ],
  "irregularity_of_end_surface_tail": [
    0.08927779433995144
  ],
  "mean_curvature": [
    0.34964008310130823
  ],
  "fractal_dimension": [
    2.319623861103567
  ]
}