{
  "volume": [
    10141.590173244476
  ],
  "volume_endpoints": [
    2103.871428489685
  ],
  "streamlines_count": [
    2526
  ],
  "avg_length": [
    78.23690795898438
  ],
  "std_length": [
    3.993394136428833
  ],
  "min_length": [
    67.07930755615234
  ],
  "max_length": [
    91.3670425415039
  ],
  "span": [
    38.046138763427734
  ],
  "curl": [
    2.056369200708232
  ],
  "diameter": [
    12.847015511775528
  ],
  "elongation": [
    6.0898897403270595
  ],
  "surface_area": [
    6031.356853442528
  ],
  "end_surface_area_head": [
    884.6851059118054
  ],
  "end_surface_area_tail": [
    1214.0204373096308
  ],
  "radius_head": [
    4.3206943843405226
  ],
  "radius_tail": [
    5.213388170471184
  ],
  "irregularity": [
    1.9100785411751893
  ],
  "irregularity_of_end_surface_head": [
    0.06629308867722758
  ],
  "irregularity_of_end_surface_tail": [
    0.07033378655658931
  ],
  "mean_curvature": [
    0.35928829912736315
  ],
  "fractal_dimension": [
    2.262818012398653
  ]
}