{
  "volume": [
    10862.253314495087
  ],
  "volume_endpoints": [
    2022.5062351226807
  ],
  "streamlines_count": [
    1155
  ],
  "avg_length": [
    80.03410339355469
  ],
  "std_length": [
    7.894099712371826
  ],
  "min_length": [
    61.86701202392578
  ],
  "max_length": [
    103.33122253417969
  ],
  "span": [
    33.996543884277344
  ],
  "curl": [
    2.3541835213010787
  ],
  "diameter": [
    13.145511233044589
  ],
  "elongation": [
    6.088321859432031
  ],
  "surface_area": [
    6528.588628298067
  ],
  "end_surface_area_head": [
    1033.208882816707
  ],
  "end_surface_area_tail": [
    1201.105326274422
  ],
  "radius_head": [
    4.5265243414012755
  ],
  "radius_tail": [
    5.335600267145222
  ],
  "irregularity": [
    1.9752263334416793
  ],
  "irregularity_of_end_surface_head": [
    0.06230048989005217
  ],
  "irregularity_of_end_surface_tail": [
    0.07446211216571905
  ],
  "mean_curvature": [
    0.3614138315766405
  ],
  "fractal_dimension": [
    2.3133815419911152
  ]
}