{
  "volume": [
    14134.296447753906
  ],
  "volume_endpoints": [
    3388.2791237831116
  ],
  "streamlines_count": [
    2756
  ],
  "avg_length": [
    83.94422912597656
  ],
  "std_length": [
    5.978473663330078
  ],
  "min_length": [
    65.54631805419922
  ],
  "max_length": [
    103.54569244384766
  ],
  "span": [
    37.08082962036133
  ],
  "curl": [
    2.2638174492159213
  ],
  "diameter": [
    14.641876338423673
  ],
  "elongation": [
    5.7331606404629625
  ],
  "surface_area": [
    7729.69395457249
  ],
  "end_surface_area_head": [
    962.1757721230584
  ],
  "end_surface_area_tail": [
    2227.8566535735245
  ],
  "radius_head": [
    4.4744740205805495
  ],
  "radius_tail": [
    7.1352062865601305
  ],
  "irregularity": [
    2.001819182070016
  ],
  "irregularity_of_end_surface_head": [
    0.06537014335418982
  ],
  "irregularity_of_end_surface_tail": [
    0.07179194113753765
  ],
  "mean_curvature": [
    0.36289782457713293
  ],
  "fractal_dimension": [
    2.347235239188727
  ]
}