{
  "volume": [
    8700.263890743256
  ],
  "volume_endpoints": [
    2347.9670085906982
  ],
  "streamlines_count": [
    1887
  ],
  "avg_length": [
    76.09760284423828
  ],
  "std_length": [
    6.2006964683532715
  ],
  "min_length": [
    58.21324157714844
  ],
  "max_length": [
    95.5660171508789
  ],
  "span": [
    36.997310638427734
  ],
  "curl": [
    2.0568414712067886
  ],
  "diameter": [
    12.065234963775541
  ],
  "elongation": [
    6.307179518070924
  ],
  "surface_area": [
    5547.040189622196
  ],
  "end_surface_area_head": [
    968.6333276406629
  ],
  "end_surface_area_tail": [
    1717.7097676827755
  ],
  "radius_head": [
    4.436231212684934
  ],
  "radius_tail": [
    6.121478637888021
  ],
  "irregularity": [
    1.9231124504310972
  ],
  "irregularity_of_end_surface_head": [
    0.063829113290259
  ],
  "irregularity_of_end_surface_tail": [
    0.06853505473973455
  ],
  "mean_curvature": [
    0.3623920883776084
  ],
  "fractal_dimension": [
    2.2308653532148455
  ]
}