{
  "volume": [
    4626.192422866821
  ],
  "volume_endpoints": [
    1964.3882398605347
  ],
  "streamlines_count": [
    3156
  ],
  "avg_length": [
    27.517902374267578
  ],
  "std_length": [
    6.059525012969971
  ],
  "min_length": [
    20.079601287841797
  ],
  "max_length": [
    50.42748260498047
  ],
  "span": [
    12.606477737426758
  ],
  "curl": [
    2.1828382953131324
  ],
  "diameter": [
    14.63050251100669
  ],
  "elongation": [
    1.8808583200450946
  ],
  "surface_area": [
    2925.2726494748017
  ],
  "end_surface_area_head": [
    594.0951076196066
  ],
  "end_surface_area_tail": [
    1472.3226580138075
  ],
  "radius_head": [
    3.7495825207729405
  ],
  "radius_tail": [
    5.691316150223248
  ],
  "irregularity": [
    2.3128204002049757
  ],
  "irregularity_of_end_surface_head": [
    0.07434636314895629
  ],
  "irregularity_of_end_surface_tail": [
    0.06911499793447458
  ],
  "mean_curvature": [
    0.4377690624488171
  ],
  "fractal_dimension": [
    2.3629702033327256
  ]
}