{
  "volume": [
    16801.912430286407
  ],
  "volume_endpoints": [
    3911.3410811424255
  ],
  "streamlines_count": [
    3570
  ],
  "avg_length": [
    79.05491638183594
  ],
  "std_length": [
    6.545813083648682
  ],
  "min_length": [
    61.028892517089844
  ],
  "max_length": [
    100.14156341552734
  ],
  "span": [
    33.427886962890625
  ],
  "curl": [
    2.3649390842321965
  ],
  "diameter": [
    16.450154300541588
  ],
  "elongation": [
    4.80572491525099
  ],
  "surface_area": [
    8859.766170153263
  ],
  "end_surface_area_head": [
    910.5153279822231
  ],
  "end_surface_area_tail": [
    2802.5790946403176
  ],
  "radius_head": [
    4.3228706613293895
  ],
  "radius_tail": [
    7.2808137032067695
  ],
  "irregularity": [
    2.168570410815658
  ],
  "irregularity_of_end_surface_head": [
    0.06447733741372712
  ],
  "irregularity_of_end_surface_tail": [
    0.05942262488443958
  ],
  "mean_curvature": [
    0.3707678649856263
  ],
  "fractal_dimension": [
    2.369038882408452
  ]
}