{
  "volume": [
    18260.674111366272
  ],
  "volume_endpoints": [
    4876.099802494049
  ],
  "streamlines_count": [
    5290
  ],
  "avg_length": [
    82.20506286621094
  ],
  "std_length": [
    9.766813278198242
  ],
  "min_length": [
    55.75334548950195
  ],
  "max_length": [
    127.07804870605469
  ],
  "span": [
    33.1746940612793
  ],
  "curl": [
    2.477944867083453
  ],
  "diameter": [
    16.817606220265812
  ],
  "elongation": [
    4.888035894618041
  ],
  "surface_area": [
    11972.307929638593
  ],
  "end_surface_area_head": [
    5953.866187231274
  ],
  "end_surface_area_tail": [
    555.34977451398
  ],
  "radius_head": [
    8.722047865672868
  ],
  "radius_tail": [
    3.6398493216076035
  ],
  "irregularity": [
    2.7565461039455976
  ],
  "irregularity_of_end_surface_head": [
    0.04014095812237716
  ],
  "irregularity_of_end_surface_tail": [
    0.07494628047018574
  ],
  "mean_curvature": [
    0.351866399520737
  ],
  "fractal_dimension": [
    2.2809765224930576
  ]
}