{
  "volume": [
    4056.6360692977905
  ],
  "volume_endpoints": [
    2045.753433227539
  ],
  "streamlines_count": [
    2623
  ],
  "avg_length": [
    27.298492431640625
  ],
  "std_length": [
    4.984376430511475
  ],
  "min_length": [
    20.07866668701172
  ],
  "max_length": [
    45.677860260009766
  ],
  "span": [
    12.283744812011719
  ],
  "curl": [
    2.2223265664837535
  ],
  "diameter": [
    13.755258341478998
  ],
  "elongation": [
    1.9845859491654905
  ],
  "surface_area": [
    2634.682651182603
  ],
  "end_surface_area_head": [
    658.6706627956507
  ],
  "end_surface_area_tail": [
    1091.3268824751467
  ],
  "radius_head": [
    3.7950113751667756
  ],
  "radius_tail": [
    4.863593031946014
  ],
  "irregularity": [
    2.233423204333857
  ],
  "irregularity_of_end_surface_head": [
    0.06869224595868437
  ],
  "irregularity_of_end_surface_tail": [
    0.06809409849911234
  ],
  "mean_curvature": [
    0.4508499295894217
  ],
  "fractal_dimension": [
    2.2619303874168897
  ]
}