{
  "volume": [
    16098.684687614441
  ],
  "volume_endpoints": [
    3318.5375294685364
  ],
  "streamlines_count": [
    1989
  ],
  "avg_length": [
    84.12114715576172
  ],
  "std_length": [
    8.740716934204102
  ],
  "min_length": [
    62.520782470703125
  ],
  "max_length": [
    110.08921813964844
  ],
  "span": [
    38.415077209472656
  ],
  "curl": [
    2.189795082203259
  ],
  "diameter": [
    15.609811663000933
  ],
  "elongation": [
    5.388991806682037
  ],
  "surface_area": [
    8724.15750428357
  ],
  "end_surface_area_head": [
    1239.8506593800485
  ],
  "end_surface_area_tail": [
    2376.380430478426
  ],
  "radius_head": [
    4.998102822224071
  ],
  "radius_tail": [
    6.827632408085458
  ],
  "irregularity": [
    2.114807175287355
  ],
  "irregularity_of_end_surface_head": [
    0.06329812825105495
  ],
  "irregularity_of_end_surface_tail": [
    0.061627445699340276
  ],
  "mean_curvature": [
    0.38737388201668493
  ],
  "fractal_dimension": [
    2.38270577775473
  ]
}