{
  "volume": [
    11071.478097438812
  ],
  "volume_endpoints": [
    2563.0035910606384
  ],
  "streamlines_count": [
    2561
  ],
  "avg_length": [
    64.50346374511719
  ],
  "std_length": [
    5.8187336921691895
  ],
  "min_length": [
    49.45214080810547
  ],
  "max_length": [
    82.21353149414062
  ],
  "span": [
    27.856220245361328
  ],
  "curl": [
    2.3155856457538753
  ],
  "diameter": [
    14.78312822231997
  ],
  "elongation": [
    4.3633162599325965
  ],
  "surface_area": [
    5747.224410667933
  ],
  "end_surface_area_head": [
    1052.5815493695204
  ],
  "end_surface_area_tail": [
    1562.7284352602694
  ],
  "radius_head": [
    4.796885781815108
  ],
  "radius_tail": [
    6.473819229515153
  ],
  "irregularity": [
    1.9184871847645577
  ],
  "irregularity_of_end_surface_head": [
    0.06867724656827222
  ],
  "irregularity_of_end_surface_tail": [
    0.08425341145843039
  ],
  "mean_curvature": [
    0.39029135066566406
  ],
  "fractal_dimension": [
    2.3492626316614373
  ]
}