{
  "volume": [
    12966.124742984772
  ],
  "volume_endpoints": [
    3080.253748893738
  ],
  "streamlines_count": [
    2924
  ],
  "avg_length": [
    69.16522216796875
  ],
  "std_length": [
    5.990089416503906
  ],
  "min_length": [
    53.09305191040039
  ],
  "max_length": [
    89.63516235351562
  ],
  "span": [
    28.777509689331055
  ],
  "curl": [
    2.4034470986073893
  ],
  "diameter": [
    15.449565463905621
  ],
  "elongation": [
    4.476839321439654
  ],
  "surface_area": [
    6528.588628298067
  ],
  "end_surface_area_head": [
    1259.2233259328618
  ],
  "end_surface_area_tail": [
    1375.4593252497411
  ],
  "radius_head": [
    5.243498923895166
  ],
  "radius_tail": [
    5.250172980225454
  ],
  "irregularity": [
    1.9447571922823828
  ],
  "irregularity_of_end_surface_head": [
    0.06859452911662207
  ],
  "irregularity_of_end_surface_tail": [
    0.06295777132021445
  ],
  "mean_curvature": [
    0.3859509698608342
  ],
  "fractal_dimension": [
    2.465166351512022
  ]
}