{
  "volume": [
    10042.789581298828
  ],
  "volume_endpoints": [
    1720.2926597595215
  ],
  "streamlines_count": [
    1477
  ],
  "avg_length": [
    59.345211029052734
  ],
  "std_length": [
    6.390774250030518
  ],
  "min_length": [
    44.189579010009766
  ],
  "max_length": [
    77.83255004882812
  ],
  "span": [
    22.8730525970459
  ],
  "curl": [
    2.594547045142426
  ],
  "diameter": [
    14.678761080993949
  ],
  "elongation": [
    4.042930510388433
  ],
  "surface_area": [
    5049.808414766656
  ],
  "end_surface_area_head": [
    936.3455500526408
  ],
  "end_surface_area_tail": [
    826.5671062533656
  ],
  "radius_head": [
    4.707212651137855
  ],
  "radius_tail": [
    4.000391168822773
  ],
  "irregularity": [
    1.8452276288647982
  ],
  "irregularity_of_end_surface_head": [
    0.07434321841766042
  ],
  "irregularity_of_end_surface_tail": [
    0.06082423762400494
  ],
  "mean_curvature": [
    0.40527343796408494
  ],
  "fractal_dimension": [
    2.4523115430620788
  ]
}