{
  "volume": [
    6172.131096839905
  ],
  "volume_endpoints": [
    1261.1604971885681
  ],
  "streamlines_count": [
    1694
  ],
  "avg_length": [
    70.40513610839844
  ],
  "std_length": [
    5.078110694885254
  ],
  "min_length": [
    56.932376861572266
  ],
  "max_length": [
    83.54584503173828
  ],
  "span": [
    31.127111434936523
  ],
  "curl": [
    2.261858966758379
  ],
  "diameter": [
    10.565023297861583
  ],
  "elongation": [
    6.6639830432412595
  ],
  "surface_area": [
    4300.731974724543
  ],
  "end_surface_area_head": [
    413.2835531266828
  ],
  "end_surface_area_tail": [
    1123.614660063169
  ],
  "radius_head": [
    3.238497208614781
  ],
  "radius_tail": [
    4.6707427232795276
  ],
  "irregularity": [
    1.840423218411818
  ],
  "irregularity_of_end_surface_head": [
    0.07972394928299088
  ],
  "irregularity_of_end_surface_tail": [
    0.06099642300109353
  ],
  "mean_curvature": [
    0.36658373219978146
  ],
  "fractal_dimension": [
    2.2405271499201582
  ]
}