{
  "volume": [
    9763.823204040527
  ],
  "volume_endpoints": [
    2342.1552090644836
  ],
  "streamlines_count": [
    2344
  ],
  "avg_length": [
    79.67467498779297
  ],
  "std_length": [
    4.266616344451904
  ],
  "min_length": [
    68.1678695678711
  ],
  "max_length": [
    94.27513122558594
  ],
  "span": [
    38.71241760253906
  ],
  "curl": [
    2.058116747081362
  ],
  "diameter": [
    12.491220147458368
  ],
  "elongation": [
    6.378454149973864
  ],
  "surface_area": [
    5915.120854125647
  ],
  "end_surface_area_head": [
    833.02466177097
  ],
  "end_surface_area_tail": [
    1349.6291031793235
  ],
  "radius_head": [
    4.31320084592159
  ],
  "radius_tail": [
    5.159727363203594
  ],
  "irregularity": [
    1.8918582209971042
  ],
  "irregularity_of_end_surface_head": [
    0.07016029027853432
  ],
  "irregularity_of_end_surface_tail": [
    0.06197106314019346
  ],
  "mean_curvature": [
    0.3676510834907509
  ],
  "fractal_dimension": [
    2.2847743015073627
  ]
}