{
  "volume": [
    14616.675808429718
  ],
  "volume_endpoints": [
    3777.6696920394897
  ],
  "streamlines_count": [
    3354
  ],
  "avg_length": [
    72.07683563232422
  ],
  "std_length": [
    5.950803756713867
  ],
  "min_length": [
    55.10081100463867
  ],
  "max_length": [
    90.38316345214844
  ],
  "span": [
    34.84281921386719
  ],
  "curl": [
    2.0686281207589015
  ],
  "diameter": [
    16.068728421359037
  ],
  "elongation": [
    4.485534495468697
  ],
  "surface_area": [
    7393.90106765706
  ],
  "end_surface_area_head": [
    981.5484386758717
  ],
  "end_surface_area_tail": [
    2479.701318760097
  ],
  "radius_head": [
    4.55761276635746
  ],
  "radius_tail": [
    6.948306533136447
  ],
  "irregularity": [
    2.0321068515807403
  ],
  "irregularity_of_end_surface_head": [
    0.06648336335427896
  ],
  "irregularity_of_end_surface_tail": [
    0.061165768823687676
  ],
  "mean_curvature": [
    0.3733907032738005
  ],
  "fractal_dimension": [
    2.435853285714591
  ]
}