{
  "volume": [
    7619.26917886734
  ],
  "volume_endpoints": [
    2435.1440014839172
  ],
  "streamlines_count": [
    1920
  ],
  "avg_length": [
    69.51026916503906
  ],
  "std_length": [
    6.580869197845459
  ],
  "min_length": [
    52.7521858215332
  ],
  "max_length": [
    88.64280700683594
  ],
  "span": [
    34.06684875488281
  ],
  "curl": [
    2.040407953937217
  ],
  "diameter": [
    11.813735215020301
  ],
  "elongation": [
    5.883851965520764
  ],
  "surface_area": [
    5075.638636837073
  ],
  "end_surface_area_head": [
    1033.208882816707
  ],
  "end_surface_area_tail": [
    1523.983102154643
  ],
  "radius_head": [
    4.500904635537122
  ],
  "radius_tail": [
    5.712310137008011
  ],
  "irregularity": [
    1.967454144717381
  ],
  "irregularity_of_end_surface_head": [
    0.06159725572614239
  ],
  "irregularity_of_end_surface_tail": [
    0.06726563989834908
  ],
  "mean_curvature": [
    0.36987623989892504
  ],
  "fractal_dimension": [
    2.1678517019746724
  ]
}