{
  "volume": [
    5991.965311527252
  ],
  "volume_endpoints": [
    1482.008879184723
  ],
  "streamlines_count": [
    3171
  ],
  "avg_length": [
    52.6230583190918
  ],
  "std_length": [
    4.452533721923828
  ],
  "min_length": [
    39.464881896972656
  ],
  "max_length": [
    67.29534912109375
  ],
  "span": [
    24.679298400878906
  ],
  "curl": [
    2.132275296659881
  ],
  "diameter": [
    12.040697959681003
  ],
  "elongation": [
    4.37043255260644
  ],
  "surface_area": [
    3732.467089175354
  ],
  "end_surface_area_head": [
    813.6519952181568
  ],
  "end_surface_area_tail": [
    626.3828852076286
  ],
  "radius_head": [
    4.205019256453669
  ],
  "radius_tail": [
    3.652386898755008
  ],
  "irregularity": [
    1.8750738083693663
  ],
  "irregularity_of_end_surface_head": [
    0.06827271233773792
  ],
  "irregularity_of_end_surface_tail": [
    0.06690576524347806
  ],
  "mean_curvature": [
    0.3965757205184797
  ],
  "fractal_dimension": [
    2.2342689125175914
  ]
}