{
  "volume": [
    8403.862114906311
  ],
  "volume_endpoints": [
    2022.5062351226807
  ],
  "streamlines_count": [
    3244
  ],
  "avg_length": [
    59.780921936035156
  ],
  "std_length": [
    5.1571221351623535
  ],
  "min_length": [
    42.984432220458984
  ],
  "max_length": [
    77.34828186035156
  ],
  "span": [
    26.291385650634766
  ],
  "curl": [
    2.2737836160640637
  ],
  "diameter": [
    13.378678400488628
  ],
  "elongation": [
    4.468372745536045
  ],
  "surface_area": [
    4668.812639227995
  ],
  "end_surface_area_head": [
    929.8879945350363
  ],
  "end_surface_area_tail": [
    929.8879945350363
  ],
  "radius_head": [
    4.366010310259441
  ],
  "radius_tail": [
    4.6130463369292185
  ],
  "irregularity": [
    1.8581499184040406
  ],
  "irregularity_of_end_surface_head": [
    0.06440042684706053
  ],
  "irregularity_of_end_surface_tail": [
    0.07189436728418694
  ],
  "mean_curvature": [
    0.3882981177084102
  ],
  "fractal_dimension": [
    2.3737557174074584
  ]
}