{
  "volume": [
    10420.556550502777
  ],
  "volume_endpoints": [
    1976.0118389129639
  ],
  "streamlines_count": [
    2936
  ],
  "avg_length": [
    74.63317108154297
  ],
  "std_length": [
    4.4928507804870605
  ],
  "min_length": [
    62.20072937011719
  ],
  "max_length": [
    88.93339538574219
  ],
  "span": [
    34.21364974975586
  ],
  "curl": [
    2.181385839494529
  ],
  "diameter": [
    13.333205394398385
  ],
  "elongation": [
    5.597541541878463
  ],
  "surface_area": [
    5863.460409984813
  ],
  "end_surface_area_head": [
    981.5484386758717
  ],
  "end_surface_area_tail": [
    865.3124393589922
  ],
  "radius_head": [
    4.447331054995935
  ],
  "radius_tail": [
    4.389863458699704
  ],
  "irregularity": [
    1.8755889282247324
  ],
  "irregularity_of_end_surface_head": [
    0.06330486024366111
  ],
  "irregularity_of_end_surface_tail": [
    0.06996469580273797
  ],
  "mean_curvature": [
    0.37387725089648766
  ],
  "fractal_dimension": [
    2.334938891767478
  ]
}