{
  "volume": [
    7828.493961811066
  ],
  "volume_endpoints": [
    2109.6832280158997
  ],
  "streamlines_count": [
    2101
  ],
  "avg_length": [
    70.31867218017578
  ],
  "std_length": [
    6.458372592926025
  ],
  "min_length": [
    52.493751525878906
  ],
  "max_length": [
    89.77379608154297
  ],
  "span": [
    34.07188415527344
  ],
  "curl": [
    2.0638328030148663
  ],
  "diameter": [
    11.905807026655268
  ],
  "elongation": [
    5.906249952039632
  ],
  "surface_area": [
    4991.690415108216
  ],
  "end_surface_area_head": [
    981.5484386758717
  ],
  "end_surface_area_tail": [
    1388.3744362849502
  ],
  "radius_head": [
    4.587470363285948
  ],
  "radius_tail": [
    6.0967779445693635
  ],
  "irregularity": [
    1.897877903112492
  ],
  "irregularity_of_end_surface_head": [
    0.06735730139677626
  ],
  "irregularity_of_end_surface_tail": [
    0.08410930012674096
  ],
  "mean_curvature": [
    0.37074994757197005
  ],
  "fractal_dimension": [
    2.254634288320696
  ]
}