{
  "volume": [
    4847.040804862976
  ],
  "volume_endpoints": [
    1592.4330701828003
  ],
  "streamlines_count": [
    1319
  ],
  "avg_length": [
    36.0931510925293
  ],
  "std_length": [
    6.059912204742432
  ],
  "min_length": [
    21.6050968170166
  ],
  "max_length": [
    56.272239685058594
  ],
  "span": [
    16.05413818359375
  ],
  "curl": [
    2.248214801677369
  ],
  "diameter": [
    13.07618322890762
  ],
  "elongation": [
    2.7602206592469494
  ],
  "surface_area": [
    3248.150425355023
  ],
  "end_surface_area_head": [
    839.4822172885745
  ],
  "end_surface_area_tail": [
    929.8879945350363
  ],
  "radius_head": [
    4.239591455918857
  ],
  "radius_tail": [
    4.420775699917438
  ],
  "irregularity": [
    2.1906876704227174
  ],
  "irregularity_of_end_surface_head": [
    0.06726457279021864
  ],
  "irregularity_of_end_surface_tail": [
    0.06602618321550914
  ],
  "mean_curvature": [
    0.43408588139824655
  ],
  "fractal_dimension": [
    2.2310125232015108
  ]
}