{
  "volume": [
    4998.147592544556
  ],
  "volume_endpoints": [
    1313.4666929244995
  ],
  "streamlines_count": [
    650
  ],
  "avg_length": [
    57.632728576660156
  ],
  "std_length": [
    4.765057563781738
  ],
  "min_length": [
    43.29765701293945
  ],
  "max_length": [
    71.38091278076172
  ],
  "span": [
    27.613933563232422
  ],
  "curl": [
    2.0870886954474805
  ],
  "diameter": [
    10.508119592822808
  ],
  "elongation": [
    5.484590089365191
  ],
  "surface_area": [
    3777.669977798585
  ],
  "end_surface_area_head": [
    761.9915510773214
  ],
  "end_surface_area_tail": [
    968.6333276406629
  ],
  "radius_head": [
    4.0624433397605655
  ],
  "radius_tail": [
    4.424311216692446
  ],
  "irregularity": [
    1.9855460034901895
  ],
  "irregularity_of_end_surface_head": [
    0.06804157380716108
  ],
  "irregularity_of_end_surface_tail": [
    0.06348656099331354
  ],
  "mean_curvature": [
    0.3795158490767846
  ],
  "fractal_dimension": [
    2.1464213279556565
  ]
}