{
  "volume": [
    11908.377229213715
  ],
  "volume_endpoints": [
    2900.087963581085
  ],
  "streamlines_count": [
    2899
  ],
  "avg_length": [
    71.76642608642578
  ],
  "std_length": [
    5.012814998626709
  ],
  "min_length": [
    54.333709716796875
  ],
  "max_length": [
    87.77865600585938
  ],
  "span": [
    33.2966423034668
  ],
  "curl": [
    2.155365259726311
  ],
  "diameter": [
    14.535189276580311
  ],
  "elongation": [
    4.9374263190407
  ],
  "surface_area": [
    6832.093737625475
  ],
  "end_surface_area_head": [
    1142.987326615982
  ],
  "end_surface_area_tail": [
    1672.5068790595446
  ],
  "radius_head": [
    5.0037948512394115
  ],
  "radius_tail": [
    6.171441750031252
  ],
  "irregularity": [
    2.08478816467343
  ],
  "irregularity_of_end_surface_head": [
    0.06881885609539516
  ],
  "irregularity_of_end_surface_tail": [
    0.07154103656452393
  ],
  "mean_curvature": [
    0.376678782090848
  ],
  "fractal_dimension": [
    2.3418541586389305
  ]
}