{
  "volume": [
    9426.73883152008
  ],
  "volume_endpoints": [
    2214.2956194877625
  ],
  "streamlines_count": [
    1632
  ],
  "avg_length": [
    63.33348083496094
  ],
  "std_length": [
    6.082608222961426
  ],
  "min_length": [
    49.82067108154297
  ],
  "max_length": [
    87.49301147460938
  ],
  "span": [
    29.508647918701172
  ],
  "curl": [
    2.1462684772765614
  ],
  "diameter": [
    13.766359858702597
  ],
  "elongation": [
    4.6005975061681825
  ],
  "surface_area": [
    5753.681966185537
  ],
  "end_surface_area_head": [
    1207.5628817920265
  ],
  "end_surface_area_tail": [
    1201.105326274422
  ],
  "radius_head": [
    5.007744768729185
  ],
  "radius_tail": [
    4.730124607022493
  ],
  "irregularity": [
    2.1006006922084546
  ],
  "irregularity_of_end_surface_head": [
    0.06524158290251802
  ],
  "irregularity_of_end_surface_tail": [
    0.058521297046059205
  ],
  "mean_curvature": [
    0.3835522439696041
  ],
  "fractal_dimension": [
    2.2944770917572503
  ]
}