{
  "volume": [
    9513.9158244133
  ],
  "volume_endpoints": [
    1929.517442703247
  ],
  "streamlines_count": [
    2427
  ],
  "avg_length": [
    80.40499877929688
  ],
  "std_length": [
    5.0746917724609375
  ],
  "min_length": [
    66.95442199707031
  ],
  "max_length": [
    96.90647888183594
  ],
  "span": [
    38.24666213989258
  ],
  "curl": [
    2.1022749249386576
  ],
  "diameter": [
    12.274199752482602
  ],
  "elongation": [
    6.550732463273951
  ],
  "surface_area": [
    5669.73374445668
  ],
  "end_surface_area_head": [
    1168.8175486863997
  ],
  "end_surface_area_tail": [
    787.8217731477391
  ],
  "radius_head": [
    4.891085690324523
  ],
  "radius_tail": [
    4.060141860334748
  ],
  "irregularity": [
    1.8286751167241901
  ],
  "irregularity_of_end_surface_head": [
    0.06430040263480817
  ],
  "irregularity_of_end_surface_tail": [
    0.06573615672004732
  ],
  "mean_curvature": [
    0.37464766111646997
  ],
  "fractal_dimension": [
    2.3413727106060445
  ]
}