{
  "volume": [
    11809.576637268066
  ],
  "volume_endpoints": [
    2382.837805747986
  ],
  "streamlines_count": [
    1581
  ],
  "avg_length": [
    71.78346252441406
  ],
  "std_length": [
    6.0366530418396
  ],
  "min_length": [
    53.9505615234375
  ],
  "max_length": [
    93.45417022705078
  ],
  "span": [
    28.65629768371582
  ],
  "curl": [
    2.5049803473114256
  ],
  "diameter": [
    14.473048659201295
  ],
  "elongation": [
    4.959802472492722
  ],
  "surface_area": [
    6199.253296900242
  ],
  "end_surface_area_head": [
    1291.5111035208838
  ],
  "end_surface_area_tail": [
    1084.8693269575424
  ],
  "radius_head": [
    5.093450909018571
  ],
  "radius_tail": [
    4.583871137371369
  ],
  "irregularity": [
    1.8993503614179272
  ],
  "irregularity_of_end_surface_head": [
    0.06310677373665415
  ],
  "irregularity_of_end_surface_tail": [
    0.060846729881544825
  ],
  "mean_curvature": [
    0.3876759522063758
  ],
  "fractal_dimension": [
    2.3940089378160523
  ]
}