{
  "volume": [
    9171.019652366638
  ],
  "volume_endpoints": [
    2208.483819961548
  ],
  "streamlines_count": [
    2233
  ],
  "avg_length": [
    60.52157211303711
  ],
  "std_length": [
    5.420515537261963
  ],
  "min_length": [
    44.162532806396484
  ],
  "max_length": [
    80.20703887939453
  ],
  "span": [
    26.409629821777344
  ],
  "curl": [
    2.2916478769850497
  ],
  "diameter": [
    13.890208697715742
  ],
  "elongation": [
    4.3571391496075895
  ],
  "surface_area": [
    5088.553747872282
  ],
  "end_surface_area_head": [
    1175.2751042040043
  ],
  "end_surface_area_tail": [
    1046.1239938519159
  ],
  "radius_head": [
    5.027379723335046
  ],
  "radius_tail": [
    4.688782953102034
  ],
  "irregularity": [
    1.9267506833127854
  ],
  "irregularity_of_end_surface_head": [
    0.06756063369772992
  ],
  "irregularity_of_end_surface_tail": [
    0.06602174036691776
  ],
  "mean_curvature": [
    0.3921798312685386
  ],
  "fractal_dimension": [
    2.3893682484620378
  ]
}