{
  "volume": [
    17900.342540740967
  ],
  "volume_endpoints": [
    4457.650236606598
  ],
  "streamlines_count": [
    3108
  ],
  "avg_length": [
    67.34779357910156
  ],
  "std_length": [
    5.9969024658203125
  ],
  "min_length": [
    47.95277786254883
  ],
  "max_length": [
    87.07394409179688
  ],
  "span": [
    28.735855102539062
  ],
  "curl": [
    2.3436850352558607
  ],
  "diameter": [
    18.396027245540683
  ],
  "elongation": [
    3.660996620638682
  ],
  "surface_area": [
    9428.031055702451
  ],
  "end_surface_area_head": [
    1033.208882816707
  ],
  "end_surface_area_tail": [
    4016.599531949949
  ],
  "radius_head": [
    4.776649240469823
  ],
  "radius_tail": [
    7.948510986942393
  ],
  "irregularity": [
    2.4222764980301696
  ],
  "irregularity_of_end_surface_head": [
    0.06937587025540569
  ],
  "irregularity_of_end_surface_tail": [
    0.04941546621778516
  ],
  "mean_curvature": [
    0.387731461202009
  ],
  "fractal_dimension": [
    2.456322848115696
  ]
}