{
  "volume": [
    16592.687647342682
  ],
  "volume_endpoints": [
    3800.916890144348
  ],
  "streamlines_count": [
    3736
  ],
  "avg_length": [
    73.87554931640625
  ],
  "std_length": [
    7.230309009552002
  ],
  "min_length": [
    55.129913330078125
  ],
  "max_length": [
    96.16200256347656
  ],
  "span": [
    29.5610294342041
  ],
  "curl": [
    2.4990858143433687
  ],
  "diameter": [
    16.910757687434614
  ],
  "elongation": [
    4.368553478316279
  ],
  "surface_area": [
    9040.577724646188
  ],
  "end_surface_area_head": [
    1220.477992827235
  ],
  "end_surface_area_tail": [
    2563.6495404889542
  ],
  "radius_head": [
    5.184618537071718
  ],
  "radius_tail": [
    7.582914777645396
  ],
  "irregularity": [
    2.303469795027372
  ],
  "irregularity_of_end_surface_head": [
    0.06919162597862936
  ],
  "irregularity_of_end_surface_tail": [
    0.07046339554883967
  ],
  "mean_curvature": [
    0.37669264490076
  ],
  "fractal_dimension": [
    2.392802724841761
  ]
}