{
  "volume": [
    12588.357773780823
  ],
  "volume_endpoints": [
    2580.438989639282
  ],
  "streamlines_count": [
    2643
  ],
  "avg_length": [
    83.07501983642578
  ],
  "std_length": [
    5.734035491943359
  ],
  "min_length": [
    66.03486633300781
  ],
  "max_length": [
    102.27951049804688
  ],
  "span": [
    37.095428466796875
  ],
  "curl": [
    2.2394948183651255
  ],
  "diameter": [
    13.890067980002538
  ],
  "elongation": [
    5.9808936828839485
  ],
  "surface_area": [
    7032.277958671212
  ],
  "end_surface_area_head": [
    1239.8506593800485
  ],
  "end_surface_area_tail": [
    1291.5111035208838
  ],
  "radius_head": [
    5.088718480072883
  ],
  "radius_tail": [
    4.909589863185877
  ],
  "irregularity": [
    1.9398642113521585
  ],
  "irregularity_of_end_surface_head": [
    0.06561412566432269
  ],
  "irregularity_of_end_surface_tail": [
    0.05863300537866424
  ],
  "mean_curvature": [
    0.37462014294780205
  ],
  "fractal_dimension": [
    2.377708316157332
  ]
}