{
  "volume": [
    9420.927031993866
  ],
  "volume_endpoints": [
    2173.6130228042603
  ],
  "streamlines_count": [
    3203
  ],
  "avg_length": [
    69.33001708984375
  ],
  "std_length": [
    6.012223720550537
  ],
  "min_length": [
    51.56245040893555
  ],
  "max_length": [
    88.7073974609375
  ],
  "span": [
    28.56205177307129
  ],
  "curl": [
    2.427347224235798
  ],
  "diameter": [
    13.153496867977228
  ],
  "elongation": [
    5.270843015033573
  ],
  "surface_area": [
    5404.973968234899
  ],
  "end_surface_area_head": [
    1059.0391048871247
  ],
  "end_surface_area_tail": [
    1046.1239938519159
  ],
  "radius_head": [
    4.753821176656867
  ],
  "radius_tail": [
    4.597270536370528
  ],
  "irregularity": [
    1.8866059550519003
  ],
  "irregularity_of_end_surface_head": [
    0.06703838725642307
  ],
  "irregularity_of_end_surface_tail": [
    0.06346975655505196
  ],
  "mean_curvature": [
    0.3705310127882521
  ],
  "fractal_dimension": [
    2.364607711733014
  ]
}