{
  "volume": [
    18446.65169620514
  ],
  "volume_endpoints": [
    3091.877347946167
  ],
  "streamlines_count": [
    4202
  ],
  "avg_length": [
    77.54386138916016
  ],
  "std_length": [
    6.058730602264404
  ],
  "min_length": [
    60.523990631103516
  ],
  "max_length": [
    96.93921661376953
  ],
  "span": [
    30.77001190185547
  ],
  "curl": [
    2.520111517554667
  ],
  "diameter": [
    17.403641211499426
  ],
  "elongation": [
    4.455611354359752
  ],
  "surface_area": [
    9473.233944325682
  ],
  "end_surface_area_head": [
    1046.1239938519159
  ],
  "end_surface_area_tail": [
    2066.417765633414
  ],
  "radius_head": [
    4.808598349956281
  ],
  "radius_tail": [
    7.999309284827838
  ],
  "irregularity": [
    2.2343995999224977
  ],
  "irregularity_of_end_surface_head": [
    0.0694390412169117
  ],
  "irregularity_of_end_surface_tail": [
    0.09728294807588019
  ],
  "mean_curvature": [
    0.3694234089956914
  ],
  "fractal_dimension": [
    2.410112474422516
  ]
}