{
  "volume": [
    10565.851538658142
  ],
  "volume_endpoints": [
    2359.5906076431274
  ],
  "streamlines_count": [
    3004
  ],
  "avg_length": [
    70.58248138427734
  ],
  "std_length": [
    7.449789047241211
  ],
  "min_length": [
    52.126365661621094
  ],
  "max_length": [
    92.50706481933594
  ],
  "span": [
    29.79415512084961
  ],
  "curl": [
    2.3690042928884574
  ],
  "diameter": [
    13.805713299318056
  ],
  "elongation": [
    5.112555929128546
  ],
  "surface_area": [
    5999.069075854505
  ],
  "end_surface_area_head": [
    1039.6664383343114
  ],
  "end_surface_area_tail": [
    1136.5297710983778
  ],
  "radius_head": [
    4.636242931798743
  ],
  "radius_tail": [
    5.048062946029388
  ],
  "irregularity": [
    1.9596486715014574
  ],
  "irregularity_of_end_surface_head": [
    0.06495135512666736
  ],
  "irregularity_of_end_surface_tail": [
    0.07043987547279999
  ],
  "mean_curvature": [
    0.3759133965173828
  ],
  "fractal_dimension": [
    2.3694596575416433
  ]
}