{
  "volume": [
    9723.140607357025
  ],
  "volume_endpoints": [
    2621.1215863227844
  ],
  "streamlines_count": [
    3057
  ],
  "avg_length": [
    71.7520523071289
  ],
  "std_length": [
    4.764782428741455
  ],
  "min_length": [
    57.528202056884766
  ],
  "max_length": [
    86.87212371826172
  ],
  "span": [
    34.227943420410156
  ],
  "curl": [
    2.0963004240664684
  ],
  "diameter": [
    13.135335762477155
  ],
  "elongation": [
    5.4625213701882105
  ],
  "surface_area": [
    5695.563966527097
  ],
  "end_surface_area_head": [
    994.4635497110805
  ],
  "end_surface_area_tail": [
    1369.0017697321368
  ],
  "radius_head": [
    4.515738144087783
  ],
  "radius_tail": [
    5.072543386762352
  ],
  "irregularity": [
    1.9235848805989746
  ],
  "irregularity_of_end_surface_head": [
    0.06441967122167265
  ],
  "irregularity_of_end_surface_tail": [
    0.05904694106499528
  ],
  "mean_curvature": [
    0.36808794290363533
  ],
  "fractal_dimension": [
    2.2808095135628044
  ]
}