{
  "volume": [
    6974.1594314575195
  ],
  "volume_endpoints": [
    1080.9947118759155
  ],
  "streamlines_count": [
    440
  ],
  "avg_length": [
    66.8099365234375
  ],
  "std_length": [
    8.266341209411621
  ],
  "min_length": [
    46.75967025756836
  ],
  "max_length": [
    84.52986907958984
  ],
  "span": [
    28.3077335357666
  ],
  "curl": [
    2.3601301898304103
  ],
  "diameter": [
    11.528703378475726
  ],
  "elongation": [
    5.795095452639776
  ],
  "surface_area": [
    4849.624193720919
  ],
  "end_surface_area_head": [
    955.718216605454
  ],
  "end_surface_area_tail": [
    284.13244277459444
  ],
  "radius_head": [
    4.141831769272803
  ],
  "radius_tail": [
    2.721640825258709
  ],
  "irregularity": [
    2.0041798361499263
  ],
  "irregularity_of_end_surface_head": [
    0.05639036668114761
  ],
  "irregularity_of_end_surface_tail": [
    0.08190127623624026
  ],
  "mean_curvature": [
    0.38247311731631106
  ],
  "fractal_dimension": [
    2.2225832755108548
  ]
}