{
  "volume": [
    9891.682793617249
  ],
  "volume_endpoints": [
    1987.635437965393
  ],
  "streamlines_count": [
    2198
  ],
  "avg_length": [
    73.41094207763672
  ],
  "std_length": [
    5.814141273498535
  ],
  "min_length": [
    60.46372604370117
  ],
  "max_length": [
    91.90495300292969
  ],
  "span": [
    35.031639099121094
  ],
  "curl": [
    2.095561154587212
  ],
  "diameter": [
    13.098143710127514
  ],
  "elongation": [
    5.604682900285726
  ],
  "surface_area": [
    5753.681966185537
  ],
  "end_surface_area_head": [
    1000.921105228685
  ],
  "end_surface_area_tail": [
    942.8031055702452
  ],
  "radius_head": [
    4.520068774990753
  ],
  "radius_tail": [
    4.60834025394388
  ],
  "irregularity": [
    1.9046949550408139
  ],
  "irregularity_of_end_surface_head": [
    0.06412688016970859
  ],
  "irregularity_of_end_surface_tail": [
    0.07076490748198407
  ],
  "mean_curvature": [
    0.3733176867646234
  ],
  "fractal_dimension": [
    2.2582093929379297
  ]
}