{
  "volume": [
    3097.6891474723816
  ],
  "volume_endpoints": [
    1685.421862602234
  ],
  "streamlines_count": [
    3079
  ],
  "avg_length": [
    25.102937698364258
  ],
  "std_length": [
    3.403163194656372
  ],
  "min_length": [
    20.090181350708008
  ],
  "max_length": [
    37.914615631103516
  ],
  "span": [
    11.753997802734375
  ],
  "curl": [
    2.135693584401085
  ],
  "diameter": [
    12.534635294363916
  ],
  "elongation": [
    2.0026859265423993
  ],
  "surface_area": [
    2156.823542879876
  ],
  "end_surface_area_head": [
    839.4822172885745
  ],
  "end_surface_area_tail": [
    729.7037734892994
  ],
  "radius_head": [
    4.311248653999531
  ],
  "radius_tail": [
    4.209143575296251
  ],
  "irregularity": [
    2.1818680972521762
  ],
  "irregularity_of_end_surface_head": [
    0.0695575882352344
  ],
  "irregularity_of_end_surface_tail": [
    0.07627650061797915
  ],
  "mean_curvature": [
    0.4354911700070156
  ],
  "fractal_dimension": [
    2.3438317544862963
  ]
}