{
  "volume": [
    11350.444474697113
  ],
  "volume_endpoints": [
    2092.247829437256
  ],
  "streamlines_count": [
    2979
  ],
  "avg_length": [
    67.7569580078125
  ],
  "std_length": [
    6.493654251098633
  ],
  "min_length": [
    51.65650939941406
  ],
  "max_length": [
    89.53410339355469
  ],
  "span": [
    28.260318756103516
  ],
  "curl": [
    2.3976006283785707
  ],
  "diameter": [
    14.60442772006661
  ],
  "elongation": [
    4.63948052649224
  ],
  "surface_area": [
    5811.799965843977
  ],
  "end_surface_area_head": [
    897.6002169470142
  ],
  "end_surface_area_tail": [
    981.5484386758717
  ],
  "radius_head": [
    4.340188465783535
  ],
  "radius_tail": [
    4.878992009939159
  ],
  "irregularity": [
    1.8694865367137732
  ],
  "irregularity_of_end_surface_head": [
    0.06593015560629586
  ],
  "irregularity_of_end_surface_tail": [
    0.07619006602204059
  ],
  "mean_curvature": [
    0.3816206772862044
  ],
  "fractal_dimension": [
    2.4031830074896257
  ]
}