{
  "volume": [
    22997.29072523117
  ],
  "volume_endpoints": [
    3725.3634963035583
  ],
  "streamlines_count": [
    4118
  ],
  "avg_length": [
    77.29718780517578
  ],
  "std_length": [
    7.289262771606445
  ],
  "min_length": [
    57.787322998046875
  ],
  "max_length": [
    100.37252807617188
  ],
  "span": [
    30.725135803222656
  ],
  "curl": [
    2.515763910702336
  ],
  "diameter": [
    19.463079209756113
  ],
  "elongation": [
    3.9714778413083573
  ],
  "surface_area": [
    11365.297710983778
  ],
  "end_surface_area_head": [
    936.3455500526408
  ],
  "end_surface_area_tail": [
    2447.413541172075
  ],
  "radius_head": [
    4.438674339539517
  ],
  "radius_tail": [
    8.632497952060843
  ],
  "irregularity": [
    2.4046711875134754
  ],
  "irregularity_of_end_surface_head": [
    0.06610286560237498
  ],
  "irregularity_of_end_surface_tail": [
    0.09565671932525126
  ],
  "mean_curvature": [
    0.3826747928040881
  ],
  "fractal_dimension": [
    2.423412446752487
  ]
}