{
  "volume": [
    13663.540686130524
  ],
  "volume_endpoints": [
    2446.7676005363464
  ],
  "streamlines_count": [
    1571
  ],
  "avg_length": [
    70.20498657226562
  ],
  "std_length": [
    5.115875720977783
  ],
  "min_length": [
    55.18977737426758
  ],
  "max_length": [
    86.90454864501953
  ],
  "span": [
    32.39738464355469
  ],
  "curl": [
    2.166995494996927
  ],
  "diameter": [
    15.74173895336929
  ],
  "elongation": [
    4.459798677911583
  ],
  "surface_area": [
    7994.453730794271
  ],
  "end_surface_area_head": [
    994.4635497110805
  ],
  "end_surface_area_tail": [
    2053.5026545982055
  ],
  "radius_head": [
    4.352489905019815
  ],
  "radius_tail": [
    7.891024782430932
  ],
  "irregularity": [
    2.302598693044036
  ],
  "irregularity_of_end_surface_head": [
    0.059846195677273666
  ],
  "irregularity_of_end_surface_tail": [
    0.09526237806231717
  ],
  "mean_curvature": [
    0.38271980864997124
  ],
  "fractal_dimension": [
    2.3257735510986755
  ]
}