{
  "volume": [
    9542.974822044373
  ],
  "volume_endpoints": [
    1842.340449810028
  ],
  "streamlines_count": [
    3007
  ],
  "avg_length": [
    59.732295989990234
  ],
  "std_length": [
    4.2029643058776855
  ],
  "min_length": [
    45.96135330200195
  ],
  "max_length": [
    73.62152862548828
  ],
  "span": [
    27.290754318237305
  ],
  "curl": [
    2.188737449080825
  ],
  "diameter": [
    14.262391187922649
  ],
  "elongation": [
    4.188098279100027
  ],
  "surface_area": [
    5075.638636837073
  ],
  "end_surface_area_head": [
    826.5671062533656
  ],
  "end_surface_area_tail": [
    852.3973283237833
  ],
  "radius_head": [
    4.207535467147623
  ],
  "radius_tail": [
    4.637484815806561
  ],
  "irregularity": [
    1.8964407094494635
  ],
  "irregularity_of_end_surface_head": [
    0.06728640502579608
  ],
  "irregularity_of_end_surface_tail": [
    0.07926341765118874
  ],
  "mean_curvature": [
    0.38134107252351856
  ],
  "fractal_dimension": [
    2.3135213218042274
  ]
}