{
  "volume": [
    13070.737134456635
  ],
  "volume_endpoints": [
    1859.7758483886719
  ],
  "streamlines_count": [
    1381
  ],
  "avg_length": [
    79.90377044677734
  ],
  "std_length": [
    4.741940975189209
  ],
  "min_length": [
    66.05431365966797
  ],
  "max_length": [
    95.67327880859375
  ],
  "span": [
    35.263954162597656
  ],
  "curl": [
    2.2658766534901646
  ],
  "diameter": [
    14.431831950376774
  ],
  "elongation": [
    5.536633929879656
  ],
  "surface_area": [
    7251.834846269762
  ],
  "end_surface_area_head": [
    981.5484386758717
  ],
  "end_surface_area_tail": [
    1020.2937717814982
  ],
  "radius_head": [
    4.334480536149147
  ],
  "radius_tail": [
    4.860582648722811
  ],
  "irregularity": [
    2.0017475058341905
  ],
  "irregularity_of_end_surface_head": [
    0.06013291405064735
  ],
  "irregularity_of_end_surface_tail": [
    0.07274469068112432
  ],
  "mean_curvature": [
    0.39201856706126886
  ],
  "fractal_dimension": [
    2.3306136111820672
  ]
}