{
  "volume": [
    3580.0685081481934
  ],
  "volume_endpoints": [
    1638.927466392517
  ],
  "streamlines_count": [
    3471
  ],
  "avg_length": [
    25.229360580444336
  ],
  "std_length": [
    3.361906051635742
  ],
  "min_length": [
    20.08878517150879
  ],
  "max_length": [
    37.339290618896484
  ],
  "span": [
    11.731149673461914
  ],
  "curl": [
    2.1506298429997814
  ],
  "diameter": [
    13.441495968256229
  ],
  "elongation": [
    1.8769756461651754
  ],
  "surface_area": [
    2273.0595421967555
  ],
  "end_surface_area_head": [
    710.3311069364861
  ],
  "end_surface_area_tail": [
    833.02466177097
  ],
  "radius_head": [
    3.8328994333738926
  ],
  "radius_tail": [
    4.398108917097471
  ],
  "irregularity": [
    2.133570950004521
  ],
  "irregularity_of_end_surface_head": [
    0.06497464089576621
  ],
  "irregularity_of_end_surface_tail": [
    0.07294977794810852
  ],
  "mean_curvature": [
    0.433832784000064
  ],
  "fractal_dimension": [
    2.360635459026281
  ]
}