{
  "volume": [
    8816.499881267548
  ],
  "volume_endpoints": [
    1813.281452178955
  ],
  "streamlines_count": [
    3389
  ],
  "avg_length": [
    75.7435302734375
  ],
  "std_length": [
    4.404259204864502
  ],
  "min_length": [
    62.047813415527344
  ],
  "max_length": [
    89.43378448486328
  ],
  "span": [
    37.00885772705078
  ],
  "curl": [
    2.046632480042055
  ],
  "diameter": [
    12.173918523936448
  ],
  "elongation": [
    6.221787185819423
  ],
  "surface_area": [
    5333.94085754125
  ],
  "end_surface_area_head": [
    981.5484386758717
  ],
  "end_surface_area_tail": [
    703.8735514188817
  ],
  "radius_head": [
    4.900238533350018
  ],
  "radius_tail": [
    4.384169281750846
  ],
  "irregularity": [
    1.841290826452867
  ],
  "irregularity_of_end_surface_head": [
    0.07685507988223615
  ],
  "irregularity_of_end_surface_tail": [
    0.08578865435662364
  ],
  "mean_curvature": [
    0.3431614712650145
  ],
  "fractal_dimension": [
    2.3103935155644013
  ]
}