{
  "volume": [
    8427.10931301117
  ],
  "volume_endpoints": [
    2086.4360299110413
  ],
  "streamlines_count": [
    3179
  ],
  "avg_length": [
    75.8788833618164
  ],
  "std_length": [
    4.7498931884765625
  ],
  "min_length": [
    63.76836395263672
  ],
  "max_length": [
    93.43926239013672
  ],
  "span": [
    32.26521682739258
  ],
  "curl": [
    2.351723956102369
  ],
  "diameter": [
    11.891425174416124
  ],
  "elongation": [
    6.3809747148782865
  ],
  "surface_area": [
    5476.007078928547
  ],
  "end_surface_area_head": [
    916.9728834998275
  ],
  "end_surface_area_tail": [
    1130.0722155807734
  ],
  "radius_head": [
    4.6332713799361045
  ],
  "radius_tail": [
    4.709193821028708
  ],
  "irregularity": [
    1.9317872242713345
  ],
  "irregularity_of_end_surface_head": [
    0.0735476594653746
  ],
  "irregularity_of_end_surface_tail": [
    0.06165052884783928
  ],
  "mean_curvature": [
    0.348191276103605
  ],
  "fractal_dimension": [
    2.245202902431848
  ]
}