{
  "volume": [
    1848.1522493362427
  ],
  "volume_endpoints": [
    273.1545777320862
  ],
  "streamlines_count": [
    45
  ],
  "avg_length": [
    61.03864288330078
  ],
  "std_length": [
    3.8270986080169678
  ],
  "min_length": [
    53.73042297363281
  ],
  "max_length": [
    67.90953826904297
  ],
  "span": [
    29.46724510192871
  ],
  "curl": [
    2.0714064946405744
  ],
  "diameter": [
    6.2089976772882265
  ],
  "elongation": [
    9.830675747644884
  ],
  "surface_area": [
    2092.2479877038318
  ],
  "end_surface_area_head": [
    490.77421933793585
  ],
  "end_surface_area_tail": [
    109.77844379927512
  ],
  "radius_head": [
    3.2719787257744546
  ],
  "radius_tail": [
    1.635916007262915
  ],
  "irregularity": [
    1.757263626499067
  ],
  "irregularity_of_end_surface_head": [
    0.06853131642229818
  ],
  "irregularity_of_end_surface_tail": [
    0.07658695565678253
  ],
  "mean_curvature": [
    0.3291431294547187
  ],
  "fractal_dimension": [
    1.8118800214306372
  ]
}