{
  "volume": [
    2911.7115626335144
  ],
  "volume_endpoints": [
    1394.831886291504
  ],
  "streamlines_count": [
    1064
  ],
  "avg_length": [
    28.046802520751953
  ],
  "std_length": [
    5.586797714233398
  ],
  "min_length": [
    20.10982322692871
  ],
  "max_length": [
    47.75426483154297
  ],
  "span": [
    12.333972930908203
  ],
  "curl": [
    2.2739471440275607
  ],
  "diameter": [
    11.497080085526614
  ],
  "elongation": [
    2.439471788672619
  ],
  "surface_area": [
    2298.889764267173
  ],
  "end_surface_area_head": [
    1226.9355483448396
  ],
  "end_surface_area_tail": [
    277.67488725699
  ],
  "radius_head": [
    4.887943564450646
  ],
  "radius_tail": [
    3.203026688145125
  ],
  "irregularity": [
    2.2693284653229737
  ],
  "irregularity_of_end_surface_head": [
    0.06117591715131398
  ],
  "irregularity_of_end_surface_tail": [
    0.11607384825731833
  ],
  "mean_curvature": [
    0.38062528757504505
  ],
  "fractal_dimension": [
    2.1078393339895816
  ]
}