{
  "volume": [
    12629.040370464325
  ],
  "volume_endpoints": [
    2103.871428489685
  ],
  "streamlines_count": [
    2212
  ],
  "avg_length": [
    69.9732437133789
  ],
  "std_length": [
    5.636768817901611
  ],
  "min_length": [
    54.22087478637695
  ],
  "max_length": [
    88.14010620117188
  ],
  "span": [
    30.868289947509766
  ],
  "curl": [
    2.266832527242859
  ],
  "diameter": [
    15.159128407049222
  ],
  "elongation": [
    4.615914703964134
  ],
  "surface_area": [
    6690.027516238179
  ],
  "end_surface_area_head": [
    891.1426614294098
  ],
  "end_surface_area_tail": [
    1394.8319918025545
  ],
  "radius_head": [
    4.469644499894084
  ],
  "radius_tail": [
    6.483445475329631
  ],
  "irregularity": [
    2.00757506489819
  ],
  "irregularity_of_end_surface_head": [
    0.07042852648304142
  ],
  "irregularity_of_end_surface_tail": [
    0.0946759558862832
  ],
  "mean_curvature": [
    0.3797810779476899
  ],
  "fractal_dimension": [
    2.37691315951287
  ]
}