{
  "volume": [
    18562.88768672943
  ],
  "volume_endpoints": [
    4597.133425235748
  ],
  "streamlines_count": [
    4504
  ],
  "avg_length": [
    87.58592224121094
  ],
  "std_length": [
    7.642241477966309
  ],
  "min_length": [
    66.14994812011719
  ],
  "max_length": [
    118.58197784423828
  ],
  "span": [
    35.16196823120117
  ],
  "curl": [
    2.4909277451508265
  ],
  "diameter": [
    16.427091424236593
  ],
  "elongation": [
    5.3317973327881
  ],
  "surface_area": [
    12301.643261036419
  ],
  "end_surface_area_head": [
    5695.563966527097
  ],
  "end_surface_area_tail": [
    690.9584403836728
  ],
  "radius_head": [
    8.88756044304539
  ],
  "radius_tail": [
    3.8990727599381327
  ],
  "irregularity": [
    2.721562263476064
  ],
  "irregularity_of_end_surface_head": [
    0.04356906836937619
  ],
  "irregularity_of_end_surface_tail": [
    0.06912268913485135
  ],
  "mean_curvature": [
    0.3501691254216443
  ],
  "fractal_dimension": [
    2.284522191666524
  ]
}