{
  "volume": [
    18713.99447441101
  ],
  "volume_endpoints": [
    5503.774151325226
  ],
  "streamlines_count": [
    5548
  ],
  "avg_length": [
    80.99163055419922
  ],
  "std_length": [
    9.62083625793457
  ],
  "min_length": [
    49.02019500732422
  ],
  "max_length": [
    126.45855712890625
  ],
  "span": [
    32.303009033203125
  ],
  "curl": [
    2.507247249658717
  ],
  "diameter": [
    17.15213698689901
  ],
  "elongation": [
    4.721955673282082
  ],
  "surface_area": [
    12676.181481057474
  ],
  "end_surface_area_head": [
    7064.565736259235
  ],
  "end_surface_area_tail": [
    594.0951076196066
  ],
  "radius_head": [
    9.61711423319634
  ],
  "radius_tail": [
    3.6401223653044728
  ],
  "irregularity": [
    2.9045589589543415
  ],
  "irregularity_of_end_surface_head": [
    0.04112954938655423
  ],
  "irregularity_of_end_surface_tail": [
    0.0700689908532823
  ],
  "mean_curvature": [
    0.3628588165408343
  ],
  "fractal_dimension": [
    2.2944246649805917
  ]
}