{
  "volume": [
    9449.986029624939
  ],
  "volume_endpoints": [
    1865.5876479148865
  ],
  "streamlines_count": [
    2698
  ],
  "avg_length": [
    72.615234375
  ],
  "std_length": [
    6.910243511199951
  ],
  "min_length": [
    55.43286895751953
  ],
  "max_length": [
    92.21917724609375
  ],
  "span": [
    35.08893585205078
  ],
  "curl": [
    2.0694624277343534
  ],
  "diameter": [
    12.872318317792645
  ],
  "elongation": [
    5.64119318542863
  ],
  "surface_area": [
    5773.054632738351
  ],
  "end_surface_area_head": [
    839.4822172885745
  ],
  "end_surface_area_tail": [
    1265.6808814504661
  ],
  "radius_head": [
    4.226851917878159
  ],
  "radius_tail": [
    6.281353472310876
  ],
  "irregularity": [
    1.965944623242077
  ],
  "irregularity_of_end_surface_head": [
    0.06686093384766321
  ],
  "irregularity_of_end_surface_tail": [
    0.09793369018832658
  ],
  "mean_curvature": [
    0.3740286110970071
  ],
  "fractal_dimension": [
    2.325603633204216
  ]
}