{
  "volume": [
    7723.881570339203
  ],
  "volume_endpoints": [
    1679.6100630760193
  ],
  "streamlines_count": [
    2002
  ],
  "avg_length": [
    65.44683837890625
  ],
  "std_length": [
    5.529937267303467
  ],
  "min_length": [
    48.66485595703125
  ],
  "max_length": [
    80.94361114501953
  ],
  "span": [
    29.982162475585938
  ],
  "curl": [
    2.1828591727564253
  ],
  "diameter": [
    12.258251479120547
  ],
  "elongation": [
    5.339002751769427
  ],
  "surface_area": [
    4791.506194062479
  ],
  "end_surface_area_head": [
    904.0577724646187
  ],
  "end_surface_area_tail": [
    871.7699948765966
  ],
  "radius_head": [
    4.81468561895864
  ],
  "radius_tail": [
    4.324009689698122
  ],
  "irregularity": [
    1.9011000931233275
  ],
  "irregularity_of_end_surface_head": [
    0.08055445385153952
  ],
  "irregularity_of_end_surface_tail": [
    0.06737848979196924
  ],
  "mean_curvature": [
    0.38678984354425977
  ],
  "fractal_dimension": [
    2.2610078039606325
  ]
}