{
  "volume": [
    14715.476400375366
  ],
  "volume_endpoints": [
    3033.759352684021
  ],
  "streamlines_count": [
    4430
  ],
  "avg_length": [
    60.21443176269531
  ],
  "std_length": [
    4.97485876083374
  ],
  "min_length": [
    45.94423294067383
  ],
  "max_length": [
    76.4147720336914
  ],
  "span": [
    27.43670082092285
  ],
  "curl": [
    2.1946673601797126
  ],
  "diameter": [
    17.639729718006183
  ],
  "elongation": [
    3.4135688429074946
  ],
  "surface_area": [
    7561.797511114774
  ],
  "end_surface_area_head": [
    929.8879945350363
  ],
  "end_surface_area_tail": [
    2021.214877010183
  ],
  "radius_head": [
    4.437653355318885
  ],
  "radius_tail": [
    8.671585761881746
  ],
  "irregularity": [
    2.2661186877197186
  ],
  "irregularity_of_end_surface_head": [
    0.06653129564885517
  ],
  "irregularity_of_end_surface_tail": [
    0.11687844737708093
  ],
  "mean_curvature": [
    0.39302729255189744
  ],
  "fractal_dimension": [
    2.3657836375277395
  ]
}