{
  "volume": [
    10676.27572965622
  ],
  "volume_endpoints": [
    2440.955801010132
  ],
  "streamlines_count": [
    3227
  ],
  "avg_length": [
    60.390968322753906
  ],
  "std_length": [
    6.019214630126953
  ],
  "min_length": [
    45.058143615722656
  ],
  "max_length": [
    80.9811782836914
  ],
  "span": [
    28.037351608276367
  ],
  "curl": [
    2.15394696212773
  ],
  "diameter": [
    15.003029163074187
  ],
  "elongation": [
    4.025251678600319
  ],
  "surface_area": [
    5895.7481875728345
  ],
  "end_surface_area_head": [
    820.1095507357612
  ],
  "end_surface_area_tail": [
    1498.1528800842252
  ],
  "radius_head": [
    4.2142448140610185
  ],
  "radius_tail": [
    6.050596074123698
  ],
  "irregularity": [
    2.0712766379429506
  ],
  "irregularity_of_end_surface_head": [
    0.06803267151518344
  ],
  "irregularity_of_end_surface_tail": [
    0.07676973857303594
  ],
  "mean_curvature": [
    0.38609187907577114
  ],
  "fractal_dimension": [
    2.41185737780001
  ]
}