{
  "volume": [
    11245.83208322525
  ],
  "volume_endpoints": [
    1621.4920678138733
  ],
  "streamlines_count": [
    682
  ],
  "avg_length": [
    64.6282730102539
  ],
  "std_length": [
    9.046299934387207
  ],
  "min_length": [
    49.50312042236328
  ],
  "max_length": [
    95.06497955322266
  ],
  "span": [
    27.8620662689209
  ],
  "curl": [
    2.319579330063698
  ],
  "diameter": [
    14.884682700519148
  ],
  "elongation": [
    4.341931521859031
  ],
  "surface_area": [
    7426.188845245082
  ],
  "end_surface_area_head": [
    1033.208882816707
  ],
  "end_surface_area_tail": [
    891.1426614294098
  ],
  "radius_head": [
    5.397784198997768
  ],
  "radius_tail": [
    4.309172675805106
  ],
  "irregularity": [
    2.4572762561626837
  ],
  "irregularity_of_end_surface_head": [
    0.0885916472154471
  ],
  "irregularity_of_end_surface_tail": [
    0.06546217523971509
  ],
  "mean_curvature": [
    0.3835212075290792
  ],
  "fractal_dimension": [
    2.3103721151640153
  ]
}