{
  "volume": [
    8915.300473213196
  ],
  "volume_endpoints": [
    1609.868468761444
  ],
  "streamlines_count": [
    1596
  ],
  "avg_length": [
    72.0997085571289
  ],
  "std_length": [
    6.727482318878174
  ],
  "min_length": [
    55.461978912353516
  ],
  "max_length": [
    94.2231674194336
  ],
  "span": [
    34.014896392822266
  ],
  "curl": [
    2.119650982454358
  ],
  "diameter": [
    12.547473788656916
  ],
  "elongation": [
    5.746153350988308
  ],
  "surface_area": [
    5501.837300998965
  ],
  "end_surface_area_head": [
    1013.8362162638938
  ],
  "end_surface_area_tail": [
    561.8073300315845
  ],
  "radius_head": [
    4.604452745276669
  ],
  "radius_tail": [
    4.175681084535414
  ],
  "irregularity": [
    1.9358337817990157
  ],
  "irregularity_of_end_surface_head": [
    0.06569587663044107
  ],
  "irregularity_of_end_surface_tail": [
    0.09750280637074078
  ],
  "mean_curvature": [
    0.3671310696013291
  ],
  "fractal_dimension": [
    2.237827594706045
  ]
}