{
  "volume": [
    6474.344672203064
  ],
  "volume_endpoints": [
    1389.0200867652893
  ],
  "streamlines_count": [
    1938
  ],
  "avg_length": [
    67.34141540527344
  ],
  "std_length": [
    4.943833351135254
  ],
  "min_length": [
    54.77828598022461
  ],
  "max_length": [
    85.38796997070312
  ],
  "span": [
    32.4942626953125
  ],
  "curl": [
    2.072409398443986
  ],
  "diameter": [
    11.06399185006041
  ],
  "elongation": [
    6.086538775325088
  ],
  "surface_area": [
    4274.901752654126
  ],
  "end_surface_area_head": [
    690.9584403836728
  ],
  "end_surface_area_tail": [
    665.1282183132552
  ],
  "radius_head": [
    3.8322910429749886
  ],
  "radius_tail": [
    4.27768318955716
  ],
  "irregularity": [
    1.8263422997172627
  ],
  "irregularity_of_end_surface_head": [
    0.06677515650957111
  ],
  "irregularity_of_end_surface_tail": [
    0.08642944683808544
  ],
  "mean_curvature": [
    0.35419712242573287
  ],
  "fractal_dimension": [
    2.226312362905366
  ]
}