{
  "volume": [
    12506.992580413818
  ],
  "volume_endpoints": [
    2377.0260062217712
  ],
  "streamlines_count": [
    2212
  ],
  "avg_length": [
    82.19698333740234
  ],
  "std_length": [
    4.552114486694336
  ],
  "min_length": [
    69.39820861816406
  ],
  "max_length": [
    98.35088348388672
  ],
  "span": [
    38.342247009277344
  ],
  "curl": [
    2.1437706381035477
  ],
  "diameter": [
    13.918856772582172
  ],
  "elongation": [
    5.90544070396045
  ],
  "surface_area": [
    7290.580179375389
  ],
  "end_surface_area_head": [
    1013.8362162638938
  ],
  "end_surface_area_tail": [
    1388.3744362849502
  ],
  "radius_head": [
    4.5858974070723875
  ],
  "radius_tail": [
    5.845375132344593
  ],
  "irregularity": [
    2.028396128272008
  ],
  "irregularity_of_end_surface_head": [
    0.06516745205817853
  ],
  "irregularity_of_end_surface_tail": [
    0.07731576180815278
  ],
  "mean_curvature": [
    0.36861258386811124
  ],
  "fractal_dimension": [
    2.277418340352848
  ]
}