{
  "volume": [
    3684.680899620056
  ],
  "volume_endpoints": [
    2051.5652327537537
  ],
  "streamlines_count": [
    4028
  ],
  "avg_length": [
    25.660253524780273
  ],
  "std_length": [
    4.0473222732543945
  ],
  "min_length": [
    20.088171005249023
  ],
  "max_length": [
    37.9998893737793
  ],
  "span": [
    11.716050148010254
  ],
  "curl": [
    2.190179557155461
  ],
  "diameter": [
    13.521489318247738
  ],
  "elongation": [
    1.89773869733054
  ],
  "surface_area": [
    2260.144431161547
  ],
  "end_surface_area_head": [
    1278.595992485675
  ],
  "end_surface_area_tail": [
    368.0806645034519
  ],
  "radius_head": [
    5.1045298696807935
  ],
  "radius_tail": [
    2.768390510944651
  ],
  "irregularity": [
    2.0734847613805036
  ],
  "irregularity_of_end_surface_head": [
    0.06402182246755188
  ],
  "irregularity_of_end_surface_tail": [
    0.06541262419623878
  ],
  "mean_curvature": [
    0.42259031979602046
  ],
  "fractal_dimension": [
    2.3693107078097015
  ]
}