{
  "volume": [
    12187.343606472015
  ],
  "volume_endpoints": [
    2731.545777320862
  ],
  "streamlines_count": [
    2921
  ],
  "avg_length": [
    74.77555084228516
  ],
  "std_length": [
    6.819125652313232
  ],
  "min_length": [
    57.13233947753906
  ],
  "max_length": [
    97.00200653076172
  ],
  "span": [
    30.541391372680664
  ],
  "curl": [
    2.448334783764044
  ],
  "diameter": [
    14.405547760388894
  ],
  "elongation": [
    5.190746793252554
  ],
  "surface_area": [
    7129.141291435279
  ],
  "end_surface_area_head": [
    942.8031055702452
  ],
  "end_surface_area_tail": [
    1711.252212165171
  ],
  "radius_head": [
    4.666664232878152
  ],
  "radius_tail": [
    5.980081646761358
  ],
  "irregularity": [
    2.106676989680378
  ],
  "irregularity_of_end_surface_head": [
    0.07256746919008995
  ],
  "irregularity_of_end_surface_tail": [
    0.06565231992225144
  ],
  "mean_curvature": [
    0.36779593161343305
  ],
  "fractal_dimension": [
    2.3514403702968925
  ]
}