{
  "volume": [
    12971.936542510986
  ],
  "volume_endpoints": [
    2900.087963581085
  ],
  "streamlines_count": [
    3659
  ],
  "avg_length": [
    68.28950500488281
  ],
  "std_length": [
    5.958014488220215
  ],
  "min_length": [
    52.25404739379883
  ],
  "max_length": [
    87.69876098632812
  ],
  "span": [
    28.692720413208008
  ],
  "curl": [
    2.3800289418861578
  ],
  "diameter": [
    15.55179363292883
  ],
  "elongation": [
    4.39110154215839
  ],
  "surface_area": [
    6670.654849685365
  ],
  "end_surface_area_head": [
    968.6333276406629
  ],
  "end_surface_area_tail": [
    1646.676656989127
  ],
  "radius_head": [
    4.590815265286791
  ],
  "radius_tail": [
    6.674957664419797
  ],
  "irregularity": [
    1.999328459533181
  ],
  "irregularity_of_end_surface_head": [
    0.0683549703364331
  ],
  "irregularity_of_end_surface_tail": [
    0.085003845789826
  ],
  "mean_curvature": [
    0.3756758001177127
  ],
  "fractal_dimension": [
    2.4120438262183375
  ]
}