{
  "volume": [
    7479.78599023819
  ],
  "volume_endpoints": [
    1976.0118389129639
  ],
  "streamlines_count": [
    2085
  ],
  "avg_length": [
    64.34503936767578
  ],
  "std_length": [
    4.8413825035095215
  ],
  "min_length": [
    51.775184631347656
  ],
  "max_length": [
    81.17018127441406
  ],
  "span": [
    30.93235969543457
  ],
  "curl": [
    2.0801852817317625
  ],
  "diameter": [
    12.165840263504574
  ],
  "elongation": [
    5.288992619827487
  ],
  "surface_area": [
    4707.557972333621
  ],
  "end_surface_area_head": [
    865.3124393589922
  ],
  "end_surface_area_tail": [
    1226.9355483448396
  ],
  "radius_head": [
    4.188941376889838
  ],
  "radius_tail": [
    5.334264829720674
  ],
  "irregularity": [
    1.9142057806648074
  ],
  "irregularity_of_end_surface_head": [
    0.06370675597450602
  ],
  "irregularity_of_end_surface_tail": [
    0.0728580040672556
  ],
  "mean_curvature": [
    0.37087308817344317
  ],
  "fractal_dimension": [
    2.3151440401644994
  ]
}