{
  "volume": [
    8967.606668949127
  ],
  "volume_endpoints": [
    1830.7168507575989
  ],
  "streamlines_count": [
    2892
  ],
  "avg_length": [
    68.17924499511719
  ],
  "std_length": [
    5.53820276260376
  ],
  "min_length": [
    54.2770881652832
  ],
  "max_length": [
    86.80915832519531
  ],
  "span": [
    28.173112869262695
  ],
  "curl": [
    2.4200110691176695
  ],
  "diameter": [
    12.940982238740492
  ],
  "elongation": [
    5.268475277789491
  ],
  "surface_area": [
    5166.044414083535
  ],
  "end_surface_area_head": [
    916.9728834998275
  ],
  "end_surface_area_tail": [
    768.4491065949259
  ],
  "radius_head": [
    4.414461371252823
  ],
  "radius_tail": [
    4.211204836987681
  ],
  "irregularity": [
    1.8637550540291998
  ],
  "irregularity_of_end_surface_head": [
    0.06676499509638541
  ],
  "irregularity_of_end_surface_tail": [
    0.07250158408015796
  ],
  "mean_curvature": [
    0.3703067468924971
  ],
  "fractal_dimension": [
    2.3392124170722073
  ]
}