{
  "volume": [
    6294.178886890411
  ],
  "volume_endpoints": [
    1766.7870559692383
  ],
  "streamlines_count": [
    1663
  ],
  "avg_length": [
    62.37246322631836
  ],
  "std_length": [
    4.752470016479492
  ],
  "min_length": [
    52.516822814941406
  ],
  "max_length": [
    80.33354949951172
  ],
  "span": [
    29.12489891052246
  ],
  "curl": [
    2.1415512348365255
  ],
  "diameter": [
    11.335172989620945
  ],
  "elongation": [
    5.502559447785202
  ],
  "surface_area": [
    4287.816863689334
  ],
  "end_surface_area_head": [
    1013.8362162638938
  ],
  "end_surface_area_tail": [
    787.8217731477391
  ],
  "radius_head": [
    4.4787661050225855
  ],
  "radius_tail": [
    4.426984938236999
  ],
  "irregularity": [
    1.930480002680085
  ],
  "irregularity_of_end_surface_head": [
    0.06215825836953427
  ],
  "irregularity_of_end_surface_tail": [
    0.07815161951014446
  ],
  "mean_curvature": [
    0.3765294316728217
  ],
  "fractal_dimension": [
    2.2506689595877143
  ]
}