{
  "volume": [
    6236.060891628265
  ],
  "volume_endpoints": [
    941.5115232467651
  ],
  "streamlines_count": [
    297
  ],
  "avg_length": [
    52.83584976196289
  ],
  "std_length": [
    7.299096584320068
  ],
  "min_length": [
    40.08866500854492
  ],
  "max_length": [
    73.77873229980469
  ],
  "span": [
    21.726221084594727
  ],
  "curl": [
    2.4318932204656094
  ],
  "diameter": [
    12.258741427494888
  ],
  "elongation": [
    4.310054998260948
  ],
  "surface_area": [
    3997.2268653971355
  ],
  "end_surface_area_head": [
    1046.1239938519159
  ],
  "end_surface_area_tail": [
    316.42022036261653
  ],
  "radius_head": [
    4.127343259818668
  ],
  "radius_tail": [
    2.8492601988994095
  ],
  "irregularity": [
    1.9644199848866857
  ],
  "irregularity_of_end_surface_head": [
    0.0511573322048215
  ],
  "irregularity_of_end_surface_tail": [
    0.08060275143877056
  ],
  "mean_curvature": [
    0.40752989314621946
  ],
  "fractal_dimension": [
    2.290395395661857
  ]
}