{
  "volume": [
    10217.143567085266
  ],
  "volume_endpoints": [
    2417.7086029052734
  ],
  "streamlines_count": [
    2787
  ],
  "avg_length": [
    78.53352355957031
  ],
  "std_length": [
    6.542794227600098
  ],
  "min_length": [
    59.86980056762695
  ],
  "max_length": [
    99.61936950683594
  ],
  "span": [
    32.10219192504883
  ],
  "curl": [
    2.446360165777087
  ],
  "diameter": [
    12.870406550351202
  ],
  "elongation": [
    6.101868130764473
  ],
  "surface_area": [
    6412.352628981188
  ],
  "end_surface_area_head": [
    1162.3599931687954
  ],
  "end_surface_area_tail": [
    1536.8982131898517
  ],
  "radius_head": [
    5.061967391656718
  ],
  "radius_tail": [
    5.697490715342392
  ],
  "irregularity": [
    2.01938987979654
  ],
  "irregularity_of_end_surface_head": [
    0.06925448520202139
  ],
  "irregularity_of_end_surface_tail": [
    0.06635475030693991
  ],
  "mean_curvature": [
    0.373919744687479
  ],
  "fractal_dimension": [
    2.3530722775878528
  ]
}