{
  "volume": [
    10176.460970401764
  ],
  "volume_endpoints": [
    2103.871428489685
  ],
  "streamlines_count": [
    1747
  ],
  "avg_length": [
    77.61527252197266
  ],
  "std_length": [
    5.781400203704834
  ],
  "min_length": [
    62.81551742553711
  ],
  "max_length": [
    97.02861022949219
  ],
  "span": [
    34.80966567993164
  ],
  "curl": [
    2.22970462387173
  ],
  "diameter": [
    12.920515803861392
  ],
  "elongation": [
    6.00713421199305
  ],
  "surface_area": [
    6018.441742407318
  ],
  "end_surface_area_head": [
    1039.6664383343114
  ],
  "end_surface_area_tail": [
    1065.496660404729
  ],
  "radius_head": [
    4.74128190525325
  ],
  "radius_tail": [
    4.687505357911599
  ],
  "irregularity": [
    1.9103245193383487
  ],
  "irregularity_of_end_surface_head": [
    0.06792777735922377
  ],
  "irregularity_of_end_surface_tail": [
    0.06478602498129428
  ],
  "mean_curvature": [
    0.3755282545574201
  ],
  "fractal_dimension": [
    2.3346516334802283
  ]
}