{
  "volume": [
    10658.840331077576
  ],
  "volume_endpoints": [
    2708.2985792160034
  ],
  "streamlines_count": [
    2457
  ],
  "avg_length": [
    76.73131561279297
  ],
  "std_length": [
    4.991598129272461
  ],
  "min_length": [
    61.647010803222656
  ],
  "max_length": [
    93.36763763427734
  ],
  "span": [
    36.42536163330078
  ],
  "curl": [
    2.1065354514598336
  ],
  "diameter": [
    13.299144821657803
  ],
  "elongation": [
    5.76964283356289
  ],
  "surface_area": [
    6328.40440725233
  ],
  "end_surface_area_head": [
    1046.1239938519159
  ],
  "end_surface_area_tail": [
    1601.473768365896
  ],
  "radius_head": [
    4.980880385384571
  ],
  "radius_tail": [
    5.996943763479246
  ],
  "irregularity": [
    1.974003833622435
  ],
  "irregularity_of_end_surface_head": [
    0.07450388752117326
  ],
  "irregularity_of_end_surface_tail": [
    0.07054885924632076
  ],
  "mean_curvature": [
    0.3772498060034502
  ],
  "fractal_dimension": [
    2.3694973493762856
  ]
}