{
  "volume": [
    9496.480425834656
  ],
  "volume_endpoints": [
    1941.1410417556763
  ],
  "streamlines_count": [
    1433
  ],
  "avg_length": [
    80.40643310546875
  ],
  "std_length": [
    5.6587934494018555
  ],
  "min_length": [
    63.420562744140625
  ],
  "max_length": [
    98.94567108154297
  ],
  "span": [
    36.290870666503906
  ],
  "curl": [
    2.215610472517074
  ],
  "diameter": [
    12.26283824246691
  ],
  "elongation": [
    6.556918677033241
  ],
  "surface_area": [
    6024.899297924923
  ],
  "end_surface_area_head": [
    1246.3082148976528
  ],
  "end_surface_area_tail": [
    665.1282183132552
  ],
  "radius_head": [
    5.099105899724705
  ],
  "radius_tail": [
    4.180832589804916
  ],
  "irregularity": [
    1.9449933608195742
  ],
  "irregularity_of_end_surface_head": [
    0.06554091169950285
  ],
  "irregularity_of_end_surface_tail": [
    0.08256007044568359
  ],
  "mean_curvature": [
    0.3832262082900189
  ],
  "fractal_dimension": [
    2.294006441286876
  ]
}