{
  "volume": [
    9449.986029624939
  ],
  "volume_endpoints": [
    1888.8348460197449
  ],
  "streamlines_count": [
    1333
  ],
  "avg_length": [
    76.80970764160156
  ],
  "std_length": [
    6.95601749420166
  ],
  "min_length": [
    49.15904235839844
  ],
  "max_length": [
    101.83673858642578
  ],
  "span": [
    33.75569534301758
  ],
  "curl": [
    2.2754592035826566
  ],
  "diameter": [
    12.515914466250994
  ],
  "elongation": [
    6.136963291712961
  ],
  "surface_area": [
    5960.323742748878
  ],
  "end_surface_area_head": [
    1259.2233259328618
  ],
  "end_surface_area_tail": [
    665.1282183132552
  ],
  "radius_head": [
    5.093409074367751
  ],
  "radius_tail": [
    5.16610789900991
  ],
  "irregularity": [
    1.9735188475821146
  ],
  "irregularity_of_end_surface_head": [
    0.06472383291903049
  ],
  "irregularity_of_end_surface_tail": [
    0.1260582995682407
  ],
  "mean_curvature": [
    0.39189353397441645
  ],
  "fractal_dimension": [
    2.3108053608293613
  ]
}