{
  "volume": [
    10071.848578929901
  ],
  "volume_endpoints": [
    2045.753433227539
  ],
  "streamlines_count": [
    1807
  ],
  "avg_length": [
    70.35346984863281
  ],
  "std_length": [
    6.584801197052002
  ],
  "min_length": [
    53.718658447265625
  ],
  "max_length": [
    92.33836364746094
  ],
  "span": [
    32.397560119628906
  ],
  "curl": [
    2.1715669201276464
  ],
  "diameter": [
    13.501029691912866
  ],
  "elongation": [
    5.210970678093881
  ],
  "surface_area": [
    5882.833076537626
  ],
  "end_surface_area_head": [
    1149.4448821335866
  ],
  "end_surface_area_tail": [
    994.4635497110805
  ],
  "radius_head": [
    4.903470115338867
  ],
  "radius_tail": [
    5.285673044891364
  ],
  "irregularity": [
    1.971443062722756
  ],
  "irregularity_of_end_surface_head": [
    0.06571564688981384
  ],
  "irregularity_of_end_surface_tail": [
    0.0882595267267255
  ],
  "mean_curvature": [
    0.3810978212703574
  ],
  "fractal_dimension": [
    2.335821836834755
  ]
}