{
  "volume": [
    7671.5753746032715
  ],
  "volume_endpoints": [
    1348.337490081787
  ],
  "streamlines_count": [
    1101
  ],
  "avg_length": [
    54.750125885009766
  ],
  "std_length": [
    6.0784382820129395
  ],
  "min_length": [
    41.600341796875
  ],
  "max_length": [
    78.30828857421875
  ],
  "span": [
    24.789201736450195
  ],
  "curl": [
    2.2086280335725714
  ],
  "diameter": [
    13.356872380684283
  ],
  "elongation": [
    4.099022909299136
  ],
  "surface_area": [
    4636.524861639973
  ],
  "end_surface_area_head": [
    1039.6664383343114
  ],
  "end_surface_area_tail": [
    348.7079979506386
  ],
  "radius_head": [
    4.764771573384714
  ],
  "radius_tail": [
    2.689489803439937
  ],
  "irregularity": [
    2.0181471159043918
  ],
  "irregularity_of_end_surface_head": [
    0.06860251196097113
  ],
  "irregularity_of_end_surface_tail": [
    0.06516700599875679
  ],
  "mean_curvature": [
    0.3924168348853746
  ],
  "fractal_dimension": [
    2.317158937648743
  ]
}