{
  "volume": [
    28076.80351114273
  ],
  "volume_endpoints": [
    8113.272138595581
  ],
  "streamlines_count": [
    8827
  ],
  "avg_length": [
    58.418052673339844
  ],
  "std_length": [
    9.854555130004883
  ],
  "min_length": [
    29.63365364074707
  ],
  "max_length": [
    98.68817138671875
  ],
  "span": [
    26.699260711669922
  ],
  "curl": [
    2.1880026306423543
  ],
  "diameter": [
    24.737474109931284
  ],
  "elongation": [
    2.361520517969412
  ],
  "surface_area": [
    14703.853913585262
  ],
  "end_surface_area_head": [
    1646.676656989127
  ],
  "end_surface_area_tail": [
    7322.867956963411
  ],
  "radius_head": [
    5.742141147968934
  ],
  "radius_tail": [
    14.218391185995573
  ],
  "irregularity": [
    3.23876082759183
  ],
  "irregularity_of_end_surface_head": [
    0.06290559449757878
  ],
  "irregularity_of_end_surface_tail": [
    0.0867300480169796
  ],
  "mean_curvature": [
    0.38146171358841197
  ],
  "fractal_dimension": [
    2.406078188711156
  ]
}