{
  "volume": [
    22799.689541339874
  ],
  "volume_endpoints": [
    4353.037845134735
  ],
  "streamlines_count": [
    8878
  ],
  "avg_length": [
    66.20451354980469
  ],
  "std_length": [
    10.913304328918457
  ],
  "min_length": [
    47.446449279785156
  ],
  "max_length": [
    124.98014068603516
  ],
  "span": [
    29.5266056060791
  ],
  "curl": [
    2.242198593128298
  ],
  "diameter": [
    20.939954157136462
  ],
  "elongation": [
    3.1616360309576796
  ],
  "surface_area": [
    10829.32060302261
  ],
  "end_surface_area_head": [
    1724.16732320038
  ],
  "end_surface_area_tail": [
    1478.7802135314118
  ],
  "radius_head": [
    5.743286775307588
  ],
  "radius_tail": [
    5.609386208970642
  ],
  "irregularity": [
    2.486497421040107
  ],
  "irregularity_of_end_surface_head": [
    0.06010235189964688
  ],
  "irregularity_of_end_surface_tail": [
    0.06684623118087488
  ],
  "mean_curvature": [
    0.3766323684954541
  ],
  "fractal_dimension": [
    2.4754268331303497
  ]
}