{
  "volume": [
    13564.740094184875
  ],
  "volume_endpoints": [
    2702.486779689789
  ],
  "streamlines_count": [
    3163
  ],
  "avg_length": [
    70.45822143554688
  ],
  "std_length": [
    7.61351203918457
  ],
  "min_length": [
    51.565406799316406
  ],
  "max_length": [
    94.38697052001953
  ],
  "span": [
    30.053953170776367
  ],
  "curl": [
    2.3443911366727788
  ],
  "diameter": [
    15.656509999012894
  ],
  "elongation": [
    4.50025078641339
  ],
  "surface_area": [
    6954.78729245996
  ],
  "end_surface_area_head": [
    1517.5255466370386
  ],
  "end_surface_area_tail": [
    968.6333276406629
  ],
  "radius_head": [
    5.817037598341877
  ],
  "radius_tail": [
    4.507088583614533
  ],
  "irregularity": [
    2.006815022428751
  ],
  "irregularity_of_end_surface_head": [
    0.07005152650708762
  ],
  "irregularity_of_end_surface_tail": [
    0.06588440873628616
  ],
  "mean_curvature": [
    0.3878916030701979
  ],
  "fractal_dimension": [
    2.4179731217172873
  ]
}