{
  "volume": [
    16459.016258239746
  ],
  "volume_endpoints": [
    3016.323954105377
  ],
  "streamlines_count": [
    3683
  ],
  "avg_length": [
    70.74214935302734
  ],
  "std_length": [
    6.3661956787109375
  ],
  "min_length": [
    53.89949035644531
  ],
  "max_length": [
    91.75593566894531
  ],
  "span": [
    28.33015251159668
  ],
  "curl": [
    2.4970620727886907
  ],
  "diameter": [
    17.211466307230637
  ],
  "elongation": [
    4.110175628865982
  ],
  "surface_area": [
    8749.987726353987
  ],
  "end_surface_area_head": [
    1052.5815493695204
  ],
  "end_surface_area_tail": [
    1782.2853228588197
  ],
  "radius_head": [
    4.589793372730437
  ],
  "radius_tail": [
    7.540768680916189
  ],
  "irregularity": [
    2.2875018254117934
  ],
  "irregularity_of_end_surface_head": [
    0.06287534611022728
  ],
  "irregularity_of_end_surface_tail": [
    0.10023141911976824
  ],
  "mean_curvature": [
    0.39210843093169306
  ],
  "fractal_dimension": [
    2.394015909287341
  ]
}