{
  "volume": [
    9816.129399776459
  ],
  "volume_endpoints": [
    2196.8602209091187
  ],
  "streamlines_count": [
    2657
  ],
  "avg_length": [
    71.3907241821289
  ],
  "std_length": [
    4.519586086273193
  ],
  "min_length": [
    59.41665267944336
  ],
  "max_length": [
    87.14352416992188
  ],
  "span": [
    32.851661682128906
  ],
  "curl": [
    2.1731236877118154
  ],
  "diameter": [
    13.231354426849254
  ],
  "elongation": [
    5.395571902847816
  ],
  "surface_area": [
    5476.007078928547
  ],
  "end_surface_area_head": [
    962.1757721230584
  ],
  "end_surface_area_tail": [
    1097.7844379927512
  ],
  "radius_head": [
    4.481453691498157
  ],
  "radius_tail": [
    4.757319150314655
  ],
  "irregularity": [
    1.8453044869928337
  ],
  "irregularity_of_end_surface_head": [
    0.06557424240353023
  ],
  "irregularity_of_end_surface_tail": [
    0.06476753638973248
  ],
  "mean_curvature": [
    0.3796929546348305
  ],
  "fractal_dimension": [
    2.3837416546049703
  ]
}