{
  "volume": [
    11553.857458114624
  ],
  "volume_endpoints": [
    2754.79297542572
  ],
  "streamlines_count": [
    3195
  ],
  "avg_length": [
    72.8615493774414
  ],
  "std_length": [
    5.818750381469727
  ],
  "min_length": [
    57.54969787597656
  ],
  "max_length": [
    90.6670150756836
  ],
  "span": [
    33.11830139160156
  ],
  "curl": [
    2.2000388400329705
  ],
  "diameter": [
    14.209191287976692
  ],
  "elongation": [
    5.127775951548646
  ],
  "surface_area": [
    6412.352628981188
  ],
  "end_surface_area_head": [
    1052.5815493695204
  ],
  "end_surface_area_tail": [
    1698.3371011299623
  ],
  "radius_head": [
    4.600782738486081
  ],
  "radius_tail": [
    6.429362963705772
  ],
  "irregularity": [
    1.971513527872926
  ],
  "irregularity_of_end_surface_head": [
    0.06317679208131165
  ],
  "irregularity_of_end_surface_tail": [
    0.07646485404108413
  ],
  "mean_curvature": [
    0.3869432353637588
  ],
  "fractal_dimension": [
    2.353876368944278
  ]
}