{
  "volume": [
    17551.63456916809
  ],
  "volume_endpoints": [
    4213.554656505585
  ],
  "streamlines_count": [
    3859
  ],
  "avg_length": [
    68.71746826171875
  ],
  "std_length": [
    7.751642227172852
  ],
  "min_length": [
    45.008514404296875
  ],
  "max_length": [
    93.21355438232422
  ],
  "span": [
    29.367639541625977
  ],
  "curl": [
    2.3399043755054927
  ],
  "diameter": [
    18.033510129989367
  ],
  "elongation": [
    3.8105431369926688
  ],
  "surface_area": [
    8988.917280505351
  ],
  "end_surface_area_head": [
    904.0577724646187
  ],
  "end_surface_area_tail": [
    3118.9993150029345
  ],
  "radius_head": [
    4.46494258318402
  ],
  "radius_tail": [
    8.035533718264062
  ],
  "irregularity": [
    2.308926416465851
  ],
  "irregularity_of_end_surface_head": [
    0.06927642139984251
  ],
  "irregularity_of_end_surface_tail": [
    0.06503753144885883
  ],
  "mean_curvature": [
    0.3963217058309035
  ],
  "fractal_dimension": [
    2.3934604578966647
  ]
}