{
  "volume": [
    11077.289896965027
  ],
  "volume_endpoints": [
    2406.0850038528442
  ],
  "streamlines_count": [
    2994
  ],
  "avg_length": [
    63.1602668762207
  ],
  "std_length": [
    6.87395715713501
  ],
  "min_length": [
    47.368125915527344
  ],
  "max_length": [
    85.04383850097656
  ],
  "span": [
    26.295045852661133
  ],
  "curl": [
    2.401983523060817
  ],
  "diameter": [
    14.943414458972843
  ],
  "elongation": [
    4.226628863813372
  ],
  "surface_area": [
    6134.677741724198
  ],
  "end_surface_area_head": [
    988.0059941934761
  ],
  "end_surface_area_tail": [
    1414.2046583553679
  ],
  "radius_head": [
    4.476037774778817
  ],
  "radius_tail": [
    6.275377601854193
  ],
  "irregularity": [
    2.068940889863706
  ],
  "irregularity_of_end_surface_head": [
    0.06370562477776817
  ],
  "irregularity_of_end_surface_tail": [
    0.0874817245518195
  ],
  "mean_curvature": [
    0.39065535148542246
  ],
  "fractal_dimension": [
    2.3358999180740496
  ]
}