{
  "volume": [
    10682.087529182434
  ],
  "volume_endpoints": [
    2359.5906076431274
  ],
  "streamlines_count": [
    1012
  ],
  "avg_length": [
    73.45283508300781
  ],
  "std_length": [
    6.25424337387085
  ],
  "min_length": [
    60.210487365722656
  ],
  "max_length": [
    95.72716522216797
  ],
  "span": [
    34.29108428955078
  ],
  "curl": [
    2.1420388595116675
  ],
  "diameter": [
    13.60751569541297
  ],
  "elongation": [
    5.397960709886847
  ],
  "surface_area": [
    7187.259291093718
  ],
  "end_surface_area_head": [
    1201.105326274422
  ],
  "end_surface_area_tail": [
    1775.8277673412153
  ],
  "radius_head": [
    5.000215616788157
  ],
  "radius_tail": [
    6.479150191967436
  ],
  "irregularity": [
    2.2888958582154064
  ],
  "irregularity_of_end_surface_head": [
    0.06539525599358645
  ],
  "irregularity_of_end_surface_tail": [
    0.07426516066860331
  ],
  "mean_curvature": [
    0.38428505445304123
  ],
  "fractal_dimension": [
    2.2476584952068923
  ]
}