{
  "volume": [
    13024.242738246918
  ],
  "volume_endpoints": [
    3521.9505128860474
  ],
  "streamlines_count": [
    2754
  ],
  "avg_length": [
    68.81529998779297
  ],
  "std_length": [
    5.334362506866455
  ],
  "min_length": [
    54.54507064819336
  ],
  "max_length": [
    85.92253875732422
  ],
  "span": [
    29.90350341796875
  ],
  "curl": [
    2.3012454101428954
  ],
  "diameter": [
    15.523469634170947
  ],
  "elongation": [
    4.432984481530707
  ],
  "surface_area": [
    7439.103956280291
  ],
  "end_surface_area_head": [
    1130.0722155807734
  ],
  "end_surface_area_tail": [
    2602.394873594581
  ],
  "radius_head": [
    5.006313853463894
  ],
  "radius_tail": [
    6.569583935398078
  ],
  "irregularity": [
    2.2166491114227713
  ],
  "irregularity_of_end_surface_head": [
    0.06967545617839217
  ],
  "irregularity_of_end_surface_tail": [
    0.0521017618372673
  ],
  "mean_curvature": [
    0.3901316371618533
  ],
  "fractal_dimension": [
    2.3343277758924046
  ]
}