{
  "volume": [
    16993.70181465149
  ],
  "volume_endpoints": [
    3027.9475531578064
  ],
  "streamlines_count": [
    3181
  ],
  "avg_length": [
    57.84793472290039
  ],
  "std_length": [
    6.373387813568115
  ],
  "min_length": [
    42.12920379638672
  ],
  "max_length": [
    80.06233978271484
  ],
  "span": [
    24.808984756469727
  ],
  "curl": [
    2.3317332527206585
  ],
  "diameter": [
    19.33994019766687
  ],
  "elongation": [
    2.991112388748702
  ],
  "surface_area": [
    8162.350174251986
  ],
  "end_surface_area_head": [
    1175.2751042040043
  ],
  "end_surface_area_tail": [
    1930.8090997637214
  ],
  "radius_head": [
    5.163640078314977
  ],
  "radius_tail": [
    7.422461230466585
  ],
  "irregularity": [
    2.322321616034643
  ],
  "irregularity_of_end_surface_head": [
    0.07127254420961476
  ],
  "irregularity_of_end_surface_tail": [
    0.08964094193925637
  ],
  "mean_curvature": [
    0.4079154160685301
  ],
  "fractal_dimension": [
    2.4474315497187717
  ]
}