{
  "volume": [
    9996.295185089111
  ],
  "volume_endpoints": [
    1999.2590370178223
  ],
  "streamlines_count": [
    1221
  ],
  "avg_length": [
    57.29106521606445
  ],
  "std_length": [
    6.742635250091553
  ],
  "min_length": [
    42.407630920410156
  ],
  "max_length": [
    83.53697967529297
  ],
  "span": [
    24.74003028869629
  ],
  "curl": [
    2.3157233256194
  ],
  "diameter": [
    14.904971391367072
  ],
  "elongation": [
    3.8437554633112088
  ],
  "surface_area": [
    5501.837300998965
  ],
  "end_surface_area_head": [
    1330.2564366265103
  ],
  "end_surface_area_tail": [
    697.4159959012773
  ],
  "radius_head": [
    5.110336527482535
  ],
  "radius_tail": [
    4.148768557346439
  ],
  "irregularity": [
    2.050878001623728
  ],
  "irregularity_of_end_surface_head": [
    0.06167561722717099
  ],
  "irregularity_of_end_surface_tail": [
    0.07753474887499988
  ],
  "mean_curvature": [
    0.4059864565498218
  ],
  "fractal_dimension": [
    2.383809753502668
  ]
}