{
  "volume": [
    5439.844356536865
  ],
  "volume_endpoints": [
    2284.0372138023376
  ],
  "streamlines_count": [
    3167
  ],
  "avg_length": [
    27.806926727294922
  ],
  "std_length": [
    5.167171478271484
  ],
  "min_length": [
    20.071252822875977
  ],
  "max_length": [
    47.068241119384766
  ],
  "span": [
    11.773015975952148
  ],
  "curl": [
    2.361920410546799
  ],
  "diameter": [
    15.782354712877565
  ],
  "elongation": [
    1.7618997439340243
  ],
  "surface_area": [
    3222.320203284605
  ],
  "end_surface_area_head": [
    904.0577724646187
  ],
  "end_surface_area_tail": [
    1220.477992827235
  ],
  "radius_head": [
    4.587346198043328
  ],
  "radius_tail": [
    5.113284606685866
  ],
  "irregularity": [
    2.33719005147628
  ],
  "irregularity_of_end_surface_head": [
    0.07312682568705467
  ],
  "irregularity_of_end_surface_tail": [
    0.06730074202530814
  ],
  "mean_curvature": [
    0.46796225440927514
  ],
  "fractal_dimension": [
    2.3231671178650526
  ]
}