{
  "volume": [
    24148.02703142166
  ],
  "volume_endpoints": [
    5753.681530952454
  ],
  "streamlines_count": [
    4872
  ],
  "avg_length": [
    95.00125885009766
  ],
  "std_length": [
    10.647699356079102
  ],
  "min_length": [
    67.86640930175781
  ],
  "max_length": [
    144.5262451171875
  ],
  "span": [
    35.642452239990234
  ],
  "curl": [
    2.6653962586644875
  ],
  "diameter": [
    17.99000176392968
  ],
  "elongation": [
    5.28078096360041
  ],
  "surface_area": [
    15485.218131215397
  ],
  "end_surface_area_head": [
    8194.637951840008
  ],
  "end_surface_area_tail": [
    619.9253296900242
  ],
  "radius_head": [
    11.804759564206663
  ],
  "radius_tail": [
    3.68596430144074
  ],
  "irregularity": [
    2.884077249177654
  ],
  "irregularity_of_end_surface_head": [
    0.05342375300392417
  ],
  "irregularity_of_end_surface_tail": [
    0.06885139446390166
  ],
  "mean_curvature": [
    0.3578133635308551
  ],
  "fractal_dimension": [
    2.3247102782139786
  ]
}