{
  "volume": [
    17877.09534263611
  ],
  "volume_endpoints": [
    4719.181215286255
  ],
  "streamlines_count": [
    5319
  ],
  "avg_length": [
    74.11210632324219
  ],
  "std_length": [
    12.383589744567871
  ],
  "min_length": [
    49.8559684753418
  ],
  "max_length": [
    113.89054870605469
  ],
  "span": [
    29.64734649658203
  ],
  "curl": [
    2.499788854013845
  ],
  "diameter": [
    17.525037634525802
  ],
  "elongation": [
    4.22892708528255
  ],
  "surface_area": [
    11636.515042723164
  ],
  "end_surface_area_head": [
    6141.135297241803
  ],
  "end_surface_area_tail": [
    710.3311069364861
  ],
  "radius_head": [
    9.862450114599685
  ],
  "radius_tail": [
    3.9240664831046117
  ],
  "irregularity": [
    2.851838625764946
  ],
  "irregularity_of_end_surface_head": [
    0.0497589086090525
  ],
  "irregularity_of_end_surface_tail": [
    0.0681022957607095
  ],
  "mean_curvature": [
    0.35794744041768833
  ],
  "fractal_dimension": [
    2.2986487803473037
  ]
}