{
  "volume": [
    8775.817284584045
  ],
  "volume_endpoints": [
    1848.1522493362427
  ],
  "streamlines_count": [
    2032
  ],
  "avg_length": [
    78.95989227294922
  ],
  "std_length": [
    3.787379264831543
  ],
  "min_length": [
    68.54486083984375
  ],
  "max_length": [
    92.18367004394531
  ],
  "span": [
    38.57415771484375
  ],
  "curl": [
    2.046963484119437
  ],
  "diameter": [
    11.895852538075255
  ],
  "elongation": [
    6.637598441996567
  ],
  "surface_area": [
    5450.17685685813
  ],
  "end_surface_area_head": [
    878.227550394201
  ],
  "end_surface_area_tail": [
    1117.1571045455644
  ],
  "radius_head": [
    4.261691765728294
  ],
  "radius_tail": [
    4.582410611078693
  ],
  "irregularity": [
    1.8469647353958047
  ],
  "irregularity_of_end_surface_head": [
    0.06496910536747981
  ],
  "irregularity_of_end_surface_tail": [
    0.05905050619475989
  ],
  "mean_curvature": [
    0.3610299805575234
  ],
  "fractal_dimension": [
    2.3383052449831085
  ]
}