{
  "volume": [
    6032.647908210754
  ],
  "volume_endpoints": [
    1063.5593132972717
  ],
  "streamlines_count": [
    1650
  ],
  "avg_length": [
    66.04584503173828
  ],
  "std_length": [
    4.733650207519531
  ],
  "min_length": [
    53.66854476928711
  ],
  "max_length": [
    80.09081268310547
  ],
  "span": [
    28.18897247314453
  ],
  "curl": [
    2.342967452774654
  ],
  "diameter": [
    10.784159389276734
  ],
  "elongation": [
    6.124338731251616
  ],
  "surface_area": [
    4126.377975749224
  ],
  "end_surface_area_head": [
    542.4346634787712
  ],
  "end_surface_area_tail": [
    891.1426614294098
  ],
  "radius_head": [
    3.5248965479641923
  ],
  "radius_tail": [
    4.4637187098796645
  ],
  "irregularity": [
    1.8441121737899917
  ],
  "irregularity_of_end_surface_head": [
    0.07196066844300045
  ],
  "irregularity_of_end_surface_tail": [
    0.0702419040327692
  ],
  "mean_curvature": [
    0.36946259502208595
  ],
  "fractal_dimension": [
    2.3147463732021203
  ]
}