{
  "volume": [
    12007.177821159363
  ],
  "volume_endpoints": [
    2551.3799920082092
  ],
  "streamlines_count": [
    3289
  ],
  "avg_length": [
    77.9769058227539
  ],
  "std_length": [
    4.991921424865723
  ],
  "min_length": [
    64.02992248535156
  ],
  "max_length": [
    94.34728240966797
  ],
  "span": [
    35.87997817993164
  ],
  "curl": [
    2.173270714706507
  ],
  "diameter": [
    14.002079253073342
  ],
  "elongation": [
    5.568951897314723
  ],
  "surface_area": [
    7109.768624882466
  ],
  "end_surface_area_head": [
    878.227550394201
  ],
  "end_surface_area_tail": [
    1885.6062111404904
  ],
  "radius_head": [
    4.362427590944183
  ],
  "radius_tail": [
    6.247098573626815
  ],
  "irregularity": [
    2.0727506754581877
  ],
  "irregularity_of_end_surface_head": [
    0.068076822790667
  ],
  "irregularity_of_end_surface_tail": [
    0.06502129129933731
  ],
  "mean_curvature": [
    0.3729890211170732
  ],
  "fractal_dimension": [
    2.37235551126255
  ]
}