{
  "volume": [
    9275.632043838501
  ],
  "volume_endpoints": [
    2167.8012232780457
  ],
  "streamlines_count": [
    2755
  ],
  "avg_length": [
    67.66897583007812
  ],
  "std_length": [
    4.744575023651123
  ],
  "min_length": [
    55.42915725708008
  ],
  "max_length": [
    83.8791275024414
  ],
  "span": [
    32.24181365966797
  ],
  "curl": [
    2.098795574726828
  ],
  "diameter": [
    13.210888091157212
  ],
  "elongation": [
    5.122212478309673
  ],
  "surface_area": [
    5321.025746506041
  ],
  "end_surface_area_head": [
    884.6851059118054
  ],
  "end_surface_area_tail": [
    1162.3599931687954
  ],
  "radius_head": [
    4.284536017616528
  ],
  "radius_tail": [
    5.1274372764111
  ],
  "irregularity": [
    1.8946276473405546
  ],
  "irregularity_of_end_surface_head": [
    0.06518816452972138
  ],
  "irregularity_of_end_surface_tail": [
    0.07105750130639608
  ],
  "mean_curvature": [
    0.3770022929688331
  ],
  "fractal_dimension": [
    2.4035854006723505
  ]
}