{
  "volume": [
    12722.029162883759
  ],
  "volume_endpoints": [
    2522.3209943771362
  ],
  "streamlines_count": [
    3536
  ],
  "avg_length": [
    63.38935089111328
  ],
  "std_length": [
    5.114200592041016
  ],
  "min_length": [
    48.08303451538086
  ],
  "max_length": [
    80.07953643798828
  ],
  "span": [
    27.281129837036133
  ],
  "curl": [
    2.323560324288974
  ],
  "diameter": [
    15.985458612105498
  ],
  "elongation": [
    3.9654383667860285
  ],
  "surface_area": [
    6748.145515896618
  ],
  "end_surface_area_head": [
    813.6519952181568
  ],
  "end_surface_area_tail": [
    1756.455100788402
  ],
  "radius_head": [
    4.225248986231958
  ],
  "radius_tail": [
    6.8172681838212235
  ],
  "irregularity": [
    2.1197915731781505
  ],
  "irregularity_of_end_surface_head": [
    0.06893119243717812
  ],
  "irregularity_of_end_surface_tail": [
    0.08312536744082326
  ],
  "mean_curvature": [
    0.38842586266947277
  ],
  "fractal_dimension": [
    2.4202026147182227
  ]
}