{
  "volume": [
    8915.300473213196
  ],
  "volume_endpoints": [
    1580.809471130371
  ],
  "streamlines_count": [
    1870
  ],
  "avg_length": [
    82.41094207763672
  ],
  "std_length": [
    7.221062660217285
  ],
  "min_length": [
    60.23758316040039
  ],
  "max_length": [
    101.4014663696289
  ],
  "span": [
    40.71783447265625
  ],
  "curl": [
    2.023951989219347
  ],
  "diameter": [
    11.73628405715156
  ],
  "elongation": [
    7.021893955218238
  ],
  "surface_area": [
    5889.29063205523
  ],
  "end_surface_area_head": [
    1013.8362162638938
  ],
  "end_surface_area_tail": [
    749.0764400421126
  ],
  "radius_head": [
    4.624713223264893
  ],
  "radius_tail": [
    7.178320072471479
  ],
  "irregularity": [
    1.938195688428957
  ],
  "irregularity_of_end_surface_head": [
    0.06627529760831977
  ],
  "irregularity_of_end_surface_tail": [
    0.2161072679670233
  ],
  "mean_curvature": [
    0.3502994644530317
  ],
  "fractal_dimension": [
    2.2508349676294284
  ]
}