{
  "volume": [
    1801.6578531265259
  ],
  "volume_endpoints": [
    127.85958957672119
  ],
  "streamlines_count": [
    28
  ],
  "avg_length": [
    66.9353256225586
  ],
  "std_length": [
    8.745380401611328
  ],
  "min_length": [
    52.57622146606445
  ],
  "max_length": [
    77.64826202392578
  ],
  "span": [
    32.761131286621094
  ],
  "curl": [
    2.0431323032453848
  ],
  "diameter": [
    5.854145720339465
  ],
  "elongation": [
    11.433833187650341
  ],
  "surface_area": [
    2105.163098739041
  ],
  "end_surface_area_head": [
    96.86333276406629
  ],
  "end_surface_area_tail": [
    219.55688759855025
  ],
  "radius_head": [
    1.5025874741637342
  ],
  "radius_tail": [
    5.644782961667869
  ],
  "irregularity": [
    1.710082122933783
  ],
  "irregularity_of_end_surface_head": [
    0.07322678944322282
  ],
  "irregularity_of_end_surface_tail": [
    0.4559290908170093
  ],
  "mean_curvature": [
    0.3149054337825094
  ],
  "fractal_dimension": [
    1.816293806312225
  ]
}