{
  "volume": [
    5521.20954990387
  ],
  "volume_endpoints": [
    1133.300907611847
  ],
  "streamlines_count": [
    1205
  ],
  "avg_length": [
    78.4593734741211
  ],
  "std_length": [
    6.007756233215332
  ],
  "min_length": [
    61.68132781982422
  ],
  "max_length": [
    93.42678833007812
  ],
  "span": [
    37.77360534667969
  ],
  "curl": [
    2.077095176751978
  ],
  "diameter": [
    9.465635061828989
  ],
  "elongation": [
    8.288865243761135
  ],
  "surface_area": [
    3952.0239767739045
  ],
  "end_surface_area_head": [
    884.6851059118054
  ],
  "end_surface_area_tail": [
    232.47199863375909
  ],
  "radius_head": [
    4.331170592417811
  ],
  "radius_tail": [
    3.587736025620748
  ],
  "irregularity": [
    1.6938506128784416
  ],
  "irregularity_of_end_surface_head": [
    0.06661495460528838
  ],
  "irregularity_of_end_surface_tail": [
    0.17394829904064113
  ],
  "mean_curvature": [
    0.33982446050248205
  ],
  "fractal_dimension": [
    2.289969101393895
  ]
}