{
  "volume": [
    8892.053275108337
  ],
  "volume_endpoints": [
    2650.1805839538574
  ],
  "streamlines_count": [
    3867
  ],
  "avg_length": [
    71.95001220703125
  ],
  "std_length": [
    5.349005699157715
  ],
  "min_length": [
    55.780941009521484
  ],
  "max_length": [
    89.43367004394531
  ],
  "span": [
    35.026641845703125
  ],
  "curl": [
    2.0541510237829916
  ],
  "diameter": [
    12.544133039107782
  ],
  "elongation": [
    5.735750089920027
  ],
  "surface_area": [
    5766.5970772207465
  ],
  "end_surface_area_head": [
    929.8879945350363
  ],
  "end_surface_area_tail": [
    1704.7946566475666
  ],
  "radius_head": [
    4.495104976895544
  ],
  "radius_tail": [
    5.99868839581249
  ],
  "irregularity": [
    2.033753023108878
  ],
  "irregularity_of_end_surface_head": [
    0.06826512802308822
  ],
  "irregularity_of_end_surface_tail": [
    0.06631173682998204
  ],
  "mean_curvature": [
    0.33937084367332576
  ],
  "fractal_dimension": [
    2.3210497846476503
  ]
}