{
  "volume": [
    7049.712825298309
  ],
  "volume_endpoints": [
    1470.3852801322937
  ],
  "streamlines_count": [
    1742
  ],
  "avg_length": [
    77.8932876586914
  ],
  "std_length": [
    4.107597351074219
  ],
  "min_length": [
    68.50013732910156
  ],
  "max_length": [
    91.63946533203125
  ],
  "span": [
    38.988792419433594
  ],
  "curl": [
    1.9978379125142187
  ],
  "diameter": [
    10.734720842898428
  ],
  "elongation": [
    7.256200584873321
  ],
  "surface_area": [
    4507.373751287884
  ],
  "end_surface_area_head": [
    833.02466177097
  ],
  "end_surface_area_tail": [
    568.2648855491889
  ],
  "radius_head": [
    4.173823832256059
  ],
  "radius_tail": [
    3.8739324040240373
  ],
  "irregularity": [
    1.7158641831852168
  ],
  "irregularity_of_end_surface_head": [
    0.06569922443062332
  ],
  "irregularity_of_end_surface_tail": [
    0.08296656866045543
  ],
  "mean_curvature": [
    0.35531405557105245
  ],
  "fractal_dimension": [
    2.226514768671191
  ]
}