{
  "volume": [
    11949.059825897217
  ],
  "volume_endpoints": [
    2318.9080109596252
  ],
  "streamlines_count": [
    1985
  ],
  "avg_length": [
    87.27926635742188
  ],
  "std_length": [
    4.775044918060303
  ],
  "min_length": [
    75.38272857666016
  ],
  "max_length": [
    103.28048706054688
  ],
  "span": [
    41.42681884765625
  ],
  "curl": [
    2.106830038733707
  ],
  "diameter": [
    13.202810307359508
  ],
  "elongation": [
    6.610658210303202
  ],
  "surface_area": [
    7083.938402812048
  ],
  "end_surface_area_head": [
    826.5671062533656
  ],
  "end_surface_area_tail": [
    1737.0824342355886
  ],
  "radius_head": [
    4.136948816206132
  ],
  "radius_tail": [
    5.776357976559469
  ],
  "irregularity": [
    1.9568044750818714
  ],
  "irregularity_of_end_surface_head": [
    0.0650477156807696
  ],
  "irregularity_of_end_surface_tail": [
    0.06034449312028852
  ],
  "mean_curvature": [
    0.3634213638996297
  ],
  "fractal_dimension": [
    2.308232078317826
  ]
}