{
  "volume": [
    6515.027268886566
  ],
  "volume_endpoints": [
    1237.9132990837097
  ],
  "streamlines_count": [
    1107
  ],
  "avg_length": [
    77.60997772216797
  ],
  "std_length": [
    6.663796901702881
  ],
  "min_length": [
    55.441162109375
  ],
  "max_length": [
    96.88289642333984
  ],
  "span": [
    35.699058532714844
  ],
  "curl": [
    2.1740062878982003
  ],
  "diameter": [
    10.338425412334324
  ],
  "elongation": [
    7.506943719841021
  ],
  "surface_area": [
    4384.680196453401
  ],
  "end_surface_area_head": [
    833.02466177097
  ],
  "end_surface_area_tail": [
    497.23177485554027
  ],
  "radius_head": [
    4.151284967624782
  ],
  "radius_tail": [
    4.275968852908659
  ],
  "irregularity": [
    1.7394665938105895
  ],
  "irregularity_of_end_surface_head": [
    0.06499158183483182
  ],
  "irregularity_of_end_surface_tail": [
    0.11552076733728191
  ],
  "mean_curvature": [
    0.37136311108934633
  ],
  "fractal_dimension": [
    2.2638911496941305
  ]
}