{
  "volume": [
    20690.006313323975
  ],
  "volume_endpoints": [
    4632.004222393036
  ],
  "streamlines_count": [
    4173
  ],
  "avg_length": [
    77.79158782958984
  ],
  "std_length": [
    6.83917760848999
  ],
  "min_length": [
    59.223690032958984
  ],
  "max_length": [
    98.89573669433594
  ],
  "span": [
    31.163057327270508
  ],
  "curl": [
    2.496275863200211
  ],
  "diameter": [
    18.40217061193368
  ],
  "elongation": [
    4.2273049995060115
  ],
  "surface_area": [
    10467.697494036764
  ],
  "end_surface_area_head": [
    1059.0391048871247
  ],
  "end_surface_area_tail": [
    3474.164868471177
  ],
  "radius_head": [
    4.633707604850848
  ],
  "radius_tail": [
    8.777915838269283
  ],
  "irregularity": [
    2.3275531225348893
  ],
  "irregularity_of_end_surface_head": [
    0.06369350188409532
  ],
  "irregularity_of_end_surface_tail": [
    0.0696758496780339
  ],
  "mean_curvature": [
    0.37944887202476785
  ],
  "fractal_dimension": [
    2.437405618868362
  ]
}