{
  "volume": [
    8339.93232011795
  ],
  "volume_endpoints": [
    1941.1410417556763
  ],
  "streamlines_count": [
    1497
  ],
  "avg_length": [
    80.248779296875
  ],
  "std_length": [
    5.65892219543457
  ],
  "min_length": [
    63.972900390625
  ],
  "max_length": [
    98.0841293334961
  ],
  "span": [
    39.21902847290039
  ],
  "curl": [
    2.0461694851091323
  ],
  "diameter": [
    11.503158529849651
  ],
  "elongation": [
    6.976238664244843
  ],
  "surface_area": [
    5301.653079953228
  ],
  "end_surface_area_head": [
    1020.2937717814982
  ],
  "end_surface_area_tail": [
    949.2606610878496
  ],
  "radius_head": [
    4.448564872454462
  ],
  "radius_tail": [
    5.156169300072585
  ],
  "irregularity": [
    1.8281250227251586
  ],
  "irregularity_of_end_surface_head": [
    0.060934674204452116
  ],
  "irregularity_of_end_surface_tail": [
    0.08798704386965372
  ],
  "mean_curvature": [
    0.3616707807751441
  ],
  "fractal_dimension": [
    2.361859887625914
  ]
}