{
  "volume": [
    11931.624427318573
  ],
  "volume_endpoints": [
    2969.8295578956604
  ],
  "streamlines_count": [
    3048
  ],
  "avg_length": [
    81.70663452148438
  ],
  "std_length": [
    4.648774147033691
  ],
  "min_length": [
    67.89064025878906
  ],
  "max_length": [
    96.58356475830078
  ],
  "span": [
    39.816810607910156
  ],
  "curl": [
    2.052063770905152
  ],
  "diameter": [
    13.635660681281355
  ],
  "elongation": [
    5.992128759382294
  ],
  "surface_area": [
    7038.7355141888165
  ],
  "end_surface_area_head": [
    949.2606610878496
  ],
  "end_surface_area_tail": [
    2143.908431844667
  ],
  "radius_head": [
    4.369744410547396
  ],
  "radius_tail": [
    6.255527114681855
  ],
  "irregularity": [
    2.0109962746776735
  ],
  "irregularity_of_end_surface_head": [
    0.06319408941940903
  ],
  "irregularity_of_end_surface_tail": [
    0.057341818551261144
  ],
  "mean_curvature": [
    0.3615561478583049
  ],
  "fractal_dimension": [
    2.359106570327789
  ]
}