{
  "volume": [
    9508.104024887085
  ],
  "volume_endpoints": [
    2022.5062351226807
  ],
  "streamlines_count": [
    2590
  ],
  "avg_length": [
    81.33812713623047
  ],
  "std_length": [
    4.783261775970459
  ],
  "min_length": [
    67.55520629882812
  ],
  "max_length": [
    97.7612533569336
  ],
  "span": [
    34.0489387512207
  ],
  "curl": [
    2.388859392374289
  ],
  "diameter": [
    12.19986254276066
  ],
  "elongation": [
    6.6671347198494555
  ],
  "surface_area": [
    5689.106411009493
  ],
  "end_surface_area_head": [
    781.3642176301347
  ],
  "end_surface_area_tail": [
    1220.477992827235
  ],
  "radius_head": [
    4.0190744620132195
  ],
  "radius_tail": [
    4.7946708795463575
  ],
  "irregularity": [
    1.8249252433446763
  ],
  "irregularity_of_end_surface_head": [
    0.06494540939036668
  ],
  "irregularity_of_end_surface_tail": [
    0.059174898602424045
  ],
  "mean_curvature": [
    0.36419975099416313
  ],
  "fractal_dimension": [
    2.3336285525133937
  ]
}