{
  "volume": [
    5416.597158432007
  ],
  "volume_endpoints": [
    865.9581294059753
  ],
  "streamlines_count": [
    484
  ],
  "avg_length": [
    52.08320236206055
  ],
  "std_length": [
    3.5958123207092285
  ],
  "min_length": [
    45.051212310791016
  ],
  "max_length": [
    64.23157501220703
  ],
  "span": [
    23.854345321655273
  ],
  "curl": [
    2.183384270654402
  ],
  "diameter": [
    11.507195419338684
  ],
  "elongation": [
    4.526142162714201
  ],
  "surface_area": [
    3428.9619798479466
  ],
  "end_surface_area_head": [
    800.736884182948
  ],
  "end_surface_area_tail": [
    277.67488725699
  ],
  "radius_head": [
    3.9003615092548736
  ],
  "radius_tail": [
    2.6240232044412704
  ],
  "irregularity": [
    1.821149627408096
  ],
  "irregularity_of_end_surface_head": [
    0.05968562731568072
  ],
  "irregularity_of_end_surface_tail": [
    0.07790200060084618
  ],
  "mean_curvature": [
    0.38303371210975096
  ],
  "fractal_dimension": [
    2.269972712058173
  ]
}