{
  "volume": [
    5218.99597454071
  ],
  "volume_endpoints": [
    1150.7363061904907
  ],
  "streamlines_count": [
    1475
  ],
  "avg_length": [
    68.05183410644531
  ],
  "std_length": [
    4.868927955627441
  ],
  "min_length": [
    54.54435348510742
  ],
  "max_length": [
    81.36390686035156
  ],
  "span": [
    34.183876037597656
  ],
  "curl": [
    1.9907582753809856
  ],
  "diameter": [
    9.881630784189813
  ],
  "elongation": [
    6.88670074734277
  ],
  "surface_area": [
    3713.094422622541
  ],
  "end_surface_area_head": [
    852.3973283237833
  ],
  "end_surface_area_tail": [
    329.33533139782537
  ],
  "radius_head": [
    4.211129942106126
  ],
  "radius_tail": [
    3.2490306967988247
  ],
  "irregularity": [
    1.7575903646112396
  ],
  "irregularity_of_end_surface_head": [
    0.06535895172052705
  ],
  "irregularity_of_end_surface_tail": [
    0.10069761328570596
  ],
  "mean_curvature": [
    0.3222682315414235
  ],
  "fractal_dimension": [
    2.210056329994946
  ]
}