{
  "volume": [
    3463.8325176239014
  ],
  "volume_endpoints": [
    383.5787687301636
  ],
  "streamlines_count": [
    114
  ],
  "avg_length": [
    59.80454635620117
  ],
  "std_length": [
    7.105957984924316
  ],
  "min_length": [
    47.19408416748047
  ],
  "max_length": [
    79.98153686523438
  ],
  "span": [
    26.041305541992188
  ],
  "curl": [
    2.2965264264406793
  ],
  "diameter": [
    8.587493109311579
  ],
  "elongation": [
    6.964144901770458
  ],
  "surface_area": [
    3571.0282012352436
  ],
  "end_surface_area_head": [
    284.13244277459444
  ],
  "end_surface_area_tail": [
    419.74110864428724
  ],
  "radius_head": [
    2.5781280401197897
  ],
  "radius_tail": [
    3.3518646053062127
  ],
  "irregularity": [
    2.213312848935113
  ],
  "irregularity_of_end_surface_head": [
    0.07349165240554051
  ],
  "irregularity_of_end_surface_tail": [
    0.08408940943306077
  ],
  "mean_curvature": [
    0.3466476866027765
  ],
  "fractal_dimension": [
    1.9669387892933148
  ]
}