{
  "volume": [
    7224.066811084747
  ],
  "volume_endpoints": [
    1941.1410417556763
  ],
  "streamlines_count": [
    2724
  ],
  "avg_length": [
    73.35553741455078
  ],
  "std_length": [
    4.845263481140137
  ],
  "min_length": [
    60.170875549316406
  ],
  "max_length": [
    89.53455352783203
  ],
  "span": [
    32.34554672241211
  ],
  "curl": [
    2.2678713098926537
  ],
  "diameter": [
    11.197716930342148
  ],
  "elongation": [
    6.550936933919207
  ],
  "surface_area": [
    4940.029970967381
  ],
  "end_surface_area_head": [
    787.8217731477391
  ],
  "end_surface_area_tail": [
    1175.2751042040043
  ],
  "radius_head": [
    4.236018063652891
  ],
  "radius_tail": [
    5.029934456929844
  ],
  "irregularity": [
    1.9143322829399743
  ],
  "irregularity_of_end_surface_head": [
    0.07155459042736267
  ],
  "irregularity_of_end_surface_tail": [
    0.06762931491319556
  ],
  "mean_curvature": [
    0.34447059400718816
  ],
  "fractal_dimension": [
    2.2189055425593796
  ]
}