{
  "volume": [
    7078.771822929382
  ],
  "volume_endpoints": [
    1586.6212706565857
  ],
  "streamlines_count": [
    1955
  ],
  "avg_length": [
    81.45317840576172
  ],
  "std_length": [
    4.813737392425537
  ],
  "min_length": [
    65.6153564453125
  ],
  "max_length": [
    96.38941192626953
  ],
  "span": [
    39.70810317993164
  ],
  "curl": [
    2.0512986489600924
  ],
  "diameter": [
    10.519134260048544
  ],
  "elongation": [
    7.7433348022868405
  ],
  "surface_area": [
    5127.2990809779085
  ],
  "end_surface_area_head": [
    936.3455500526408
  ],
  "end_surface_area_tail": [
    820.1095507357612
  ],
  "radius_head": [
    4.394927880732174
  ],
  "radius_tail": [
    4.643257543318749
  ],
  "irregularity": [
    1.9048059738811627
  ],
  "irregularity_of_end_surface_head": [
    0.06480630009379926
  ],
  "irregularity_of_end_surface_tail": [
    0.08258925508603591
  ],
  "mean_curvature": [
    0.3235933025322302
  ],
  "fractal_dimension": [
    2.1774873642153625
  ]
}