{
  "volume": [
    8822.311680793762
  ],
  "volume_endpoints": [
    2871.028965950012
  ],
  "streamlines_count": [
    2598
  ],
  "avg_length": [
    70.87060546875
  ],
  "std_length": [
    5.973796367645264
  ],
  "min_length": [
    54.56452178955078
  ],
  "max_length": [
    91.43875122070312
  ],
  "span": [
    34.59052658081055
  ],
  "curl": [
    2.0488443650368193
  ],
  "diameter": [
    12.58963636191477
  ],
  "elongation": [
    5.6292813733002225
  ],
  "surface_area": [
    5760.139521703142
  ],
  "end_surface_area_head": [
    916.9728834998275
  ],
  "end_surface_area_tail": [
    2318.2624308199865
  ],
  "radius_head": [
    4.521284654257994
  ],
  "radius_tail": [
    6.758295314912046
  ],
  "irregularity": [
    2.0549620268463364
  ],
  "irregularity_of_end_surface_head": [
    0.07003531409489847
  ],
  "irregularity_of_end_surface_tail": [
    0.06189586058370095
  ],
  "mean_curvature": [
    0.3420577019028612
  ],
  "fractal_dimension": [
    2.257879898203187
  ]
}