{
  "volume": [
    8647.957695007324
  ],
  "volume_endpoints": [
    1644.7392659187317
  ],
  "streamlines_count": [
    2776
  ],
  "avg_length": [
    74.2712631225586
  ],
  "std_length": [
    4.750614166259766
  ],
  "min_length": [
    59.0858039855957
  ],
  "max_length": [
    89.17863464355469
  ],
  "span": [
    34.751243591308594
  ],
  "curl": [
    2.1372260514191814
  ],
  "diameter": [
    12.17591009122644
  ],
  "elongation": [
    6.099853117022934
  ],
  "surface_area": [
    5230.619969259579
  ],
  "end_surface_area_head": [
    1136.5297710983778
  ],
  "end_surface_area_tail": [
    529.5195524435624
  ],
  "radius_head": [
    5.020920525832269
  ],
  "radius_tail": [
    4.292471951420534
  ],
  "irregularity": [
    1.8411155764512646
  ],
  "irregularity_of_end_surface_head": [
    0.06968442977228613
  ],
  "irregularity_of_end_surface_tail": [
    0.10931576634403598
  ],
  "mean_curvature": [
    0.34589567281284317
  ],
  "fractal_dimension": [
    2.24052303870731
  ]
}