{
  "volume": [
    11815.388436794281
  ],
  "volume_endpoints": [
    2783.851973056793
  ],
  "streamlines_count": [
    3252
  ],
  "avg_length": [
    76.34358978271484
  ],
  "std_length": [
    4.770207405090332
  ],
  "min_length": [
    62.87886047363281
  ],
  "max_length": [
    91.21266174316406
  ],
  "span": [
    35.5357666015625
  ],
  "curl": [
    2.1483591627191188
  ],
  "diameter": [
    14.037597076500493
  ],
  "elongation": [
    5.438508411850424
  ],
  "surface_area": [
    6670.654849685365
  ],
  "end_surface_area_head": [
    910.5153279822231
  ],
  "end_surface_area_tail": [
    1704.7946566475666
  ],
  "radius_head": [
    4.609337682407702
  ],
  "radius_tail": [
    5.763536392498621
  ],
  "irregularity": [
    1.9813137231418279
  ],
  "irregularity_of_end_surface_head": [
    0.07330602375423755
  ],
  "irregularity_of_end_surface_tail": [
    0.06121472132017125
  ],
  "mean_curvature": [
    0.35671615720638344
  ],
  "fractal_dimension": [
    2.334557711869776
  ]
}