{
  "volume": [
    10978.489305019379
  ],
  "volume_endpoints": [
    2621.1215863227844
  ],
  "streamlines_count": [
    3195
  ],
  "avg_length": [
    70.87651824951172
  ],
  "std_length": [
    5.147898197174072
  ],
  "min_length": [
    57.23271942138672
  ],
  "max_length": [
    87.57923126220703
  ],
  "span": [
    33.31492233276367
  ],
  "curl": [
    2.12747061336559
  ],
  "diameter": [
    14.043493686859595
  ],
  "elongation": [
    5.0469291922586486
  ],
  "surface_area": [
    6276.743963111496
  ],
  "end_surface_area_head": [
    968.6333276406629
  ],
  "end_surface_area_tail": [
    1504.6104356018295
  ],
  "radius_head": [
    4.738265747126903
  ],
  "radius_tail": [
    6.140721398605958
  ],
  "irregularity": [
    2.007275586170341
  ],
  "irregularity_of_end_surface_head": [
    0.0728164151525314
  ],
  "irregularity_of_end_surface_tail": [
    0.07873441250785322
  ],
  "mean_curvature": [
    0.3591455857611971
  ],
  "fractal_dimension": [
    2.370776751195596
  ]
}