{
  "volume": [
    3603.3157062530518
  ],
  "volume_endpoints": [
    523.061957359314
  ],
  "streamlines_count": [
    484
  ],
  "avg_length": [
    62.075374603271484
  ],
  "std_length": [
    2.598921775817871
  ],
  "min_length": [
    54.04199981689453
  ],
  "max_length": [
    70.64799499511719
  ],
  "span": [
    28.88890266418457
  ],
  "curl": [
    2.1487619424267823
  ],
  "diameter": [
    8.596992386900537
  ],
  "elongation": [
    7.220592017489438
  ],
  "surface_area": [
    2854.239538781153
  ],
  "end_surface_area_head": [
    439.1137751971005
  ],
  "end_surface_area_tail": [
    368.0806645034519
  ],
  "radius_head": [
    3.3039378661073764
  ],
  "radius_tail": [
    2.9645233035339724
  ],
  "irregularity": [
    1.7024511301292593
  ],
  "irregularity_of_end_surface_head": [
    0.0780973961209905
  ],
  "irregularity_of_end_surface_tail": [
    0.0750095578683246
  ],
  "mean_curvature": [
    0.3492527150294997
  ],
  "fractal_dimension": [
    2.138356198897331
  ]
}