{
  "volume": [
    23758.636463165283
  ],
  "volume_endpoints": [
    3736.9870953559875
  ],
  "streamlines_count": [
    8788
  ],
  "avg_length": [
    59.979644775390625
  ],
  "std_length": [
    11.100403785705566
  ],
  "min_length": [
    41.842994689941406
  ],
  "max_length": [
    124.42607879638672
  ],
  "span": [
    25.916751861572266
  ],
  "curl": [
    2.31431952181958
  ],
  "diameter": [
    22.457627334665734
  ],
  "elongation": [
    2.6707917039306137
  ],
  "surface_area": [
    11023.047268550743
  ],
  "end_surface_area_head": [
    1543.3557687074563
  ],
  "end_surface_area_tail": [
    1343.1715476617192
  ],
  "radius_head": [
    5.678605742544154
  ],
  "radius_tail": [
    5.2887594888025244
  ],
  "irregularity": [
    2.6048579011816857
  ],
  "irregularity_of_end_surface_head": [
    0.06563980129630795
  ],
  "irregularity_of_end_surface_tail": [
    0.06542233253172021
  ],
  "mean_curvature": [
    0.3965166599663974
  ],
  "fractal_dimension": [
    2.4690107195216435
  ]
}