{
  "volume": [
    9752.199604988098
  ],
  "volume_endpoints": [
    738.0985398292542
  ],
  "streamlines_count": [
    153
  ],
  "avg_length": [
    109.11068725585938
  ],
  "std_length": [
    15.001825332641602
  ],
  "min_length": [
    80.68405151367188
  ],
  "max_length": [
    142.87644958496094
  ],
  "span": [
    29.764970779418945
  ],
  "curl": [
    3.665741453752886
  ],
  "diameter": [
    10.667746932973008
  ],
  "elongation": [
    10.228091080658132
  ],
  "surface_area": [
    7548.882400079566
  ],
  "end_surface_area_head": [
    916.9728834998275
  ],
  "end_surface_area_tail": [
    361.62310898584747
  ],
  "radius_head": [
    4.1289016409972445
  ],
  "radius_tail": [
    2.8602372700722114
  ],
  "irregularity": [
    2.064394965563284
  ],
  "irregularity_of_end_surface_head": [
    0.05840667107940481
  ],
  "irregularity_of_end_surface_tail": [
    0.07107188265728248
  ],
  "mean_curvature": [
    0.36057257788633207
  ],
  "fractal_dimension": [
    2.182360882370563
  ]
}