{
  "volume": [
    7299.620204925537
  ],
  "volume_endpoints": [
    1429.7026834487915
  ],
  "streamlines_count": [
    1821
  ],
  "avg_length": [
    76.11495971679688
  ],
  "std_length": [
    6.529444694519043
  ],
  "min_length": [
    56.928932189941406
  ],
  "max_length": [
    96.73320770263672
  ],
  "span": [
    31.93834114074707
  ],
  "curl": [
    2.3831845048360725
  ],
  "diameter": [
    11.05020107389326
  ],
  "elongation": [
    6.888106307551531
  ],
  "surface_area": [
    4810.878860615292
  ],
  "end_surface_area_head": [
    723.2462179716949
  ],
  "end_surface_area_tail": [
    994.4635497110805
  ],
  "radius_head": [
    4.273083506758615
  ],
  "radius_tail": [
    5.152465414464367
  ],
  "irregularity": [
    1.8206830375938643
  ],
  "irregularity_of_end_surface_head": [
    0.07931338064682088
  ],
  "irregularity_of_end_surface_tail": [
    0.08386701267491764
  ],
  "mean_curvature": [
    0.35441493804738916
  ],
  "fractal_dimension": [
    2.2625321583637774
  ]
}