{
  "volume": [
    7537.903985500336
  ],
  "volume_endpoints": [
    1894.6466455459595
  ],
  "streamlines_count": [
    3169
  ],
  "avg_length": [
    73.07376098632812
  ],
  "std_length": [
    4.685343265533447
  ],
  "min_length": [
    59.066219329833984
  ],
  "max_length": [
    86.8983383178711
  ],
  "span": [
    33.167320251464844
  ],
  "curl": [
    2.2031855583238085
  ],
  "diameter": [
    11.460396142160791
  ],
  "elongation": [
    6.3761985257649645
  ],
  "surface_area": [
    5043.350859249052
  ],
  "end_surface_area_head": [
    975.0908831582673
  ],
  "end_surface_area_tail": [
    878.227550394201
  ],
  "radius_head": [
    4.641870364810641
  ],
  "radius_tail": [
    4.25937261654151
  ],
  "irregularity": [
    1.9169386755947346
  ],
  "irregularity_of_end_surface_head": [
    0.06942098827091307
  ],
  "irregularity_of_end_surface_tail": [
    0.06489841416823537
  ],
  "mean_curvature": [
    0.3490755509675659
  ],
  "fractal_dimension": [
    2.2307744803532326
  ]
}