{
  "volume": [
    9473.233227729797
  ],
  "volume_endpoints": [
    2289.8490133285522
  ],
  "streamlines_count": [
    2729
  ],
  "avg_length": [
    82.14993286132812
  ],
  "std_length": [
    3.999526262283325
  ],
  "min_length": [
    71.56861877441406
  ],
  "max_length": [
    95.76532745361328
  ],
  "span": [
    38.06281280517578
  ],
  "curl": [
    2.1582727814103477
  ],
  "diameter": [
    12.117152332193383
  ],
  "elongation": [
    6.779640183532939
  ],
  "surface_area": [
    6031.356853442528
  ],
  "end_surface_area_head": [
    1084.8693269575424
  ],
  "end_surface_area_tail": [
    1239.8506593800485
  ],
  "radius_head": [
    4.775006779715908
  ],
  "radius_tail": [
    5.0322700237429006
  ],
  "irregularity": [
    1.9286675416439505
  ],
  "irregularity_of_end_surface_head": [
    0.06602682703247159
  ],
  "irregularity_of_end_surface_tail": [
    0.06416650259006042
  ],
  "mean_curvature": [
    0.3447585070294834
  ],
  "fractal_dimension": [
    2.3171598942395994
  ]
}