{
  "volume": [
    6747.49924993515
  ],
  "volume_endpoints": [
    1266.9722967147827
  ],
  "streamlines_count": [
    907
  ],
  "avg_length": [
    54.790191650390625
  ],
  "std_length": [
    5.140415668487549
  ],
  "min_length": [
    43.05507278442383
  ],
  "max_length": [
    69.91658020019531
  ],
  "span": [
    23.08566665649414
  ],
  "curl": [
    2.373342406162562
  ],
  "diameter": [
    12.522039575230611
  ],
  "elongation": [
    4.375500598063042
  ],
  "surface_area": [
    3939.1088657386954
  ],
  "end_surface_area_head": [
    555.34977451398
  ],
  "end_surface_area_tail": [
    852.3973283237833
  ],
  "radius_head": [
    3.560184863212264
  ],
  "radius_tail": [
    4.498237372874057
  ],
  "irregularity": [
    1.8275540048557906
  ],
  "irregularity_of_end_surface_head": [
    0.07170152151930224
  ],
  "irregularity_of_end_surface_tail": [
    0.07457487462190776
  ],
  "mean_curvature": [
    0.40396609902381897
  ],
  "fractal_dimension": [
    2.336913359445906
  ]
}