{
  "volume": [
    16255.603274822235
  ],
  "volume_endpoints": [
    3376.6555247306824
  ],
  "streamlines_count": [
    3090
  ],
  "avg_length": [
    80.84981536865234
  ],
  "std_length": [
    8.73398494720459
  ],
  "min_length": [
    58.971614837646484
  ],
  "max_length": [
    107.40106964111328
  ],
  "span": [
    32.68183517456055
  ],
  "curl": [
    2.4738456373951
  ],
  "diameter": [
    15.999893389419558
  ],
  "elongation": [
    5.053147130475061
  ],
  "surface_area": [
    8530.430838755437
  ],
  "end_surface_area_head": [
    1039.6664383343114
  ],
  "end_surface_area_tail": [
    2234.3142090911288
  ],
  "radius_head": [
    4.831950024137164
  ],
  "radius_tail": [
    6.868104187238087
  ],
  "irregularity": [
    2.0990605774272075
  ],
  "irregularity_of_end_surface_head": [
    0.07055060066512601
  ],
  "irregularity_of_end_surface_tail": [
    0.06632532314694023
  ],
  "mean_curvature": [
    0.3810611672193101
  ],
  "fractal_dimension": [
    2.4152069285866062
  ]
}