{
  "volume": [
    12210.590804576874
  ],
  "volume_endpoints": [
    2429.3322019577026
  ],
  "streamlines_count": [
    1597
  ],
  "avg_length": [
    91.8411636352539
  ],
  "std_length": [
    5.401224613189697
  ],
  "min_length": [
    77.65145111083984
  ],
  "max_length": [
    108.61299896240234
  ],
  "span": [
    41.47786331176758
  ],
  "curl": [
    2.214221184561305
  ],
  "diameter": [
    13.010821219482425
  ],
  "elongation": [
    7.058829115085433
  ],
  "surface_area": [
    7426.188845245082
  ],
  "end_surface_area_head": [
    1278.595992485675
  ],
  "end_surface_area_tail": [
    1394.8319918025545
  ],
  "radius_head": [
    4.97328786543273
  ],
  "radius_tail": [
    5.743515734196106
  ],
  "irregularity": [
    1.9782174538881077
  ],
  "irregularity_of_end_surface_head": [
    0.060772028056853264
  ],
  "irregularity_of_end_surface_tail": [
    0.07429910857220985
  ],
  "mean_curvature": [
    0.3760637499872565
  ],
  "fractal_dimension": [
    2.3281593972836583
  ]
}