{
  "volume": [
    15889.459904670715
  ],
  "volume_endpoints": [
    2871.028965950012
  ],
  "streamlines_count": [
    3460
  ],
  "avg_length": [
    69.83128356933594
  ],
  "std_length": [
    4.830354690551758
  ],
  "min_length": [
    56.8560791015625
  ],
  "max_length": [
    84.97016906738281
  ],
  "span": [
    28.301292419433594
  ],
  "curl": [
    2.4674238382620657
  ],
  "diameter": [
    17.020982084563265
  ],
  "elongation": [
    4.102658896084944
  ],
  "surface_area": [
    8123.604841146359
  ],
  "end_surface_area_head": [
    833.02466177097
  ],
  "end_surface_area_tail": [
    1943.72421079893
  ],
  "radius_head": [
    4.194599981621812
  ],
  "radius_tail": [
    6.878922750086586
  ],
  "irregularity": [
    2.1755259979380814
  ],
  "irregularity_of_end_surface_head": [
    0.06635491772058814
  ],
  "irregularity_of_end_surface_tail": [
    0.07648144650531244
  ],
  "mean_curvature": [
    0.3856045743719691
  ],
  "fractal_dimension": [
    2.4139596465775606
  ]
}