{
  "volume": [
    4283.29625082016
  ],
  "volume_endpoints": [
    1964.3882398605347
  ],
  "streamlines_count": [
    3916
  ],
  "avg_length": [
    27.068649291992188
  ],
  "std_length": [
    4.804713249206543
  ],
  "min_length": [
    20.05902099609375
  ],
  "max_length": [
    43.546993255615234
  ],
  "span": [
    12.059686660766602
  ],
  "curl": [
    2.244556600301546
  ],
  "diameter": [
    14.194196827899
  ],
  "elongation": [
    1.9070222584759549
  ],
  "surface_area": [
    2583.0222070417676
  ],
  "end_surface_area_head": [
    839.4822172885745
  ],
  "end_surface_area_tail": [
    897.6002169470142
  ],
  "radius_head": [
    4.14214183445339
  ],
  "radius_tail": [
    4.486205596931075
  ],
  "irregularity": [
    2.1399363638789035
  ],
  "irregularity_of_end_surface_head": [
    0.06420787596732683
  ],
  "irregularity_of_end_surface_tail": [
    0.07044096055577564
  ],
  "mean_curvature": [
    0.4558161382465428
  ],
  "fractal_dimension": [
    2.335240401845837
  ]
}