{
  "volume": [
    9124.525256156921
  ],
  "volume_endpoints": [
    2063.188831806183
  ],
  "streamlines_count": [
    2762
  ],
  "avg_length": [
    78.35871887207031
  ],
  "std_length": [
    4.48566198348999
  ],
  "min_length": [
    67.67697143554688
  ],
  "max_length": [
    92.82874298095703
  ],
  "span": [
    36.50033187866211
  ],
  "curl": [
    2.146794695800516
  ],
  "diameter": [
    12.176333503519672
  ],
  "elongation": [
    6.435329555438019
  ],
  "surface_area": [
    5624.530855833449
  ],
  "end_surface_area_head": [
    955.718216605454
  ],
  "end_surface_area_tail": [
    1065.496660404729
  ],
  "radius_head": [
    4.423227915360458
  ],
  "radius_tail": [
    4.729513472859987
  ],
  "irregularity": [
    1.8764308711637583
  ],
  "irregularity_of_end_surface_head": [
    0.06431298160136543
  ],
  "irregularity_of_end_surface_tail": [
    0.06595241665929576
  ],
  "mean_curvature": [
    0.36265946299938256
  ],
  "fractal_dimension": [
    2.3092053574349327
  ]
}