{
  "volume": [
    12762.71175956726
  ],
  "volume_endpoints": [
    2871.028965950012
  ],
  "streamlines_count": [
    2741
  ],
  "avg_length": [
    82.45503234863281
  ],
  "std_length": [
    5.747027397155762
  ],
  "min_length": [
    67.14791870117188
  ],
  "max_length": [
    100.39942169189453
  ],
  "span": [
    38.72111129760742
  ],
  "curl": [
    2.1294593462178786
  ],
  "diameter": [
    14.038411115984907
  ],
  "elongation": [
    5.8735302497833946
  ],
  "surface_area": [
    7503.679511456335
  ],
  "end_surface_area_head": [
    988.0059941934761
  ],
  "end_surface_area_tail": [
    2195.5688759855025
  ],
  "radius_head": [
    4.58971250993908
  ],
  "radius_tail": [
    6.533334143365309
  ],
  "irregularity": [
    2.063427817083063
  ],
  "irregularity_of_end_surface_head": [
    0.06698248560425253
  ],
  "irregularity_of_end_surface_tail": [
    0.061076275860837574
  ],
  "mean_curvature": [
    0.3703790277253533
  ],
  "fractal_dimension": [
    2.336213191411854
  ]
}