{
  "volume": [
    9386.056234836578
  ],
  "volume_endpoints": [
    1964.3882398605347
  ],
  "streamlines_count": [
    2419
  ],
  "avg_length": [
    73.2477798461914
  ],
  "std_length": [
    4.067538261413574
  ],
  "min_length": [
    61.31161117553711
  ],
  "max_length": [
    87.97666931152344
  ],
  "span": [
    33.25647735595703
  ],
  "curl": [
    2.2025116810235756
  ],
  "diameter": [
    12.773190885401378
  ],
  "elongation": [
    5.734493479613391
  ],
  "surface_area": [
    5579.327967210218
  ],
  "end_surface_area_head": [
    988.0059941934761
  ],
  "end_surface_area_tail": [
    910.5153279822231
  ],
  "radius_head": [
    4.5555187525510705
  ],
  "radius_tail": [
    5.184438820184148
  ],
  "irregularity": [
    1.8981833092190978
  ],
  "irregularity_of_end_surface_head": [
    0.06598815269939515
  ],
  "irregularity_of_end_surface_tail": [
    0.09273979235546866
  ],
  "mean_curvature": [
    0.3784130753047607
  ],
  "fractal_dimension": [
    2.3487281064581533
  ]
}