{
  "volume": [
    8206.260931015015
  ],
  "volume_endpoints": [
    2051.5652327537537
  ],
  "streamlines_count": [
    919
  ],
  "avg_length": [
    67.07667541503906
  ],
  "std_length": [
    10.62328052520752
  ],
  "min_length": [
    44.1906623840332
  ],
  "max_length": [
    95.14067840576172
  ],
  "span": [
    30.929180145263672
  ],
  "curl": [
    2.1687181845753134
  ],
  "diameter": [
    12.480786547081513
  ],
  "elongation": [
    5.374394887854577
  ],
  "surface_area": [
    5346.855968576459
  ],
  "end_surface_area_head": [
    988.0059941934761
  ],
  "end_surface_area_tail": [
    1452.9499914609942
  ],
  "radius_head": [
    4.48536451299471
  ],
  "radius_tail": [
    7.516969735569935
  ],
  "irregularity": [
    2.0329894638610253
  ],
  "irregularity_of_end_surface_head": [
    0.06397138871804035
  ],
  "irregularity_of_end_surface_tail": [
    0.12217569252016096
  ],
  "mean_curvature": [
    0.39234210646450846
  ],
  "fractal_dimension": [
    2.261270902825222
  ]
}