{
  "volume": [
    18127.002722263336
  ],
  "volume_endpoints": [
    2644.368784427643
  ],
  "streamlines_count": [
    1988
  ],
  "avg_length": [
    61.6893424987793
  ],
  "std_length": [
    7.106785774230957
  ],
  "min_length": [
    45.44544982910156
  ],
  "max_length": [
    85.63410949707031
  ],
  "span": [
    26.7746524810791
  ],
  "curl": [
    2.3040202871866753
  ],
  "diameter": [
    19.342517060209705
  ],
  "elongation": [
    3.189313071652035
  ],
  "surface_area": [
    9027.662613610977
  ],
  "end_surface_area_head": [
    1575.6435462954782
  ],
  "end_surface_area_tail": [
    1233.3931038624441
  ],
  "radius_head": [
    5.746557588035175
  ],
  "radius_tail": [
    4.869556757296731
  ],
  "irregularity": [
    2.4082541498038808
  ],
  "irregularity_of_end_surface_head": [
    0.06584266856303102
  ],
  "irregularity_of_end_surface_tail": [
    0.06039864853835273
  ],
  "mean_curvature": [
    0.40045297046902195
  ],
  "fractal_dimension": [
    2.430493215946389
  ]
}