{
  "volume": [
    5916.411917686462
  ],
  "volume_endpoints": [
    2545.5681924819946
  ],
  "streamlines_count": [
    4161
  ],
  "avg_length": [
    27.945913314819336
  ],
  "std_length": [
    5.0463666915893555
  ],
  "min_length": [
    20.08380126953125
  ],
  "max_length": [
    46.21695327758789
  ],
  "span": [
    12.117789268493652
  ],
  "curl": [
    2.306189082482143
  ],
  "diameter": [
    16.418183568954152
  ],
  "elongation": [
    1.7021318587071632
  ],
  "surface_area": [
    3332.09864708388
  ],
  "end_surface_area_head": [
    1285.0535480032795
  ],
  "end_surface_area_tail": [
    710.3311069364861
  ],
  "radius_head": [
    5.293276550052441
  ],
  "radius_tail": [
    3.982373152754517
  ],
  "irregularity": [
    2.3116632182990147
  ],
  "irregularity_of_end_surface_head": [
    0.06849798825653089
  ],
  "irregularity_of_end_surface_tail": [
    0.07014115965257166
  ],
  "mean_curvature": [
    0.4638941119680379
  ],
  "fractal_dimension": [
    2.404686948579702
  ]
}