{
  "volume": [
    10007.91878414154
  ],
  "volume_endpoints": [
    2673.427782058716
  ],
  "streamlines_count": [
    1561
  ],
  "avg_length": [
    76.13396453857422
  ],
  "std_length": [
    7.978297710418701
  ],
  "min_length": [
    55.170570373535156
  ],
  "max_length": [
    98.9846420288086
  ],
  "span": [
    37.1638069152832
  ],
  "curl": [
    2.0486051042113496
  ],
  "diameter": [
    12.937123461955615
  ],
  "elongation": [
    5.884922159277715
  ],
  "surface_area": [
    6212.168407935451
  ],
  "end_surface_area_head": [
    1207.5628817920265
  ],
  "end_surface_area_tail": [
    1549.8133242250606
  ],
  "radius_head": [
    4.774237168546991
  ],
  "radius_tail": [
    6.299276732744847
  ],
  "irregularity": [
    2.0075999664203645
  ],
  "irregularity_of_end_surface_head": [
    0.05929909926495343
  ],
  "irregularity_of_end_surface_tail": [
    0.08043625787442904
  ],
  "mean_curvature": [
    0.36902832631725746
  ],
  "fractal_dimension": [
    2.3924438169830777
  ]
}