{
  "volume": [
    7293.8084053993225
  ],
  "volume_endpoints": [
    1853.9640488624573
  ],
  "streamlines_count": [
    2524
  ],
  "avg_length": [
    70.05863952636719
  ],
  "std_length": [
    3.7121167182922363
  ],
  "min_length": [
    59.30066680908203
  ],
  "max_length": [
    82.15402221679688
  ],
  "span": [
    33.24796676635742
  ],
  "curl": [
    2.107155604993486
  ],
  "diameter": [
    11.513341461059447
  ],
  "elongation": [
    6.08499624225689
  ],
  "surface_area": [
    4642.982417157577
  ],
  "end_surface_area_head": [
    878.227550394201
  ],
  "end_surface_area_tail": [
    871.7699948765966
  ],
  "radius_head": [
    4.290211714461275
  ],
  "radius_tail": [
    4.277932712073461
  ],
  "irregularity": [
    1.8322472635440619
  ],
  "irregularity_of_end_surface_head": [
    0.06584158309029152
  ],
  "irregularity_of_end_surface_tail": [
    0.06595016008143215
  ],
  "mean_curvature": [
    0.36272405857801815
  ],
  "fractal_dimension": [
    2.3171745664029073
  ]
}