{
  "volume": [
    11780.517639636993
  ],
  "volume_endpoints": [
    2824.5345697402954
  ],
  "streamlines_count": [
    3231
  ],
  "avg_length": [
    73.54996490478516
  ],
  "std_length": [
    5.926656246185303
  ],
  "min_length": [
    54.8860969543457
  ],
  "max_length": [
    91.92227172851562
  ],
  "span": [
    28.85086441040039
  ],
  "curl": [
    2.549315814547008
  ],
  "diameter": [
    14.280585420927817
  ],
  "elongation": [
    5.15034662353545
  ],
  "surface_area": [
    6522.131072780463
  ],
  "end_surface_area_head": [
    1052.5815493695204
  ],
  "end_surface_area_tail": [
    1485.2377690490164
  ],
  "radius_head": [
    4.665437064604716
  ],
  "radius_tail": [
    5.651464839708871
  ],
  "irregularity": [
    1.9765653080885974
  ],
  "irregularity_of_end_surface_head": [
    0.0649649023901922
  ],
  "irregularity_of_end_surface_tail": [
    0.06755786993944085
  ],
  "mean_curvature": [
    0.36801690647233865
  ],
  "fractal_dimension": [
    2.353414603811345
  ]
}