{
  "volume": [
    8793.25268316269
  ],
  "volume_endpoints": [
    1464.573480606079
  ],
  "streamlines_count": [
    577
  ],
  "avg_length": [
    56.47871398925781
  ],
  "std_length": [
    6.995151042938232
  ],
  "min_length": [
    40.94474411010742
  ],
  "max_length": [
    103.82093048095703
  ],
  "span": [
    26.282215118408203
  ],
  "curl": [
    2.1489327948503023
  ],
  "diameter": [
    14.079506617409015
  ],
  "elongation": [
    4.011412865804762
  ],
  "surface_area": [
    6392.979962428375
  ],
  "end_surface_area_head": [
    1097.7844379927512
  ],
  "end_surface_area_tail": [
    587.6375521020021
  ],
  "radius_head": [
    4.490199224482091
  ],
  "radius_tail": [
    4.3383984997790135
  ],
  "irregularity": [
    2.5590645159761136
  ],
  "irregularity_of_end_surface_head": [
    0.05769843369070028
  ],
  "irregularity_of_end_surface_tail": [
    0.10062345247283097
  ],
  "mean_curvature": [
    0.3893371772931395
  ],
  "fractal_dimension": [
    2.2618421035439
  ]
}