{
  "volume": [
    6520.839068412781
  ],
  "volume_endpoints": [
    1232.1014995574951
  ],
  "streamlines_count": [
    1519
  ],
  "avg_length": [
    75.02456665039062
  ],
  "std_length": [
    3.3424432277679443
  ],
  "min_length": [
    65.55815887451172
  ],
  "max_length": [
    85.15644836425781
  ],
  "span": [
    37.896446228027344
  ],
  "curl": [
    1.9797256502353557
  ],
  "diameter": [
    10.519741124532338
  ],
  "elongation": [
    7.131788298043873
  ],
  "surface_area": [
    4320.104641277357
  ],
  "end_surface_area_head": [
    994.4635497110805
  ],
  "end_surface_area_tail": [
    329.33533139782537
  ],
  "radius_head": [
    4.502301553128634
  ],
  "radius_tail": [
    3.0236824125380686
  ],
  "irregularity": [
    1.7423517886399245
  ],
  "irregularity_of_end_surface_head": [
    0.06403687975972489
  ],
  "irregularity_of_end_surface_tail": [
    0.08721353613372206
  ],
  "mean_curvature": [
    0.3325444489737103
  ],
  "fractal_dimension": [
    2.2231792664588452
  ]
}