{
  "volume": [
    6578.957063674927
  ],
  "volume_endpoints": [
    1354.1492896080017
  ],
  "streamlines_count": [
    1529
  ],
  "avg_length": [
    72.19612121582031
  ],
  "std_length": [
    5.455402374267578
  ],
  "min_length": [
    56.10851287841797
  ],
  "max_length": [
    87.40399932861328
  ],
  "span": [
    35.69880676269531
  ],
  "curl": [
    2.0223679098222442
  ],
  "diameter": [
    10.77151157888515
  ],
  "elongation": [
    6.7025060212851395
  ],
  "surface_area": [
    4391.137751971005
  ],
  "end_surface_area_head": [
    1052.5815493695204
  ],
  "end_surface_area_tail": [
    368.0806645034519
  ],
  "radius_head": [
    4.699619701681274
  ],
  "radius_tail": [
    3.6131983308637263
  ],
  "irregularity": [
    1.7973666145730487
  ],
  "irregularity_of_end_surface_head": [
    0.06592035708313361
  ],
  "irregularity_of_end_surface_tail": [
    0.11142700828731261
  ],
  "mean_curvature": [
    0.3300193141514839
  ],
  "fractal_dimension": [
    2.294825769212833
  ]
}