{
  "volume": [
    7067.148223876953
  ],
  "volume_endpoints": [
    1801.6578531265259
  ],
  "streamlines_count": [
    2668
  ],
  "avg_length": [
    74.7520751953125
  ],
  "std_length": [
    3.4967164993286133
  ],
  "min_length": [
    62.90642547607422
  ],
  "max_length": [
    85.32286071777344
  ],
  "span": [
    34.808353424072266
  ],
  "curl": [
    2.1475326420817287
  ],
  "diameter": [
    10.971488003470892
  ],
  "elongation": [
    6.813303279524551
  ],
  "surface_area": [
    4649.439972675182
  ],
  "end_surface_area_head": [
    1033.208882816707
  ],
  "end_surface_area_tail": [
    774.9066621125303
  ],
  "radius_head": [
    4.807414941126112
  ],
  "radius_tail": [
    3.9719399751476963
  ],
  "irregularity": [
    1.804521189704141
  ],
  "irregularity_of_end_surface_head": [
    0.07027242799698133
  ],
  "irregularity_of_end_surface_tail": [
    0.06395961361193979
  ],
  "mean_curvature": [
    0.3492997855149109
  ],
  "fractal_dimension": [
    2.2480845671965097
  ]
}