{
  "volume": [
    8037.718744754791
  ],
  "volume_endpoints": [
    953.1351222991943
  ],
  "streamlines_count": [
    448
  ],
  "avg_length": [
    62.34402847290039
  ],
  "std_length": [
    7.369650363922119
  ],
  "min_length": [
    47.52198791503906
  ],
  "max_length": [
    80.68583679199219
  ],
  "span": [
    25.730443954467773
  ],
  "curl": [
    2.422967461549575
  ],
  "diameter": [
    12.812209492174368
  ],
  "elongation": [
    4.865985723303994
  ],
  "surface_area": [
    4720.47308336883
  ],
  "end_surface_area_head": [
    774.9066621125303
  ],
  "end_surface_area_tail": [
    503.6893303731447
  ],
  "radius_head": [
    3.8730070303273605
  ],
  "radius_tail": [
    3.8853540153798605
  ],
  "irregularity": [
    1.8811211230101583
  ],
  "irregularity_of_end_surface_head": [
    0.06081308685930174
  ],
  "irregularity_of_end_surface_tail": [
    0.09415606781846302
  ],
  "mean_curvature": [
    0.3835738407048796
  ],
  "fractal_dimension": [
    2.2938192570202336
  ]
}