{
  "volume": [
    7183.384214401245
  ],
  "volume_endpoints": [
    1505.2560772895813
  ],
  "streamlines_count": [
    2928
  ],
  "avg_length": [
    75.29354858398438
  ],
  "std_length": [
    4.832485675811768
  ],
  "min_length": [
    57.52678680419922
  ],
  "max_length": [
    90.14546966552734
  ],
  "span": [
    31.49812889099121
  ],
  "curl": [
    2.3904133748566605
  ],
  "diameter": [
    11.021500491184508
  ],
  "elongation": [
    6.831515240978988
  ],
  "surface_area": [
    4720.47308336883
  ],
  "end_surface_area_head": [
    794.2793286653435
  ],
  "end_surface_area_tail": [
    729.7037734892994
  ],
  "radius_head": [
    4.443654493426903
  ],
  "radius_tail": [
    4.111765469198075
  ],
  "irregularity": [
    1.810661063578839
  ],
  "irregularity_of_end_surface_head": [
    0.07810110537911982
  ],
  "irregularity_of_end_surface_tail": [
    0.07278802751274428
  ],
  "mean_curvature": [
    0.3570539515384071
  ],
  "fractal_dimension": [
    2.249876493420345
  ]
}