{
  "volume": [
    9926.553590774536
  ],
  "volume_endpoints": [
    2342.1552090644836
  ],
  "streamlines_count": [
    3724
  ],
  "avg_length": [
    72.29242706298828
  ],
  "std_length": [
    6.149542808532715
  ],
  "min_length": [
    54.53791046142578
  ],
  "max_length": [
    90.17131805419922
  ],
  "span": [
    30.406946182250977
  ],
  "curl": [
    2.3774971228510458
  ],
  "diameter": [
    13.222327271029965
  ],
  "elongation": [
    5.467451045579588
  ],
  "surface_area": [
    5824.715076879186
  ],
  "end_surface_area_head": [
    923.4304390174319
  ],
  "end_surface_area_tail": [
    1304.4262145560926
  ],
  "radius_head": [
    4.616684770113419
  ],
  "radius_tail": [
    5.459446392225491
  ],
  "irregularity": [
    1.9396532820458419
  ],
  "irregularity_of_end_surface_head": [
    0.07251137323763215
  ],
  "irregularity_of_end_surface_tail": [
    0.0717839853992673
  ],
  "mean_curvature": [
    0.35933018565402
  ],
  "fractal_dimension": [
    2.367449038755763
  ]
}