{
  "volume": [
    8851.370678424835
  ],
  "volume_endpoints": [
    1824.9050512313843
  ],
  "streamlines_count": [
    1428
  ],
  "avg_length": [
    86.7203598022461
  ],
  "std_length": [
    5.204102516174316
  ],
  "min_length": [
    72.63419342041016
  ],
  "max_length": [
    102.25975036621094
  ],
  "span": [
    41.294456481933594
  ],
  "curl": [
    2.1000484614729444
  ],
  "diameter": [
    11.399867092183323
  ],
  "elongation": [
    7.607137793887846
  ],
  "surface_area": [
    5618.073300315845
  ],
  "end_surface_area_head": [
    1226.9355483448396
  ],
  "end_surface_area_tail": [
    561.8073300315845
  ],
  "radius_head": [
    4.9661473664183395
  ],
  "radius_tail": [
    3.486024746420346
  ],
  "irregularity": [
    1.8089087912071735
  ],
  "irregularity_of_end_surface_head": [
    0.06314912373540259
  ],
  "irregularity_of_end_surface_tail": [
    0.0679553107713253
  ],
  "mean_curvature": [
    0.37144255997086106
  ],
  "fractal_dimension": [
    2.277260351067364
  ]
}