{
  "volume": [
    11763.08224105835
  ],
  "volume_endpoints": [
    2563.0035910606384
  ],
  "streamlines_count": [
    2586
  ],
  "avg_length": [
    81.6896743774414
  ],
  "std_length": [
    6.033969879150391
  ],
  "min_length": [
    65.2806625366211
  ],
  "max_length": [
    101.26551055908203
  ],
  "span": [
    36.92156219482422
  ],
  "curl": [
    2.2125194472105223
  ],
  "diameter": [
    13.540417129632315
  ],
  "elongation": [
    6.033024950071066
  ],
  "surface_area": [
    6916.041959354333
  ],
  "end_surface_area_head": [
    1123.614660063169
  ],
  "end_surface_area_tail": [
    1356.086658696928
  ],
  "radius_head": [
    5.021905125345817
  ],
  "radius_tail": [
    6.075457089085422
  ],
  "irregularity": [
    1.9902541505837443
  ],
  "irregularity_of_end_surface_head": [
    0.0705130472296491
  ],
  "irregularity_of_end_surface_tail": [
    0.08551067702019219
  ],
  "mean_curvature": [
    0.37691164005199146
  ],
  "fractal_dimension": [
    2.346676166733869
  ]
}