{
  "volume": [
    10315.944159030914
  ],
  "volume_endpoints": [
    2353.778808116913
  ],
  "streamlines_count": [
    2403
  ],
  "avg_length": [
    77.31199645996094
  ],
  "std_length": [
    4.669836521148682
  ],
  "min_length": [
    63.76729202270508
  ],
  "max_length": [
    92.47068786621094
  ],
  "span": [
    36.11439514160156
  ],
  "curl": [
    2.1407529091052746
  ],
  "diameter": [
    13.034251795255942
  ],
  "elongation": [
    5.931448745535212
  ],
  "surface_area": [
    5979.696409301692
  ],
  "end_surface_area_head": [
    1104.2419935103558
  ],
  "end_surface_area_tail": [
    1091.3268824751467
  ],
  "radius_head": [
    5.031264872367039
  ],
  "radius_tail": [
    4.777414965645588
  ],
  "irregularity": [
    1.8888447692350612
  ],
  "irregularity_of_end_surface_head": [
    0.0720178209332783
  ],
  "irregularity_of_end_surface_tail": [
    0.06570235717335794
  ],
  "mean_curvature": [
    0.3801915524058475
  ],
  "fractal_dimension": [
    2.3719788586037294
  ]
}