{
  "volume": [
    12036.236818790436
  ],
  "volume_endpoints": [
    2400.2732043266296
  ],
  "streamlines_count": [
    3076
  ],
  "avg_length": [
    75.74346923828125
  ],
  "std_length": [
    5.608853340148926
  ],
  "min_length": [
    57.24371337890625
  ],
  "max_length": [
    92.54074096679688
  ],
  "span": [
    32.793663024902344
  ],
  "curl": [
    2.3096983457067406
  ],
  "diameter": [
    14.224199174083324
  ],
  "elongation": [
    5.324972486063527
  ],
  "surface_area": [
    6928.9570703895415
  ],
  "end_surface_area_head": [
    1046.1239938519159
  ],
  "end_surface_area_tail": [
    1433.577324908181
  ],
  "radius_head": [
    5.051375360854317
  ],
  "radius_tail": [
    5.753739305390074
  ],
  "irregularity": [
    2.0471279130207045
  ],
  "irregularity_of_end_surface_head": [
    0.07662773569853498
  ],
  "irregularity_of_end_surface_tail": [
    0.0725486125053899
  ],
  "mean_curvature": [
    0.38191210770172945
  ],
  "fractal_dimension": [
    2.3067840723395228
  ]
}