{
  "volume": [
    10002.106984615326
  ],
  "volume_endpoints": [
    1214.6661009788513
  ],
  "streamlines_count": [
    450
  ],
  "avg_length": [
    89.84810638427734
  ],
  "std_length": [
    6.887792587280273
  ],
  "min_length": [
    73.51727294921875
  ],
  "max_length": [
    113.45201110839844
  ],
  "span": [
    40.21009826660156
  ],
  "curl": [
    2.2344662226032166
  ],
  "diameter": [
    11.905464458405037
  ],
  "elongation": [
    7.54679556586692
  ],
  "surface_area": [
    6722.3152938262
  ],
  "end_surface_area_head": [
    1214.0204373096308
  ],
  "end_surface_area_tail": [
    445.5713307147049
  ],
  "radius_head": [
    4.605059234029484
  ],
  "radius_tail": [
    5.202291574450113
  ],
  "irregularity": [
    2.000385667038494
  ],
  "irregularity_of_end_surface_head": [
    0.0548774997494788
  ],
  "irregularity_of_end_surface_tail": [
    0.19081917439826243
  ],
  "mean_curvature": [
    0.3758547129233678
  ],
  "fractal_dimension": [
    2.238950335392598
  ]
}