{
  "volume": [
    11425.997868537903
  ],
  "volume_endpoints": [
    2981.4531569480896
  ],
  "streamlines_count": [
    2366
  ],
  "avg_length": [
    77.40894317626953
  ],
  "std_length": [
    5.675956726074219
  ],
  "min_length": [
    59.22364044189453
  ],
  "max_length": [
    95.7786865234375
  ],
  "span": [
    37.240814208984375
  ],
  "curl": [
    2.078605014967545
  ],
  "diameter": [
    13.709024719189879
  ],
  "elongation": [
    5.646568210495133
  ],
  "surface_area": [
    6767.518182449431
  ],
  "end_surface_area_head": [
    1168.8175486863997
  ],
  "end_surface_area_tail": [
    1646.676656989127
  ],
  "radius_head": [
    5.086986009466641
  ],
  "radius_tail": [
    5.190247269924262
  ],
  "irregularity": [
    2.0299337335391527
  ],
  "irregularity_of_end_surface_head": [
    0.06955434026622154
  ],
  "irregularity_of_end_surface_tail": [
    0.0513946178292743
  ],
  "mean_curvature": [
    0.3661482138519859
  ],
  "fractal_dimension": [
    2.3477767895845307
  ]
}