{
  "volume": [
    13896.012667179108
  ],
  "volume_endpoints": [
    1278.595895767212
  ],
  "streamlines_count": [
    2668
  ],
  "avg_length": [
    51.43905258178711
  ],
  "std_length": [
    13.011533737182617
  ],
  "min_length": [
    25.603933334350586
  ],
  "max_length": [
    133.58969116210938
  ],
  "span": [
    16.777448654174805
  ],
  "curl": [
    3.0659639401719945
  ],
  "diameter": [
    18.54614621884742
  ],
  "elongation": [
    2.773570960500271
  ],
  "surface_area": [
    9428.031055702451
  ],
  "end_surface_area_head": [
    1259.2233259328618
  ],
  "end_surface_area_tail": [
    387.45333105626514
  ],
  "radius_head": [
    5.641343297672717
  ],
  "radius_tail": [
    2.92385411700196
  ],
  "irregularity": [
    3.145752071165666
  ],
  "irregularity_of_end_surface_head": [
    0.07939847677921215
  ],
  "irregularity_of_end_surface_tail": [
    0.06931733764606782
  ],
  "mean_curvature": [
    0.42069279815795
  ],
  "fractal_dimension": [
    2.2477207447842344
  ]
}