{
  "volume": [
    7514.656787395477
  ],
  "volume_endpoints": [
    1313.4666929244995
  ],
  "streamlines_count": [
    1144
  ],
  "avg_length": [
    88.33235168457031
  ],
  "std_length": [
    6.366512298583984
  ],
  "min_length": [
    66.3947525024414
  ],
  "max_length": [
    105.38496398925781
  ],
  "span": [
    41.019290924072266
  ],
  "curl": [
    2.15343438890925
  ],
  "diameter": [
    10.407579522186015
  ],
  "elongation": [
    8.487309801118572
  ],
  "surface_area": [
    5023.978192696238
  ],
  "end_surface_area_head": [
    1013.8362162638938
  ],
  "end_surface_area_tail": [
    309.9626648450121
  ],
  "radius_head": [
    4.566616337119637
  ],
  "radius_tail": [
    3.571763110654749
  ],
  "irregularity": [
    1.739515657119482
  ],
  "irregularity_of_end_surface_head": [
    0.06462062047294213
  ],
  "irregularity_of_end_surface_tail": [
    0.12930216057322177
  ],
  "mean_curvature": [
    0.3457746260858082
  ],
  "fractal_dimension": [
    2.3376799067793246
  ]
}