{
  "volume": [
    6090.7659034729
  ],
  "volume_endpoints": [
    993.8177189826965
  ],
  "streamlines_count": [
    1123
  ],
  "avg_length": [
    73.43264770507812
  ],
  "std_length": [
    4.478513717651367
  ],
  "min_length": [
    61.42399597167969
  ],
  "max_length": [
    88.37464904785156
  ],
  "span": [
    34.74703598022461
  ],
  "curl": [
    2.1133499774447078
  ],
  "diameter": [
    10.276528227393733
  ],
  "elongation": [
    7.145666910088529
  ],
  "surface_area": [
    4345.934863347774
  ],
  "end_surface_area_head": [
    406.8259976090784
  ],
  "end_surface_area_tail": [
    787.8217731477391
  ],
  "radius_head": [
    3.5085514712437114
  ],
  "radius_tail": [
    4.406505208013523
  ],
  "irregularity": [
    1.8331488603158492
  ],
  "irregularity_of_end_surface_head": [
    0.0950597961923099
  ],
  "irregularity_of_end_surface_tail": [
    0.07743021566343512
  ],
  "mean_curvature": [
    0.34792309736738436
  ],
  "fractal_dimension": [
    2.214241666084404
  ]
}