{
  "volume": [
    6491.780070781708
  ],
  "volume_endpoints": [
    1179.7953038215637
  ],
  "streamlines_count": [
    1181
  ],
  "avg_length": [
    81.83751678466797
  ],
  "std_length": [
    4.291317939758301
  ],
  "min_length": [
    68.54210662841797
  ],
  "max_length": [
    93.73758697509766
  ],
  "span": [
    29.707490921020508
  ],
  "curl": [
    2.7547771369261334
  ],
  "diameter": [
    10.049876780203762
  ],
  "elongation": [
    8.143136336345082
  ],
  "surface_area": [
    4649.439972675182
  ],
  "end_surface_area_head": [
    471.4015527851226
  ],
  "end_surface_area_tail": [
    916.9728834998275
  ],
  "radius_head": [
    3.8126291488531616
  ],
  "radius_tail": [
    4.492360622410171
  ],
  "irregularity": [
    1.7994409203973916
  ],
  "irregularity_of_end_surface_head": [
    0.09687416935979883
  ],
  "irregularity_of_end_surface_tail": [
    0.06914210595215192
  ],
  "mean_curvature": [
    0.3625461306993887
  ],
  "fractal_dimension": [
    2.1736764830687267
  ]
}