{
  "volume": [
    8833.935279846191
  ],
  "volume_endpoints": [
    1778.4106550216675
  ],
  "streamlines_count": [
    1479
  ],
  "avg_length": [
    70.01583099365234
  ],
  "std_length": [
    6.4519500732421875
  ],
  "min_length": [
    52.543128967285156
  ],
  "max_length": [
    89.84746551513672
  ],
  "span": [
    29.954465866088867
  ],
  "curl": [
    2.337408762575083
  ],
  "diameter": [
    12.674593574128709
  ],
  "elongation": [
    5.524108570752767
  ],
  "surface_area": [
    5547.040189622196
  ],
  "end_surface_area_head": [
    897.6002169470142
  ],
  "end_surface_area_tail": [
    1071.9542159223336
  ],
  "radius_head": [
    5.056831294845259
  ],
  "radius_tail": [
    4.617934258445183
  ],
  "irregularity": [
    1.989670450247041
  ],
  "irregularity_of_end_surface_head": [
    0.08950016868356404
  ],
  "irregularity_of_end_surface_tail": [
    0.062498432906339205
  ],
  "mean_curvature": [
    0.37369717928587864
  ],
  "fractal_dimension": [
    2.291059164858711
  ]
}