{
  "volume": [
    2958.205958843231
  ],
  "volume_endpoints": [
    738.0985398292542
  ],
  "streamlines_count": [
    226
  ],
  "avg_length": [
    53.93375778198242
  ],
  "std_length": [
    5.4663472175598145
  ],
  "min_length": [
    43.614959716796875
  ],
  "max_length": [
    71.114990234375
  ],
  "span": [
    26.89733123779297
  ],
  "curl": [
    2.005171342285477
  ],
  "diameter": [
    8.356779110751312
  ],
  "elongation": [
    6.453892949329558
  ],
  "surface_area": [
    2595.937318076976
  ],
  "end_surface_area_head": [
    639.2979962428375
  ],
  "end_surface_area_tail": [
    484.3166638203314
  ],
  "radius_head": [
    3.718519432351733
  ],
  "radius_tail": [
    3.5231847227661692
  ],
  "irregularity": [
    1.833347225847697
  ],
  "irregularity_of_end_surface_head": [
    0.06794955865094761
  ],
  "irregularity_of_end_surface_tail": [
    0.08051768668560147
  ],
  "mean_curvature": [
    0.3344842697930547
  ],
  "fractal_dimension": [
    1.9522087693245282
  ]
}