{
  "volume": [
    14558.557813167572
  ],
  "volume_endpoints": [
    3725.3634963035583
  ],
  "streamlines_count": [
    3900
  ],
  "avg_length": [
    70.71640014648438
  ],
  "std_length": [
    7.285444736480713
  ],
  "min_length": [
    53.269935607910156
  ],
  "max_length": [
    93.27075958251953
  ],
  "span": [
    34.04836654663086
  ],
  "curl": [
    2.0769395809233577
  ],
  "diameter": [
    16.190272733492076
  ],
  "elongation": [
    4.367832544302765
  ],
  "surface_area": [
    8788.733059459615
  ],
  "end_surface_area_head": [
    858.8548838413877
  ],
  "end_surface_area_tail": [
    3222.320203284605
  ],
  "radius_head": [
    4.329596972550712
  ],
  "radius_tail": [
    8.583040047949378
  ],
  "irregularity": [
    2.443442321701202
  ],
  "irregularity_of_end_surface_head": [
    0.06856855946078329
  ],
  "irregularity_of_end_surface_tail": [
    0.07182298592983351
  ],
  "mean_curvature": [
    0.35369126457434436
  ],
  "fractal_dimension": [
    2.320626932455836
  ]
}