{
  "volume": [
    13436.880504608154
  ],
  "volume_endpoints": [
    2917.523362159729
  ],
  "streamlines_count": [
    1782
  ],
  "avg_length": [
    97.3178482055664
  ],
  "std_length": [
    5.515145301818848
  ],
  "min_length": [
    80.92478942871094
  ],
  "max_length": [
    115.37860107421875
  ],
  "span": [
    44.60017776489258
  ],
  "curl": [
    2.182005836805678
  ],
  "diameter": [
    13.258916572413458
  ],
  "elongation": [
    7.33980394808775
  ],
  "surface_area": [
    8194.637951840008
  ],
  "end_surface_area_head": [
    1278.595992485675
  ],
  "end_surface_area_tail": [
    1982.4695439045568
  ],
  "radius_head": [
    5.257709744471567
  ],
  "radius_tail": [
    5.973371436339175
  ],
  "irregularity": [
    2.0215261441693584
  ],
  "irregularity_of_end_surface_head": [
    0.0679218877315047
  ],
  "irregularity_of_end_surface_tail": [
    0.056543461318739434
  ],
  "mean_curvature": [
    0.3707626825564371
  ],
  "fractal_dimension": [
    2.3031158972281705
  ]
}