{
  "volume": [
    9182.643251419067
  ],
  "volume_endpoints": [
    1772.5988554954529
  ],
  "streamlines_count": [
    457
  ],
  "avg_length": [
    64.3906478881836
  ],
  "std_length": [
    7.500624656677246
  ],
  "min_length": [
    47.50505447387695
  ],
  "max_length": [
    90.89350128173828
  ],
  "span": [
    28.459232330322266
  ],
  "curl": [
    2.262557441494222
  ],
  "diameter": [
    13.47496103235299
  ],
  "elongation": [
    4.778540563759964
  ],
  "surface_area": [
    6541.503739333277
  ],
  "end_surface_area_head": [
    1272.1384369680704
  ],
  "end_surface_area_tail": [
    1207.5628817920265
  ],
  "radius_head": [
    5.069626254132028
  ],
  "radius_tail": [
    5.051018320508773
  ],
  "irregularity": [
    2.3998130376807705
  ],
  "irregularity_of_end_surface_head": [
    0.06346983719616493
  ],
  "irregularity_of_end_surface_tail": [
    0.0663740021423187
  ],
  "mean_curvature": [
    0.38887493889493546
  ],
  "fractal_dimension": [
    2.210144806555527
  ]
}