{
  "volume": [
    12297.767797470093
  ],
  "volume_endpoints": [
    2836.1581687927246
  ],
  "streamlines_count": [
    2571
  ],
  "avg_length": [
    81.10152435302734
  ],
  "std_length": [
    8.91176700592041
  ],
  "min_length": [
    57.464111328125
  ],
  "max_length": [
    106.96826171875
  ],
  "span": [
    33.49554443359375
  ],
  "curl": [
    2.421263058249862
  ],
  "diameter": [
    13.894844633781023
  ],
  "elongation": [
    5.836806851071515
  ],
  "surface_area": [
    7116.22618040007
  ],
  "end_surface_area_head": [
    1155.9024376511911
  ],
  "end_surface_area_tail": [
    1814.5731004468416
  ],
  "radius_head": [
    5.101336740516544
  ],
  "radius_tail": [
    6.021571615595574
  ],
  "irregularity": [
    2.010097661297633
  ],
  "irregularity_of_end_surface_head": [
    0.07072886319050917
  ],
  "irregularity_of_end_surface_tail": [
    0.06277621339251303
  ],
  "mean_curvature": [
    0.3826815496270919
  ],
  "fractal_dimension": [
    2.3767758917173234
  ]
}