{
  "volume": [
    7468.1623911857605
  ],
  "volume_endpoints": [
    668.356945514679
  ],
  "streamlines_count": [
    135
  ],
  "avg_length": [
    66.86722564697266
  ],
  "std_length": [
    8.043295860290527
  ],
  "min_length": [
    46.55337905883789
  ],
  "max_length": [
    89.7708740234375
  ],
  "span": [
    25.458484649658203
  ],
  "curl": [
    2.626520257083345
  ],
  "diameter": [
    11.924914764178146
  ],
  "elongation": [
    5.607354599115332
  ],
  "surface_area": [
    5282.280413400415
  ],
  "end_surface_area_head": [
    607.0102186548154
  ],
  "end_surface_area_tail": [
    716.7886624540905
  ],
  "radius_head": [
    4.057465438976202
  ],
  "radius_tail": [
    4.51046791781784
  ],
  "irregularity": [
    2.1086426750920673
  ],
  "irregularity_of_end_surface_head": [
    0.08520469554463853
  ],
  "irregularity_of_end_surface_tail": [
    0.08916654550178876
  ],
  "mean_curvature": [
    0.41263005424428867
  ],
  "fractal_dimension": [
    2.239825467387501
  ]
}