{
  "volume": [
    14645.734806060791
  ],
  "volume_endpoints": [
    2685.051381111145
  ],
  "streamlines_count": [
    2026
  ],
  "avg_length": [
    98.00785827636719
  ],
  "std_length": [
    5.92957067489624
  ],
  "min_length": [
    81.5287094116211
  ],
  "max_length": [
    116.86412048339844
  ],
  "span": [
    44.765541076660156
  ],
  "curl": [
    2.1893594027721135
  ],
  "diameter": [
    13.793681471531638
  ],
  "elongation": [
    7.10527196663506
  ],
  "surface_area": [
    8246.298395980843
  ],
  "end_surface_area_head": [
    1317.3413255913015
  ],
  "end_surface_area_tail": [
    1265.6808814504661
  ],
  "radius_head": [
    5.224609357478563
  ],
  "radius_tail": [
    5.279322551144852
  ],
  "irregularity": [
    1.941637188225793
  ],
  "irregularity_of_end_surface_head": [
    0.06509673468622174
  ],
  "irregularity_of_end_surface_tail": [
    0.06918023717127483
  ],
  "mean_curvature": [
    0.37107998869673287
  ],
  "fractal_dimension": [
    2.3453867536664177
  ]
}