{
  "volume": [
    13994.813259124756
  ],
  "volume_endpoints": [
    2655.992383480072
  ],
  "streamlines_count": [
    2263
  ],
  "avg_length": [
    95.17807006835938
  ],
  "std_length": [
    4.9886064529418945
  ],
  "min_length": [
    75.81560516357422
  ],
  "max_length": [
    112.04450225830078
  ],
  "span": [
    43.69666290283203
  ],
  "curl": [
    2.1781542055054914
  ],
  "diameter": [
    13.682648365784264
  ],
  "elongation": [
    6.956114600326057
  ],
  "surface_area": [
    7897.590398030205
  ],
  "end_surface_area_head": [
    1246.3082148976528
  ],
  "end_surface_area_tail": [
    1459.4075469785987
  ],
  "radius_head": [
    5.078590924677845
  ],
  "radius_tail": [
    5.107181007617044
  ],
  "irregularity": [
    1.9303571679097853
  ],
  "irregularity_of_end_surface_head": [
    0.06501459770491162
  ],
  "irregularity_of_end_surface_tail": [
    0.05614819318943755
  ],
  "mean_curvature": [
    0.3728786757231496
  ],
  "fractal_dimension": [
    2.3355467861763914
  ]
}