{
  "volume": [
    12042.04861831665
  ],
  "volume_endpoints": [
    2394.461404800415
  ],
  "streamlines_count": [
    3158
  ],
  "avg_length": [
    74.54657745361328
  ],
  "std_length": [
    4.901018142700195
  ],
  "min_length": [
    57.15904235839844
  ],
  "max_length": [
    90.39141082763672
  ],
  "span": [
    33.043052673339844
  ],
  "curl": [
    2.2560439009849644
  ],
  "diameter": [
    14.34139484499875
  ],
  "elongation": [
    5.198000491535855
  ],
  "surface_area": [
    6683.569960720573
  ],
  "end_surface_area_head": [
    1026.7513272991027
  ],
  "end_surface_area_tail": [
    1168.8175486863997
  ],
  "radius_head": [
    4.597937743420845
  ],
  "radius_tail": [
    5.367977425362453
  ],
  "irregularity": [
    1.9899379004970659
  ],
  "irregularity_of_end_surface_head": [
    0.06468607096955302
  ],
  "irregularity_of_end_surface_tail": [
    0.07745055081634265
  ],
  "mean_curvature": [
    0.38099988124806944
  ],
  "fractal_dimension": [
    2.3477464157940187
  ]
}