{
  "volume": [
    15122.302367210388
  ],
  "volume_endpoints": [
    2539.75639295578
  ],
  "streamlines_count": [
    1432
  ],
  "avg_length": [
    64.24653625488281
  ],
  "std_length": [
    12.987089157104492
  ],
  "min_length": [
    42.715702056884766
  ],
  "max_length": [
    111.83255767822266
  ],
  "span": [
    25.52513885498047
  ],
  "curl": [
    2.5169906663346913
  ],
  "diameter": [
    17.311677732804405
  ],
  "elongation": [
    3.711167527867052
  ],
  "surface_area": [
    7839.472398371765
  ],
  "end_surface_area_head": [
    1065.496660404729
  ],
  "end_surface_area_tail": [
    1640.2191014715224
  ],
  "radius_head": [
    4.523618033006028
  ],
  "radius_tail": [
    6.959504399176382
  ],
  "irregularity": [
    2.2436137113964887
  ],
  "irregularity_of_end_surface_head": [
    0.0603350439203508
  ],
  "irregularity_of_end_surface_tail": [
    0.09276937588316213
  ],
  "mean_curvature": [
    0.40054793433187397
  ],
  "fractal_dimension": [
    2.3756198866528924
  ]
}