{
  "volume": [
    7619.26917886734
  ],
  "volume_endpoints": [
    1673.7982635498047
  ],
  "streamlines_count": [
    2080
  ],
  "avg_length": [
    70.48975372314453
  ],
  "std_length": [
    4.674562931060791
  ],
  "min_length": [
    54.205013275146484
  ],
  "max_length": [
    86.2255859375
  ],
  "span": [
    32.323856353759766
  ],
  "curl": [
    2.1807346546676967
  ],
  "diameter": [
    11.731369696700158
  ],
  "elongation": [
    6.0086550458785855
  ],
  "surface_area": [
    4946.487526484985
  ],
  "end_surface_area_head": [
    923.4304390174319
  ],
  "end_surface_area_tail": [
    678.043329348464
  ],
  "radius_head": [
    4.35137286751301
  ],
  "radius_tail": [
    4.760480259655313
  ],
  "irregularity": [
    1.9040236179822734
  ],
  "irregularity_of_end_surface_head": [
    0.06441667223933209
  ],
  "irregularity_of_end_surface_tail": [
    0.10500112741842833
  ],
  "mean_curvature": [
    0.37171811980123703
  ],
  "fractal_dimension": [
    2.1886429431142953
  ]
}