{
  "volume": [
    12983.560141563416
  ],
  "volume_endpoints": [
    2696.674980163574
  ],
  "streamlines_count": [
    3222
  ],
  "avg_length": [
    79.53443145751953
  ],
  "std_length": [
    4.312797546386719
  ],
  "min_length": [
    68.50448608398438
  ],
  "max_length": [
    94.33110046386719
  ],
  "span": [
    36.66084671020508
  ],
  "curl": [
    2.1694652086521495
  ],
  "diameter": [
    14.416982319567037
  ],
  "elongation": [
    5.516718387701267
  ],
  "surface_area": [
    7174.34418005851
  ],
  "end_surface_area_head": [
    929.8879945350363
  ],
  "end_surface_area_tail": [
    1685.4219900947533
  ],
  "radius_head": [
    4.465039874531106
  ],
  "radius_tail": [
    5.910866771127955
  ],
  "irregularity": [
    1.9916030747853377
  ],
  "irregularity_of_end_surface_head": [
    0.067355011603913
  ],
  "irregularity_of_end_surface_tail": [
    0.06512437343487053
  ],
  "mean_curvature": [
    0.3826005134169616
  ],
  "fractal_dimension": [
    2.359501622893323
  ]
}