{
  "volume": [
    11065.666297912598
  ],
  "volume_endpoints": [
    2202.6720204353333
  ],
  "streamlines_count": [
    3582
  ],
  "avg_length": [
    65.64848327636719
  ],
  "std_length": [
    5.535019397735596
  ],
  "min_length": [
    49.29267501831055
  ],
  "max_length": [
    82.71562194824219
  ],
  "span": [
    27.647083282470703
  ],
  "curl": [
    2.374517507168317
  ],
  "diameter": [
    14.649793249115117
  ],
  "elongation": [
    4.481188379933793
  ],
  "surface_area": [
    5779.512188255955
  ],
  "end_surface_area_head": [
    904.0577724646187
  ],
  "end_surface_area_tail": [
    1013.8362162638938
  ],
  "radius_head": [
    4.373916054158054
  ],
  "radius_tail": [
    4.661040684606898
  ],
  "irregularity": [
    1.912868515081246
  ],
  "irregularity_of_end_surface_head": [
    0.06648054570105001
  ],
  "irregularity_of_end_surface_tail": [
    0.06732058157929262
  ],
  "mean_curvature": [
    0.3878895565742624
  ],
  "fractal_dimension": [
    2.4895085442649436
  ]
}