{
  "volume": [
    9560.410220623016
  ],
  "volume_endpoints": [
    1859.7758483886719
  ],
  "streamlines_count": [
    3422
  ],
  "avg_length": [
    80.86773681640625
  ],
  "std_length": [
    4.160886764526367
  ],
  "min_length": [
    69.09687805175781
  ],
  "max_length": [
    94.82572174072266
  ],
  "span": [
    40.08025360107422
  ],
  "curl": [
    2.017645337808912
  ],
  "diameter": [
    12.268901465733123
  ],
  "elongation": [
    6.591277714819762
  ],
  "surface_area": [
    5630.988411351053
  ],
  "end_surface_area_head": [
    1214.0204373096308
  ],
  "end_surface_area_tail": [
    516.6044414083535
  ],
  "radius_head": [
    5.138024687799321
  ],
  "radius_tail": [
    3.360552861524048
  ],
  "irregularity": [
    1.8065658371155409
  ],
  "irregularity_of_end_surface_head": [
    0.0683150276071772
  ],
  "irregularity_of_end_surface_tail": [
    0.06867729790129518
  ],
  "mean_curvature": [
    0.34824498179779634
  ],
  "fractal_dimension": [
    2.3436678713454357
  ]
}