{
  "volume": [
    6038.459707736969
  ],
  "volume_endpoints": [
    958.9469218254089
  ],
  "streamlines_count": [
    201
  ],
  "avg_length": [
    66.71652221679688
  ],
  "std_length": [
    12.000554084777832
  ],
  "min_length": [
    42.43041229248047
  ],
  "max_length": [
    97.86785888671875
  ],
  "span": [
    25.458139419555664
  ],
  "curl": [
    2.620636218432703
  ],
  "diameter": [
    10.734985100349249
  ],
  "elongation": [
    6.214868636811274
  ],
  "surface_area": [
    5101.468858907491
  ],
  "end_surface_area_head": [
    904.0577724646187
  ],
  "end_surface_area_tail": [
    813.6519952181568
  ],
  "radius_head": [
    4.246076886214485
  ],
  "radius_tail": [
    4.628511621051658
  ],
  "irregularity": [
    2.2673080073755916
  ],
  "irregularity_of_end_surface_head": [
    0.06265120036127879
  ],
  "irregularity_of_end_surface_tail": [
    0.08271683257527157
  ],
  "mean_curvature": [
    0.36955636739730835
  ],
  "fractal_dimension": [
    2.041385170047276
  ]
}