{
  "volume": [
    3074.441949367523
  ],
  "volume_endpoints": [
    557.9327545166016
  ],
  "streamlines_count": [
    111
  ],
  "avg_length": [
    65.26390838623047
  ],
  "std_length": [
    8.529134750366211
  ],
  "min_length": [
    45.99826431274414
  ],
  "max_length": [
    92.21273803710938
  ],
  "span": [
    29.316009521484375
  ],
  "curl": [
    2.2262207391630673
  ],
  "diameter": [
    7.744647736718047
  ],
  "elongation": [
    8.426969257337376
  ],
  "surface_area": [
    2964.0179825804285
  ],
  "end_surface_area_head": [
    716.7886624540905
  ],
  "end_surface_area_tail": [
    322.87777588022095
  ],
  "radius_head": [
    3.6653750748352243
  ],
  "radius_tail": [
    4.725815238198505
  ],
  "irregularity": [
    1.866621287572651
  ],
  "irregularity_of_end_surface_head": [
    0.05888376757372886
  ],
  "irregularity_of_end_surface_tail": [
    0.21730273697636693
  ],
  "mean_curvature": [
    0.3577513504135716
  ],
  "fractal_dimension": [
    1.9061618739616952
  ]
}