{
  "volume": [
    9845.188397407532
  ],
  "volume_endpoints": [
    2138.7422256469727
  ],
  "streamlines_count": [
    3190
  ],
  "avg_length": [
    83.29299926757812
  ],
  "std_length": [
    5.2170023918151855
  ],
  "min_length": [
    62.59502410888672
  ],
  "max_length": [
    99.84213256835938
  ],
  "span": [
    35.07994079589844
  ],
  "curl": [
    2.3743768483587857
  ],
  "diameter": [
    12.267690891857265
  ],
  "elongation": [
    6.789623247098949
  ],
  "surface_area": [
    6173.423074829825
  ],
  "end_surface_area_head": [
    1091.3268824751467
  ],
  "end_surface_area_tail": [
    1136.5297710983778
  ],
  "radius_head": [
    4.861666950439811
  ],
  "radius_tail": [
    4.962349669695337
  ],
  "irregularity": [
    1.9231131739087328
  ],
  "irregularity_of_end_surface_head": [
    0.0680401758896498
  ],
  "irregularity_of_end_surface_tail": [
    0.06806812426082501
  ],
  "mean_curvature": [
    0.35514650920341756
  ],
  "fractal_dimension": [
    2.36838833781861
  ]
}