{
  "volume": [
    12239.649802207947
  ],
  "volume_endpoints": [
    2766.4165744781494
  ],
  "streamlines_count": [
    3041
  ],
  "avg_length": [
    81.28706359863281
  ],
  "std_length": [
    5.35858678817749
  ],
  "min_length": [
    65.58221435546875
  ],
  "max_length": [
    98.88092041015625
  ],
  "span": [
    34.15834045410156
  ],
  "curl": [
    2.379713490702452
  ],
  "diameter": [
    13.846143797827139
  ],
  "elongation": [
    5.870736631479236
  ],
  "surface_area": [
    7335.78306799862
  ],
  "end_surface_area_head": [
    865.3124393589922
  ],
  "end_surface_area_tail": [
    1859.7759890700727
  ],
  "radius_head": [
    4.497303552306412
  ],
  "radius_tail": [
    6.578730852278589
  ],
  "irregularity": [
    2.0746571362452606
  ],
  "irregularity_of_end_surface_head": [
    0.07343131905264796
  ],
  "irregularity_of_end_surface_tail": [
    0.0731094428554644
  ],
  "mean_curvature": [
    0.35808773426506246
  ],
  "fractal_dimension": [
    2.3329140280215577
  ]
}