{
  "volume": [
    4114.7540645599365
  ],
  "volume_endpoints": [
    691.6041436195374
  ],
  "streamlines_count": [
    243
  ],
  "avg_length": [
    82.41617584228516
  ],
  "std_length": [
    7.0608229637146
  ],
  "min_length": [
    63.568878173828125
  ],
  "max_length": [
    100.03911590576172
  ],
  "span": [
    37.018733978271484
  ],
  "curl": [
    2.2263369647017144
  ],
  "diameter": [
    7.972981771912586
  ],
  "elongation": [
    10.336932680897737
  ],
  "surface_area": [
    3467.707312953573
  ],
  "end_surface_area_head": [
    729.7037734892994
  ],
  "end_surface_area_tail": [
    258.30222070417676
  ],
  "radius_head": [
    3.8938628467369565
  ],
  "radius_tail": [
    3.423540080436836
  ],
  "irregularity": [
    1.67980678569812
  ],
  "irregularity_of_end_surface_head": [
    0.06527766049858247
  ],
  "irregularity_of_end_surface_tail": [
    0.14255175422178357
  ],
  "mean_curvature": [
    0.354713797201345
  ],
  "fractal_dimension": [
    2.0416422977486337
  ]
}