{
  "volume": [
    7950.541751861572
  ],
  "volume_endpoints": [
    2069.0006313323975
  ],
  "streamlines_count": [
    1336
  ],
  "avg_length": [
    72.87303161621094
  ],
  "std_length": [
    6.427371025085449
  ],
  "min_length": [
    48.572696685791016
  ],
  "max_length": [
    92.9073257446289
  ],
  "span": [
    30.29977798461914
  ],
  "curl": [
    2.4050681709022075
  ],
  "diameter": [
    11.786096756151288
  ],
  "elongation": [
    6.182965669120079
  ],
  "surface_area": [
    5262.907746847602
  ],
  "end_surface_area_head": [
    1007.3786607462894
  ],
  "end_surface_area_tail": [
    1175.2751042040043
  ],
  "radius_head": [
    4.6615682600143025
  ],
  "radius_tail": [
    5.032970389221955
  ],
  "irregularity": [
    1.9504689698824687
  ],
  "irregularity_of_end_surface_head": [
    0.06776746213629418
  ],
  "irregularity_of_end_surface_tail": [
    0.06771097799846913
  ],
  "mean_curvature": [
    0.3725230587189069
  ],
  "fractal_dimension": [
    2.28820541750328
  ]
}