{
  "volume": [
    8299.249723434448
  ],
  "volume_endpoints": [
    2272.4136147499084
  ],
  "streamlines_count": [
    2870
  ],
  "avg_length": [
    73.75672912597656
  ],
  "std_length": [
    5.092684268951416
  ],
  "min_length": [
    57.51249694824219
  ],
  "max_length": [
    89.79966735839844
  ],
  "span": [
    31.264772415161133
  ],
  "curl": [
    2.359100144615476
  ],
  "diameter": [
    11.969435015083263
  ],
  "elongation": [
    6.162089441400713
  ],
  "surface_area": [
    5120.841525460304
  ],
  "end_surface_area_head": [
    942.8031055702452
  ],
  "end_surface_area_tail": [
    1084.8693269575424
  ],
  "radius_head": [
    4.79378561049744
  ],
  "radius_tail": [
    4.505592150753849
  ],
  "irregularity": [
    1.8463590657015458
  ],
  "irregularity_of_end_surface_head": [
    0.07657483738044496
  ],
  "irregularity_of_end_surface_tail": [
    0.0587863093114998
  ],
  "mean_curvature": [
    0.35799637207378493
  ],
  "fractal_dimension": [
    2.2923031364961677
  ]
}