{
  "volume": [
    9810.317600250244
  ],
  "volume_endpoints": [
    2830.34636926651
  ],
  "streamlines_count": [
    2898
  ],
  "avg_length": [
    74.30550384521484
  ],
  "std_length": [
    5.594531536102295
  ],
  "min_length": [
    59.263763427734375
  ],
  "max_length": [
    91.22074890136719
  ],
  "span": [
    33.401039123535156
  ],
  "curl": [
    2.224646471937379
  ],
  "diameter": [
    12.9654054187681
  ],
  "elongation": [
    5.731059033268158
  ],
  "surface_area": [
    5805.342410326372
  ],
  "end_surface_area_head": [
    968.6333276406629
  ],
  "end_surface_area_tail": [
    1730.6248787179843
  ],
  "radius_head": [
    4.879110769738559
  ],
  "radius_tail": [
    5.834515663091479
  ],
  "irregularity": [
    1.918098399350747
  ],
  "irregularity_of_end_surface_head": [
    0.07720969216206935
  ],
  "irregularity_of_end_surface_tail": [
    0.061795457259622655
  ],
  "mean_curvature": [
    0.36756897069323546
  ],
  "fractal_dimension": [
    2.286625859674949
  ]
}