{
  "volume": [
    11443.433267116547
  ],
  "volume_endpoints": [
    1929.517442703247
  ],
  "streamlines_count": [
    688
  ],
  "avg_length": [
    73.88544464111328
  ],
  "std_length": [
    5.061174392700195
  ],
  "min_length": [
    59.670570373535156
  ],
  "max_length": [
    87.82002258300781
  ],
  "span": [
    32.929222106933594
  ],
  "curl": [
    2.2437652611768173
  ],
  "diameter": [
    14.042802385600975
  ],
  "elongation": [
    5.2614458718633665
  ],
  "surface_area": [
    7794.269509748534
  ],
  "end_surface_area_head": [
    955.718216605454
  ],
  "end_surface_area_tail": [
    1892.0637666580947
  ],
  "radius_head": [
    4.643612058114265
  ],
  "radius_tail": [
    6.957424387508215
  ],
  "irregularity": [
    2.3911833081605653
  ],
  "irregularity_of_end_surface_head": [
    0.07088133183541648
  ],
  "irregularity_of_end_surface_tail": [
    0.08037316932792042
  ],
  "mean_curvature": [
    0.3735951297418323
  ],
  "fractal_dimension": [
    2.2823181109976987
  ]
}