{
  "volume": [
    12698.7819647789
  ],
  "volume_endpoints": [
    2069.0006313323975
  ],
  "streamlines_count": [
    803
  ],
  "avg_length": [
    81.03619384765625
  ],
  "std_length": [
    7.706440448760986
  ],
  "min_length": [
    57.15976333618164
  ],
  "max_length": [
    101.95518493652344
  ],
  "span": [
    37.13578414916992
  ],
  "curl": [
    2.182159222009255
  ],
  "diameter": [
    14.125264057138603
  ],
  "elongation": [
    5.7369684219603885
  ],
  "surface_area": [
    7568.255066632379
  ],
  "end_surface_area_head": [
    1297.968659038488
  ],
  "end_surface_area_tail": [
    1097.7844379927512
  ],
  "radius_head": [
    5.0242710838522235
  ],
  "radius_tail": [
    5.576889536173214
  ],
  "irregularity": [
    2.104603448670614
  ],
  "irregularity_of_end_surface_head": [
    0.06109867525804116
  ],
  "irregularity_of_end_surface_tail": [
    0.08900550883169774
  ],
  "mean_curvature": [
    0.3786438009139164
  ],
  "fractal_dimension": [
    2.3588772388198405
  ]
}