{
  "volume": [
    10100.907576560974
  ],
  "volume_endpoints": [
    1906.2702445983887
  ],
  "streamlines_count": [
    1398
  ],
  "avg_length": [
    75.62438201904297
  ],
  "std_length": [
    6.825038909912109
  ],
  "min_length": [
    58.97088623046875
  ],
  "max_length": [
    95.49394226074219
  ],
  "span": [
    36.240562438964844
  ],
  "curl": [
    2.08673312248967
  ],
  "diameter": [
    13.040803128747257
  ],
  "elongation": [
    5.79905863714298
  ],
  "surface_area": [
    6128.220186206594
  ],
  "end_surface_area_head": [
    1272.1384369680704
  ],
  "end_surface_area_tail": [
    690.9584403836728
  ],
  "radius_head": [
    5.078426546080523
  ],
  "radius_tail": [
    5.083715701936102
  ],
  "irregularity": [
    1.9779636723778466
  ],
  "irregularity_of_end_surface_head": [
    0.06369038122107164
  ],
  "irregularity_of_end_surface_tail": [
    0.11750611211766614
  ],
  "mean_curvature": [
    0.3732768758086858
  ],
  "fractal_dimension": [
    2.2968488318507436
  ]
}