{
  "volume": [
    9914.929991722107
  ],
  "volume_endpoints": [
    2051.5652327537537
  ],
  "streamlines_count": [
    1394
  ],
  "avg_length": [
    54.746559143066406
  ],
  "std_length": [
    6.821052074432373
  ],
  "min_length": [
    40.04484176635742
  ],
  "max_length": [
    81.02791595458984
  ],
  "span": [
    23.526918411254883
  ],
  "curl": [
    2.3269753473908668
  ],
  "diameter": [
    15.185233382635134
  ],
  "elongation": [
    3.6052497688755367
  ],
  "surface_area": [
    5191.874636153952
  ],
  "end_surface_area_head": [
    1142.987326615982
  ],
  "end_surface_area_tail": [
    1013.8362162638938
  ],
  "radius_head": [
    4.885196078157582
  ],
  "radius_tail": [
    4.436500403620514
  ],
  "irregularity": [
    1.9879068260997397
  ],
  "irregularity_of_end_surface_head": [
    0.06559525991529806
  ],
  "irregularity_of_end_surface_tail": [
    0.06099063041915774
  ],
  "mean_curvature": [
    0.4009451885391
  ],
  "fractal_dimension": [
    2.418366700432428
  ]
}