{
  "volume": [
    9920.741791248322
  ],
  "volume_endpoints": [
    2998.8885555267334
  ],
  "streamlines_count": [
    2332
  ],
  "avg_length": [
    54.368675231933594
  ],
  "std_length": [
    9.998544692993164
  ],
  "min_length": [
    33.10175704956055
  ],
  "max_length": [
    87.6029052734375
  ],
  "span": [
    26.19845962524414
  ],
  "curl": [
    2.0752622867775545
  ],
  "diameter": [
    15.242379031639414
  ],
  "elongation": [
    3.56694155939028
  ],
  "surface_area": [
    6005.5266313721095
  ],
  "end_surface_area_head": [
    1233.3931038624441
  ],
  "end_surface_area_tail": [
    1698.3371011299623
  ],
  "radius_head": [
    5.114861066976636
  ],
  "radius_tail": [
    6.902328596024704
  ],
  "irregularity": [
    2.306745683088182
  ],
  "irregularity_of_end_surface_head": [
    0.06663709255345884
  ],
  "irregularity_of_end_surface_tail": [
    0.08812867426316079
  ],
  "mean_curvature": [
    0.39728695679436826
  ],
  "fractal_dimension": [
    2.290643915956002
  ]
}