{
  "volume": [
    9130.337055683136
  ],
  "volume_endpoints": [
    1836.5286502838135
  ],
  "streamlines_count": [
    1961
  ],
  "avg_length": [
    76.50843811035156
  ],
  "std_length": [
    4.575911045074463
  ],
  "min_length": [
    58.92574691772461
  ],
  "max_length": [
    91.29672241210938
  ],
  "span": [
    33.67318344116211
  ],
  "curl": [
    2.2720880621232746
  ],
  "diameter": [
    12.326613995739839
  ],
  "elongation": [
    6.206768390475551
  ],
  "surface_area": [
    5488.922189963756
  ],
  "end_surface_area_head": [
    1123.614660063169
  ],
  "end_surface_area_tail": [
    768.4491065949259
  ],
  "radius_head": [
    4.855425352592909
  ],
  "radius_tail": [
    4.167771676441305
  ],
  "irregularity": [
    1.852610278122746
  ],
  "irregularity_of_end_surface_head": [
    0.06591542234336087
  ],
  "irregularity_of_end_surface_tail": [
    0.07101377512287345
  ],
  "mean_curvature": [
    0.3701419791264658
  ],
  "fractal_dimension": [
    2.3322104007953426
  ]
}