{
  "volume": [
    43855.83922481537
  ],
  "volume_endpoints": [
    10594.910536289215
  ],
  "streamlines_count": [
    8934
  ],
  "avg_length": [
    58.99647521972656
  ],
  "std_length": [
    11.995415687561035
  ],
  "min_length": [
    27.911470413208008
  ],
  "max_length": [
    108.49935913085938
  ],
  "span": [
    25.046693801879883
  ],
  "curl": [
    2.3554595942438747
  ],
  "diameter": [
    30.76491643252334
  ],
  "elongation": [
    1.9176543303513751
  ],
  "surface_area": [
    20715.838100474975
  ],
  "end_surface_area_head": [
    1808.1155449292373
  ],
  "end_surface_area_tail": [
    9021.205058093374
  ],
  "radius_head": [
    6.089561164551525
  ],
  "radius_tail": [
    17.904000363618078
  ],
  "irregularity": [
    3.633045446489678
  ],
  "irregularity_of_end_surface_head": [
    0.06443112087889684
  ],
  "irregularity_of_end_surface_tail": [
    0.11163116932716392
  ],
  "mean_curvature": [
    0.39946782738904385
  ],
  "fractal_dimension": [
    2.467243079433644
  ]
}