{
  "volume": [
    12291.955997943878
  ],
  "volume_endpoints": [
    2626.933385848999
  ],
  "streamlines_count": [
    1748
  ],
  "avg_length": [
    90.11485290527344
  ],
  "std_length": [
    4.919374942779541
  ],
  "min_length": [
    73.46941375732422
  ],
  "max_length": [
    106.37245178222656
  ],
  "span": [
    42.16738510131836
  ],
  "curl": [
    2.1370747246657227
  ],
  "diameter": [
    13.178542112274195
  ],
  "elongation": [
    6.837998629707493
  ],
  "surface_area": [
    7122.683735917674
  ],
  "end_surface_area_head": [
    1356.086658696928
  ],
  "end_surface_area_tail": [
    1394.8319918025545
  ],
  "radius_head": [
    5.210425305183385
  ],
  "radius_tail": [
    5.183000678831402
  ],
  "irregularity": [
    1.9091059954555438
  ],
  "irregularity_of_end_surface_head": [
    0.06289393653639559
  ],
  "irregularity_of_end_surface_tail": [
    0.060504893990696064
  ],
  "mean_curvature": [
    0.37810020368691166
  ],
  "fractal_dimension": [
    2.3882738509339476
  ]
}