{
  "volume": [
    12361.697592258453
  ],
  "volume_endpoints": [
    2743.169376373291
  ],
  "streamlines_count": [
    2433
  ],
  "avg_length": [
    79.70851135253906
  ],
  "std_length": [
    6.253640651702881
  ],
  "min_length": [
    63.406761169433594
  ],
  "max_length": [
    99.8978500366211
  ],
  "span": [
    38.11246871948242
  ],
  "curl": [
    2.0914024735373147
  ],
  "diameter": [
    14.052117343286348
  ],
  "elongation": [
    5.672348828671093
  ],
  "surface_area": [
    6799.805960037454
  ],
  "end_surface_area_head": [
    1317.3413255913015
  ],
  "end_surface_area_tail": [
    1168.8175486863997
  ],
  "radius_head": [
    5.41868664328614
  ],
  "radius_tail": [
    4.970075044034373
  ],
  "irregularity": [
    1.932414026247165
  ],
  "irregularity_of_end_surface_head": [
    0.07002282542203625
  ],
  "irregularity_of_end_surface_tail": [
    0.06639403174119618
  ],
  "mean_curvature": [
    0.3816102643930221
  ],
  "fractal_dimension": [
    2.3447126816907455
  ]
}