{
  "volume": [
    16313.721270084381
  ],
  "volume_endpoints": [
    4120.565864086151
  ],
  "streamlines_count": [
    2565
  ],
  "avg_length": [
    67.0438461303711
  ],
  "std_length": [
    6.721612930297852
  ],
  "min_length": [
    46.90803146362305
  ],
  "max_length": [
    88.57657623291016
  ],
  "span": [
    29.562896728515625
  ],
  "curl": [
    2.2678375108519826
  ],
  "diameter": [
    17.601598807057975
  ],
  "elongation": [
    3.8089634279976616
  ],
  "surface_area": [
    9344.082833973594
  ],
  "end_surface_area_head": [
    1297.968659038488
  ],
  "end_surface_area_tail": [
    3538.7404236472216
  ],
  "radius_head": [
    5.188026967839084
  ],
  "radius_tail": [
    7.896337268812677
  ],
  "irregularity": [
    2.5204365475632184
  ],
  "irregularity_of_end_surface_head": [
    0.06514635424192466
  ],
  "irregularity_of_end_surface_tail": [
    0.055354450628688386
  ],
  "mean_curvature": [
    0.39671048394188313
  ],
  "fractal_dimension": [
    2.3563065014272295
  ]
}