{
  "volume": [
    16650.805642604828
  ],
  "volume_endpoints": [
    4922.594198703766
  ],
  "streamlines_count": [
    3632
  ],
  "avg_length": [
    79.19960021972656
  ],
  "std_length": [
    6.889945030212402
  ],
  "min_length": [
    59.56552505493164
  ],
  "max_length": [
    101.35830688476562
  ],
  "span": [
    31.94338035583496
  ],
  "curl": [
    2.479374422414862
  ],
  "diameter": [
    16.361050697687627
  ],
  "elongation": [
    4.840740468515275
  ],
  "surface_area": [
    9395.743278114429
  ],
  "end_surface_area_head": [
    1369.0017697321368
  ],
  "end_surface_area_tail": [
    3448.33464640076
  ],
  "radius_head": [
    5.529405915625817
  ],
  "radius_tail": [
    7.277272765658621
  ],
  "irregularity": [
    2.3080599734217957
  ],
  "irregularity_of_end_surface_head": [
    0.07016213707547837
  ],
  "irregularity_of_end_surface_tail": [
    0.048247828730828134
  ],
  "mean_curvature": [
    0.3809354728588317
  ],
  "fractal_dimension": [
    2.352568560179446
  ]
}