{
  "volume": [
    8833.935279846191
  ],
  "volume_endpoints": [
    2493.2619967460632
  ],
  "streamlines_count": [
    1536
  ],
  "avg_length": [
    65.52542877197266
  ],
  "std_length": [
    9.715768814086914
  ],
  "min_length": [
    41.4779167175293
  ],
  "max_length": [
    95.47260284423828
  ],
  "span": [
    24.941743850708008
  ],
  "curl": [
    2.62713903102299
  ],
  "diameter": [
    13.101687309410101
  ],
  "elongation": [
    5.001296949356282
  ],
  "surface_area": [
    5372.686190646877
  ],
  "end_surface_area_head": [
    1440.0348804257856
  ],
  "end_surface_area_tail": [
    1297.968659038488
  ],
  "radius_head": [
    5.618090709064878
  ],
  "radius_tail": [
    4.997009013902458
  ],
  "irregularity": [
    1.9920695661545158
  ],
  "irregularity_of_end_surface_head": [
    0.06885799217688407
  ],
  "irregularity_of_end_surface_tail": [
    0.06043742219710215
  ],
  "mean_curvature": [
    0.4339230126158024
  ],
  "fractal_dimension": [
    2.2605900178119125
  ]
}