{
  "volume": [
    13832.082872390747
  ],
  "volume_endpoints": [
    3876.470283985138
  ],
  "streamlines_count": [
    3395
  ],
  "avg_length": [
    70.20774841308594
  ],
  "std_length": [
    6.65208101272583
  ],
  "min_length": [
    54.17770004272461
  ],
  "max_length": [
    92.33858489990234
  ],
  "span": [
    31.509000778198242
  ],
  "curl": [
    2.2281807318264497
  ],
  "diameter": [
    15.838218417000352
  ],
  "elongation": [
    4.432805923280277
  ],
  "surface_area": [
    7529.509733526753
  ],
  "end_surface_area_head": [
    1420.6622138729722
  ],
  "end_surface_area_tail": [
    2137.450876327063
  ],
  "radius_head": [
    5.3990052422679184
  ],
  "radius_tail": [
    6.5038739362591516
  ],
  "irregularity": [
    2.15538796348888
  ],
  "irregularity_of_end_surface_head": [
    0.06445944198309529
  ],
  "irregularity_of_end_surface_tail": [
    0.062172446870734484
  ],
  "mean_curvature": [
    0.3804450942244551
  ],
  "fractal_dimension": [
    2.3731111204853197
  ]
}