{
  "volume": [
    22642.77095413208
  ],
  "volume_endpoints": [
    3132.559944629669
  ],
  "streamlines_count": [
    1984
  ],
  "avg_length": [
    74.95266723632812
  ],
  "std_length": [
    13.577577590942383
  ],
  "min_length": [
    40.390380859375
  ],
  "max_length": [
    109.67829132080078
  ],
  "span": [
    28.225767135620117
  ],
  "curl": [
    2.6554696237729525
  ],
  "diameter": [
    19.61219939323933
  ],
  "elongation": [
    3.821736957363672
  ],
  "surface_area": [
    11358.840155466172
  ],
  "end_surface_area_head": [
    1498.1528800842252
  ],
  "end_surface_area_tail": [
    1678.964434577149
  ],
  "radius_head": [
    5.396659331861085
  ],
  "radius_tail": [
    6.350483768993062
  ],
  "irregularity": [
    2.4596353341228596
  ],
  "irregularity_of_end_surface_head": [
    0.06107222557572949
  ],
  "irregularity_of_end_surface_tail": [
    0.07546090281922717
  ],
  "mean_curvature": [
    0.4005502576398994
  ],
  "fractal_dimension": [
    2.4355391025946207
  ]
}