{
  "volume": [
    17784.106550216675
  ],
  "volume_endpoints": [
    5236.431373119354
  ],
  "streamlines_count": [
    3973
  ],
  "avg_length": [
    71.75238800048828
  ],
  "std_length": [
    7.158446311950684
  ],
  "min_length": [
    54.24147033691406
  ],
  "max_length": [
    94.83165740966797
  ],
  "span": [
    33.431396484375
  ],
  "curl": [
    2.146257576587432
  ],
  "diameter": [
    17.76449660903782
  ],
  "elongation": [
    4.039089290263576
  ],
  "surface_area": [
    9763.82394261788
  ],
  "end_surface_area_head": [
    1427.1197693905765
  ],
  "end_surface_area_tail": [
    3926.193754703487
  ],
  "radius_head": [
    5.4370850521269665
  ],
  "radius_tail": [
    8.295140989921572
  ],
  "irregularity": [
    2.4382644248969085
  ],
  "irregularity_of_end_surface_head": [
    0.06507612786360521
  ],
  "irregularity_of_end_surface_tail": [
    0.05505866650510871
  ],
  "mean_curvature": [
    0.38063773008008583
  ],
  "fractal_dimension": [
    2.4258098597660718
  ]
}