{
  "volume": [
    9444.174230098724
  ],
  "volume_endpoints": [
    2284.0372138023376
  ],
  "streamlines_count": [
    1498
  ],
  "avg_length": [
    66.1282730102539
  ],
  "std_length": [
    5.147512435913086
  ],
  "min_length": [
    50.06507110595703
  ],
  "max_length": [
    80.07586669921875
  ],
  "span": [
    29.715129852294922
  ],
  "curl": [
    2.225407505838201
  ],
  "diameter": [
    13.484767538203439
  ],
  "elongation": [
    4.903923840207638
  ],
  "surface_area": [
    5869.917965502417
  ],
  "end_surface_area_head": [
    1207.5628817920265
  ],
  "end_surface_area_tail": [
    1407.7471028377634
  ],
  "radius_head": [
    4.8259990785315665
  ],
  "radius_tail": [
    6.2286392910451465
  ],
  "irregularity": [
    2.0953255759740665
  ],
  "irregularity_of_end_surface_head": [
    0.06059190220531799
  ],
  "irregularity_of_end_surface_tail": [
    0.08657880605941351
  ],
  "mean_curvature": [
    0.39444253851320144
  ],
  "fractal_dimension": [
    2.2786466689592992
  ]
}