{
  "volume": [
    7119.4544196128845
  ],
  "volume_endpoints": [
    1545.9386739730835
  ],
  "streamlines_count": [
    790
  ],
  "avg_length": [
    72.49178314208984
  ],
  "std_length": [
    7.210631370544434
  ],
  "min_length": [
    50.8000602722168
  ],
  "max_length": [
    91.27751159667969
  ],
  "span": [
    25.94658088684082
  ],
  "curl": [
    2.7938857708552685
  ],
  "diameter": [
    11.182374299149405
  ],
  "elongation": [
    6.4826825862557635
  ],
  "surface_area": [
    4694.642861298413
  ],
  "end_surface_area_head": [
    929.8879945350363
  ],
  "end_surface_area_tail": [
    710.3311069364861
  ],
  "radius_head": [
    4.2214426498992985
  ],
  "radius_tail": [
    4.0175370528166265
  ],
  "irregularity": [
    1.8434437030472308
  ],
  "irregularity_of_end_surface_head": [
    0.060206172573775744
  ],
  "irregularity_of_end_surface_tail": [
    0.07138530519621261
  ],
  "mean_curvature": [
    0.37584452855436107
  ],
  "fractal_dimension": [
    2.2596899594367446
  ]
}