{
  "volume": [
    7090.3954219818115
  ],
  "volume_endpoints": [
    1633.1156668663025
  ],
  "streamlines_count": [
    1469
  ],
  "avg_length": [
    59.78721618652344
  ],
  "std_length": [
    12.1217041015625
  ],
  "min_length": [
    38.62129211425781
  ],
  "max_length": [
    91.01612854003906
  ],
  "span": [
    27.729658126831055
  ],
  "curl": [
    2.1560747670622624
  ],
  "diameter": [
    12.288139163994167
  ],
  "elongation": [
    4.865441006861942
  ],
  "surface_area": [
    4836.70908268571
  ],
  "end_surface_area_head": [
    865.3124393589922
  ],
  "end_surface_area_tail": [
    923.4304390174319
  ],
  "radius_head": [
    4.244259886746592
  ],
  "radius_tail": [
    6.81368625918768
  ],
  "irregularity": [
    2.095586732706663
  ],
  "irregularity_of_end_surface_head": [
    0.06540046914103681
  ],
  "irregularity_of_end_surface_tail": [
    0.15794647984361407
  ],
  "mean_curvature": [
    0.3740463401282864
  ],
  "fractal_dimension": [
    2.339685729726754
  ]
}