{
  "volume": [
    12570.922375202179
  ],
  "volume_endpoints": [
    2830.34636926651
  ],
  "streamlines_count": [
    3607
  ],
  "avg_length": [
    71.98589324951172
  ],
  "std_length": [
    4.856487274169922
  ],
  "min_length": [
    58.167720794677734
  ],
  "max_length": [
    88.00090789794922
  ],
  "span": [
    32.08254623413086
  ],
  "curl": [
    2.243771199585458
  ],
  "diameter": [
    14.911280249724308
  ],
  "elongation": [
    4.827613192424752
  ],
  "surface_area": [
    7297.037734892993
  ],
  "end_surface_area_head": [
    910.5153279822231
  ],
  "end_surface_area_tail": [
    1872.6911001052815
  ],
  "radius_head": [
    4.458079369446975
  ],
  "radius_tail": [
    6.756029741691007
  ],
  "irregularity": [
    2.1638860580437904
  ],
  "irregularity_of_end_surface_head": [
    0.06857379799731063
  ],
  "irregularity_of_end_surface_tail": [
    0.07657144303572898
  ],
  "mean_curvature": [
    0.37035640271079484
  ],
  "fractal_dimension": [
    2.329229069690337
  ]
}