{
  "volume": [
    7543.71578502655
  ],
  "volume_endpoints": [
    1702.8572611808777
  ],
  "streamlines_count": [
    1466
  ],
  "avg_length": [
    72.54061126708984
  ],
  "std_length": [
    7.204026222229004
  ],
  "min_length": [
    55.77225875854492
  ],
  "max_length": [
    93.0505599975586
  ],
  "span": [
    34.60052490234375
  ],
  "curl": [
    2.096517653180924
  ],
  "diameter": [
    11.506867511719093
  ],
  "elongation": [
    6.304114581419429
  ],
  "surface_area": [
    4772.133527509665
  ],
  "end_surface_area_head": [
    1020.2937717814982
  ],
  "end_surface_area_tail": [
    607.0102186548154
  ],
  "radius_head": [
    4.655132256196945
  ],
  "radius_tail": [
    4.4123369932761145
  ],
  "irregularity": [
    1.8198030590667702
  ],
  "irregularity_of_end_surface_head": [
    0.06672501582155624
  ],
  "irregularity_of_end_surface_tail": [
    0.10076071004101696
  ],
  "mean_curvature": [
    0.36821734628768443
  ],
  "fractal_dimension": [
    2.2435893793765382
  ]
}