{
  "volume": [
    8909.488673686981
  ],
  "volume_endpoints": [
    2510.697395324707
  ],
  "streamlines_count": [
    2487
  ],
  "avg_length": [
    71.92542266845703
  ],
  "std_length": [
    5.499884128570557
  ],
  "min_length": [
    55.493080139160156
  ],
  "max_length": [
    89.34732818603516
  ],
  "span": [
    34.330467224121094
  ],
  "curl": [
    2.0950901191907216
  ],
  "diameter": [
    12.558571369685394
  ],
  "elongation": [
    5.727197827777989
  ],
  "surface_area": [
    5624.530855833449
  ],
  "end_surface_area_head": [
    768.4491065949259
  ],
  "end_surface_area_tail": [
    1691.8795456123578
  ],
  "radius_head": [
    4.099608808726289
  ],
  "radius_tail": [
    5.364970215025355
  ],
  "irregularity": [
    1.9820461858433165
  ],
  "irregularity_of_end_surface_head": [
    0.06870994452682402
  ],
  "irregularity_of_end_surface_tail": [
    0.05344598225895435
  ],
  "mean_curvature": [
    0.36805057150559295
  ],
  "fractal_dimension": [
    2.2806656330275064
  ]
}