{
  "volume": [
    9752.199604988098
  ],
  "volume_endpoints": [
    2568.815390586853
  ],
  "streamlines_count": [
    3393
  ],
  "avg_length": [
    67.23001098632812
  ],
  "std_length": [
    6.521886348724365
  ],
  "min_length": [
    49.788360595703125
  ],
  "max_length": [
    87.841064453125
  ],
  "span": [
    29.744123458862305
  ],
  "curl": [
    2.2602787767241077
  ],
  "diameter": [
    13.590165922062882
  ],
  "elongation": [
    4.946960277886227
  ],
  "surface_area": [
    5585.785522727822
  ],
  "end_surface_area_head": [
    897.6002169470142
  ],
  "end_surface_area_tail": [
    1491.695324566621
  ],
  "radius_head": [
    4.44016865798334
  ],
  "radius_tail": [
    5.26266157425878
  ],
  "irregularity": [
    1.946016158757153
  ],
  "irregularity_of_end_surface_head": [
    0.06900266395367773
  ],
  "irregularity_of_end_surface_tail": [
    0.058328476042389346
  ],
  "mean_curvature": [
    0.3741306588690505
  ],
  "fractal_dimension": [
    2.4215932594435357
  ]
}