{
  "volume": [
    10902.935911178589
  ],
  "volume_endpoints": [
    2377.0260062217712
  ],
  "streamlines_count": [
    1578
  ],
  "avg_length": [
    77.130126953125
  ],
  "std_length": [
    6.7068610191345215
  ],
  "min_length": [
    56.90965270996094
  ],
  "max_length": [
    98.97357940673828
  ],
  "span": [
    35.972068786621094
  ],
  "curl": [
    2.1441671150648864
  ],
  "diameter": [
    13.415744105117694
  ],
  "elongation": [
    5.749224668328477
  ],
  "surface_area": [
    6722.3152938262
  ],
  "end_surface_area_head": [
    1168.8175486863997
  ],
  "end_surface_area_tail": [
    1427.1197693905765
  ],
  "radius_head": [
    4.814180949669405
  ],
  "radius_tail": [
    5.963663208129557
  ],
  "irregularity": [
    2.0679031434878565
  ],
  "irregularity_of_end_surface_head": [
    0.062294251107736856
  ],
  "irregularity_of_end_surface_tail": [
    0.07829169014816131
  ],
  "mean_curvature": [
    0.38105252876178997
  ],
  "fractal_dimension": [
    2.3425661261059907
  ]
}