{
  "volume": [
    11495.739462852478
  ],
  "volume_endpoints": [
    2510.697395324707
  ],
  "streamlines_count": [
    2725
  ],
  "avg_length": [
    78.17855834960938
  ],
  "std_length": [
    5.969630718231201
  ],
  "min_length": [
    61.231285095214844
  ],
  "max_length": [
    96.68109130859375
  ],
  "span": [
    33.05070114135742
  ],
  "curl": [
    2.3654130063758916
  ],
  "diameter": [
    13.68294832377506
  ],
  "elongation": [
    5.713575502859189
  ],
  "surface_area": [
    6522.131072780463
  ],
  "end_surface_area_head": [
    1175.2751042040043
  ],
  "end_surface_area_tail": [
    1188.190215239213
  ],
  "radius_head": [
    4.972674160551099
  ],
  "radius_tail": [
    4.8103839399895225
  ],
  "irregularity": [
    1.9407621127401302
  ],
  "irregularity_of_end_surface_head": [
    0.06609830781674918
  ],
  "irregularity_of_end_surface_tail": [
    0.06118195959232928
  ],
  "mean_curvature": [
    0.37729219830364263
  ],
  "fractal_dimension": [
    2.3318455164057976
  ]
}