{
  "volume": [
    20039.08476638794
  ],
  "volume_endpoints": [
    7642.5163769721985
  ],
  "streamlines_count": [
    7081
  ],
  "avg_length": [
    53.88345718383789
  ],
  "std_length": [
    7.650294780731201
  ],
  "min_length": [
    28.47173500061035
  ],
  "max_length": [
    77.35563659667969
  ],
  "span": [
    26.397844314575195
  ],
  "curl": [
    2.0412067190686063
  ],
  "diameter": [
    21.760369935292374
  ],
  "elongation": [
    2.4762197216347053
  ],
  "surface_area": [
    10745.372381293753
  ],
  "end_surface_area_head": [
    1149.4448821335866
  ],
  "end_surface_area_tail": [
    6851.466404178289
  ],
  "radius_head": [
    4.949434074305712
  ],
  "radius_tail": [
    10.42408282952354
  ],
  "irregularity": [
    2.9170902867483153
  ],
  "irregularity_of_end_surface_head": [
    0.06695342674340385
  ],
  "irregularity_of_end_surface_tail": [
    0.04982439654550951
  ],
  "mean_curvature": [
    0.3589902101743526
  ],
  "fractal_dimension": [
    2.421053363217657
  ]
}