{
  "volume": [
    8229.508129119873
  ],
  "volume_endpoints": [
    1662.1746644973755
  ],
  "streamlines_count": [
    1320
  ],
  "avg_length": [
    72.58416748046875
  ],
  "std_length": [
    5.128468036651611
  ],
  "min_length": [
    57.9974479675293
  ],
  "max_length": [
    91.24449157714844
  ],
  "span": [
    33.44780349731445
  ],
  "curl": [
    2.1700727668498945
  ],
  "diameter": [
    12.014924569543949
  ],
  "elongation": [
    6.041167138448697
  ],
  "surface_area": [
    4978.775304073007
  ],
  "end_surface_area_head": [
    1000.921105228685
  ],
  "end_surface_area_tail": [
    723.2462179716949
  ],
  "radius_head": [
    4.442621902002155
  ],
  "radius_tail": [
    4.694440433673326
  ],
  "irregularity": [
    1.8172291948857635
  ],
  "irregularity_of_end_surface_head": [
    0.06194820581484208
  ],
  "irregularity_of_end_surface_tail": [
    0.09572632073085284
  ],
  "mean_curvature": [
    0.39529509984634137
  ],
  "fractal_dimension": [
    2.395067633603689
  ]
}