{
  "volume": [
    11763.08224105835
  ],
  "volume_endpoints": [
    2737.3575768470764
  ],
  "streamlines_count": [
    3013
  ],
  "avg_length": [
    69.61177825927734
  ],
  "std_length": [
    6.280241012573242
  ],
  "min_length": [
    53.67937088012695
  ],
  "max_length": [
    89.65231323242188
  ],
  "span": [
    30.67967987060547
  ],
  "curl": [
    2.268986461164907
  ],
  "diameter": [
    14.668113504400216
  ],
  "elongation": [
    4.74578944582034
  ],
  "surface_area": [
    6347.777073805144
  ],
  "end_surface_area_head": [
    826.5671062533656
  ],
  "end_surface_area_tail": [
    1749.9975452707977
  ],
  "radius_head": [
    4.213121428009046
  ],
  "radius_tail": [
    5.896534877338853
  ],
  "irregularity": [
    1.9788587869897019
  ],
  "irregularity_of_end_surface_head": [
    0.06746518365994557
  ],
  "irregularity_of_end_surface_tail": [
    0.06241747220846738
  ],
  "mean_curvature": [
    0.3976808383917437
  ],
  "fractal_dimension": [
    2.345813811274997
  ]
}