{
  "volume": [
    15534.940133571625
  ],
  "volume_endpoints": [
    3661.4337015151978
  ],
  "streamlines_count": [
    3302
  ],
  "avg_length": [
    75.58786010742188
  ],
  "std_length": [
    6.119246006011963
  ],
  "min_length": [
    57.8989372253418
  ],
  "max_length": [
    94.82709503173828
  ],
  "span": [
    28.68659210205078
  ],
  "curl": [
    2.634954331226335
  ],
  "diameter": [
    16.176472582144637
  ],
  "elongation": [
    4.672703503411164
  ],
  "surface_area": [
    8246.298395980843
  ],
  "end_surface_area_head": [
    897.6002169470142
  ],
  "end_surface_area_tail": [
    2415.125763584053
  ],
  "radius_head": [
    4.365542934149839
  ],
  "radius_tail": [
    6.6670484738440825
  ],
  "irregularity": [
    2.1467095907645835
  ],
  "irregularity_of_end_surface_head": [
    0.0667027057828622
  ],
  "irregularity_of_end_surface_tail": [
    0.05781990148286796
  ],
  "mean_curvature": [
    0.3946551132985565
  ],
  "fractal_dimension": [
    2.414975582151057
  ]
}