{
  "volume": [
    13465.939502239227
  ],
  "volume_endpoints": [
    3184.8661403656006
  ],
  "streamlines_count": [
    2751
  ],
  "avg_length": [
    76.58683013916016
  ],
  "std_length": [
    8.687018394470215
  ],
  "min_length": [
    58.48830032348633
  ],
  "max_length": [
    104.09441375732422
  ],
  "span": [
    34.00959396362305
  ],
  "curl": [
    2.2519183916479006
  ],
  "diameter": [
    14.962230515086617
  ],
  "elongation": [
    5.118677329689356
  ],
  "surface_area": [
    7542.424844561961
  ],
  "end_surface_area_head": [
    1065.496660404729
  ],
  "end_surface_area_tail": [
    2034.129988045392
  ],
  "radius_head": [
    4.603726488022236
  ],
  "radius_tail": [
    7.793874612853331
  ],
  "irregularity": [
    2.0951285862432125
  ],
  "irregularity_of_end_surface_head": [
    0.06249090404383961
  ],
  "irregularity_of_end_surface_tail": [
    0.0938162348955028
  ],
  "mean_curvature": [
    0.3832819506238912
  ],
  "fractal_dimension": [
    2.3909465767650913
  ]
}