{
  "volume": [
    7630.892777919769
  ],
  "volume_endpoints": [
    1807.4696526527405
  ],
  "streamlines_count": [
    1620
  ],
  "avg_length": [
    80.97306823730469
  ],
  "std_length": [
    4.824813365936279
  ],
  "min_length": [
    66.65647888183594
  ],
  "max_length": [
    96.04875183105469
  ],
  "span": [
    37.99224853515625
  ],
  "curl": [
    2.131304972970368
  ],
  "diameter": [
    10.953992443905955
  ],
  "elongation": [
    7.392105540692838
  ],
  "surface_area": [
    4965.860193037798
  ],
  "end_surface_area_head": [
    1065.496660404729
  ],
  "end_surface_area_tail": [
    613.4677741724198
  ],
  "radius_head": [
    4.628339481600722
  ],
  "radius_tail": [
    3.570107924010376
  ],
  "irregularity": [
    1.7820980000343458
  ],
  "irregularity_of_end_surface_head": [
    0.06316088293143264
  ],
  "irregularity_of_end_surface_tail": [
    0.06527108150342785
  ],
  "mean_curvature": [
    0.3700170188774297
  ],
  "fractal_dimension": [
    2.3150900906583463
  ]
}