{
  "volume": [
    9728.95240688324
  ],
  "volume_endpoints": [
    2324.71981048584
  ],
  "streamlines_count": [
    2229
  ],
  "avg_length": [
    64.53557586669922
  ],
  "std_length": [
    7.955069065093994
  ],
  "min_length": [
    44.407649993896484
  ],
  "max_length": [
    89.2713623046875
  ],
  "span": [
    25.97858238220215
  ],
  "curl": [
    2.4841838910699128
  ],
  "diameter": [
    13.854424933497807
  ],
  "elongation": [
    4.6581201440315585
  ],
  "surface_area": [
    5611.6157447982405
  ],
  "end_surface_area_head": [
    968.6333276406629
  ],
  "end_surface_area_tail": [
    1110.69954902796
  ],
  "radius_head": [
    4.516518839173562
  ],
  "radius_tail": [
    5.019433021091278
  ],
  "irregularity": [
    1.997792409718658
  ],
  "irregularity_of_end_surface_head": [
    0.06616039922789947
  ],
  "irregularity_of_end_surface_tail": [
    0.07126275433378183
  ],
  "mean_curvature": [
    0.38707266180383726
  ],
  "fractal_dimension": [
    2.3056652947508796
  ]
}