{
  "volume": [
    11251.643882751465
  ],
  "volume_endpoints": [
    2022.5062351226807
  ],
  "streamlines_count": [
    1882
  ],
  "avg_length": [
    83.88343811035156
  ],
  "std_length": [
    4.600400924682617
  ],
  "min_length": [
    72.64075469970703
  ],
  "max_length": [
    98.74884796142578
  ],
  "span": [
    38.559051513671875
  ],
  "curl": [
    2.1754538770386773
  ],
  "diameter": [
    13.068475775519484
  ],
  "elongation": [
    6.418762183994415
  ],
  "surface_area": [
    6606.079294509321
  ],
  "end_surface_area_head": [
    994.4635497110805
  ],
  "end_surface_area_tail": [
    1059.0391048871247
  ],
  "radius_head": [
    4.44825452375707
  ],
  "radius_tail": [
    4.757749715361564
  ],
  "irregularity": [
    1.9181949795753872
  ],
  "irregularity_of_end_surface_head": [
    0.06250867042002724
  ],
  "irregularity_of_end_surface_tail": [
    0.06714923354628835
  ],
  "mean_curvature": [
    0.37551112202224773
  ],
  "fractal_dimension": [
    2.2876876187059367
  ]
}