{
  "volume": [
    14831.712390899658
  ],
  "volume_endpoints": [
    3248.795935153961
  ],
  "streamlines_count": [
    3857
  ],
  "avg_length": [
    70.06455993652344
  ],
  "std_length": [
    6.520236015319824
  ],
  "min_length": [
    53.826393127441406
  ],
  "max_length": [
    90.70903778076172
  ],
  "span": [
    28.70990562438965
  ],
  "curl": [
    2.440431565786903
  ],
  "diameter": [
    16.417291431664896
  ],
  "elongation": [
    4.267729559906954
  ],
  "surface_area": [
    7723.236399054886
  ],
  "end_surface_area_head": [
    858.8548838413877
  ],
  "end_surface_area_tail": [
    2169.738653915085
  ],
  "radius_head": [
    4.318499920842569
  ],
  "radius_tail": [
    7.195365022802915
  ],
  "irregularity": [
    2.1372215732271753
  ],
  "irregularity_of_end_surface_head": [
    0.06821751814025269
  ],
  "irregularity_of_end_surface_tail": [
    0.07496319841608284
  ],
  "mean_curvature": [
    0.38081962900950495
  ],
  "fractal_dimension": [
    2.356743628200307
  ]
}