{
  "volume": [
    18045.63752889633
  ],
  "volume_endpoints": [
    2987.264956474304
  ],
  "streamlines_count": [
    4147
  ],
  "avg_length": [
    55.18672561645508
  ],
  "std_length": [
    7.7718706130981445
  ],
  "min_length": [
    37.33843231201172
  ],
  "max_length": [
    80.03216552734375
  ],
  "span": [
    24.46721649169922
  ],
  "curl": [
    2.255537553083646
  ],
  "diameter": [
    20.404401505172903
  ],
  "elongation": [
    2.70464809283743
  ],
  "surface_area": [
    7975.081064241457
  ],
  "end_surface_area_head": [
    910.5153279822231
  ],
  "end_surface_area_tail": [
    1879.148655622886
  ],
  "radius_head": [
    4.550917730306992
  ],
  "radius_tail": [
    7.742143916686542
  ],
  "irregularity": [
    2.254378043038259
  ],
  "irregularity_of_end_surface_head": [
    0.07145959994727957
  ],
  "irregularity_of_end_surface_tail": [
    0.10021003531283126
  ],
  "mean_curvature": [
    0.4049672368911194
  ],
  "fractal_dimension": [
    2.4870445327935022
  ]
}