{
  "volume": [
    9083.84265947342
  ],
  "volume_endpoints": [
    2092.247829437256
  ],
  "streamlines_count": [
    2270
  ],
  "avg_length": [
    70.90455627441406
  ],
  "std_length": [
    4.988862991333008
  ],
  "min_length": [
    58.50223922729492
  ],
  "max_length": [
    87.7439193725586
  ],
  "span": [
    34.16956329345703
  ],
  "curl": [
    2.075079381772235
  ],
  "diameter": [
    12.77182000007688
  ],
  "elongation": [
    5.551640742978467
  ],
  "surface_area": [
    5501.837300998965
  ],
  "end_surface_area_head": [
    955.718216605454
  ],
  "end_surface_area_tail": [
    1046.1239938519159
  ],
  "radius_head": [
    4.422726597455029
  ],
  "radius_tail": [
    4.363011845178313
  ],
  "irregularity": [
    1.933886305394819
  ],
  "irregularity_of_end_surface_head": [
    0.06429840427332684
  ],
  "irregularity_of_end_surface_tail": [
    0.05716622227955356
  ],
  "mean_curvature": [
    0.3782287274294488
  ],
  "fractal_dimension": [
    2.329487544376813
  ]
}