{
  "volume": [
    8525.909904956818
  ],
  "volume_endpoints": [
    1702.8572611808777
  ],
  "streamlines_count": [
    1360
  ],
  "avg_length": [
    79.11298370361328
  ],
  "std_length": [
    5.107499122619629
  ],
  "min_length": [
    62.52788543701172
  ],
  "max_length": [
    95.15794372558594
  ],
  "span": [
    35.296958923339844
  ],
  "curl": [
    2.2413541029252926
  ],
  "diameter": [
    11.71390093455983
  ],
  "elongation": [
    6.753769230726903
  ],
  "surface_area": [
    5443.719301340525
  ],
  "end_surface_area_head": [
    1084.8693269575424
  ],
  "end_surface_area_tail": [
    607.0102186548154
  ],
  "radius_head": [
    4.453850910773689
  ],
  "radius_tail": [
    3.983886653570757
  ],
  "irregularity": [
    1.8698059597832781
  ],
  "irregularity_of_end_surface_head": [
    0.05744388351677403
  ],
  "irregularity_of_end_surface_tail": [
    0.08214248136498459
  ],
  "mean_curvature": [
    0.37614813755978554
  ],
  "fractal_dimension": [
    2.3003348685254856
  ]
}