{
  "volume": [
    10100.907576560974
  ],
  "volume_endpoints": [
    2115.4950275421143
  ],
  "streamlines_count": [
    2018
  ],
  "avg_length": [
    82.92524719238281
  ],
  "std_length": [
    3.9677114486694336
  ],
  "min_length": [
    70.56484985351562
  ],
  "max_length": [
    95.08783721923828
  ],
  "span": [
    38.36682891845703
  ],
  "curl": [
    2.1613787099431137
  ],
  "diameter": [
    12.453512774702288
  ],
  "elongation": [
    6.658783645433344
  ],
  "surface_area": [
    6057.187075512945
  ],
  "end_surface_area_head": [
    988.0059941934761
  ],
  "end_surface_area_tail": [
    1020.2937717814982
  ],
  "radius_head": [
    4.43142693358515
  ],
  "radius_tail": [
    4.815912460815998
  ],
  "irregularity": [
    1.8669920512564617
  ],
  "irregularity_of_end_surface_head": [
    0.062442096935819674
  ],
  "irregularity_of_end_surface_tail": [
    0.07141374448937499
  ],
  "mean_curvature": [
    0.37170763129167206
  ],
  "fractal_dimension": [
    2.2783131874097373
  ]
}