{
  "volume": [
    11303.950078487396
  ],
  "volume_endpoints": [
    2382.837805747986
  ],
  "streamlines_count": [
    2010
  ],
  "avg_length": [
    55.063209533691406
  ],
  "std_length": [
    12.908079147338867
  ],
  "min_length": [
    26.341238021850586
  ],
  "max_length": [
    93.0313720703125
  ],
  "span": [
    24.00168228149414
  ],
  "curl": [
    2.294139589379801
  ],
  "diameter": [
    16.167371348401723
  ],
  "elongation": [
    3.405823268798416
  ],
  "surface_area": [
    6573.791516921298
  ],
  "end_surface_area_head": [
    975.0908831582673
  ],
  "end_surface_area_tail": [
    1620.8464349187093
  ],
  "radius_head": [
    4.43605072115212
  ],
  "radius_tail": [
    8.795294835980895
  ],
  "irregularity": [
    2.350526317859972
  ],
  "irregularity_of_end_surface_head": [
    0.06340124455751578
  ],
  "irregularity_of_end_surface_tail": [
    0.14993699670452632
  ],
  "mean_curvature": [
    0.41395693538497336
  ],
  "fractal_dimension": [
    2.346618451522826
  ]
}