{
  "volume": [
    11338.820875644684
  ],
  "volume_endpoints": [
    2487.4501972198486
  ],
  "streamlines_count": [
    2810
  ],
  "avg_length": [
    70.57608795166016
  ],
  "std_length": [
    4.776965618133545
  ],
  "min_length": [
    58.63921356201172
  ],
  "max_length": [
    87.25971984863281
  ],
  "span": [
    31.847753524780273
  ],
  "curl": [
    2.2160460359235676
  ],
  "diameter": [
    14.30244267601821
  ],
  "elongation": [
    4.934547863631675
  ],
  "surface_area": [
    6231.541074488265
  ],
  "end_surface_area_head": [
    994.4635497110805
  ],
  "end_surface_area_tail": [
    1330.2564366265103
  ],
  "radius_head": [
    4.526319968446572
  ],
  "radius_tail": [
    6.102943816685845
  ],
  "irregularity": [
    1.965068942762841
  ],
  "irregularity_of_end_surface_head": [
    0.06472193690632452
  ],
  "irregularity_of_end_surface_tail": [
    0.08796162572315289
  ],
  "mean_curvature": [
    0.37544204887546256
  ],
  "fractal_dimension": [
    2.3752194024258118
  ]
}