{
  "volume": [
    13024.242738246918
  ],
  "volume_endpoints": [
    2347.9670085906982
  ],
  "streamlines_count": [
    2530
  ],
  "avg_length": [
    81.22348022460938
  ],
  "std_length": [
    4.228808403015137
  ],
  "min_length": [
    68.18125915527344
  ],
  "max_length": [
    95.70498657226562
  ],
  "span": [
    37.00358963012695
  ],
  "curl": [
    2.195016241302174
  ],
  "diameter": [
    14.288627129373642
  ],
  "elongation": [
    5.684484554687228
  ],
  "surface_area": [
    7213.089513164136
  ],
  "end_surface_area_head": [
    1020.2937717814982
  ],
  "end_surface_area_tail": [
    1246.3082148976528
  ],
  "radius_head": [
    4.529488962052397
  ],
  "radius_tail": [
    5.647800346326298
  ],
  "irregularity": [
    1.9783328016786932
  ],
  "irregularity_of_end_surface_head": [
    0.0631717704274792
  ],
  "irregularity_of_end_surface_tail": [
    0.08040500559019843
  ],
  "mean_curvature": [
    0.3723866309337465
  ],
  "fractal_dimension": [
    2.3796359329387147
  ]
}