{
  "volume": [
    15436.139541625977
  ],
  "volume_endpoints": [
    2911.7115626335144
  ],
  "streamlines_count": [
    2467
  ],
  "avg_length": [
    79.37297058105469
  ],
  "std_length": [
    5.950623035430908
  ],
  "min_length": [
    62.278690338134766
  ],
  "max_length": [
    99.39920043945312
  ],
  "span": [
    34.80801010131836
  ],
  "curl": [
    2.2803076174138557
  ],
  "diameter": [
    15.735773295618047
  ],
  "elongation": [
    5.044109945531418
  ],
  "surface_area": [
    8265.671062533656
  ],
  "end_surface_area_head": [
    910.5153279822231
  ],
  "end_surface_area_tail": [
    2034.129988045392
  ],
  "radius_head": [
    4.42566658513697
  ],
  "radius_tail": [
    7.4133259246220895
  ],
  "irregularity": [
    2.1065293823211855
  ],
  "irregularity_of_end_surface_head": [
    0.06758028150372686
  ],
  "irregularity_of_end_surface_tail": [
    0.08487843406673837
  ],
  "mean_curvature": [
    0.3789724401244762
  ],
  "fractal_dimension": [
    2.3597888829929343
  ]
}