{
  "volume": [
    19818.236384391785
  ],
  "volume_endpoints": [
    4341.414246082306
  ],
  "streamlines_count": [
    9210
  ],
  "avg_length": [
    62.79232406616211
  ],
  "std_length": [
    8.76138687133789
  ],
  "min_length": [
    43.59373092651367
  ],
  "max_length": [
    106.3436279296875
  ],
  "span": [
    27.7607364654541
  ],
  "curl": [
    2.261911320123004
  ],
  "diameter": [
    20.046302642933043
  ],
  "elongation": [
    3.132364365869653
  ],
  "surface_area": [
    9744.451276065069
  ],
  "end_surface_area_head": [
    1517.5255466370386
  ],
  "end_surface_area_tail": [
    1653.1342125067313
  ],
  "radius_head": [
    5.61418153264198
  ],
  "radius_tail": [
    5.770792793103448
  ],
  "irregularity": [
    2.4641473587826317
  ],
  "irregularity_of_end_surface_head": [
    0.06525093878406889
  ],
  "irregularity_of_end_surface_tail": [
    0.0632867393006848
  ],
  "mean_curvature": [
    0.38963780271437476
  ],
  "fractal_dimension": [
    2.4604504884504177
  ]
}