{
  "volume": [
    7189.19601392746
  ],
  "volume_endpoints": [
    1278.595895767212
  ],
  "streamlines_count": [
    589
  ],
  "avg_length": [
    82.90010833740234
  ],
  "std_length": [
    5.2048659324646
  ],
  "min_length": [
    68.47042846679688
  ],
  "max_length": [
    98.34907531738281
  ],
  "span": [
    38.01681137084961
  ],
  "curl": [
    2.1806170835507834
  ],
  "diameter": [
    10.507942138193298
  ],
  "elongation": [
    7.889281007371051
  ],
  "surface_area": [
    5069.181081319469
  ],
  "end_surface_area_head": [
    962.1757721230584
  ],
  "end_surface_area_tail": [
    471.4015527851226
  ],
  "radius_head": [
    4.285898032285257
  ],
  "radius_tail": [
    3.8330701795975375
  ],
  "irregularity": [
    1.8523163573276091
  ],
  "irregularity_of_end_surface_head": [
    0.059976224618107754
  ],
  "irregularity_of_end_surface_tail": [
    0.09791571635540924
  ],
  "mean_curvature": [
    0.375963524161049
  ],
  "fractal_dimension": [
    2.2517668769874537
  ]
}