{
  "volume": [
    2917.523362159729
  ],
  "volume_endpoints": [
    1848.1522493362427
  ],
  "streamlines_count": [
    3079
  ],
  "avg_length": [
    24.032949447631836
  ],
  "std_length": [
    2.809570789337158
  ],
  "min_length": [
    20.053403854370117
  ],
  "max_length": [
    32.94145965576172
  ],
  "span": [
    11.770325660705566
  ],
  "curl": [
    2.0418253615415423
  ],
  "diameter": [
    12.4325064732229
  ],
  "elongation": [
    1.9330735519337103
  ],
  "surface_area": [
    1924.3515442461169
  ],
  "end_surface_area_head": [
    1136.5297710983778
  ],
  "end_surface_area_tail": [
    348.7079979506386
  ],
  "radius_head": [
    4.7375232471933995
  ],
  "radius_tail": [
    2.766803934075952
  ],
  "irregularity": [
    2.050070390257813
  ],
  "irregularity_of_end_surface_head": [
    0.062039996467577095
  ],
  "irregularity_of_end_surface_tail": [
    0.06896753965979263
  ],
  "mean_curvature": [
    0.39664989183788446
  ],
  "fractal_dimension": [
    2.2880644005007853
  ]
}