{
  "volume": [
    8043.530544281006
  ],
  "volume_endpoints": [
    1848.1522493362427
  ],
  "streamlines_count": [
    2284
  ],
  "avg_length": [
    77.28163146972656
  ],
  "std_length": [
    4.51617956161499
  ],
  "min_length": [
    67.11775207519531
  ],
  "max_length": [
    91.86309051513672
  ],
  "span": [
    37.784034729003906
  ],
  "curl": [
    2.045351483080323
  ],
  "diameter": [
    11.511721548108241
  ],
  "elongation": [
    6.713299235632268
  ],
  "surface_area": [
    5275.82285788281
  ],
  "end_surface_area_head": [
    703.8735514188817
  ],
  "end_surface_area_tail": [
    1272.1384369680704
  ],
  "radius_head": [
    3.8326382308516527
  ],
  "radius_tail": [
    5.651477929971158
  ],
  "irregularity": [
    1.887660006471711
  ],
  "irregularity_of_end_surface_head": [
    0.06556180185909535
  ],
  "irregularity_of_end_surface_tail": [
    0.07887503587659318
  ],
  "mean_curvature": [
    0.3604326531708554
  ],
  "fractal_dimension": [
    2.2340139872578453
  ]
}