{
  "volume": [
    2853.5935673713684
  ],
  "volume_endpoints": [
    1615.6802682876587
  ],
  "streamlines_count": [
    3035
  ],
  "avg_length": [
    24.214738845825195
  ],
  "std_length": [
    3.1745810508728027
  ],
  "min_length": [
    20.0653018951416
  ],
  "max_length": [
    35.56940460205078
  ],
  "span": [
    11.515592575073242
  ],
  "curl": [
    2.1027783579492594
  ],
  "diameter": [
    12.249298647117676
  ],
  "elongation": [
    1.9768265550063187
  ],
  "surface_area": [
    2034.129988045392
  ],
  "end_surface_area_head": [
    871.7699948765966
  ],
  "end_surface_area_tail": [
    645.7555517604419
  ],
  "radius_head": [
    4.3313034105529375
  ],
  "radius_tail": [
    3.669583436921993
  ],
  "irregularity": [
    2.182919985131089
  ],
  "irregularity_of_end_surface_head": [
    0.06760598899331462
  ],
  "irregularity_of_end_surface_tail": [
    0.06551115522414006
  ],
  "mean_curvature": [
    0.4065751936869723
  ],
  "fractal_dimension": [
    2.278015628632349
  ]
}