{
  "volume": [
    6590.580662727356
  ],
  "volume_endpoints": [
    1859.7758483886719
  ],
  "streamlines_count": [
    1615
  ],
  "avg_length": [
    59.258121490478516
  ],
  "std_length": [
    6.767409324645996
  ],
  "min_length": [
    44.07695770263672
  ],
  "max_length": [
    82.34969329833984
  ],
  "span": [
    23.47091293334961
  ],
  "curl": [
    2.5247471906505683
  ],
  "diameter": [
    11.899890337034332
  ],
  "elongation": [
    4.979719964818324
  ],
  "surface_area": [
    4339.47730783017
  ],
  "end_surface_area_head": [
    1123.614660063169
  ],
  "end_surface_area_tail": [
    858.8548838413877
  ],
  "radius_head": [
    5.031185813421002
  ],
  "radius_tail": [
    4.284805161508337
  ],
  "irregularity": [
    1.9588298332827887
  ],
  "irregularity_of_end_surface_head": [
    0.07077391009670887
  ],
  "irregularity_of_end_surface_tail": [
    0.06715714732620753
  ],
  "mean_curvature": [
    0.40001721312018
  ],
  "fractal_dimension": [
    2.288174854069989
  ]
}