{
  "volume": [
    13274.150117874146
  ],
  "volume_endpoints": [
    2388.6496052742004
  ],
  "streamlines_count": [
    1238
  ],
  "avg_length": [
    74.98538208007812
  ],
  "std_length": [
    11.253849029541016
  ],
  "min_length": [
    35.315277099609375
  ],
  "max_length": [
    119.24320983886719
  ],
  "span": [
    27.399150848388672
  ],
  "curl": [
    2.736777591940882
  ],
  "diameter": [
    15.013091011165969
  ],
  "elongation": [
    4.994666456381823
  ],
  "surface_area": [
    8472.312839096998
  ],
  "end_surface_area_head": [
    1136.5297710983778
  ],
  "end_surface_area_tail": [
    1601.473768365896
  ],
  "radius_head": [
    4.658918228855054
  ],
  "radius_tail": [
    7.941836686783745
  ],
  "irregularity": [
    2.3955507998429124
  ],
  "irregularity_of_end_surface_head": [
    0.05999833965217582
  ],
  "irregularity_of_end_surface_tail": [
    0.12372912667102212
  ],
  "mean_curvature": [
    0.38304945638761384
  ],
  "fractal_dimension": [
    2.31077550581166
  ]
}