{
  "volume": [
    7415.856195449829
  ],
  "volume_endpoints": [
    1447.1380820274353
  ],
  "streamlines_count": [
    2449
  ],
  "avg_length": [
    69.38433837890625
  ],
  "std_length": [
    4.650396823883057
  ],
  "min_length": [
    56.527679443359375
  ],
  "max_length": [
    85.13856506347656
  ],
  "span": [
    33.910301208496094
  ],
  "curl": [
    2.0461138918318507
  ],
  "diameter": [
    11.66554365993197
  ],
  "elongation": [
    5.947801525720823
  ],
  "surface_area": [
    4584.864417499138
  ],
  "end_surface_area_head": [
    639.2979962428375
  ],
  "end_surface_area_tail": [
    794.2793286653435
  ],
  "radius_head": [
    3.7224426083861992
  ],
  "radius_tail": [
    5.018046696585077
  ],
  "irregularity": [
    1.8030600455150976
  ],
  "irregularity_of_end_surface_head": [
    0.06809301289922524
  ],
  "irregularity_of_end_surface_tail": [
    0.09959694322013204
  ],
  "mean_curvature": [
    0.35984461838832044
  ],
  "fractal_dimension": [
    2.257921777495249
  ]
}