{
  "volume": [
    8084.213140964508
  ],
  "volume_endpoints": [
    1214.6661009788513
  ],
  "streamlines_count": [
    580
  ],
  "avg_length": [
    74.77392578125
  ],
  "std_length": [
    3.821258544921875
  ],
  "min_length": [
    66.59864807128906
  ],
  "max_length": [
    86.32218933105469
  ],
  "span": [
    36.62480926513672
  ],
  "curl": [
    2.041619527352121
  ],
  "diameter": [
    11.732723761178555
  ],
  "elongation": [
    6.37310886229703
  ],
  "surface_area": [
    5372.686190646877
  ],
  "end_surface_area_head": [
    729.7037734892994
  ],
  "end_surface_area_tail": [
    787.8217731477391
  ],
  "radius_head": [
    3.8013312643569366
  ],
  "radius_tail": [
    5.1178958937035155
  ],
  "irregularity": [
    1.9493623507691742
  ],
  "irregularity_of_end_surface_head": [
    0.06221207912212718
  ],
  "irregularity_of_end_surface_tail": [
    0.10444912068187387
  ],
  "mean_curvature": [
    0.36248946713990177
  ],
  "fractal_dimension": [
    2.251460479806058
  ]
}