{
  "volume": [
    7578.586582183838
  ],
  "volume_endpoints": [
    1673.7982635498047
  ],
  "streamlines_count": [
    2365
  ],
  "avg_length": [
    75.46928405761719
  ],
  "std_length": [
    4.313433647155762
  ],
  "min_length": [
    63.84143829345703
  ],
  "max_length": [
    89.78533935546875
  ],
  "span": [
    34.20072937011719
  ],
  "curl": [
    2.2066571516909903
  ],
  "diameter": [
    11.307433767914716
  ],
  "elongation": [
    6.674306974210561
  ],
  "surface_area": [
    4804.421305097688
  ],
  "end_surface_area_head": [
    781.3642176301347
  ],
  "end_surface_area_tail": [
    845.9397728061789
  ],
  "radius_head": [
    4.2884773803029725
  ],
  "radius_tail": [
    4.284465466062286
  ],
  "irregularity": [
    1.7920780844630813
  ],
  "irregularity_of_end_surface_head": [
    0.07394394230927914
  ],
  "irregularity_of_end_surface_tail": [
    0.06817163682942927
  ],
  "mean_curvature": [
    0.3571836234777221
  ],
  "fractal_dimension": [
    2.2563993561007503
  ]
}