{
  "volume": [
    10926.183109283447
  ],
  "volume_endpoints": [
    2464.2029991149902
  ],
  "streamlines_count": [
    2591
  ],
  "avg_length": [
    66.64685821533203
  ],
  "std_length": [
    8.57105541229248
  ],
  "min_length": [
    43.52713394165039
  ],
  "max_length": [
    90.46443176269531
  ],
  "span": [
    28.353689193725586
  ],
  "curl": [
    2.3505533181227216
  ],
  "diameter": [
    14.447724644105492
  ],
  "elongation": [
    4.61296569924062
  ],
  "surface_area": [
    6380.0648513931665
  ],
  "end_surface_area_head": [
    994.4635497110805
  ],
  "end_surface_area_tail": [
    1685.4219900947533
  ],
  "radius_head": [
    4.78750384351516
  ],
  "radius_tail": [
    6.943389425778271
  ],
  "irregularity": [
    2.1090947145610626
  ],
  "irregularity_of_end_surface_head": [
    0.07240678668505614
  ],
  "irregularity_of_end_surface_tail": [
    0.08986369340151022
  ],
  "mean_curvature": [
    0.39204004768099576
  ],
  "fractal_dimension": [
    2.312610991934009
  ]
}