{
  "volume": [
    10193.896368980408
  ],
  "volume_endpoints": [
    2336.343409538269
  ],
  "streamlines_count": [
    1768
  ],
  "avg_length": [
    77.95135498046875
  ],
  "std_length": [
    6.794975280761719
  ],
  "min_length": [
    60.20925521850586
  ],
  "max_length": [
    98.6607894897461
  ],
  "span": [
    32.68614959716797
  ],
  "curl": [
    2.3848436093317855
  ],
  "diameter": [
    12.903672504179642
  ],
  "elongation": [
    6.041020876438041
  ],
  "surface_area": [
    6457.555517604419
  ],
  "end_surface_area_head": [
    962.1757721230584
  ],
  "end_surface_area_tail": [
    1472.3226580138075
  ],
  "radius_head": [
    4.628091175766612
  ],
  "radius_tail": [
    5.499937858172379
  ],
  "irregularity": [
    2.04353121124234
  ],
  "irregularity_of_end_surface_head": [
    0.06993575505000829
  ],
  "irregularity_of_end_surface_tail": [
    0.06454497578949242
  ],
  "mean_curvature": [
    0.38060479022865923
  ],
  "fractal_dimension": [
    2.3088044368588587
  ]
}