{
  "volume": [
    8537.533504009247
  ],
  "volume_endpoints": [
    2330.5316100120544
  ],
  "streamlines_count": [
    1735
  ],
  "avg_length": [
    74.50753784179688
  ],
  "std_length": [
    7.660831928253174
  ],
  "min_length": [
    54.884212493896484
  ],
  "max_length": [
    96.00481414794922
  ],
  "span": [
    36.64131164550781
  ],
  "curl": [
    2.0334298772552653
  ],
  "diameter": [
    12.07872695051902
  ],
  "elongation": [
    6.168492602491963
  ],
  "surface_area": [
    5411.431523752503
  ],
  "end_surface_area_head": [
    1071.9542159223336
  ],
  "end_surface_area_tail": [
    1601.473768365896
  ],
  "radius_head": [
    4.609809513944945
  ],
  "radius_tail": [
    6.352017600200805
  ],
  "irregularity": [
    1.9139955279865912
  ],
  "irregularity_of_end_surface_head": [
    0.062278708208704396
  ],
  "irregularity_of_end_surface_tail": [
    0.0791504573705455
  ],
  "mean_curvature": [
    0.3674951332790364
  ],
  "fractal_dimension": [
    2.3007139574923094
  ]
}