{
  "volume": [
    16528.75785255432
  ],
  "volume_endpoints": [
    4765.675611495972
  ],
  "streamlines_count": [
    3169
  ],
  "avg_length": [
    68.57041931152344
  ],
  "std_length": [
    5.253626346588135
  ],
  "min_length": [
    51.626548767089844
  ],
  "max_length": [
    85.07670593261719
  ],
  "span": [
    31.610599517822266
  ],
  "curl": [
    2.169222360773733
  ],
  "diameter": [
    17.51889724570713
  ],
  "elongation": [
    3.9140830812467997
  ],
  "surface_area": [
    9628.21527674819
  ],
  "end_surface_area_head": [
    1343.1715476617192
  ],
  "end_surface_area_tail": [
    3822.872866421816
  ],
  "radius_head": [
    5.439155206003505
  ],
  "radius_tail": [
    7.739925303417248
  ],
  "irregularity": [
    2.5512460705997997
  ],
  "irregularity_of_end_surface_head": [
    0.0691960481535254
  ],
  "irregularity_of_end_surface_tail": [
    0.04923042173111886
  ],
  "mean_curvature": [
    0.38276632041275105
  ],
  "fractal_dimension": [
    2.3492229913467613
  ]
}