{
  "volume": [
    3911.3410811424255
  ],
  "volume_endpoints": [
    645.1097474098206
  ],
  "streamlines_count": [
    1077
  ],
  "avg_length": [
    67.19204711914062
  ],
  "std_length": [
    3.4558284282684326
  ],
  "min_length": [
    56.932861328125
  ],
  "max_length": [
    77.03822326660156
  ],
  "span": [
    32.71809005737305
  ],
  "curl": [
    2.0536665496462514
  ],
  "diameter": [
    8.609124088918422
  ],
  "elongation": [
    7.804748360594494
  ],
  "surface_area": [
    3041.5086487916815
  ],
  "end_surface_area_head": [
    523.0619969259579
  ],
  "end_surface_area_tail": [
    290.58999829219886
  ],
  "radius_head": [
    3.492008862613009
  ],
  "radius_tail": [
    2.5247991115692576
  ],
  "irregularity": [
    1.6736411394297364
  ],
  "irregularity_of_end_surface_head": [
    0.07323983879300884
  ],
  "irregularity_of_end_surface_tail": [
    0.06891644517343908
  ],
  "mean_curvature": [
    0.3390667689211853
  ],
  "fractal_dimension": [
    2.0309049538112065
  ]
}