{
  "volume": [
    3277.854932785034
  ],
  "volume_endpoints": [
    616.0507497787476
  ],
  "streamlines_count": [
    1986
  ],
  "avg_length": [
    46.886878967285156
  ],
  "std_length": [
    2.927711009979248
  ],
  "min_length": [
    38.87160110473633
  ],
  "max_length": [
    54.686676025390625
  ],
  "span": [
    23.172531127929688
  ],
  "curl": [
    2.0233818527822685
  ],
  "diameter": [
    9.43461671565377
  ],
  "elongation": [
    4.969664415671617
  ],
  "surface_area": [
    2395.7530970312396
  ],
  "end_surface_area_head": [
    135.6086658696928
  ],
  "end_surface_area_tail": [
    561.8073300315845
  ],
  "radius_head": [
    1.903014083496805
  ],
  "radius_tail": [
    3.6183114850367017
  ],
  "irregularity": [
    1.7239179798467725
  ],
  "irregularity_of_end_surface_head": [
    0.08389700048067356
  ],
  "irregularity_of_end_surface_tail": [
    0.07321066855893864
  ],
  "mean_curvature": [
    0.32868897878871584
  ],
  "fractal_dimension": [
    2.114952546946408
  ]
}