{
  "volume": [
    3469.644317150116
  ],
  "volume_endpoints": [
    476.56756114959717
  ],
  "streamlines_count": [
    443
  ],
  "avg_length": [
    51.833473205566406
  ],
  "std_length": [
    5.784098148345947
  ],
  "min_length": [
    43.95014190673828
  ],
  "max_length": [
    72.87169647216797
  ],
  "span": [
    24.239572525024414
  ],
  "curl": [
    2.1383823147893652
  ],
  "diameter": [
    9.231927435457775
  ],
  "elongation": [
    5.614588455980014
  ],
  "surface_area": [
    2905.8999829219883
  ],
  "end_surface_area_head": [
    322.87777588022095
  ],
  "end_surface_area_tail": [
    361.62310898584747
  ],
  "radius_head": [
    5.487036758078778
  ],
  "radius_tail": [
    2.794920244374919
  ],
  "irregularity": [
    1.932983277596369
  ],
  "irregularity_of_end_surface_head": [
    0.2929459234620131
  ],
  "irregularity_of_end_surface_tail": [
    0.0678629189650597
  ],
  "mean_curvature": [
    0.32577126545507806
  ],
  "fractal_dimension": [
    1.9459941493189368
  ]
}