{
  "volume": [
    4817.981807231903
  ],
  "volume_endpoints": [
    836.8991317749023
  ],
  "streamlines_count": [
    938
  ],
  "avg_length": [
    77.79349517822266
  ],
  "std_length": [
    4.545942306518555
  ],
  "min_length": [
    67.64066314697266
  ],
  "max_length": [
    91.33841705322266
  ],
  "span": [
    37.559608459472656
  ],
  "curl": [
    2.0712009088743013
  ],
  "diameter": [
    8.880061939439415
  ],
  "elongation": [
    8.760467630604573
  ],
  "surface_area": [
    3616.2310898584747
  ],
  "end_surface_area_head": [
    690.9584403836728
  ],
  "end_surface_area_tail": [
    264.7597762217812
  ],
  "radius_head": [
    3.857219790864301
  ],
  "radius_tail": [
    2.487512288203604
  ],
  "irregularity": [
    1.6662763243039
  ],
  "irregularity_of_end_surface_head": [
    0.06764671617807835
  ],
  "irregularity_of_end_surface_tail": [
    0.07342235951909566
  ],
  "mean_curvature": [
    0.33382320197533444
  ],
  "fractal_dimension": [
    2.047506623645769
  ]
}