{
  "volume": [
    3074.441949367523
  ],
  "volume_endpoints": [
    145.294988155365
  ],
  "streamlines_count": [
    19
  ],
  "avg_length": [
    98.25922393798828
  ],
  "std_length": [
    5.4821672439575195
  ],
  "min_length": [
    89.94923400878906
  ],
  "max_length": [
    110.25201416015625
  ],
  "span": [
    28.341659545898438
  ],
  "curl": [
    3.4669537886043873
  ],
  "diameter": [
    6.311775496917178
  ],
  "elongation": [
    15.5676043905523
  ],
  "surface_area": [
    3590.400867788057
  ],
  "end_surface_area_head": [
    290.58999829219886
  ],
  "end_surface_area_tail": [
    77.49066621125303
  ],
  "radius_head": [
    3.5245739262466005
  ],
  "radius_tail": [
    1.2826034944757474
  ],
  "irregularity": [
    1.8427575308485526
  ],
  "irregularity_of_end_surface_head": [
    0.1343019933143612
  ],
  "irregularity_of_end_surface_tail": [
    0.06669377740007411
  ],
  "mean_curvature": [
    0.3545140969125848
  ],
  "fractal_dimension": [
    1.7449333630170083
  ]
}