{
  "volume": [
    25723.024703025818
  ],
  "volume_endpoints": [
    1354.1492896080017
  ],
  "streamlines_count": [
    1492
  ],
  "avg_length": [
    56.48741912841797
  ],
  "std_length": [
    24.35135841369629
  ],
  "min_length": [
    27.508102416992188
  ],
  "max_length": [
    163.69805908203125
  ],
  "span": [
    15.817375183105469
  ],
  "curl": [
    3.571225849706856
  ],
  "diameter": [
    24.079097787081945
  ],
  "elongation": [
    2.3459109484875538
  ],
  "surface_area": [
    18552.557002077498
  ],
  "end_surface_area_head": [
    1304.4262145560926
  ],
  "end_surface_area_tail": [
    458.48644174991375
  ],
  "radius_head": [
    5.542881874646888
  ],
  "radius_tail": [
    3.0953447433725465
  ],
  "irregularity": [
    4.341721467546611
  ],
  "irregularity_of_end_surface_head": [
    0.07399486826767919
  ],
  "irregularity_of_end_surface_tail": [
    0.06565101219730203
  ],
  "mean_curvature": [
    0.4224437519548406
  ],
  "fractal_dimension": [
    2.2557687113365255
  ]
}