{
  "volume": [
    18719.806273937225
  ],
  "volume_endpoints": [
    4300.731649398804
  ],
  "streamlines_count": [
    9071
  ],
  "avg_length": [
    64.76179504394531
  ],
  "std_length": [
    8.81812858581543
  ],
  "min_length": [
    47.14986038208008
  ],
  "max_length": [
    111.93489837646484
  ],
  "span": [
    30.083763122558594
  ],
  "curl": [
    2.152715894621011
  ],
  "diameter": [
    19.184314938954888
  ],
  "elongation": [
    3.3757679255172492
  ],
  "surface_area": [
    8911.426614294098
  ],
  "end_surface_area_head": [
    1536.8982131898517
  ],
  "end_surface_area_tail": [
    1737.0824342355886
  ],
  "radius_head": [
    5.626728839965599
  ],
  "radius_tail": [
    5.9204792180905645
  ],
  "irregularity": [
    2.2831381401903457
  ],
  "irregularity_of_end_surface_head": [
    0.06471675602149386
  ],
  "irregularity_of_end_surface_tail": [
    0.06339327169571128
  ],
  "mean_curvature": [
    0.37266650124061934
  ],
  "fractal_dimension": [
    2.462305165946967
  ]
}