{
  "volume": [
    6637.075058937073
  ],
  "volume_endpoints": [
    1232.1014995574951
  ],
  "streamlines_count": [
    767
  ],
  "avg_length": [
    70.6404800415039
  ],
  "std_length": [
    4.219423770904541
  ],
  "min_length": [
    57.444129943847656
  ],
  "max_length": [
    85.29719543457031
  ],
  "span": [
    33.687747955322266
  ],
  "curl": [
    2.0969190381971954
  ],
  "diameter": [
    10.937463153124149
  ],
  "elongation": [
    6.458579933256858
  ],
  "surface_area": [
    4313.647085759752
  ],
  "end_surface_area_head": [
    910.5153279822231
  ],
  "end_surface_area_tail": [
    497.23177485554027
  ],
  "radius_head": [
    4.155558278843154
  ],
  "radius_tail": [
    3.6405264590144872
  ],
  "irregularity": [
    1.7771516683598645
  ],
  "irregularity_of_end_surface_head": [
    0.05958286280883535
  ],
  "irregularity_of_end_surface_tail": [
    0.08373738271606543
  ],
  "mean_curvature": [
    0.3775020693629164
  ],
  "fractal_dimension": [
    2.284616308383683
  ]
}