{
  "volume": [
    5916.411917686462
  ],
  "volume_endpoints": [
    1493.632478237152
  ],
  "streamlines_count": [
    1890
  ],
  "avg_length": [
    60.69738006591797
  ],
  "std_length": [
    3.9518091678619385
  ],
  "min_length": [
    49.48969268798828
  ],
  "max_length": [
    72.59798431396484
  ],
  "span": [
    29.159528732299805
  ],
  "curl": [
    2.0815624498994016
  ],
  "diameter": [
    11.140361611897317
  ],
  "elongation": [
    5.44842099210643
  ],
  "surface_area": [
    3900.363532633069
  ],
  "end_surface_area_head": [
    755.533995559717
  ],
  "end_surface_area_tail": [
    923.4304390174319
  ],
  "radius_head": [
    3.7828666950901306
  ],
  "radius_tail": [
    4.92784854193255
  ],
  "irregularity": [
    1.836056243882221
  ],
  "irregularity_of_end_surface_head": [
    0.059502873231704514
  ],
  "irregularity_of_end_surface_tail": [
    0.08261528190603448
  ],
  "mean_curvature": [
    0.3739205417178926
  ],
  "fractal_dimension": [
    2.1789586465708846
  ]
}