{
  "volume": [
    8874.617876529694
  ],
  "volume_endpoints": [
    2069.0006313323975
  ],
  "streamlines_count": [
    2974
  ],
  "avg_length": [
    58.705421447753906
  ],
  "std_length": [
    6.25279426574707
  ],
  "min_length": [
    42.65411376953125
  ],
  "max_length": [
    78.88078308105469
  ],
  "span": [
    24.546005249023438
  ],
  "curl": [
    2.391648696078133
  ],
  "diameter": [
    13.873651638370003
  ],
  "elongation": [
    4.231432572906316
  ],
  "surface_area": [
    4881.91197130894
  ],
  "end_surface_area_head": [
    858.8548838413877
  ],
  "end_surface_area_tail": [
    1168.8175486863997
  ],
  "radius_head": [
    4.427725718999742
  ],
  "radius_tail": [
    5.932731432486204
  ],
  "irregularity": [
    1.9079679531400104
  ],
  "irregularity_of_end_surface_head": [
    0.07171194526143294
  ],
  "irregularity_of_end_surface_tail": [
    0.09460465946895048
  ],
  "mean_curvature": [
    0.4067742076991145
  ],
  "fractal_dimension": [
    2.38701621760654
  ]
}