{
  "volume": [
    10490.298144817352
  ],
  "volume_endpoints": [
    2127.1186265945435
  ],
  "streamlines_count": [
    2249
  ],
  "avg_length": [
    55.779109954833984
  ],
  "std_length": [
    5.11430025100708
  ],
  "min_length": [
    42.173583984375
  ],
  "max_length": [
    73.47869873046875
  ],
  "span": [
    25.373037338256836
  ],
  "curl": [
    2.198361560392757
  ],
  "diameter": [
    15.474377416179157
  ],
  "elongation": [
    3.604610929064869
  ],
  "surface_area": [
    5740.766855150328
  ],
  "end_surface_area_head": [
    988.0059941934761
  ],
  "end_surface_area_tail": [
    1020.2937717814982
  ],
  "radius_head": [
    4.572530552356982
  ],
  "radius_tail": [
    6.652026398798542
  ],
  "irregularity": [
    2.1170702621730584
  ],
  "irregularity_of_end_surface_head": [
    0.0664819156888656
  ],
  "irregularity_of_end_surface_tail": [
    0.13624876212989326
  ],
  "mean_curvature": [
    0.39156155797734477
  ],
  "fractal_dimension": [
    2.3717308183603425
  ]
}