{
  "volume": [
    10159.02557182312
  ],
  "volume_endpoints": [
    2225.9192185401917
  ],
  "streamlines_count": [
    2303
  ],
  "avg_length": [
    57.25844192504883
  ],
  "std_length": [
    5.631577968597412
  ],
  "min_length": [
    44.148624420166016
  ],
  "max_length": [
    75.30828094482422
  ],
  "span": [
    23.76344108581543
  ],
  "curl": [
    2.40951812148228
  ],
  "diameter": [
    15.030081066168506
  ],
  "elongation": [
    3.8095896936931988
  ],
  "surface_area": [
    5463.091967893339
  ],
  "end_surface_area_head": [
    1117.1571045455644
  ],
  "end_surface_area_tail": [
    1059.0391048871247
  ],
  "radius_head": [
    4.703008329274441
  ],
  "radius_tail": [
    6.480417925976237
  ],
  "irregularity": [
    2.0206346211272375
  ],
  "irregularity_of_end_surface_head": [
    0.06219953196467555
  ],
  "irregularity_of_end_surface_tail": [
    0.1245787317714258
  ],
  "mean_curvature": [
    0.3946684415683092
  ],
  "fractal_dimension": [
    2.38831310644157
  ]
}