{
  "volume": [
    7898.235556125641
  ],
  "volume_endpoints": [
    2191.048421382904
  ],
  "streamlines_count": [
    3402
  ],
  "avg_length": [
    61.12899398803711
  ],
  "std_length": [
    4.381773948669434
  ],
  "min_length": [
    48.009864807128906
  ],
  "max_length": [
    74.7619400024414
  ],
  "span": [
    27.537843704223633
  ],
  "curl": [
    2.2198177404377315
  ],
  "diameter": [
    12.826154766008306
  ],
  "elongation": [
    4.7659641648828615
  ],
  "surface_area": [
    4662.35508371039
  ],
  "end_surface_area_head": [
    671.5857738308596
  ],
  "end_surface_area_tail": [
    1323.7988811089058
  ],
  "radius_head": [
    3.9818245445284868
  ],
  "radius_tail": [
    5.4045666409431945
  ],
  "irregularity": [
    1.8928306028862325
  ],
  "irregularity_of_end_surface_head": [
    0.07416732634241384
  ],
  "irregularity_of_end_surface_tail": [
    0.06931857329728226
  ],
  "mean_curvature": [
    0.37871503082707936
  ],
  "fractal_dimension": [
    2.2744286405431384
  ]
}