{
  "volume": [
    5701.375335216522
  ],
  "volume_endpoints": [
    1458.7616810798645
  ],
  "streamlines_count": [
    1937
  ],
  "avg_length": [
    72.55773162841797
  ],
  "std_length": [
    5.236296653747559
  ],
  "min_length": [
    55.206336975097656
  ],
  "max_length": [
    87.77892303466797
  ],
  "span": [
    34.55990982055664
  ],
  "curl": [
    2.0994768795739094
  ],
  "diameter": [
    10.002372569278743
  ],
  "elongation": [
    7.254052088728585
  ],
  "surface_area": [
    4087.632642643597
  ],
  "end_surface_area_head": [
    761.9915510773214
  ],
  "end_surface_area_tail": [
    749.0764400421126
  ],
  "radius_head": [
    4.096359156575507
  ],
  "radius_tail": [
    4.9155178925135985
  ],
  "irregularity": [
    1.792814111251367
  ],
  "irregularity_of_end_surface_head": [
    0.0691824234683674
  ],
  "irregularity_of_end_surface_tail": [
    0.10133565929717409
  ],
  "mean_curvature": [
    0.3525664178317025
  ],
  "fractal_dimension": [
    2.1568199817527596
  ]
}