{
  "volume": [
    13651.917087078094
  ],
  "volume_endpoints": [
    1667.98646402359
  ],
  "streamlines_count": [
    5764
  ],
  "avg_length": [
    42.43617630004883
  ],
  "std_length": [
    9.536752700805664
  ],
  "min_length": [
    22.546875
  ],
  "max_length": [
    101.69144439697266
  ],
  "span": [
    15.004755020141602
  ],
  "curl": [
    2.8281818825488796
  ],
  "diameter": [
    20.238753356021274
  ],
  "elongation": [
    2.0967781737121447
  ],
  "surface_area": [
    7768.439287678116
  ],
  "end_surface_area_head": [
    458.48644174991375
  ],
  "end_surface_area_tail": [
    1162.3599931687954
  ],
  "radius_head": [
    3.15232741631692
  ],
  "radius_tail": [
    5.350285267815767
  ],
  "irregularity": [
    2.879147406582173
  ],
  "irregularity_of_end_surface_head": [
    0.06809042009159626
  ],
  "irregularity_of_end_surface_tail": [
    0.07736830740991044
  ],
  "mean_curvature": [
    0.42073765728496
  ],
  "fractal_dimension": [
    2.413663753986095
  ]
}