{
  "volume": [
    20242.49774980545
  ],
  "volume_endpoints": [
    7171.760615348816
  ],
  "streamlines_count": [
    6654
  ],
  "avg_length": [
    55.387332916259766
  ],
  "std_length": [
    7.989865303039551
  ],
  "min_length": [
    32.292213439941406
  ],
  "max_length": [
    81.35669708251953
  ],
  "span": [
    25.98398208618164
  ],
  "curl": [
    2.131595254821043
  ],
  "diameter": [
    21.571576360609445
  ],
  "elongation": [
    2.567607113655321
  ],
  "surface_area": [
    10725.99971474094
  ],
  "end_surface_area_head": [
    1117.1571045455644
  ],
  "end_surface_area_tail": [
    6392.979962428375
  ],
  "radius_head": [
    5.01174607786162
  ],
  "radius_tail": [
    9.983893128085867
  ],
  "irregularity": [
    2.8575614130009357
  ],
  "irregularity_of_end_surface_head": [
    0.07063398995940835
  ],
  "irregularity_of_end_surface_tail": [
    0.04898311235407234
  ],
  "mean_curvature": [
    0.3756434549063865
  ],
  "fractal_dimension": [
    2.4150067392503165
  ]
}