{
  "volume": [
    37026.974781513214
  ],
  "volume_endpoints": [
    10496.109944343567
  ],
  "streamlines_count": [
    9052
  ],
  "avg_length": [
    59.59215545654297
  ],
  "std_length": [
    11.49775505065918
  ],
  "min_length": [
    26.967113494873047
  ],
  "max_length": [
    104.04572296142578
  ],
  "span": [
    26.018362045288086
  ],
  "curl": [
    2.290388432323897
  ],
  "diameter": [
    28.12675481312291
  ],
  "elongation": [
    2.118700001208083
  ],
  "surface_area": [
    19043.331221415432
  ],
  "end_surface_area_head": [
    1782.2853228588197
  ],
  "end_surface_area_tail": [
    9763.82394261788
  ],
  "radius_head": [
    5.916132098282569
  ],
  "radius_tail": [
    16.23604652052265
  ],
  "irregularity": [
    3.6164655042063254
  ],
  "irregularity_of_end_surface_head": [
    0.0616947725063022
  ],
  "irregularity_of_end_surface_tail": [
    0.08481848421195753
  ],
  "mean_curvature": [
    0.39116914483084386
  ],
  "fractal_dimension": [
    2.416813796297449
  ]
}