{
  "volume": [
    23932.99044895172
  ],
  "volume_endpoints": [
    7508.844987869263
  ],
  "streamlines_count": [
    9167
  ],
  "avg_length": [
    54.79277038574219
  ],
  "std_length": [
    9.497879028320312
  ],
  "min_length": [
    26.41539764404297
  ],
  "max_length": [
    93.05827331542969
  ],
  "span": [
    24.863245010375977
  ],
  "curl": [
    2.2037658544922825
  ],
  "diameter": [
    23.58261241596465
  ],
  "elongation": [
    2.323439380645093
  ],
  "surface_area": [
    11772.123708592855
  ],
  "end_surface_area_head": [
    1304.4262145560926
  ],
  "end_surface_area_tail": [
    5773.054632738351
  ],
  "radius_head": [
    5.006390596385889
  ],
  "radius_tail": [
    12.771331313586778
  ],
  "irregularity": [
    2.8999450708498227
  ],
  "irregularity_of_end_surface_head": [
    0.060364250786612526
  ],
  "irregularity_of_end_surface_tail": [
    0.08875984768042297
  ],
  "mean_curvature": [
    0.37420204658115314
  ],
  "fractal_dimension": [
    2.4665416991860565
  ]
}