{
  "volume": [
    7869.176558494568
  ],
  "volume_endpoints": [
    1638.927466392517
  ],
  "streamlines_count": [
    2464
  ],
  "avg_length": [
    73.81652069091797
  ],
  "std_length": [
    4.406720161437988
  ],
  "min_length": [
    60.43419647216797
  ],
  "max_length": [
    88.59668731689453
  ],
  "span": [
    34.91148376464844
  ],
  "curl": [
    2.1143908173179677
  ],
  "diameter": [
    11.650455853596418
  ],
  "elongation": [
    6.335934114383284
  ],
  "surface_area": [
    5056.26597028426
  ],
  "end_surface_area_head": [
    878.227550394201
  ],
  "end_surface_area_tail": [
    761.9915510773214
  ],
  "radius_head": [
    4.312078145486028
  ],
  "radius_tail": [
    4.755833701987247
  ],
  "irregularity": [
    1.8714729245479067
  ],
  "irregularity_of_end_surface_head": [
    0.06651445870960536
  ],
  "irregularity_of_end_surface_tail": [
    0.09325090108479285
  ],
  "mean_curvature": [
    0.3613853118829913
  ],
  "fractal_dimension": [
    2.294107228357548
  ]
}