{
  "volume": [
    29204.292619228363
  ],
  "volume_endpoints": [
    2696.674980163574
  ],
  "streamlines_count": [
    1346
  ],
  "avg_length": [
    93.21271514892578
  ],
  "std_length": [
    19.060314178466797
  ],
  "min_length": [
    61.089359283447266
  ],
  "max_length": [
    152.36868286132812
  ],
  "span": [
    34.11698913574219
  ],
  "curl": [
    2.7321495099716397
  ],
  "diameter": [
    19.97288611669063
  ],
  "elongation": [
    4.666962731591967
  ],
  "surface_area": [
    16447.393903338456
  ],
  "end_surface_area_head": [
    2221.39909805592
  ],
  "end_surface_area_tail": [
    1059.0391048871247
  ],
  "radius_head": [
    7.716406081642436
  ],
  "radius_tail": [
    4.603050755253276
  ],
  "irregularity": [
    2.812103083875436
  ],
  "irregularity_of_end_surface_head": [
    0.08420801514606555
  ],
  "irregularity_of_end_surface_tail": [
    0.06285349086791103
  ],
  "mean_curvature": [
    0.37864650571151437
  ],
  "fractal_dimension": [
    2.3706631670640155
  ]
}