{
  "volume": [
    18597.75848388672
  ],
  "volume_endpoints": [
    1429.7026834487915
  ],
  "streamlines_count": [
    299
  ],
  "avg_length": [
    97.47830963134766
  ],
  "std_length": [
    16.916284561157227
  ],
  "min_length": [
    61.32301712036133
  ],
  "max_length": [
    127.71455383300781
  ],
  "span": [
    31.01511573791504
  ],
  "curl": [
    3.142929094802099
  ],
  "diameter": [
    15.585881370049588
  ],
  "elongation": [
    6.254269958622014
  ],
  "surface_area": [
    11113.453045797205
  ],
  "end_surface_area_head": [
    1117.1571045455644
  ],
  "end_surface_area_tail": [
    1097.7844379927512
  ],
  "radius_head": [
    5.666002637071741
  ],
  "radius_tail": [
    4.299217688935407
  ],
  "irregularity": [
    2.3284117940004023
  ],
  "irregularity_of_end_surface_head": [
    0.0902795042474378
  ],
  "irregularity_of_end_surface_tail": [
    0.05289464109235617
  ],
  "mean_curvature": [
    0.3939879827674815
  ],
  "fractal_dimension": [
    2.341044369430574
  ]
}