{
  "volume": [
    10815.75891828537
  ],
  "volume_endpoints": [
    2132.930426120758
  ],
  "streamlines_count": [
    3327
  ],
  "avg_length": [
    71.30599212646484
  ],
  "std_length": [
    5.569063186645508
  ],
  "min_length": [
    55.69728469848633
  ],
  "max_length": [
    89.54090118408203
  ],
  "span": [
    31.537853240966797
  ],
  "curl": [
    2.260965309897515
  ],
  "diameter": [
    13.896983601569385
  ],
  "elongation": [
    5.131040963336265
  ],
  "surface_area": [
    5508.29485651657
  ],
  "end_surface_area_head": [
    962.1757721230584
  ],
  "end_surface_area_tail": [
    852.3973283237833
  ],
  "radius_head": [
    4.499852687934269
  ],
  "radius_tail": [
    4.3729168114106
  ],
  "irregularity": [
    1.7693784567489943
  ],
  "irregularity_of_end_surface_head": [
    0.06611378918061273
  ],
  "irregularity_of_end_surface_tail": [
    0.07047745679766312
  ],
  "mean_curvature": [
    0.3840491383201839
  ],
  "fractal_dimension": [
    2.440370825921392
  ]
}