{
  "volume": [
    6997.406629562378
  ],
  "volume_endpoints": [
    767.1575374603271
  ],
  "streamlines_count": [
    306
  ],
  "avg_length": [
    59.07781219482422
  ],
  "std_length": [
    6.992259979248047
  ],
  "min_length": [
    43.82246780395508
  ],
  "max_length": [
    80.48509979248047
  ],
  "span": [
    24.8521728515625
  ],
  "curl": [
    2.3771688917377656
  ],
  "diameter": [
    12.28036890894717
  ],
  "elongation": [
    4.810752236586444
  ],
  "surface_area": [
    4404.052863006214
  ],
  "end_surface_area_head": [
    871.7699948765966
  ],
  "end_surface_area_tail": [
    264.7597762217812
  ],
  "radius_head": [
    3.9982661038796254
  ],
  "radius_tail": [
    2.520204575083294
  ],
  "irregularity": [
    1.9322656490953307
  ],
  "irregularity_of_end_surface_head": [
    0.05760913387126363
  ],
  "irregularity_of_end_surface_tail": [
    0.07536495750652791
  ],
  "mean_curvature": [
    0.3978828712810878
  ],
  "fractal_dimension": [
    2.3664588248727236
  ]
}