{
  "volume": [
    10711.146526813507
  ],
  "volume_endpoints": [
    1941.1410417556763
  ],
  "streamlines_count": [
    1950
  ],
  "avg_length": [
    72.30499267578125
  ],
  "std_length": [
    4.396588325500488
  ],
  "min_length": [
    62.191768646240234
  ],
  "max_length": [
    87.96508026123047
  ],
  "span": [
    34.356605529785156
  ],
  "curl": [
    2.104544135278355
  ],
  "diameter": [
    13.733742371839174
  ],
  "elongation": [
    5.264769843363417
  ],
  "surface_area": [
    6166.96551931222
  ],
  "end_surface_area_head": [
    1097.7844379927512
  ],
  "end_surface_area_tail": [
    800.736884182948
  ],
  "radius_head": [
    4.595095481524767
  ],
  "radius_tail": [
    4.620697935992537
  ],
  "irregularity": [
    1.9768078852770055
  ],
  "irregularity_of_end_surface_head": [
    0.06042572679143036
  ],
  "irregularity_of_end_surface_tail": [
    0.08376743097161364
  ],
  "mean_curvature": [
    0.3677380459736555
  ],
  "fractal_dimension": [
    2.3811449367516846
  ]
}