{
  "volume": [
    11007.548302650452
  ],
  "volume_endpoints": [
    4167.060260295868
  ],
  "streamlines_count": [
    6368
  ],
  "avg_length": [
    51.60858917236328
  ],
  "std_length": [
    6.5389580726623535
  ],
  "min_length": [
    34.03783416748047
  ],
  "max_length": [
    73.87852478027344
  ],
  "span": [
    25.49039649963379
  ],
  "curl": [
    2.024628733142881
  ],
  "diameter": [
    16.479322987674855
  ],
  "elongation": [
    3.13171780242199
  ],
  "surface_area": [
    6134.677741724198
  ],
  "end_surface_area_head": [
    858.8548838413877
  ],
  "end_surface_area_tail": [
    3131.914426038143
  ],
  "radius_head": [
    4.548991940862096
  ],
  "radius_tail": [
    7.486674027648444
  ],
  "irregularity": [
    2.2960457031751247
  ],
  "irregularity_of_end_surface_head": [
    0.07569381910113931
  ],
  "irregularity_of_end_surface_tail": [
    0.056223494338384646
  ],
  "mean_curvature": [
    0.36000739198515014
  ],
  "fractal_dimension": [
    2.339900262279367
  ]
}