{
  "volume": [
    33644.50745725632
  ],
  "volume_endpoints": [
    9252.384845733643
  ],
  "streamlines_count": [
    8928
  ],
  "avg_length": [
    61.556915283203125
  ],
  "std_length": [
    10.680085182189941
  ],
  "min_length": [
    29.946779251098633
  ],
  "max_length": [
    100.4090576171875
  ],
  "span": [
    28.937660217285156
  ],
  "curl": [
    2.1272250355069726
  ],
  "diameter": [
    26.379935081513032
  ],
  "elongation": [
    2.3334748585618015
  ],
  "surface_area": [
    17687.244562718504
  ],
  "end_surface_area_head": [
    1659.5917680243356
  ],
  "end_surface_area_tail": [
    9421.573500184848
  ],
  "radius_head": [
    5.762878383848782
  ],
  "radius_tail": [
    16.611046123675887
  ],
  "irregularity": [
    3.467047065023436
  ],
  "irregularity_of_end_surface_head": [
    0.06286769100475362
  ],
  "irregularity_of_end_surface_tail": [
    0.09200690047265728
  ],
  "mean_curvature": [
    0.3730039583872937
  ],
  "fractal_dimension": [
    2.4290196335727834
  ]
}