{
  "volume": [
    15656.987923622131
  ],
  "volume_endpoints": [
    3981.0826754570007
  ],
  "streamlines_count": [
    3248
  ],
  "avg_length": [
    73.5460433959961
  ],
  "std_length": [
    10.084972381591797
  ],
  "min_length": [
    49.73741912841797
  ],
  "max_length": [
    104.43057250976562
  ],
  "span": [
    29.84394645690918
  ],
  "curl": [
    2.4643538180242723
  ],
  "diameter": [
    16.4637783568779
  ],
  "elongation": [
    4.467142462791449
  ],
  "surface_area": [
    8478.770394614603
  ],
  "end_surface_area_head": [
    2156.823542879876
  ],
  "end_surface_area_tail": [
    1375.4593252497411
  ],
  "radius_head": [
    6.364114738008012
  ],
  "radius_tail": [
    5.4111511599910695
  ],
  "irregularity": [
    2.2289184419882213
  ],
  "irregularity_of_end_surface_head": [
    0.058994463917869555
  ],
  "irregularity_of_end_surface_tail": [
    0.06687771909126741
  ],
  "mean_curvature": [
    0.3950995970333885
  ],
  "fractal_dimension": [
    2.4020580816797246
  ]
}