{
  "volume": [
    20753.936108112335
  ],
  "volume_endpoints": [
    4050.824269771576
  ],
  "streamlines_count": [
    3437
  ],
  "avg_length": [
    58.28468322753906
  ],
  "std_length": [
    7.037638187408447
  ],
  "min_length": [
    40.644710540771484
  ],
  "max_length": [
    82.75841522216797
  ],
  "span": [
    25.398639678955078
  ],
  "curl": [
    2.2947954679570044
  ],
  "diameter": [
    21.292569662385105
  ],
  "elongation": [
    2.7373249988940156
  ],
  "surface_area": [
    9492.606610878496
  ],
  "end_surface_area_head": [
    2550.7344294537456
  ],
  "end_surface_area_tail": [
    1427.1197693905765
  ],
  "radius_head": [
    7.829049546818125
  ],
  "radius_tail": [
    5.453138249820355
  ],
  "irregularity": [
    2.4347428180231074
  ],
  "irregularity_of_end_surface_head": [
    0.0754923094638479
  ],
  "irregularity_of_end_surface_tail": [
    0.06546097458351476
  ],
  "mean_curvature": [
    0.4133192004680911
  ],
  "fractal_dimension": [
    2.4362570173882885
  ]
}