{
  "volume": [
    11431.809668064117
  ],
  "volume_endpoints": [
    3173.2425413131714
  ],
  "streamlines_count": [
    2725
  ],
  "avg_length": [
    65.81694793701172
  ],
  "std_length": [
    7.823257923126221
  ],
  "min_length": [
    47.714027404785156
  ],
  "max_length": [
    89.7967758178711
  ],
  "span": [
    27.258296966552734
  ],
  "curl": [
    2.414565664823901
  ],
  "diameter": [
    14.871120140919139
  ],
  "elongation": [
    4.42582316014722
  ],
  "surface_area": [
    6470.470628639628
  ],
  "end_surface_area_head": [
    1465.8651024962032
  ],
  "end_surface_area_tail": [
    1698.3371011299623
  ],
  "radius_head": [
    5.384618988141023
  ],
  "radius_tail": [
    6.83915506142441
  ],
  "irregularity": [
    2.104285079981634
  ],
  "irregularity_of_end_surface_head": [
    0.062139223731980504
  ],
  "irregularity_of_end_surface_tail": [
    0.08652286197143683
  ],
  "mean_curvature": [
    0.4048206681723988
  ],
  "fractal_dimension": [
    2.3415564129320185
  ]
}