{
  "volume": [
    9444.174230098724
  ],
  "volume_endpoints": [
    1516.8796763420105
  ],
  "streamlines_count": [
    469
  ],
  "avg_length": [
    80.60079956054688
  ],
  "std_length": [
    6.175647735595703
  ],
  "min_length": [
    64.03907012939453
  ],
  "max_length": [
    98.29032897949219
  ],
  "span": [
    35.96331787109375
  ],
  "curl": [
    2.2411947598786877
  ],
  "diameter": [
    12.214266163642215
  ],
  "elongation": [
    6.5989064329110905
  ],
  "surface_area": [
    6257.371296558682
  ],
  "end_surface_area_head": [
    1407.7471028377634
  ],
  "end_surface_area_tail": [
    619.9253296900242
  ],
  "radius_head": [
    4.856803450438086
  ],
  "radius_tail": [
    4.438006682800582
  ],
  "irregularity": [
    2.0231837278404323
  ],
  "irregularity_of_end_surface_head": [
    0.052641261386768515
  ],
  "irregularity_of_end_surface_tail": [
    0.09981283583964924
  ],
  "mean_curvature": [
    0.38932257166295164
  ],
  "fractal_dimension": [
    2.321928695097783
  ]
}