{
  "volume": [
    8525.909904956818
  ],
  "volume_endpoints": [
    1476.1970796585083
  ],
  "streamlines_count": [
    364
  ],
  "avg_length": [
    87.14300537109375
  ],
  "std_length": [
    5.335198402404785
  ],
  "min_length": [
    73.72402954101562
  ],
  "max_length": [
    104.04867553710938
  ],
  "span": [
    39.71846389770508
  ],
  "curl": [
    2.194017512750005
  ],
  "diameter": [
    11.161155579890323
  ],
  "elongation": [
    7.807704564938075
  ],
  "surface_area": [
    5902.205743090439
  ],
  "end_surface_area_head": [
    1369.0017697321368
  ],
  "end_surface_area_tail": [
    736.1613290069038
  ],
  "radius_head": [
    4.835160320677793
  ],
  "radius_tail": [
    4.194830480343885
  ],
  "irregularity": [
    1.9316248147560093
  ],
  "irregularity_of_end_surface_head": [
    0.05364973986156545
  ],
  "irregularity_of_end_surface_tail": [
    0.07509408030143214
  ],
  "mean_curvature": [
    0.38851106134089797
  ],
  "fractal_dimension": [
    2.3349290847266904
  ]
}