{
  "volume": [
    6160.507497787476
  ],
  "volume_endpoints": [
    825.2755327224731
  ],
  "streamlines_count": [
    135
  ],
  "avg_length": [
    59.92345428466797
  ],
  "std_length": [
    6.814792156219482
  ],
  "min_length": [
    45.622867584228516
  ],
  "max_length": [
    75.53253173828125
  ],
  "span": [
    25.311922073364258
  ],
  "curl": [
    2.3674003938138477
  ],
  "diameter": [
    11.441023678023473
  ],
  "elongation": [
    5.237595513395547
  ],
  "surface_area": [
    4804.421305097688
  ],
  "end_surface_area_head": [
    858.8548838413877
  ],
  "end_surface_area_tail": [
    678.043329348464
  ],
  "radius_head": [
    4.451378049972315
  ],
  "radius_tail": [
    4.1775128355279065
  ],
  "irregularity": [
    2.230640005330911
  ],
  "irregularity_of_end_surface_head": [
    0.07248014324387032
  ],
  "irregularity_of_end_surface_tail": [
    0.08085893388155284
  ],
  "mean_curvature": [
    0.43430395479555484
  ],
  "fractal_dimension": [
    2.097976433372725
  ]
}