{
  "volume": [
    4132.18946313858
  ],
  "volume_endpoints": [
    92.9887924194336
  ],
  "streamlines_count": [
    11
  ],
  "avg_length": [
    124.02574920654297
  ],
  "std_length": [
    15.937178611755371
  ],
  "min_length": [
    100.85446166992188
  ],
  "max_length": [
    146.66946411132812
  ],
  "span": [
    19.160093307495117
  ],
  "curl": [
    6.4731286646723225
  ],
  "diameter": [
    6.513122442419329
  ],
  "elongation": [
    19.042440903425277
  ],
  "surface_area": [
    5960.323742748878
  ],
  "end_surface_area_head": [
    122.69355483448396
  ],
  "end_surface_area_tail": [
    167.8964434577149
  ],
  "radius_head": [
    3.529451103122638
  ],
  "radius_tail": [
    5.176473604837138
  ],
  "irregularity": [
    2.34865309778758
  ],
  "irregularity_of_end_surface_head": [
    0.31896458260605415
  ],
  "irregularity_of_end_surface_tail": [
    0.501390826519803
  ],
  "mean_curvature": [
    0.3702834763310172
  ],
  "fractal_dimension": [
    1.6699182415729354
  ]
}