{
  "volume": [
    8758.381886005402
  ],
  "volume_endpoints": [
    1650.5510654449463
  ],
  "streamlines_count": [
    2443
  ],
  "avg_length": [
    83.68241119384766
  ],
  "std_length": [
    4.265808582305908
  ],
  "min_length": [
    72.4165267944336
  ],
  "max_length": [
    98.09033203125
  ],
  "span": [
    41.71227264404297
  ],
  "curl": [
    2.0061820152539336
  ],
  "diameter": [
    11.543829546171796
  ],
  "elongation": [
    7.249103155858594
  ],
  "surface_area": [
    5340.398413058854
  ],
  "end_surface_area_head": [
    1046.1239938519159
  ],
  "end_surface_area_tail": [
    535.9771079611668
  ],
  "radius_head": [
    4.813919736683031
  ],
  "radius_tail": [
    3.5796406294552696
  ],
  "irregularity": [
    1.7597042978767343
  ],
  "irregularity_of_end_surface_head": [
    0.06959281428078498
  ],
  "irregularity_of_end_surface_tail": [
    0.0751073586593029
  ],
  "mean_curvature": [
    0.3439071478045382
  ],
  "fractal_dimension": [
    2.285201739651187
  ]
}