{
  "volume": [
    8746.758286952972
  ],
  "volume_endpoints": [
    2318.9080109596252
  ],
  "streamlines_count": [
    2962
  ],
  "avg_length": [
    71.54183959960938
  ],
  "std_length": [
    4.6008100509643555
  ],
  "min_length": [
    55.47148895263672
  ],
  "max_length": [
    85.39453125
  ],
  "span": [
    35.264793395996094
  ],
  "curl": [
    2.028704345329643
  ],
  "diameter": [
    12.476666605586297
  ],
  "elongation": [
    5.734050757401602
  ],
  "surface_area": [
    5521.209967551778
  ],
  "end_surface_area_head": [
    910.5153279822231
  ],
  "end_surface_area_tail": [
    1517.5255466370386
  ],
  "radius_head": [
    4.519097392722226
  ],
  "radius_tail": [
    5.366359963893063
  ],
  "irregularity": [
    1.968909330881394
  ],
  "irregularity_of_end_surface_head": [
    0.07046379241854635
  ],
  "irregularity_of_end_surface_tail": [
    0.05961745924714787
  ],
  "mean_curvature": [
    0.36098457852744475
  ],
  "fractal_dimension": [
    2.279244696698223
  ]
}