{
  "volume": [
    8618.898697376251
  ],
  "volume_endpoints": [
    1191.418902873993
  ],
  "streamlines_count": [
    551
  ],
  "avg_length": [
    94.74642181396484
  ],
  "std_length": [
    7.42808723449707
  ],
  "min_length": [
    71.06344604492188
  ],
  "max_length": [
    115.2074203491211
  ],
  "span": [
    38.946895599365234
  ],
  "curl": [
    2.4327079310400554
  ],
  "diameter": [
    10.762162338209754
  ],
  "elongation": [
    8.80366034598634
  ],
  "surface_area": [
    6024.899297924923
  ],
  "end_surface_area_head": [
    1065.496660404729
  ],
  "end_surface_area_tail": [
    413.2835531266828
  ],
  "radius_head": [
    4.491889167138312
  ],
  "radius_tail": [
    3.830011298664594
  ],
  "irregularity": [
    1.8807781188846302
  ],
  "irregularity_of_end_surface_head": [
    0.05949162664321118
  ],
  "irregularity_of_end_surface_tail": [
    0.11150693035287389
  ],
  "mean_curvature": [
    0.36521151607785163
  ],
  "fractal_dimension": [
    2.2191936944244994
  ]
}