{
  "volume": [
    24729.20698404312
  ],
  "volume_endpoints": [
    6701.004853725433
  ],
  "streamlines_count": [
    6005
  ],
  "avg_length": [
    85.66209411621094
  ],
  "std_length": [
    12.95128345489502
  ],
  "min_length": [
    56.692047119140625
  ],
  "max_length": [
    140.7010955810547
  ],
  "span": [
    32.871273040771484
  ],
  "curl": [
    2.6059865101653044
  ],
  "diameter": [
    19.171928939002207
  ],
  "elongation": [
    4.468099917788928
  ],
  "surface_area": [
    15504.59079776821
  ],
  "end_surface_area_head": [
    8233.383284945634
  ],
  "end_surface_area_tail": [
    697.4159959012773
  ],
  "radius_head": [
    9.563395770653777
  ],
  "radius_tail": [
    3.823584935142228
  ],
  "irregularity": [
    3.0050793096087394
  ],
  "irregularity_of_end_surface_head": [
    0.03489761902704363
  ],
  "irregularity_of_end_surface_tail": [
    0.06585662225169983
  ],
  "mean_curvature": [
    0.35578371932067837
  ],
  "fractal_dimension": [
    2.324067498357528
  ]
}