{
  "volume": [
    14796.84159374237
  ],
  "volume_endpoints": [
    3603.3157062530518
  ],
  "streamlines_count": [
    3044
  ],
  "avg_length": [
    72.72977447509766
  ],
  "std_length": [
    5.282051086425781
  ],
  "min_length": [
    57.2672004699707
  ],
  "max_length": [
    90.6681900024414
  ],
  "span": [
    33.95589065551758
  ],
  "curl": [
    2.141889759657346
  ],
  "diameter": [
    16.0947209441558
  ],
  "elongation": [
    4.518858992799547
  ],
  "surface_area": [
    7878.217731477391
  ],
  "end_surface_area_head": [
    1252.7657704152573
  ],
  "end_surface_area_tail": [
    2460.3286522072835
  ],
  "radius_head": [
    5.00087769933783
  ],
  "radius_tail": [
    6.645503648644542
  ],
  "irregularity": [
    2.1423104910958144
  ],
  "irregularity_of_end_surface_head": [
    0.06271514943433117
  ],
  "irregularity_of_end_surface_tail": [
    0.056391357571150366
  ],
  "mean_curvature": [
    0.38696454097265953
  ],
  "fractal_dimension": [
    2.3811285234551653
  ]
}