{
  "volume": [
    13436.880504608154
  ],
  "volume_endpoints": [
    1865.5876479148865
  ],
  "streamlines_count": [
    1236
  ],
  "avg_length": [
    85.66714477539062
  ],
  "std_length": [
    4.675459384918213
  ],
  "min_length": [
    72.84064483642578
  ],
  "max_length": [
    101.40072631835938
  ],
  "span": [
    38.85538101196289
  ],
  "curl": [
    2.2047691347825213
  ],
  "diameter": [
    14.131788875532193
  ],
  "elongation": [
    6.062017026288504
  ],
  "surface_area": [
    7284.122623857785
  ],
  "end_surface_area_head": [
    1388.3744362849502
  ],
  "end_surface_area_tail": [
    561.8073300315845
  ],
  "radius_head": [
    4.908006953118191
  ],
  "radius_tail": [
    4.714825423157212
  ],
  "irregularity": [
    1.9152079797938129
  ],
  "irregularity_of_end_surface_head": [
    0.05450716606443002
  ],
  "irregularity_of_end_surface_tail": [
    0.12430646170987217
  ],
  "mean_curvature": [
    0.3908652563889821
  ],
  "fractal_dimension": [
    2.3413900311526183
  ]
}