{
  "volume": [
    16162.614482402802
  ],
  "volume_endpoints": [
    2929.146961212158
  ],
  "streamlines_count": [
    2539
  ],
  "avg_length": [
    79.72262573242188
  ],
  "std_length": [
    5.8700270652771
  ],
  "min_length": [
    62.574825286865234
  ],
  "max_length": [
    98.50691223144531
  ],
  "span": [
    34.406612396240234
  ],
  "curl": [
    2.317072800260148
  ],
  "diameter": [
    16.066455271077164
  ],
  "elongation": [
    4.962054441214458
  ],
  "surface_area": [
    8142.977507699173
  ],
  "end_surface_area_head": [
    1278.595992485675
  ],
  "end_surface_area_tail": [
    1562.7284352602694
  ],
  "radius_head": [
    5.026450653956829
  ],
  "radius_tail": [
    5.66499146745677
  ],
  "irregularity": [
    2.023632748947845
  ],
  "irregularity_of_end_surface_head": [
    0.06207823783471253
  ],
  "irregularity_of_end_surface_tail": [
    0.06451562044518361
  ],
  "mean_curvature": [
    0.38757235471448265
  ],
  "fractal_dimension": [
    2.4080008778635524
  ]
}