{
  "volume": [
    16772.853432655334
  ],
  "volume_endpoints": [
    2894.2761640548706
  ],
  "streamlines_count": [
    1949
  ],
  "avg_length": [
    73.28544616699219
  ],
  "std_length": [
    8.163476943969727
  ],
  "min_length": [
    53.03972625732422
  ],
  "max_length": [
    99.58596801757812
  ],
  "span": [
    32.81732177734375
  ],
  "curl": [
    2.233133058944091
  ],
  "diameter": [
    17.070634635607934
  ],
  "elongation": [
    4.293070980157047
  ],
  "surface_area": [
    8491.685505649812
  ],
  "end_surface_area_head": [
    1272.1384369680704
  ],
  "end_surface_area_tail": [
    1678.964434577149
  ],
  "radius_head": [
    5.004304215798946
  ],
  "radius_tail": [
    6.143662813271848
  ],
  "irregularity": [
    2.1606112115845124
  ],
  "irregularity_of_end_surface_head": [
    0.06184475933027642
  ],
  "irregularity_of_end_surface_tail": [
    0.07062575769653329
  ],
  "mean_curvature": [
    0.3969833861564354
  ],
  "fractal_dimension": [
    2.4649129203871687
  ]
}