{
  "volume": [
    16028.943093299866
  ],
  "volume_endpoints": [
    4318.1670479774475
  ],
  "streamlines_count": [
    4934
  ],
  "avg_length": [
    77.39923095703125
  ],
  "std_length": [
    11.044575691223145
  ],
  "min_length": [
    59.0026969909668
  ],
  "max_length": [
    117.63602447509766
  ],
  "span": [
    32.58896255493164
  ],
  "curl": [
    2.3750136515259683
  ],
  "diameter": [
    16.238248379849225
  ],
  "elongation": [
    4.766476601816207
  ],
  "surface_area": [
    10648.509048529688
  ],
  "end_surface_area_head": [
    5792.427299291164
  ],
  "end_surface_area_tail": [
    690.9584403836728
  ],
  "radius_head": [
    9.581133288100345
  ],
  "radius_tail": [
    3.956388127318662
  ],
  "irregularity": [
    2.696889211575264
  ],
  "irregularity_of_end_surface_head": [
    0.04978781244223101
  ],
  "irregularity_of_end_surface_tail": [
    0.07116979686134017
  ],
  "mean_curvature": [
    0.3469456319093559
  ],
  "fractal_dimension": [
    2.305189389845751
  ]
}