{
  "volume": [
    10019.54238319397
  ],
  "volume_endpoints": [
    1726.104459285736
  ],
  "streamlines_count": [
    1688
  ],
  "avg_length": [
    81.32022857666016
  ],
  "std_length": [
    4.74894905090332
  ],
  "min_length": [
    66.41749572753906
  ],
  "max_length": [
    95.13276672363281
  ],
  "span": [
    38.67898941040039
  ],
  "curl": [
    2.1024393298857484
  ],
  "diameter": [
    12.525056894934737
  ],
  "elongation": [
    6.49260352737774
  ],
  "surface_area": [
    6050.7295199953405
  ],
  "end_surface_area_head": [
    1026.7513272991027
  ],
  "end_surface_area_tail": [
    781.3642176301347
  ],
  "radius_head": [
    4.630185761200505
  ],
  "radius_tail": [
    4.548790094239373
  ],
  "irregularity": [
    1.8909479244511236
  ],
  "irregularity_of_end_surface_head": [
    0.06559661514914988
  ],
  "irregularity_of_end_surface_tail": [
    0.08319326078744925
  ],
  "mean_curvature": [
    0.37769267618020563
  ],
  "fractal_dimension": [
    2.366334654934727
  ]
}