{
  "volume": [
    8775.817284584045
  ],
  "volume_endpoints": [
    2144.5540251731873
  ],
  "streamlines_count": [
    2147
  ],
  "avg_length": [
    74.21268463134766
  ],
  "std_length": [
    7.359707832336426
  ],
  "min_length": [
    51.55088806152344
  ],
  "max_length": [
    95.73880004882812
  ],
  "span": [
    35.14722442626953
  ],
  "curl": [
    2.111480660073973
  ],
  "diameter": [
    12.270429777764564
  ],
  "elongation": [
    6.0480917111664345
  ],
  "surface_area": [
    5314.568190988437
  ],
  "end_surface_area_head": [
    1059.0391048871247
  ],
  "end_surface_area_tail": [
    1091.3268824751467
  ],
  "radius_head": [
    4.827177289002627
  ],
  "radius_tail": [
    5.648262935042751
  ],
  "irregularity": [
    1.857719733443487
  ],
  "irregularity_of_end_surface_head": [
    0.06912328593270624
  ],
  "irregularity_of_end_surface_tail": [
    0.09183851032385935
  ],
  "mean_curvature": [
    0.36766814878778675
  ],
  "fractal_dimension": [
    2.3679901521963105
  ]
}