{
  "volume": [
    6055.895106315613
  ],
  "volume_endpoints": [
    1574.9976716041565
  ],
  "streamlines_count": [
    1497
  ],
  "avg_length": [
    56.790306091308594
  ],
  "std_length": [
    5.4980645179748535
  ],
  "min_length": [
    41.18709945678711
  ],
  "max_length": [
    72.65143585205078
  ],
  "span": [
    26.963459014892578
  ],
  "curl": [
    2.1061951309712126
  ],
  "diameter": [
    11.652178438151726
  ],
  "elongation": [
    4.873793033014752
  ],
  "surface_area": [
    3784.1275333161893
  ],
  "end_surface_area_head": [
    1007.3786607462894
  ],
  "end_surface_area_tail": [
    568.2648855491889
  ],
  "radius_head": [
    4.6467857166519195
  ],
  "radius_tail": [
    3.7049637385248513
  ],
  "irregularity": [
    1.8202647369560128
  ],
  "irregularity_of_end_surface_head": [
    0.06733834171994772
  ],
  "irregularity_of_end_surface_tail": [
    0.07588692854021602
  ],
  "mean_curvature": [
    0.39297527114629904
  ],
  "fractal_dimension": [
    2.3187730952882952
  ]
}