{
  "volume": [
    8584.027900218964
  ],
  "volume_endpoints": [
    2225.9192185401917
  ],
  "streamlines_count": [
    2842
  ],
  "avg_length": [
    73.89212036132812
  ],
  "std_length": [
    5.287314414978027
  ],
  "min_length": [
    58.652923583984375
  ],
  "max_length": [
    91.386474609375
  ],
  "span": [
    31.895769119262695
  ],
  "curl": [
    2.316674668826303
  ],
  "diameter": [
    12.16190355488093
  ],
  "elongation": [
    6.075703530116636
  ],
  "surface_area": [
    5282.280413400415
  ],
  "end_surface_area_head": [
    949.2606610878496
  ],
  "end_surface_area_tail": [
    1265.6808814504661
  ],
  "radius_head": [
    4.748906454044232
  ],
  "radius_tail": [
    4.888035772037531
  ],
  "irregularity": [
    1.8709918491753066
  ],
  "irregularity_of_end_surface_head": [
    0.07463656073226257
  ],
  "irregularity_of_end_surface_tail": [
    0.05930542243973177
  ],
  "mean_curvature": [
    0.366875252343667
  ],
  "fractal_dimension": [
    2.3894172074274396
  ]
}