{
  "volume": [
    12849.88875246048
  ],
  "volume_endpoints": [
    3016.323954105377
  ],
  "streamlines_count": [
    3418
  ],
  "avg_length": [
    77.94818115234375
  ],
  "std_length": [
    6.166500091552734
  ],
  "min_length": [
    60.78214645385742
  ],
  "max_length": [
    96.50730895996094
  ],
  "span": [
    32.25983428955078
  ],
  "curl": [
    2.4162610524503467
  ],
  "diameter": [
    14.487776924791847
  ],
  "elongation": [
    5.380272042907899
  ],
  "surface_area": [
    7413.2737342098735
  ],
  "end_surface_area_head": [
    962.1757721230584
  ],
  "end_surface_area_tail": [
    1937.2666552813257
  ],
  "radius_head": [
    4.653808345569972
  ],
  "radius_tail": [
    6.6544389733555995
  ],
  "irregularity": [
    2.0895483652161215
  ],
  "irregularity_of_end_surface_head": [
    0.07071514623727579
  ],
  "irregularity_of_end_surface_tail": [
    0.07180974135929984
  ],
  "mean_curvature": [
    0.3689129124736144
  ],
  "fractal_dimension": [
    2.374422872487042
  ]
}