{
  "volume": [
    8967.606668949127
  ],
  "volume_endpoints": [
    1557.5622730255127
  ],
  "streamlines_count": [
    2782
  ],
  "avg_length": [
    69.6413803100586
  ],
  "std_length": [
    4.929226875305176
  ],
  "min_length": [
    56.59172821044922
  ],
  "max_length": [
    85.68197631835938
  ],
  "span": [
    28.81808853149414
  ],
  "curl": [
    2.416585688323856
  ],
  "diameter": [
    12.80441229606108
  ],
  "elongation": [
    5.438858004555337
  ],
  "surface_area": [
    5146.671747530722
  ],
  "end_surface_area_head": [
    884.6851059118054
  ],
  "end_surface_area_tail": [
    652.2131072780463
  ],
  "radius_head": [
    4.425060504836364
  ],
  "radius_tail": [
    3.8064647695998337
  ],
  "irregularity": [
    1.8371709821990634
  ],
  "irregularity_of_end_surface_head": [
    0.06953437949258578
  ],
  "irregularity_of_end_surface_tail": [
    0.06979173251752654
  ],
  "mean_curvature": [
    0.37702421985411283
  ],
  "fractal_dimension": [
    2.3801102643305474
  ]
}