{
  "volume": [
    8758.381886005402
  ],
  "volume_endpoints": [
    2109.6832280158997
  ],
  "streamlines_count": [
    1632
  ],
  "avg_length": [
    62.062049865722656
  ],
  "std_length": [
    8.53695011138916
  ],
  "min_length": [
    42.37133026123047
  ],
  "max_length": [
    91.39542388916016
  ],
  "span": [
    27.481172561645508
  ],
  "curl": [
    2.258347955368558
  ],
  "diameter": [
    13.404602505372816
  ],
  "elongation": [
    4.6299060222671296
  ],
  "surface_area": [
    5553.497745139801
  ],
  "end_surface_area_head": [
    1175.2751042040043
  ],
  "end_surface_area_tail": [
    781.3642176301347
  ],
  "radius_head": [
    5.003823539673316
  ],
  "radius_tail": [
    4.30780457492507
  ],
  "irregularity": [
    2.1248910688351934
  ],
  "irregularity_of_end_surface_head": [
    0.0669289956268396
  ],
  "irregularity_of_end_surface_tail": [
    0.07461194132950118
  ],
  "mean_curvature": [
    0.37683154761279913
  ],
  "fractal_dimension": [
    2.358001531040139
  ]
}