{
  "volume": [
    17720.176755428314
  ],
  "volume_endpoints": [
    3242.9841356277466
  ],
  "streamlines_count": [
    3572
  ],
  "avg_length": [
    78.3919448852539
  ],
  "std_length": [
    7.337316036224365
  ],
  "min_length": [
    58.99872589111328
  ],
  "max_length": [
    102.28919982910156
  ],
  "span": [
    30.50316619873047
  ],
  "curl": [
    2.569960914041656
  ],
  "diameter": [
    16.964980486456078
  ],
  "elongation": [
    4.620809611177436
  ],
  "surface_area": [
    9318.252611903177
  ],
  "end_surface_area_head": [
    1110.69954902796
  ],
  "end_surface_area_tail": [
    1840.4033225172593
  ],
  "radius_head": [
    5.002333327586175
  ],
  "radius_tail": [
    7.225537772379852
  ],
  "irregularity": [
    2.230282122896702
  ],
  "irregularity_of_end_surface_head": [
    0.07077803998454649
  ],
  "irregularity_of_end_surface_tail": [
    0.08912041813715225
  ],
  "mean_curvature": [
    0.3825693989938077
  ],
  "fractal_dimension": [
    2.389374474074571
  ]
}