{
  "volume": [
    16354.403866767883
  ],
  "volume_endpoints": [
    3835.7876873016357
  ],
  "streamlines_count": [
    2881
  ],
  "avg_length": [
    89.16415405273438
  ],
  "std_length": [
    6.026585578918457
  ],
  "min_length": [
    72.88052368164062
  ],
  "max_length": [
    108.31964874267578
  ],
  "span": [
    38.34292984008789
  ],
  "curl": [
    2.3254392511109683
  ],
  "diameter": [
    15.2818971227121
  ],
  "elongation": [
    5.834625985030207
  ],
  "surface_area": [
    9163.27127948067
  ],
  "end_surface_area_head": [
    1039.6664383343114
  ],
  "end_surface_area_tail": [
    2809.0366501579224
  ],
  "radius_head": [
    4.552162267801778
  ],
  "radius_tail": [
    8.387372726716961
  ],
  "irregularity": [
    2.1405880969631546
  ],
  "irregularity_of_end_surface_head": [
    0.06261686457984175
  ],
  "irregularity_of_end_surface_tail": [
    0.07867637709986944
  ],
  "mean_curvature": [
    0.3747199717721605
  ],
  "fractal_dimension": [
    2.397594721108084
  ]
}