{
  "volume": [
    11518.986660957336
  ],
  "volume_endpoints": [
    2005.0708365440369
  ],
  "streamlines_count": [
    2819
  ],
  "avg_length": [
    68.47300720214844
  ],
  "std_length": [
    5.574939727783203
  ],
  "min_length": [
    54.2882194519043
  ],
  "max_length": [
    86.39674377441406
  ],
  "span": [
    28.351232528686523
  ],
  "curl": [
    2.41516862213541
  ],
  "diameter": [
    14.63532921612714
  ],
  "elongation": [
    4.678610654463163
  ],
  "surface_area": [
    6024.899297924923
  ],
  "end_surface_area_head": [
    1026.7513272991027
  ],
  "end_surface_area_tail": [
    787.8217731477391
  ],
  "radius_head": [
    4.53343387119299
  ],
  "radius_tail": [
    4.4822880884347045
  ],
  "irregularity": [
    1.913718352891474
  ],
  "irregularity_of_end_surface_head": [
    0.0628838567844696
  ],
  "irregularity_of_end_surface_tail": [
    0.08011639997767314
  ],
  "mean_curvature": [
    0.3837559879058724
  ],
  "fractal_dimension": [
    2.431484084390507
  ]
}