{
  "volume": [
    12797.582556724548
  ],
  "volume_endpoints": [
    2847.781767845154
  ],
  "streamlines_count": [
    3228
  ],
  "avg_length": [
    74.54653930664062
  ],
  "std_length": [
    6.281199932098389
  ],
  "min_length": [
    57.624786376953125
  ],
  "max_length": [
    94.85584259033203
  ],
  "span": [
    30.442974090576172
  ],
  "curl": [
    2.448727219779654
  ],
  "diameter": [
    14.784453844411573
  ],
  "elongation": [
    5.042224764685422
  ],
  "surface_area": [
    7058.10818074163
  ],
  "end_surface_area_head": [
    1091.3268824751467
  ],
  "end_surface_area_tail": [
    1601.473768365896
  ],
  "radius_head": [
    4.591045979959745
  ],
  "radius_tail": [
    6.158935408131498
  ],
  "irregularity": [
    2.038476293559971
  ],
  "irregularity_of_end_surface_head": [
    0.06067619020471307
  ],
  "irregularity_of_end_surface_tail": [
    0.07441171981592934
  ],
  "mean_curvature": [
    0.3702253334344246
  ],
  "fractal_dimension": [
    2.392608076904048
  ]
}