{
  "volume": [
    20097.202761650085
  ],
  "volume_endpoints": [
    3458.0207180976868
  ],
  "streamlines_count": [
    3809
  ],
  "avg_length": [
    81.3258056640625
  ],
  "std_length": [
    6.616382598876953
  ],
  "min_length": [
    64.00126647949219
  ],
  "max_length": [
    102.58712768554688
  ],
  "span": [
    32.07141876220703
  ],
  "curl": [
    2.5357719989580523
  ],
  "diameter": [
    17.738164543830354
  ],
  "elongation": [
    4.584792607099197
  ],
  "surface_area": [
    10435.409716448741
  ],
  "end_surface_area_head": [
    929.8879945350363
  ],
  "end_surface_area_tail": [
    2357.007763925613
  ],
  "radius_head": [
    4.567118641908904
  ],
  "radius_tail": [
    8.089096625477584
  ],
  "irregularity": [
    2.3026216238644315
  ],
  "irregularity_of_end_surface_head": [
    0.0704699266041724
  ],
  "irregularity_of_end_surface_tail": [
    0.08721454229339556
  ],
  "mean_curvature": [
    0.3775805182878224
  ],
  "fractal_dimension": [
    2.417453725268011
  ]
}