{
  "volume": [
    8758.381886005402
  ],
  "volume_endpoints": [
    2411.896803379059
  ],
  "streamlines_count": [
    2478
  ],
  "avg_length": [
    70.40373992919922
  ],
  "std_length": [
    6.923585891723633
  ],
  "min_length": [
    51.03374099731445
  ],
  "max_length": [
    92.01754760742188
  ],
  "span": [
    34.32490921020508
  ],
  "curl": [
    2.0510976299470474
  ],
  "diameter": [
    12.585461141773267
  ],
  "elongation": [
    5.594053260036483
  ],
  "surface_area": [
    5398.516412717294
  ],
  "end_surface_area_head": [
    1059.0391048871247
  ],
  "end_surface_area_tail": [
    1478.7802135314118
  ],
  "radius_head": [
    4.8290907194109955
  ],
  "radius_tail": [
    5.944419346810379
  ],
  "irregularity": [
    1.939365610559905
  ],
  "irregularity_of_end_surface_head": [
    0.06917809593983798
  ],
  "irregularity_of_end_surface_tail": [
    0.07506977594699585
  ],
  "mean_curvature": [
    0.3720774240340794
  ],
  "fractal_dimension": [
    2.300662605528082
  ]
}