{
  "volume": [
    13901.824466705322
  ],
  "volume_endpoints": [
    3911.3410811424255
  ],
  "streamlines_count": [
    3213
  ],
  "avg_length": [
    71.9737319946289
  ],
  "std_length": [
    6.726784706115723
  ],
  "min_length": [
    48.607810974121094
  ],
  "max_length": [
    94.27926635742188
  ],
  "span": [
    33.49909210205078
  ],
  "curl": [
    2.148527839959661
  ],
  "diameter": [
    15.6820902322584
  ],
  "elongation": [
    4.5895496664454445
  ],
  "surface_area": [
    8162.350174251986
  ],
  "end_surface_area_head": [
    1046.1239938519159
  ],
  "end_surface_area_tail": [
    3196.4899812141875
  ],
  "radius_head": [
    5.012500095388108
  ],
  "radius_tail": [
    7.521862148803864
  ],
  "irregularity": [
    2.3019049090728063
  ],
  "irregularity_of_end_surface_head": [
    0.07545282372202872
  ],
  "irregularity_of_end_surface_tail": [
    0.05560671825518437
  ],
  "mean_curvature": [
    0.3853327361290009
  ],
  "fractal_dimension": [
    2.3589513414846723
  ]
}