{
  "volume": [
    11460.86866569519
  ],
  "volume_endpoints": [
    2377.0260062217712
  ],
  "streamlines_count": [
    2488
  ],
  "avg_length": [
    70.8298568725586
  ],
  "std_length": [
    6.099396705627441
  ],
  "min_length": [
    53.38375473022461
  ],
  "max_length": [
    90.7179946899414
  ],
  "span": [
    32.532501220703125
  ],
  "curl": [
    2.1772029267606294
  ],
  "diameter": [
    14.35342833034853
  ],
  "elongation": [
    4.934699588306559
  ],
  "surface_area": [
    6767.518182449431
  ],
  "end_surface_area_head": [
    923.4304390174319
  ],
  "end_surface_area_tail": [
    1498.1528800842252
  ],
  "radius_head": [
    4.585769790602036
  ],
  "radius_tail": [
    5.868707191304388
  ],
  "irregularity": [
    2.118885793903004
  ],
  "irregularity_of_end_surface_head": [
    0.071543500334678
  ],
  "irregularity_of_end_surface_tail": [
    0.07222351526291505
  ],
  "mean_curvature": [
    0.3846816095700218
  ],
  "fractal_dimension": [
    2.344323808134616
  ]
}