{
  "volume": [
    11582.916455745697
  ],
  "volume_endpoints": [
    2719.9221782684326
  ],
  "streamlines_count": [
    2529
  ],
  "avg_length": [
    73.29955291748047
  ],
  "std_length": [
    5.371676921844482
  ],
  "min_length": [
    59.50248718261719
  ],
  "max_length": [
    91.5669174194336
  ],
  "span": [
    33.1916389465332
  ],
  "curl": [
    2.2083740135747787
  ],
  "diameter": [
    14.184478012046508
  ],
  "elongation": [
    5.167589026203789
  ],
  "surface_area": [
    6928.9570703895415
  ],
  "end_surface_area_head": [
    994.4635497110805
  ],
  "end_surface_area_tail": [
    1607.9313238835002
  ],
  "radius_head": [
    4.8280717236655155
  ],
  "radius_tail": [
    5.515011096301702
  ],
  "irregularity": [
    2.1213059678635844
  ],
  "irregularity_of_end_surface_head": [
    0.07363909279847203
  ],
  "irregularity_of_end_surface_tail": [
    0.05942581657862605
  ],
  "mean_curvature": [
    0.37594302801710666
  ],
  "fractal_dimension": [
    2.3746739704882187
  ]
}