{
  "volume": [
    5550.268547534943
  ],
  "volume_endpoints": [
    802.0283346176147
  ],
  "streamlines_count": [
    279
  ],
  "avg_length": [
    54.92576217651367
  ],
  "std_length": [
    4.945231914520264
  ],
  "min_length": [
    45.09064483642578
  ],
  "max_length": [
    70.00556945800781
  ],
  "span": [
    23.749479293823242
  ],
  "curl": [
    2.3127143756283846
  ],
  "diameter": [
    11.342897605941252
  ],
  "elongation": [
    4.842304328635068
  ],
  "surface_area": [
    3855.160644009838
  ],
  "end_surface_area_head": [
    284.13244277459444
  ],
  "end_surface_area_tail": [
    865.3124393589922
  ],
  "radius_head": [
    2.7709148234532543
  ],
  "radius_tail": [
    4.130920831331674
  ],
  "irregularity": [
    1.969665614598031
  ],
  "irregularity_of_end_surface_head": [
    0.08489368774651218
  ],
  "irregularity_of_end_surface_tail": [
    0.06195418801578887
  ],
  "mean_curvature": [
    0.39683153904894347
  ],
  "fractal_dimension": [
    2.2428556120241936
  ]
}