{
  "volume": [
    9583.657418727875
  ],
  "volume_endpoints": [
    1941.1410417556763
  ],
  "streamlines_count": [
    2579
  ],
  "avg_length": [
    74.3385238647461
  ],
  "std_length": [
    4.070280075073242
  ],
  "min_length": [
    60.51229476928711
  ],
  "max_length": [
    87.71168518066406
  ],
  "span": [
    35.388038635253906
  ],
  "curl": [
    2.1006680994941984
  ],
  "diameter": [
    12.811905692737298
  ],
  "elongation": [
    5.80230027035607
  ],
  "surface_area": [
    5476.007078928547
  ],
  "end_surface_area_head": [
    1026.7513272991027
  ],
  "end_surface_area_tail": [
    781.3642176301347
  ],
  "radius_head": [
    4.868257954330996
  ],
  "radius_tail": [
    3.997600125100494
  ],
  "irregularity": [
    1.8301490548612265
  ],
  "irregularity_of_end_surface_head": [
    0.07251565331240728
  ],
  "irregularity_of_end_surface_tail": [
    0.06425324321679958
  ],
  "mean_curvature": [
    0.37822530607282306
  ],
  "fractal_dimension": [
    2.359908090000243
  ]
}