{
  "volume": [
    14448.133622169495
  ],
  "volume_endpoints": [
    3742.798894882202
  ],
  "streamlines_count": [
    2377
  ],
  "avg_length": [
    81.2986068725586
  ],
  "std_length": [
    7.9157867431640625
  ],
  "min_length": [
    59.222286224365234
  ],
  "max_length": [
    105.74114227294922
  ],
  "span": [
    35.84177017211914
  ],
  "curl": [
    2.2682642760708216
  ],
  "diameter": [
    15.042477905447196
  ],
  "elongation": [
    5.40460204652311
  ],
  "surface_area": [
    8317.33150667449
  ],
  "end_surface_area_head": [
    1188.190215239213
  ],
  "end_surface_area_tail": [
    2796.1215391227133
  ],
  "radius_head": [
    5.153962879207344
  ],
  "radius_tail": [
    7.905561109012009
  ],
  "irregularity": [
    2.16486915703518
  ],
  "irregularity_of_end_surface_head": [
    0.07023384965563666
  ],
  "irregularity_of_end_surface_tail": [
    0.07021974173857642
  ],
  "mean_curvature": [
    0.37517462062093454
  ],
  "fractal_dimension": [
    2.326539656670857
  ]
}