{
  "volume": [
    10734.393724918365
  ],
  "volume_endpoints": [
    2493.2619967460632
  ],
  "streamlines_count": [
    2955
  ],
  "avg_length": [
    63.44689178466797
  ],
  "std_length": [
    6.024690628051758
  ],
  "min_length": [
    44.400543212890625
  ],
  "max_length": [
    83.91698455810547
  ],
  "span": [
    27.476213455200195
  ],
  "curl": [
    2.3091570418943554
  ],
  "diameter": [
    14.677045617131665
  ],
  "elongation": [
    4.322865339507434
  ],
  "surface_area": [
    5869.917965502417
  ],
  "end_surface_area_head": [
    1097.7844379927512
  ],
  "end_surface_area_tail": [
    1214.0204373096308
  ],
  "radius_head": [
    5.011702952131314
  ],
  "radius_tail": [
    5.009366562965327
  ],
  "irregularity": [
    2.0064722786464326
  ],
  "irregularity_of_end_surface_head": [
    0.07187923508744702
  ],
  "irregularity_of_end_surface_tail": [
    0.0649365931501482
  ],
  "mean_curvature": [
    0.3823500862984891
  ],
  "fractal_dimension": [
    2.421165300788166
  ]
}