{
  "volume": [
    15221.102959156036
  ],
  "volume_endpoints": [
    4155.436661243439
  ],
  "streamlines_count": [
    3229
  ],
  "avg_length": [
    73.1637954711914
  ],
  "std_length": [
    6.820253849029541
  ],
  "min_length": [
    53.94398880004883
  ],
  "max_length": [
    94.2720718383789
  ],
  "span": [
    34.13456726074219
  ],
  "curl": [
    2.1433930863197532
  ],
  "diameter": [
    16.275337664148378
  ],
  "elongation": [
    4.49537803644824
  ],
  "surface_area": [
    8452.940172544184
  ],
  "end_surface_area_head": [
    1214.0204373096308
  ],
  "end_surface_area_tail": [
    3248.150425355023
  ],
  "radius_head": [
    5.238368805022063
  ],
  "radius_tail": [
    8.468432370151142
  ],
  "irregularity": [
    2.2596006336098875
  ],
  "irregularity_of_end_surface_head": [
    0.07100942856425063
  ],
  "irregularity_of_end_surface_tail": [
    0.06936170915293263
  ],
  "mean_curvature": [
    0.37950900562520584
  ],
  "fractal_dimension": [
    2.3924773276497158
  ]
}