{
  "volume": [
    19667.129596710205
  ],
  "volume_endpoints": [
    7758.7523674964905
  ],
  "streamlines_count": [
    6798
  ],
  "avg_length": [
    52.195186614990234
  ],
  "std_length": [
    7.997550010681152
  ],
  "min_length": [
    27.0469970703125
  ],
  "max_length": [
    76.5329818725586
  ],
  "span": [
    24.648439407348633
  ],
  "curl": [
    2.1175858541141097
  ],
  "diameter": [
    21.903338845849905
  ],
  "elongation": [
    2.382978548719289
  ],
  "surface_area": [
    10642.051493012083
  ],
  "end_surface_area_head": [
    1226.9355483448396
  ],
  "end_surface_area_tail": [
    7561.797511114774
  ],
  "radius_head": [
    5.01257774828934
  ],
  "radius_tail": [
    11.687504103926248
  ],
  "irregularity": [
    2.963020845520557
  ],
  "irregularity_of_end_surface_head": [
    0.0643354535302641
  ],
  "irregularity_of_end_surface_tail": [
    0.05675032875616923
  ],
  "mean_curvature": [
    0.3808708875038653
  ],
  "fractal_dimension": [
    2.423872073486694
  ]
}