{
  "volume": [
    7427.479794502258
  ],
  "volume_endpoints": [
    1592.4330701828003
  ],
  "streamlines_count": [
    1822
  ],
  "avg_length": [
    71.81310272216797
  ],
  "std_length": [
    4.544665336608887
  ],
  "min_length": [
    59.8332405090332
  ],
  "max_length": [
    85.70632934570312
  ],
  "span": [
    34.775917053222656
  ],
  "curl": [
    2.065023982322649
  ],
  "diameter": [
    11.47556172518463
  ],
  "elongation": [
    6.257916121401244
  ],
  "surface_area": [
    4849.624193720919
  ],
  "end_surface_area_head": [
    833.02466177097
  ],
  "end_surface_area_tail": [
    858.8548838413877
  ],
  "radius_head": [
    4.151145279885622
  ],
  "radius_tail": [
    4.3804336717335355
  ],
  "irregularity": [
    1.873184556496077
  ],
  "irregularity_of_end_surface_head": [
    0.0649872080688973
  ],
  "irregularity_of_end_surface_tail": [
    0.07018823159432525
  ],
  "mean_curvature": [
    0.3752752860801542
  ],
  "fractal_dimension": [
    2.3662219692444286
  ]
}