{
  "volume": [
    4661.063220024109
  ],
  "volume_endpoints": [
    685.7923440933228
  ],
  "streamlines_count": [
    246
  ],
  "avg_length": [
    50.71253204345703
  ],
  "std_length": [
    4.342127323150635
  ],
  "min_length": [
    40.63517379760742
  ],
  "max_length": [
    64.51451110839844
  ],
  "span": [
    23.458099365234375
  ],
  "curl": [
    2.1618346505350114
  ],
  "diameter": [
    10.817823926980532
  ],
  "elongation": [
    4.687868131868541
  ],
  "surface_area": [
    3809.9577553866075
  ],
  "end_surface_area_head": [
    477.859108302727
  ],
  "end_surface_area_tail": [
    523.0619969259579
  ],
  "radius_head": [
    3.133178064671319
  ],
  "radius_tail": [
    3.4852646274990278
  ],
  "irregularity": [
    2.2106250345384235
  ],
  "irregularity_of_end_surface_head": [
    0.06453869196639277
  ],
  "irregularity_of_end_surface_tail": [
    0.07295721081355777
  ],
  "mean_curvature": [
    0.3976804153706
  ],
  "fractal_dimension": [
    2.132723285586723
  ]
}