{
  "volume": [
    10786.699920654297
  ],
  "volume_endpoints": [
    2080.6242303848267
  ],
  "streamlines_count": [
    3100
  ],
  "avg_length": [
    65.7318344116211
  ],
  "std_length": [
    4.65754508972168
  ],
  "min_length": [
    52.68558120727539
  ],
  "max_length": [
    81.83940887451172
  ],
  "span": [
    28.20064353942871
  ],
  "curl": [
    2.33086292232013
  ],
  "diameter": [
    14.454779848706192
  ],
  "elongation": [
    4.5474116589540845
  ],
  "surface_area": [
    6024.899297924923
  ],
  "end_surface_area_head": [
    929.8879945350363
  ],
  "end_surface_area_tail": [
    1110.69954902796
  ],
  "radius_head": [
    4.510447032038058
  ],
  "radius_tail": [
    5.240140312263743
  ],
  "irregularity": [
    2.0184253201336544
  ],
  "irregularity_of_end_surface_head": [
    0.06873190895856175
  ],
  "irregularity_of_end_surface_tail": [
    0.07766746120337582
  ],
  "mean_curvature": [
    0.3848247709581929
  ],
  "fractal_dimension": [
    2.348340886361896
  ]
}