{
  "volume": [
    8671.204893112183
  ],
  "volume_endpoints": [
    2551.3799920082092
  ],
  "streamlines_count": [
    3303
  ],
  "avg_length": [
    60.26005554199219
  ],
  "std_length": [
    3.9267466068267822
  ],
  "min_length": [
    50.61204147338867
  ],
  "max_length": [
    73.80225372314453
  ],
  "span": [
    26.975025177001953
  ],
  "curl": [
    2.2339202705681993
  ],
  "diameter": [
    13.535678164657067
  ],
  "elongation": [
    4.451942105075819
  ],
  "surface_area": [
    5424.346634787712
  ],
  "end_surface_area_head": [
    845.9397728061789
  ],
  "end_surface_area_tail": [
    1749.9975452707977
  ],
  "radius_head": [
    4.351692337084033
  ],
  "radius_tail": [
    6.08208881906921
  ],
  "irregularity": [
    2.116839908844407
  ],
  "irregularity_of_end_surface_head": [
    0.07032776163410216
  ],
  "irregularity_of_end_surface_tail": [
    0.06640762512478784
  ],
  "mean_curvature": [
    0.3710451392993182
  ],
  "fractal_dimension": [
    2.3004878204897343
  ]
}