{
  "volume": [
    7247.314009189606
  ],
  "volume_endpoints": [
    1883.0230464935303
  ],
  "streamlines_count": [
    2057
  ],
  "avg_length": [
    52.05529022216797
  ],
  "std_length": [
    10.338068008422852
  ],
  "min_length": [
    33.72419357299805
  ],
  "max_length": [
    83.11115264892578
  ],
  "span": [
    24.77857208251953
  ],
  "curl": [
    2.100818806217299
  ],
  "diameter": [
    13.3140800134935
  ],
  "elongation": [
    3.9097925030802867
  ],
  "surface_area": [
    4410.510418523818
  ],
  "end_surface_area_head": [
    955.718216605454
  ],
  "end_surface_area_tail": [
    826.5671062533656
  ],
  "radius_head": [
    4.522784103511788
  ],
  "radius_tail": [
    6.087878175509774
  ],
  "irregularity": [
    2.0256431740819205
  ],
  "irregularity_of_end_surface_head": [
    0.06724062209715718
  ],
  "irregularity_of_end_surface_tail": [
    0.14086518202376974
  ],
  "mean_curvature": [
    0.39247435403785835
  ],
  "fractal_dimension": [
    2.305510480759848
  ]
}