{
  "volume": [
    8624.710496902466
  ],
  "volume_endpoints": [
    1784.222454547882
  ],
  "streamlines_count": [
    2336
  ],
  "avg_length": [
    69.36688232421875
  ],
  "std_length": [
    4.059762001037598
  ],
  "min_length": [
    56.325286865234375
  ],
  "max_length": [
    82.75037384033203
  ],
  "span": [
    32.470035552978516
  ],
  "curl": [
    2.136335274750127
  ],
  "diameter": [
    12.58204501254468
  ],
  "elongation": [
    5.513164374714751
  ],
  "surface_area": [
    5127.2990809779085
  ],
  "end_surface_area_head": [
    910.5153279822231
  ],
  "end_surface_area_tail": [
    936.3455500526408
  ],
  "radius_head": [
    4.261815926424858
  ],
  "radius_tail": [
    4.4635073907567655
  ],
  "irregularity": [
    1.8699731386001957
  ],
  "irregularity_of_end_surface_head": [
    0.06266888783072462
  ],
  "irregularity_of_end_surface_tail": [
    0.06684458606730234
  ],
  "mean_curvature": [
    0.3754461105300547
  ],
  "fractal_dimension": [
    2.3192488469533847
  ]
}