{
  "volume": [
    8723.511088848114
  ],
  "volume_endpoints": [
    2167.8012232780457
  ],
  "streamlines_count": [
    2002
  ],
  "avg_length": [
    67.53689575195312
  ],
  "std_length": [
    9.344825744628906
  ],
  "min_length": [
    41.993263244628906
  ],
  "max_length": [
    95.71971130371094
  ],
  "span": [
    30.180761337280273
  ],
  "curl": [
    2.23774658953117
  ],
  "diameter": [
    12.824196696303254
  ],
  "elongation": [
    5.266364619268631
  ],
  "surface_area": [
    5340.398413058854
  ],
  "end_surface_area_head": [
    1007.3786607462894
  ],
  "end_surface_area_tail": [
    1123.614660063169
  ],
  "radius_head": [
    4.5552216303920705
  ],
  "radius_tail": [
    6.71859613579794
  ],
  "irregularity": [
    1.9626936616508528
  ],
  "irregularity_of_end_surface_head": [
    0.06471070775331762
  ],
  "irregularity_of_end_surface_tail": [
    0.12620877383876675
  ],
  "mean_curvature": [
    0.3931343381281023
  ],
  "fractal_dimension": [
    2.268598116128353
  ]
}