{
  "volume": [
    5021.394790649414
  ],
  "volume_endpoints": [
    1580.809471130371
  ],
  "streamlines_count": [
    2831
  ],
  "avg_length": [
    47.34294509887695
  ],
  "std_length": [
    4.2994465827941895
  ],
  "min_length": [
    34.394989013671875
  ],
  "max_length": [
    61.294158935546875
  ],
  "span": [
    22.992034912109375
  ],
  "curl": [
    2.059102001186616
  ],
  "diameter": [
    11.620895817261077
  ],
  "elongation": [
    4.073949706059338
  ],
  "surface_area": [
    3022.135982238868
  ],
  "end_surface_area_head": [
    936.3455500526408
  ],
  "end_surface_area_tail": [
    497.23177485554027
  ],
  "radius_head": [
    4.419383210152957
  ],
  "radius_tail": [
    3.57354186298073
  ],
  "irregularity": [
    1.748514549214115
  ],
  "irregularity_of_end_surface_head": [
    0.0655295287296652
  ],
  "irregularity_of_end_surface_tail": [
    0.08068424641761018
  ],
  "mean_curvature": [
    0.3989821596644195
  ],
  "fractal_dimension": [
    2.263193033028097
  ]
}