{
  "volume": [
    8508.474506378174
  ],
  "volume_endpoints": [
    1621.4920678138733
  ],
  "streamlines_count": [
    2376
  ],
  "avg_length": [
    74.47460174560547
  ],
  "std_length": [
    4.0476484298706055
  ],
  "min_length": [
    63.45768356323242
  ],
  "max_length": [
    87.146240234375
  ],
  "span": [
    36.58469772338867
  ],
  "curl": [
    2.035676290363162
  ],
  "diameter": [
    12.060819433273604
  ],
  "elongation": [
    6.174920548113307
  ],
  "surface_area": [
    5069.181081319469
  ],
  "end_surface_area_head": [
    955.718216605454
  ],
  "end_surface_area_tail": [
    742.6188845245082
  ],
  "radius_head": [
    4.4338694800425795
  ],
  "radius_tail": [
    4.496050834741086
  ],
  "irregularity": [
    1.7963995088229314
  ],
  "irregularity_of_end_surface_head": [
    0.06462280692936916
  ],
  "irregularity_of_end_surface_tail": [
    0.08551578950857533
  ],
  "mean_curvature": [
    0.36226069918435433
  ],
  "fractal_dimension": [
    2.3702851023813767
  ]
}