{
  "volume": [
    12768.523559093475
  ],
  "volume_endpoints": [
    2905.8997631073
  ],
  "streamlines_count": [
    1925
  ],
  "avg_length": [
    66.79492950439453
  ],
  "std_length": [
    5.137178421020508
  ],
  "min_length": [
    51.05876159667969
  ],
  "max_length": [
    82.63440704345703
  ],
  "span": [
    31.432025909423828
  ],
  "curl": [
    2.125059634936491
  ],
  "diameter": [
    15.60104366818418
  ],
  "elongation": [
    4.281439814222945
  ],
  "surface_area": [
    7878.217731477391
  ],
  "end_surface_area_head": [
    865.3124393589922
  ],
  "end_surface_area_tail": [
    2511.989096348119
  ],
  "radius_head": [
    4.166868292616973
  ],
  "radius_tail": [
    6.887770421933887
  ],
  "irregularity": [
    2.4064728057127027
  ],
  "irregularity_of_end_surface_head": [
    0.06303713586734153
  ],
  "irregularity_of_end_surface_tail": [
    0.05933206296666693
  ],
  "mean_curvature": [
    0.37529139353083324
  ],
  "fractal_dimension": [
    2.3177286224905824
  ]
}