{
  "volume": [
    7009.030228614807
  ],
  "volume_endpoints": [
    1790.0342540740967
  ],
  "streamlines_count": [
    1418
  ],
  "avg_length": [
    63.30412673950195
  ],
  "std_length": [
    5.595025062561035
  ],
  "min_length": [
    49.49359893798828
  ],
  "max_length": [
    81.85828399658203
  ],
  "span": [
    28.837121963500977
  ],
  "curl": [
    2.1952303984990498
  ],
  "diameter": [
    11.873206323903233
  ],
  "elongation": [
    5.331679161681675
  ],
  "surface_area": [
    4416.967974041423
  ],
  "end_surface_area_head": [
    929.8879945350363
  ],
  "end_surface_area_tail": [
    916.9728834998275
  ],
  "radius_head": [
    4.161328665304779
  ],
  "radius_tail": [
    4.679561880815657
  ],
  "irregularity": [
    1.8705716187298809
  ],
  "irregularity_of_end_surface_head": [
    0.05850369121123762
  ],
  "irregularity_of_end_surface_tail": [
    0.07502461386558494
  ],
  "mean_curvature": [
    0.3750214208500678
  ],
  "fractal_dimension": [
    2.2653021726406863
  ]
}