{
  "volume": [
    12152.472809314728
  ],
  "volume_endpoints": [
    2708.2985792160034
  ],
  "streamlines_count": [
    3367
  ],
  "avg_length": [
    60.07649612426758
  ],
  "std_length": [
    6.186787128448486
  ],
  "min_length": [
    45.94932174682617
  ],
  "max_length": [
    80.86418151855469
  ],
  "span": [
    26.087831497192383
  ],
  "curl": [
    2.3028551119986003
  ],
  "diameter": [
    16.04852380488357
  ],
  "elongation": [
    3.743428171629486
  ],
  "surface_area": [
    6283.2015186291
  ],
  "end_surface_area_head": [
    1097.7844379927512
  ],
  "end_surface_area_tail": [
    1491.695324566621
  ],
  "radius_head": [
    4.575857048321679
  ],
  "radius_tail": [
    5.404361300631422
  ],
  "irregularity": [
    2.074394872649088
  ],
  "irregularity_of_end_surface_head": [
    0.05992081333182835
  ],
  "irregularity_of_end_surface_tail": [
    0.06151180838865232
  ],
  "mean_curvature": [
    0.3858904906362959
  ],
  "fractal_dimension": [
    2.403467557768884
  ]
}