{
  "volume": [
    9275.632043838501
  ],
  "volume_endpoints": [
    1313.4666929244995
  ],
  "streamlines_count": [
    590
  ],
  "avg_length": [
    54.48203659057617
  ],
  "std_length": [
    6.8774824142456055
  ],
  "min_length": [
    40.00045394897461
  ],
  "max_length": [
    76.21437072753906
  ],
  "span": [
    19.886186599731445
  ],
  "curl": [
    2.7396925155731933
  ],
  "diameter": [
    14.723130063930459
  ],
  "elongation": [
    3.700438449840859
  ],
  "surface_area": [
    5224.162413741975
  ],
  "end_surface_area_head": [
    723.2462179716949
  ],
  "end_surface_area_tail": [
    1188.190215239213
  ],
  "radius_head": [
    3.93327043106245
  ],
  "radius_tail": [
    5.156461822099226
  ],
  "irregularity": [
    2.073066889919183
  ],
  "irregularity_of_end_surface_head": [
    0.06720031609735334
  ],
  "irregularity_of_end_surface_tail": [
    0.07030197312968317
  ],
  "mean_curvature": [
    0.421682607268883
  ],
  "fractal_dimension": [
    2.3638223457651453
  ]
}