{
  "volume": [
    17127.373203754425
  ],
  "volume_endpoints": [
    3591.6921072006226
  ],
  "streamlines_count": [
    3259
  ],
  "avg_length": [
    77.23394012451172
  ],
  "std_length": [
    5.951840877532959
  ],
  "min_length": [
    59.94887924194336
  ],
  "max_length": [
    96.8949966430664
  ],
  "span": [
    34.2032356262207
  ],
  "curl": [
    2.2580887074117353
  ],
  "diameter": [
    16.803368215840177
  ],
  "elongation": [
    4.596336825595771
  ],
  "surface_area": [
    9247.219501209529
  ],
  "end_surface_area_head": [
    962.1757721230584
  ],
  "end_surface_area_tail": [
    2589.479762559372
  ],
  "radius_head": [
    4.577146533306898
  ],
  "radius_tail": [
    9.394282005940177
  ],
  "irregularity": [
    2.2680715893062406
  ],
  "irregularity_of_end_surface_head": [
    0.06840456540953388
  ],
  "irregularity_of_end_surface_tail": [
    0.10706919504174635
  ],
  "mean_curvature": [
    0.37115002818801135
  ],
  "fractal_dimension": [
    2.4133493443072145
  ]
}