{
  "volume": [
    23008.9143242836
  ],
  "volume_endpoints": [
    1051.9357142448425
  ],
  "streamlines_count": [
    1023
  ],
  "avg_length": [
    61.71727752685547
  ],
  "std_length": [
    23.830650329589844
  ],
  "min_length": [
    24.047161102294922
  ],
  "max_length": [
    157.97482299804688
  ],
  "span": [
    14.777194023132324
  ],
  "curl": [
    4.176522107664202
  ],
  "diameter": [
    21.787115849003158
  ],
  "elongation": [
    2.832741972576387
  ],
  "surface_area": [
    16963.998344746808
  ],
  "end_surface_area_head": [
    1033.208882816707
  ],
  "end_surface_area_tail": [
    400.368442091474
  ],
  "radius_head": [
    5.322665906821063
  ],
  "radius_tail": [
    2.9285340091976915
  ],
  "irregularity": [
    4.0157978771864995
  ],
  "irregularity_of_end_surface_head": [
    0.08614303243343102
  ],
  "irregularity_of_end_surface_tail": [
    0.06729620567386636
  ],
  "mean_curvature": [
    0.4369698223363852
  ],
  "fractal_dimension": [
    2.2307352687274893
  ]
}