{
  "volume": [
    21114.26767873764
  ],
  "volume_endpoints": [
    5428.220757484436
  ],
  "streamlines_count": [
    4958
  ],
  "avg_length": [
    88.51484680175781
  ],
  "std_length": [
    10.5371675491333
  ],
  "min_length": [
    58.65370178222656
  ],
  "max_length": [
    138.13912963867188
  ],
  "span": [
    34.66087341308594
  ],
  "curl": [
    2.5537396518213455
  ],
  "diameter": [
    17.42749672669513
  ],
  "elongation": [
    5.079033907731128
  ],
  "surface_area": [
    13670.645030768555
  ],
  "end_surface_area_head": [
    6838.551293143079
  ],
  "end_surface_area_tail": [
    626.3828852076286
  ],
  "radius_head": [
    8.93791479510255
  ],
  "radius_tail": [
    3.602681854513385
  ],
  "irregularity": [
    2.8209020216865746
  ],
  "irregularity_of_end_surface_head": [
    0.036699334121358056
  ],
  "irregularity_of_end_surface_tail": [
    0.06509712584559169
  ],
  "mean_curvature": [
    0.3460138359705543
  ],
  "fractal_dimension": [
    2.3198427977171425
  ]
}