{
  "volume": [
    9351.18543767929
  ],
  "volume_endpoints": [
    1714.4808602333069
  ],
  "streamlines_count": [
    2762
  ],
  "avg_length": [
    69.74158477783203
  ],
  "std_length": [
    3.7836503982543945
  ],
  "min_length": [
    58.64541244506836
  ],
  "max_length": [
    82.38383483886719
  ],
  "span": [
    33.82289505004883
  ],
  "curl": [
    2.0619637873881924
  ],
  "diameter": [
    13.065995011282894
  ],
  "elongation": [
    5.337640548431865
  ],
  "surface_area": [
    5101.468858907491
  ],
  "end_surface_area_head": [
    949.2606610878496
  ],
  "end_surface_area_tail": [
    594.0951076196066
  ],
  "radius_head": [
    4.331579780844133
  ],
  "radius_tail": [
    3.5597307539669183
  ],
  "irregularity": [
    1.7820138180588383
  ],
  "irregularity_of_end_surface_head": [
    0.06209505626979195
  ],
  "irregularity_of_end_surface_tail": [
    0.06700823797204201
  ],
  "mean_curvature": [
    0.3751901656087113
  ],
  "fractal_dimension": [
    2.3382952425753984
  ]
}