{
  "volume": [
    10066.036779403687
  ],
  "volume_endpoints": [
    1807.4696526527405
  ],
  "streamlines_count": [
    2349
  ],
  "avg_length": [
    70.46281433105469
  ],
  "std_length": [
    4.812090873718262
  ],
  "min_length": [
    57.27644729614258
  ],
  "max_length": [
    86.8785629272461
  ],
  "span": [
    32.76496124267578
  ],
  "curl": [
    2.150553873974315
  ],
  "diameter": [
    13.486657333324352
  ],
  "elongation": [
    5.224631470167721
  ],
  "surface_area": [
    5521.209967551778
  ],
  "end_surface_area_head": [
    968.6333276406629
  ],
  "end_surface_area_tail": [
    658.6706627956507
  ],
  "radius_head": [
    4.4117807963678475
  ],
  "radius_tail": [
    4.524275238359973
  ],
  "irregularity": [
    1.8493541333483208
  ],
  "irregularity_of_end_surface_head": [
    0.06312746022523166
  ],
  "irregularity_of_end_surface_tail": [
    0.09762916790167797
  ],
  "mean_curvature": [
    0.38502440209234456
  ],
  "fractal_dimension": [
    2.342496227447537
  ]
}