{
  "volume": [
    7241.502209663391
  ],
  "volume_endpoints": [
    1987.635437965393
  ],
  "streamlines_count": [
    3391
  ],
  "avg_length": [
    46.3782844543457
  ],
  "std_length": [
    4.260166168212891
  ],
  "min_length": [
    35.88882064819336
  ],
  "max_length": [
    61.38729476928711
  ],
  "span": [
    20.67778205871582
  ],
  "curl": [
    2.2429042110344204
  ],
  "diameter": [
    14.099770803887706
  ],
  "elongation": [
    3.289293499831777
  ],
  "surface_area": [
    3842.2455329746294
  ],
  "end_surface_area_head": [
    968.6333276406629
  ],
  "end_surface_area_tail": [
    697.4159959012773
  ],
  "radius_head": [
    4.405598092321661
  ],
  "radius_tail": [
    3.6068003179607686
  ],
  "irregularity": [
    1.8702880914304745
  ],
  "irregularity_of_end_surface_head": [
    0.06295064957295889
  ],
  "irregularity_of_end_surface_tail": [
    0.058600614095409335
  ],
  "mean_curvature": [
    0.39898964192743536
  ],
  "fractal_dimension": [
    2.4199594009819267
  ]
}