{
  "volume": [
    12012.989620685577
  ],
  "volume_endpoints": [
    2586.250789165497
  ],
  "streamlines_count": [
    2793
  ],
  "avg_length": [
    73.56385803222656
  ],
  "std_length": [
    4.5848283767700195
  ],
  "min_length": [
    59.572669982910156
  ],
  "max_length": [
    89.88429260253906
  ],
  "span": [
    32.90707015991211
  ],
  "curl": [
    2.2355031205981737
  ],
  "diameter": [
    14.419438910619808
  ],
  "elongation": [
    5.101714323852597
  ],
  "surface_area": [
    6754.6030714142225
  ],
  "end_surface_area_head": [
    878.227550394201
  ],
  "end_surface_area_tail": [
    1556.2708797426649
  ],
  "radius_head": [
    4.271459676069781
  ],
  "radius_tail": [
    5.673472163070101
  ],
  "irregularity": [
    2.0269223030466557
  ],
  "irregularity_of_end_surface_head": [
    0.06526726849392228
  ],
  "irregularity_of_end_surface_tail": [
    0.06497743121422019
  ],
  "mean_curvature": [
    0.38068108746666574
  ],
  "fractal_dimension": [
    2.3735195079267166
  ]
}