{
  "volume": [
    9920.741791248322
  ],
  "volume_endpoints": [
    2592.0625886917114
  ],
  "streamlines_count": [
    1957
  ],
  "avg_length": [
    80.62478637695312
  ],
  "std_length": [
    7.279787063598633
  ],
  "min_length": [
    60.14596939086914
  ],
  "max_length": [
    104.384765625
  ],
  "span": [
    33.51542282104492
  ],
  "curl": [
    2.4056025432663617
  ],
  "diameter": [
    12.516786486092078
  ],
  "elongation": [
    6.441332722783014
  ],
  "surface_area": [
    6302.574185181913
  ],
  "end_surface_area_head": [
    1149.4448821335866
  ],
  "end_surface_area_tail": [
    1459.4075469785987
  ],
  "radius_head": [
    4.947026885300807
  ],
  "radius_tail": [
    5.749139345572898
  ],
  "irregularity": [
    1.9879555644283966
  ],
  "irregularity_of_end_surface_head": [
    0.06688831612374287
  ],
  "irregularity_of_end_surface_tail": [
    0.07115066360774543
  ],
  "mean_curvature": [
    0.37656636194239845
  ],
  "fractal_dimension": [
    2.330208124350811
  ]
}