{
  "volume": [
    5393.349960327148
  ],
  "volume_endpoints": [
    2435.1440014839172
  ],
  "streamlines_count": [
    3022
  ],
  "avg_length": [
    26.64293098449707
  ],
  "std_length": [
    4.6904778480529785
  ],
  "min_length": [
    20.03820037841797
  ],
  "max_length": [
    46.85239028930664
  ],
  "span": [
    11.908122062683105
  ],
  "curl": [
    2.237374696383819
  ],
  "diameter": [
    16.054373413234604
  ],
  "elongation": [
    1.6595434962621256
  ],
  "surface_area": [
    3228.7777588022095
  ],
  "end_surface_area_head": [
    800.736884182948
  ],
  "end_surface_area_tail": [
    1369.0017697321368
  ],
  "radius_head": [
    4.201585893203445
  ],
  "radius_tail": [
    4.886731571772499
  ],
  "irregularity": [
    2.4027739804322445
  ],
  "irregularity_of_end_surface_head": [
    0.06926064496563361
  ],
  "irregularity_of_end_surface_tail": [
    0.05480028673839804
  ],
  "mean_curvature": [
    0.46120313973142013
  ],
  "fractal_dimension": [
    2.3905711200052653
  ]
}