{
  "volume": [
    18475.710693836212
  ],
  "volume_endpoints": [
    4108.942265033722
  ],
  "streamlines_count": [
    3303
  ],
  "avg_length": [
    77.70599365234375
  ],
  "std_length": [
    5.138022422790527
  ],
  "min_length": [
    61.95672607421875
  ],
  "max_length": [
    94.2680892944336
  ],
  "span": [
    31.329818725585938
  ],
  "curl": [
    2.4802567270803917
  ],
  "diameter": [
    17.39916380211774
  ],
  "elongation": [
    4.466076331949111
  ],
  "surface_area": [
    9273.049723279946
  ],
  "end_surface_area_head": [
    1226.9355483448396
  ],
  "end_surface_area_tail": [
    2744.461094981878
  ],
  "radius_head": [
    5.140503589003497
  ],
  "radius_tail": [
    7.14696526192561
  ],
  "irregularity": [
    2.1831813908836133
  ],
  "irregularity_of_end_surface_head": [
    0.06766116270300165
  ],
  "irregularity_of_end_surface_tail": [
    0.05847040963140816
  ],
  "mean_curvature": [
    0.38001112556443084
  ],
  "fractal_dimension": [
    2.415293586884676
  ]
}