{
  "volume": [
    10995.924703598022
  ],
  "volume_endpoints": [
    2394.461404800415
  ],
  "streamlines_count": [
    1371
  ],
  "avg_length": [
    90.78030395507812
  ],
  "std_length": [
    6.411293029785156
  ],
  "min_length": [
    75.45977783203125
  ],
  "max_length": [
    110.85672760009766
  ],
  "span": [
    40.85408020019531
  ],
  "curl": [
    2.2220621174245436
  ],
  "diameter": [
    12.418670998345862
  ],
  "elongation": [
    7.309985421722651
  ],
  "surface_area": [
    6954.78729245996
  ],
  "end_surface_area_head": [
    1226.9355483448396
  ],
  "end_surface_area_tail": [
    1117.1571045455644
  ],
  "radius_head": [
    4.95705913929598
  ],
  "radius_tail": [
    5.798309942868853
  ],
  "irregularity": [
    1.9636642114390703
  ],
  "irregularity_of_end_surface_head": [
    0.06291820491821858
  ],
  "irregularity_of_end_surface_tail": [
    0.09454497988324867
  ],
  "mean_curvature": [
    0.3664498622838291
  ],
  "fractal_dimension": [
    2.3286220029319193
  ]
}