{
  "volume": [
    11629.410851955414
  ],
  "volume_endpoints": [
    2609.497987270355
  ],
  "streamlines_count": [
    2471
  ],
  "avg_length": [
    79.8279800415039
  ],
  "std_length": [
    5.202150344848633
  ],
  "min_length": [
    66.94633483886719
  ],
  "max_length": [
    97.82315826416016
  ],
  "span": [
    37.279605865478516
  ],
  "curl": [
    2.1413311162558677
  ],
  "diameter": [
    13.619348913893125
  ],
  "elongation": [
    5.861365366744605
  ],
  "surface_area": [
    6515.673517262859
  ],
  "end_surface_area_head": [
    1220.477992827235
  ],
  "end_surface_area_tail": [
    1039.6664383343114
  ],
  "radius_head": [
    5.011865095597291
  ],
  "radius_tail": [
    5.206499186361828
  ],
  "irregularity": [
    1.907646745185186
  ],
  "irregularity_of_end_surface_head": [
    0.0646574637560921
  ],
  "irregularity_of_end_surface_tail": [
    0.08191198637546458
  ],
  "mean_curvature": [
    0.36891300390722875
  ],
  "fractal_dimension": [
    2.395095571174126
  ]
}