{
  "volume": [
    13070.737134456635
  ],
  "volume_endpoints": [
    2981.4531569480896
  ],
  "streamlines_count": [
    2499
  ],
  "avg_length": [
    77.36544799804688
  ],
  "std_length": [
    6.275598049163818
  ],
  "min_length": [
    62.28578186035156
  ],
  "max_length": [
    100.28794860839844
  ],
  "span": [
    35.78082275390625
  ],
  "curl": [
    2.162204277138953
  ],
  "diameter": [
    14.666671918287665
  ],
  "elongation": [
    5.2749150201949355
  ],
  "surface_area": [
    7413.2737342098735
  ],
  "end_surface_area_head": [
    1272.1384369680704
  ],
  "end_surface_area_tail": [
    1762.9126563060063
  ],
  "radius_head": [
    5.0907910455925816
  ],
  "radius_tail": [
    6.325276143597881
  ],
  "irregularity": [
    2.079608299471693
  ],
  "irregularity_of_end_surface_head": [
    0.0640008940727744
  ],
  "irregularity_of_end_surface_tail": [
    0.07129811658879416
  ],
  "mean_curvature": [
    0.3803193484391628
  ],
  "fractal_dimension": [
    2.3506619457828912
  ]
}