{
  "volume": [
    8775.817284584045
  ],
  "volume_endpoints": [
    1749.3516573905945
  ],
  "streamlines_count": [
    1648
  ],
  "avg_length": [
    82.86759185791016
  ],
  "std_length": [
    4.124198913574219
  ],
  "min_length": [
    71.37620544433594
  ],
  "max_length": [
    95.99864959716797
  ],
  "span": [
    37.83613967895508
  ],
  "curl": [
    2.1901703651866504
  ],
  "diameter": [
    11.611985540880076
  ],
  "elongation": [
    7.136384347549713
  ],
  "surface_area": [
    5333.94085754125
  ],
  "end_surface_area_head": [
    1059.0391048871247
  ],
  "end_surface_area_tail": [
    555.34977451398
  ],
  "radius_head": [
    4.637935389818354
  ],
  "radius_tail": [
    3.772379615747577
  ],
  "irregularity": [
    1.7644409091812063
  ],
  "irregularity_of_end_surface_head": [
    0.06380978253843338
  ],
  "irregularity_of_end_surface_tail": [
    0.080503368280451
  ],
  "mean_curvature": [
    0.3726131826711511
  ],
  "fractal_dimension": [
    2.382919001494978
  ]
}