{
  "volume": [
    8932.73587179184
  ],
  "volume_endpoints": [
    2028.3180346488953
  ],
  "streamlines_count": [
    2925
  ],
  "avg_length": [
    66.92391204833984
  ],
  "std_length": [
    3.9172534942626953
  ],
  "min_length": [
    54.626007080078125
  ],
  "max_length": [
    80.85140228271484
  ],
  "span": [
    28.556241989135742
  ],
  "curl": [
    2.3435826070461627
  ],
  "diameter": [
    13.036369027648677
  ],
  "elongation": [
    5.1336312976720535
  ],
  "surface_area": [
    5127.2990809779085
  ],
  "end_surface_area_head": [
    1007.3786607462894
  ],
  "end_surface_area_tail": [
    800.736884182948
  ],
  "radius_head": [
    4.553711409158364
  ],
  "radius_tail": [
    4.189199273751971
  ],
  "irregularity": [
    1.870685641389732
  ],
  "irregularity_of_end_surface_head": [
    0.06466780697143605
  ],
  "irregularity_of_end_surface_tail": [
    0.06885287481101046
  ],
  "mean_curvature": [
    0.36818708878297074
  ],
  "fractal_dimension": [
    2.4071639173249664
  ]
}