{
  "volume": [
    9048.971862316132
  ],
  "volume_endpoints": [
    2330.5316100120544
  ],
  "streamlines_count": [
    2985
  ],
  "avg_length": [
    74.9857177734375
  ],
  "std_length": [
    4.183596134185791
  ],
  "min_length": [
    60.381996154785156
  ],
  "max_length": [
    88.6167221069336
  ],
  "span": [
    32.87307357788086
  ],
  "curl": [
    2.2810680478594727
  ],
  "diameter": [
    12.39553858962121
  ],
  "elongation": [
    6.0494118292062815
  ],
  "surface_area": [
    5482.464634446152
  ],
  "end_surface_area_head": [
    1026.7513272991027
  ],
  "end_surface_area_tail": [
    1297.968659038488
  ],
  "radius_head": [
    4.482507806651146
  ],
  "radius_tail": [
    4.8899801973326
  ],
  "irregularity": [
    1.87750893075262
  ],
  "irregularity_of_end_surface_head": [
    0.06147898784871099
  ],
  "irregularity_of_end_surface_tail": [
    0.05787618116778105
  ],
  "mean_curvature": [
    0.3624810902018044
  ],
  "fractal_dimension": [
    2.3458976751253693
  ]
}