{
  "volume": [
    9176.831451892853
  ],
  "volume_endpoints": [
    1790.0342540740967
  ],
  "streamlines_count": [
    1670
  ],
  "avg_length": [
    76.22095489501953
  ],
  "std_length": [
    6.132544994354248
  ],
  "min_length": [
    55.742332458496094
  ],
  "max_length": [
    95.63795471191406
  ],
  "span": [
    35.60148239135742
  ],
  "curl": [
    2.140948909293812
  ],
  "diameter": [
    12.381242912475214
  ],
  "elongation": [
    6.156163434788932
  ],
  "surface_area": [
    5372.686190646877
  ],
  "end_surface_area_head": [
    955.718216605454
  ],
  "end_surface_area_tail": [
    755.533995559717
  ],
  "radius_head": [
    4.493592733368212
  ],
  "radius_tail": [
    4.775999426138267
  ],
  "irregularity": [
    1.8121868416025901
  ],
  "irregularity_of_end_surface_head": [
    0.06637544195453053
  ],
  "irregularity_of_end_surface_tail": [
    0.09484717371966545
  ],
  "mean_curvature": [
    0.3787346759063755
  ],
  "fractal_dimension": [
    2.35380563691401
  ]
}