{
  "volume": [
    9107.089857578278
  ],
  "volume_endpoints": [
    1999.2590370178223
  ],
  "streamlines_count": [
    1588
  ],
  "avg_length": [
    66.4176025390625
  ],
  "std_length": [
    7.985967636108398
  ],
  "min_length": [
    42.389366149902344
  ],
  "max_length": [
    90.0822982788086
  ],
  "span": [
    26.921884536743164
  ],
  "curl": [
    2.467048785103261
  ],
  "diameter": [
    13.21305591069572
  ],
  "elongation": [
    5.026664761578637
  ],
  "surface_area": [
    5695.563966527097
  ],
  "end_surface_area_head": [
    1026.7513272991027
  ],
  "end_surface_area_tail": [
    955.718216605454
  ],
  "radius_head": [
    4.632456353025884
  ],
  "radius_tail": [
    4.595547729875915
  ],
  "irregularity": [
    2.0658576534754363
  ],
  "irregularity_of_end_surface_head": [
    0.06566096663129188
  ],
  "irregularity_of_end_surface_tail": [
    0.0694215923231507
  ],
  "mean_curvature": [
    0.395247322167047
  ],
  "fractal_dimension": [
    2.2907667731034884
  ]
}