{
  "volume": [
    11059.854498386383
  ],
  "volume_endpoints": [
    2795.4755721092224
  ],
  "streamlines_count": [
    2576
  ],
  "avg_length": [
    76.08971405029297
  ],
  "std_length": [
    4.740828990936279
  ],
  "min_length": [
    61.93888473510742
  ],
  "max_length": [
    92.15345764160156
  ],
  "span": [
    35.597572326660156
  ],
  "curl": [
    2.1374972807712216
  ],
  "diameter": [
    13.60400522511764
  ],
  "elongation": [
    5.5931847122349945
  ],
  "surface_area": [
    6593.164183474112
  ],
  "end_surface_area_head": [
    852.3973283237833
  ],
  "end_surface_area_tail": [
    1937.2666552813257
  ],
  "radius_head": [
    4.3585236885875664
  ],
  "radius_tail": [
    6.1071550724191255
  ],
  "irregularity": [
    2.027455243989115
  ],
  "irregularity_of_end_surface_head": [
    0.07001427794439652
  ],
  "irregularity_of_end_surface_tail": [
    0.060483701969800664
  ],
  "mean_curvature": [
    0.37513595737331773
  ],
  "fractal_dimension": [
    2.3485119012340845
  ]
}