{
  "volume": [
    10920.371309757233
  ],
  "volume_endpoints": [
    3196.48973941803
  ],
  "streamlines_count": [
    2780
  ],
  "avg_length": [
    76.1546401977539
  ],
  "std_length": [
    5.733648777008057
  ],
  "min_length": [
    56.87750244140625
  ],
  "max_length": [
    93.9248275756836
  ],
  "span": [
    36.20005798339844
  ],
  "curl": [
    2.1037159728495154
  ],
  "diameter": [
    13.512184813355857
  ],
  "elongation": [
    5.635997527393226
  ],
  "surface_area": [
    6386.522406910771
  ],
  "end_surface_area_head": [
    1188.190215239213
  ],
  "end_surface_area_tail": [
    1943.72421079893
  ],
  "radius_head": [
    5.00831346549331
  ],
  "radius_tail": [
    5.604093036986189
  ],
  "irregularity": [
    1.9755708993088954
  ],
  "irregularity_of_end_surface_head": [
    0.0663203649360095
  ],
  "irregularity_of_end_surface_tail": [
    0.05076050122468294
  ],
  "mean_curvature": [
    0.3788761509729804
  ],
  "fractal_dimension": [
    2.382102436681388
  ]
}