{
  "volume": [
    10013.730583667755
  ],
  "volume_endpoints": [
    2539.75639295578
  ],
  "streamlines_count": [
    2659
  ],
  "avg_length": [
    75.24766540527344
  ],
  "std_length": [
    4.6187214851379395
  ],
  "min_length": [
    61.946407318115234
  ],
  "max_length": [
    89.81986999511719
  ],
  "span": [
    34.938106536865234
  ],
  "curl": [
    2.1537419415066252
  ],
  "diameter": [
    13.016867840560801
  ],
  "elongation": [
    5.780781239154962
  ],
  "surface_area": [
    5850.545298949603
  ],
  "end_surface_area_head": [
    1226.9355483448396
  ],
  "end_surface_area_tail": [
    1136.5297710983778
  ],
  "radius_head": [
    5.094218606561565
  ],
  "radius_tail": [
    4.923816299185144
  ],
  "irregularity": [
    1.9012838001616053
  ],
  "irregularity_of_end_surface_head": [
    0.0664482088304317
  ],
  "irregularity_of_end_surface_tail": [
    0.06701511072999318
  ],
  "mean_curvature": [
    0.38327711020344496
  ],
  "fractal_dimension": [
    2.370684596530423
  ]
}