{
  "volume": [
    10635.593132972717
  ],
  "volume_endpoints": [
    2830.34636926651
  ],
  "streamlines_count": [
    2713
  ],
  "avg_length": [
    66.61262512207031
  ],
  "std_length": [
    5.695148944854736
  ],
  "min_length": [
    45.3992805480957
  ],
  "max_length": [
    84.438232421875
  ],
  "span": [
    28.628080368041992
  ],
  "curl": [
    2.326828214316148
  ],
  "diameter": [
    14.257968217307335
  ],
  "elongation": [
    4.671957750699091
  ],
  "surface_area": [
    5876.375521020022
  ],
  "end_surface_area_head": [
    1201.105326274422
  ],
  "end_surface_area_tail": [
    1472.3226580138075
  ],
  "radius_head": [
    5.012979800003411
  ],
  "radius_tail": [
    5.636016766414105
  ],
  "irregularity": [
    1.9694523465718503
  ],
  "irregularity_of_end_surface_head": [
    0.06572955454994057
  ],
  "irregularity_of_end_surface_tail": [
    0.0677784183168694
  ],
  "mean_curvature": [
    0.40056621554897054
  ],
  "fractal_dimension": [
    2.3816222360083925
  ]
}