{
  "volume": [
    11617.787252902985
  ],
  "volume_endpoints": [
    3376.6555247306824
  ],
  "streamlines_count": [
    2887
  ],
  "avg_length": [
    67.69293212890625
  ],
  "std_length": [
    4.9985785484313965
  ],
  "min_length": [
    56.095699310302734
  ],
  "max_length": [
    84.3639907836914
  ],
  "span": [
    31.23590660095215
  ],
  "curl": [
    2.167151188973103
  ],
  "diameter": [
    14.782405316748607
  ],
  "elongation": [
    4.579290763473351
  ],
  "surface_area": [
    6683.569960720573
  ],
  "end_surface_area_head": [
    1214.0204373096308
  ],
  "end_surface_area_tail": [
    2085.7904321862275
  ],
  "radius_head": [
    5.152313932387481
  ],
  "radius_tail": [
    6.447360247406424
  ],
  "irregularity": [
    2.1260339419954883
  ],
  "irregularity_of_end_surface_head": [
    0.06869553474768435
  ],
  "irregularity_of_end_surface_tail": [
    0.0626099095069428
  ],
  "mean_curvature": [
    0.3911180794342274
  ],
  "fractal_dimension": [
    2.332771852752241
  ]
}