{
  "volume": [
    11135.407892227173
  ],
  "volume_endpoints": [
    2563.0035910606384
  ],
  "streamlines_count": [
    2701
  ],
  "avg_length": [
    75.81649017333984
  ],
  "std_length": [
    5.217321872711182
  ],
  "min_length": [
    62.245967864990234
  ],
  "max_length": [
    93.3218994140625
  ],
  "span": [
    35.86452865600586
  ],
  "curl": [
    2.11396867641933
  ],
  "diameter": [
    13.674966987007243
  ],
  "elongation": [
    5.544180855820276
  ],
  "surface_area": [
    6509.215961745254
  ],
  "end_surface_area_head": [
    1265.6808814504661
  ],
  "end_surface_area_tail": [
    1201.105326274422
  ],
  "radius_head": [
    5.142083723938101
  ],
  "radius_tail": [
    4.47415589692244
  ],
  "irregularity": [
    1.9984295647198684
  ],
  "irregularity_of_end_surface_head": [
    0.06563023206414692
  ],
  "irregularity_of_end_surface_tail": [
    0.05235895918985144
  ],
  "mean_curvature": [
    0.39005303588102413
  ],
  "fractal_dimension": [
    2.36214363517942
  ]
}