{
  "volume": [
    15494.257536888123
  ],
  "volume_endpoints": [
    831.0873322486877
  ],
  "streamlines_count": [
    92
  ],
  "avg_length": [
    89.42737579345703
  ],
  "std_length": [
    26.403926849365234
  ],
  "min_length": [
    53.01943588256836
  ],
  "max_length": [
    166.64088439941406
  ],
  "span": [
    30.30367660522461
  ],
  "curl": [
    2.9510404614745327
  ],
  "diameter": [
    14.852692885563044
  ],
  "elongation": [
    6.020953673685751
  ],
  "surface_area": [
    17506.43300822558
  ],
  "end_surface_area_head": [
    1142.987326615982
  ],
  "end_surface_area_tail": [
    813.6519952181568
  ],
  "radius_head": [
    6.055405258337123
  ],
  "radius_tail": [
    4.874811430465584
  ],
  "irregularity": [
    4.195387748877579
  ],
  "irregularity_of_end_surface_head": [
    0.10078476441379089
  ],
  "irregularity_of_end_surface_tail": [
    0.09175438329158057
  ],
  "mean_curvature": [
    0.38571396243313083
  ],
  "fractal_dimension": [
    1.95168577332631
  ]
}