{
  "volume": [
    3551.0095105171204
  ],
  "volume_endpoints": [
    778.7811365127563
  ],
  "streamlines_count": [
    9102
  ],
  "avg_length": [
    33.59394836425781
  ],
  "std_length": [
    4.257008075714111
  ],
  "min_length": [
    21.081378936767578
  ],
  "max_length": [
    50.351036071777344
  ],
  "span": [
    14.192022323608398
  ],
  "curl": [
    2.3671008682373866
  ],
  "diameter": [
    11.601134232158712
  ],
  "elongation": [
    2.895746889225221
  ],
  "surface_area": [
    2337.6350973727995
  ],
  "end_surface_area_head": [
    548.8922189963756
  ],
  "end_surface_area_tail": [
    380.9957755386607
  ],
  "radius_head": [
    3.4910604552641304
  ],
  "radius_tail": [
    2.8615871830592807
  ],
  "irregularity": [
    1.9092611882696688
  ],
  "irregularity_of_end_surface_head": [
    0.06975535248399937
  ],
  "irregularity_of_end_surface_tail": [
    0.06752174793478961
  ],
  "mean_curvature": [
    0.3916311940909663
  ],
  "fractal_dimension": [
    2.3086605719947175
  ]
}