{
  "volume": [
    19446.28121471405
  ],
  "volume_endpoints": [
    5160.877979278564
  ],
  "streamlines_count": [
    5236
  ],
  "avg_length": [
    82.85982513427734
  ],
  "std_length": [
    8.711444854736328
  ],
  "min_length": [
    63.71266555786133
  ],
  "max_length": [
    122.4718246459961
  ],
  "span": [
    32.29574966430664
  ],
  "curl": [
    2.5656572767485337
  ],
  "diameter": [
    17.286271668196118
  ],
  "elongation": [
    4.793389038697438
  ],
  "surface_area": [
    12598.69081484622
  ],
  "end_surface_area_head": [
    6509.215961745254
  ],
  "end_surface_area_tail": [
    652.2131072780463
  ],
  "radius_head": [
    8.965193309592864
  ],
  "radius_tail": [
    3.888694641634309
  ],
  "irregularity": [
    2.799820563176008
  ],
  "irregularity_of_end_surface_head": [
    0.03879185150874152
  ],
  "irregularity_of_end_surface_tail": [
    0.07283968074441464
  ],
  "mean_curvature": [
    0.36773482452284023
  ],
  "fractal_dimension": [
    2.290165621456805
  ]
}