{
  "volume": [
    24932.619967460632
  ],
  "volume_endpoints": [
    7706.446171760559
  ],
  "streamlines_count": [
    8874
  ],
  "avg_length": [
    61.00711441040039
  ],
  "std_length": [
    9.661772727966309
  ],
  "min_length": [
    29.102455139160156
  ],
  "max_length": [
    96.9227523803711
  ],
  "span": [
    29.579435348510742
  ],
  "curl": [
    2.0624840769136576
  ],
  "diameter": [
    22.811233821490013
  ],
  "elongation": [
    2.674432908268504
  ],
  "surface_area": [
    12443.709482423716
  ],
  "end_surface_area_head": [
    1601.473768365896
  ],
  "end_surface_area_tail": [
    6547.961294850881
  ],
  "radius_head": [
    5.674472110882827
  ],
  "radius_tail": [
    14.45196670391367
  ],
  "irregularity": [
    2.846234841953218
  ],
  "irregularity_of_end_surface_head": [
    0.06316565078692984
  ],
  "irregularity_of_end_surface_tail": [
    0.10020691077615074
  ],
  "mean_curvature": [
    0.36078002340277227
  ],
  "fractal_dimension": [
    2.4327166668596303
  ]
}