{
  "volume": [
    1330.9020915031433
  ],
  "volume_endpoints": [
    116.23599052429199
  ],
  "streamlines_count": [
    15
  ],
  "avg_length": [
    65.34735107421875
  ],
  "std_length": [
    3.561265707015991
  ],
  "min_length": [
    59.55715560913086
  ],
  "max_length": [
    70.18950653076172
  ],
  "span": [
    30.05356788635254
  ],
  "curl": [
    2.174362502360103
  ],
  "diameter": [
    5.092301619957204
  ],
  "elongation": [
    12.832576691474127
  ],
  "surface_area": [
    1911.436433210908
  ],
  "end_surface_area_head": [
    238.9295541513635
  ],
  "end_surface_area_tail": [
    64.57555517604419
  ],
  "radius_head": [
    2.741640001154454
  ],
  "radius_tail": [
    1.1844715921592948
  ],
  "irregularity": [
    1.8283859698296479
  ],
  "irregularity_of_end_surface_head": [
    0.09883274457600963
  ],
  "irregularity_of_end_surface_tail": [
    0.06825445804003154
  ],
  "mean_curvature": [
    0.3489669422308604
  ],
  "fractal_dimension": [
    1.5266510331137744
  ]
}