{
  "volume": [
    12355.885792732239
  ],
  "volume_endpoints": [
    1365.772888660431
  ],
  "streamlines_count": [
    693
  ],
  "avg_length": [
    73.62240600585938
  ],
  "std_length": [
    8.395439147949219
  ],
  "min_length": [
    57.152591705322266
  ],
  "max_length": [
    98.70817565917969
  ],
  "span": [
    32.436588287353516
  ],
  "curl": [
    2.2697333441372907
  ],
  "diameter": [
    14.617967732666777
  ],
  "elongation": [
    5.036432379128554
  ],
  "surface_area": [
    8569.176171861063
  ],
  "end_surface_area_head": [
    910.5153279822231
  ],
  "end_surface_area_tail": [
    458.48644174991375
  ],
  "radius_head": [
    4.140564646895168
  ],
  "radius_tail": [
    3.2027821887301036
  ],
  "irregularity": [
    2.53449940532557
  ],
  "irregularity_of_end_surface_head": [
    0.05915367770919436
  ],
  "irregularity_of_end_surface_tail": [
    0.07028751426326968
  ],
  "mean_curvature": [
    0.38057831308198353
  ],
  "fractal_dimension": [
    2.2716872438951374
  ]
}