{
  "volume": [
    8153.954735279083
  ],
  "volume_endpoints": [
    1586.6212706565857
  ],
  "streamlines_count": [
    2494
  ],
  "avg_length": [
    68.88278198242188
  ],
  "std_length": [
    5.173064231872559
  ],
  "min_length": [
    57.18021011352539
  ],
  "max_length": [
    85.64743041992188
  ],
  "span": [
    32.365665435791016
  ],
  "curl": [
    2.1282671329305973
  ],
  "diameter": [
    12.276762889693883
  ],
  "elongation": [
    5.61082612748412
  ],
  "surface_area": [
    4933.572415449777
  ],
  "end_surface_area_head": [
    813.6519952181568
  ],
  "end_surface_area_tail": [
    723.2462179716949
  ],
  "radius_head": [
    4.045813110873864
  ],
  "radius_tail": [
    4.243569512510612
  ],
  "irregularity": [
    1.857022166236559
  ],
  "irregularity_of_end_surface_head": [
    0.06320083466149799
  ],
  "irregularity_of_end_surface_tail": [
    0.07822153651695475
  ],
  "mean_curvature": [
    0.377445136523285
  ],
  "fractal_dimension": [
    2.3966068342192446
  ]
}