{
  "volume": [
    8932.73587179184
  ],
  "volume_endpoints": [
    2214.2956194877625
  ],
  "streamlines_count": [
    2582
  ],
  "avg_length": [
    67.4664535522461
  ],
  "std_length": [
    4.3266777992248535
  ],
  "min_length": [
    54.242061614990234
  ],
  "max_length": [
    82.74867248535156
  ],
  "span": [
    32.181358337402344
  ],
  "curl": [
    2.0964451793768486
  ],
  "diameter": [
    12.983846273513262
  ],
  "elongation": [
    5.196183945113095
  ],
  "surface_area": [
    5398.516412717294
  ],
  "end_surface_area_head": [
    820.1095507357612
  ],
  "end_surface_area_tail": [
    1349.6291031793235
  ],
  "radius_head": [
    4.1003530988694
  ],
  "radius_tail": [
    5.393064036508448
  ],
  "irregularity": [
    1.961703228825554
  ],
  "irregularity_of_end_surface_head": [
    0.06440513837721223
  ],
  "irregularity_of_end_surface_tail": [
    0.06770279404972258
  ],
  "mean_curvature": [
    0.37257086728590577
  ],
  "fractal_dimension": [
    2.3324166024090083
  ]
}