{
  "volume": [
    5951.28271484375
  ],
  "volume_endpoints": [
    1214.6661009788513
  ],
  "streamlines_count": [
    830
  ],
  "avg_length": [
    64.95333862304688
  ],
  "std_length": [
    6.758037090301514
  ],
  "min_length": [
    45.71145248413086
  ],
  "max_length": [
    86.8264389038086
  ],
  "span": [
    28.831571578979492
  ],
  "curl": [
    2.2528545988246793
  ],
  "diameter": [
    10.800891684128914
  ],
  "elongation": [
    6.013701509338423
  ],
  "surface_area": [
    4216.783752995686
  ],
  "end_surface_area_head": [
    781.3642176301347
  ],
  "end_surface_area_tail": [
    542.4346634787712
  ],
  "radius_head": [
    4.011361569851485
  ],
  "radius_tail": [
    4.148795405767652
  ],
  "irregularity": [
    1.9132440330007405
  ],
  "irregularity_of_end_surface_head": [
    0.06469637877598501
  ],
  "irregularity_of_end_surface_tail": [
    0.09968882451171271
  ],
  "mean_curvature": [
    0.37843423927404796
  ],
  "fractal_dimension": [
    2.2997037284756647
  ]
}