{
  "volume": [
    14366.76842880249
  ],
  "volume_endpoints": [
    2499.073796272278
  ],
  "streamlines_count": [
    3936
  ],
  "avg_length": [
    68.48532104492188
  ],
  "std_length": [
    5.0577778816223145
  ],
  "min_length": [
    53.14293670654297
  ],
  "max_length": [
    85.34217071533203
  ],
  "span": [
    27.19450569152832
  ],
  "curl": [
    2.518351383980351
  ],
  "diameter": [
    16.34315340158546
  ],
  "elongation": [
    4.190459415150449
  ],
  "surface_area": [
    7484.306844903522
  ],
  "end_surface_area_head": [
    800.736884182948
  ],
  "end_surface_area_tail": [
    1536.8982131898517
  ],
  "radius_head": [
    4.14471513157745
  ],
  "radius_tail": [
    6.6557437021284045
  ],
  "irregularity": [
    2.12847404545014
  ],
  "irregularity_of_end_surface_head": [
    0.06739837290503364
  ],
  "irregularity_of_end_surface_tail": [
    0.0905519791249505
  ],
  "mean_curvature": [
    0.3829836538970107
  ],
  "fractal_dimension": [
    2.4015723228473584
  ]
}