{
  "volume": [
    5724.622533321381
  ],
  "volume_endpoints": [
    726.474940776825
  ],
  "streamlines_count": [
    134
  ],
  "avg_length": [
    89.07610321044922
  ],
  "std_length": [
    6.182109832763672
  ],
  "min_length": [
    73.8670654296875
  ],
  "max_length": [
    101.0968246459961
  ],
  "span": [
    26.936145782470703
  ],
  "curl": [
    3.306935740911288
  ],
  "diameter": [
    9.045818764130768
  ],
  "elongation": [
    9.84721289836816
  ],
  "surface_area": [
    4856.081749238523
  ],
  "end_surface_area_head": [
    800.736884182948
  ],
  "end_surface_area_tail": [
    542.4346634787712
  ],
  "radius_head": [
    4.581549013513333
  ],
  "radius_tail": [
    3.429419017520117
  ],
  "irregularity": [
    1.9183463692028162
  ],
  "irregularity_of_end_surface_head": [
    0.08235400282391203
  ],
  "irregularity_of_end_surface_tail": [
    0.06811512245748248
  ],
  "mean_curvature": [
    0.36639193234158984
  ],
  "fractal_dimension": [
    2.1311237915115693
  ]
}