{
  "volume": [
    5160.877979278564
  ],
  "volume_endpoints": [
    662.5451459884644
  ],
  "streamlines_count": [
    161
  ],
  "avg_length": [
    74.15318298339844
  ],
  "std_length": [
    5.850200653076172
  ],
  "min_length": [
    62.87215805053711
  ],
  "max_length": [
    92.21955871582031
  ],
  "span": [
    29.84011459350586
  ],
  "curl": [
    2.4850166962675297
  ],
  "diameter": [
    9.41351797034485
  ],
  "elongation": [
    7.8773082727415185
  ],
  "surface_area": [
    4010.141976432344
  ],
  "end_surface_area_head": [
    329.33533139782537
  ],
  "end_surface_area_tail": [
    736.1613290069038
  ],
  "radius_head": [
    2.876717794577103
  ],
  "radius_tail": [
    4.154018927473441
  ],
  "irregularity": [
    1.8286396089167498
  ],
  "irregularity_of_end_surface_head": [
    0.07894162600012335
  ],
  "irregularity_of_end_surface_tail": [
    0.07364000592914026
  ],
  "mean_curvature": [
    0.37048594736904833
  ],
  "fractal_dimension": [
    2.1570898527665805
  ]
}