{
  "volume": [
    4225.178255558014
  ],
  "volume_endpoints": [
    1261.1604971885681
  ],
  "streamlines_count": [
    1479
  ],
  "avg_length": [
    65.70581817626953
  ],
  "std_length": [
    5.754281044006348
  ],
  "min_length": [
    50.997928619384766
  ],
  "max_length": [
    83.10155487060547
  ],
  "span": [
    23.40452766418457
  ],
  "curl": [
    2.8073977445320413
  ],
  "diameter": [
    9.04848068289402
  ],
  "elongation": [
    7.2615304689200615
  ],
  "surface_area": [
    3215.8626477670005
  ],
  "end_surface_area_head": [
    865.3124393589922
  ],
  "end_surface_area_tail": [
    432.6562196794961
  ],
  "radius_head": [
    4.274137973512562
  ],
  "radius_tail": [
    3.2250424061364495
  ],
  "irregularity": [
    1.7217422134132596
  ],
  "irregularity_of_end_surface_head": [
    0.06632450245748965
  ],
  "irregularity_of_end_surface_tail": [
    0.07552274738983435
  ],
  "mean_curvature": [
    0.3717180403847401
  ],
  "fractal_dimension": [
    2.155972931851001
  ]
}