{
  "volume": [
    11356.256274223328
  ],
  "volume_endpoints": [
    435.88496446609497
  ],
  "streamlines_count": [
    66
  ],
  "avg_length": [
    134.0346221923828
  ],
  "std_length": [
    11.925314903259277
  ],
  "min_length": [
    106.11637878417969
  ],
  "max_length": [
    156.00485229492188
  ],
  "span": [
    23.28669548034668
  ],
  "curl": [
    5.7558455344385075
  ],
  "diameter": [
    10.386378721558906
  ],
  "elongation": [
    12.904846413328684
  ],
  "surface_area": [
    10047.956385392476
  ],
  "end_surface_area_head": [
    665.1282183132552
  ],
  "end_surface_area_tail": [
    368.0806645034519
  ],
  "radius_head": [
    3.8827435406550803
  ],
  "radius_tail": [
    4.952400102126775
  ],
  "irregularity": [
    2.29745344496309
  ],
  "irregularity_of_end_surface_head": [
    0.07120687245466839
  ],
  "irregularity_of_end_surface_tail": [
    0.2093332982144395
  ],
  "mean_curvature": [
    0.37255443361672486
  ],
  "fractal_dimension": [
    2.165957807144019
  ]
}