{
  "volume": [
    10432.180149555206
  ],
  "volume_endpoints": [
    2493.2619967460632
  ],
  "streamlines_count": [
    3109
  ],
  "avg_length": [
    79.7982177734375
  ],
  "std_length": [
    5.110744476318359
  ],
  "min_length": [
    65.0185775756836
  ],
  "max_length": [
    96.49626159667969
  ],
  "span": [
    33.37689971923828
  ],
  "curl": [
    2.390821749314308
  ],
  "diameter": [
    12.90167217379549
  ],
  "elongation": [
    6.185106604670609
  ],
  "surface_area": [
    6418.810184498792
  ],
  "end_surface_area_head": [
    1000.921105228685
  ],
  "end_surface_area_tail": [
    1556.2708797426649
  ],
  "radius_head": [
    4.717877860012377
  ],
  "radius_tail": [
    5.4863807578124035
  ],
  "irregularity": [
    1.9845656315126532
  ],
  "irregularity_of_end_surface_head": [
    0.06986238578270695
  ],
  "irregularity_of_end_surface_tail": [
    0.060762631038816454
  ],
  "mean_curvature": [
    0.3587854096612657
  ],
  "fractal_dimension": [
    2.3236101245318466
  ]
}