{
  "volume": [
    10356.626755714417
  ],
  "volume_endpoints": [
    2696.674980163574
  ],
  "streamlines_count": [
    3518
  ],
  "avg_length": [
    73.96792602539062
  ],
  "std_length": [
    4.149525165557861
  ],
  "min_length": [
    61.521881103515625
  ],
  "max_length": [
    87.18909454345703
  ],
  "span": [
    34.25716781616211
  ],
  "curl": [
    2.1591956002414614
  ],
  "diameter": [
    13.351882472598431
  ],
  "elongation": [
    5.539887441129911
  ],
  "surface_area": [
    6160.5079637946155
  ],
  "end_surface_area_head": [
    1084.8693269575424
  ],
  "end_surface_area_tail": [
    1575.6435462954782
  ],
  "radius_head": [
    4.826145665456632
  ],
  "radius_tail": [
    5.515019398667725
  ],
  "irregularity": [
    1.98554945167613
  ],
  "irregularity_of_end_surface_head": [
    0.06744865505280757
  ],
  "irregularity_of_end_surface_tail": [
    0.06064374130889719
  ],
  "mean_curvature": [
    0.36070403513446186
  ],
  "fractal_dimension": [
    2.3511026009393032
  ]
}