{
  "volume": [
    5271.302170276642
  ],
  "volume_endpoints": [
    720.6631412506104
  ],
  "streamlines_count": [
    144
  ],
  "avg_length": [
    67.90277862548828
  ],
  "std_length": [
    6.756579875946045
  ],
  "min_length": [
    57.26851272583008
  ],
  "max_length": [
    92.492431640625
  ],
  "span": [
    21.161977767944336
  ],
  "curl": [
    3.2087160930839747
  ],
  "diameter": [
    9.94191950008248
  ],
  "elongation": [
    6.829946533456134
  ],
  "surface_area": [
    4597.779528534346
  ],
  "end_surface_area_head": [
    878.227550394201
  ],
  "end_surface_area_tail": [
    419.74110864428724
  ],
  "radius_head": [
    3.76294126726228
  ],
  "radius_tail": [
    4.747853180983605
  ],
  "irregularity": [
    2.167906167927797
  ],
  "irregularity_of_end_surface_head": [
    0.05065212795927089
  ],
  "irregularity_of_end_surface_tail": [
    0.16871858670537745
  ],
  "mean_curvature": [
    0.36787458591991
  ],
  "fractal_dimension": [
    2.091382656729259
  ]
}