{
  "volume": [
    10281.073361873627
  ],
  "volume_endpoints": [
    2069.0006313323975
  ],
  "streamlines_count": [
    2806
  ],
  "avg_length": [
    69.83477783203125
  ],
  "std_length": [
    8.084076881408691
  ],
  "min_length": [
    50.7376594543457
  ],
  "max_length": [
    97.80376434326172
  ],
  "span": [
    29.478713989257812
  ],
  "curl": [
    2.368989972136484
  ],
  "diameter": [
    13.691102140263567
  ],
  "elongation": [
    5.100741862604121
  ],
  "surface_area": [
    5947.40863171367
  ],
  "end_surface_area_head": [
    813.6519952181568
  ],
  "end_surface_area_tail": [
    1110.69954902796
  ],
  "radius_head": [
    4.440735326311704
  ],
  "radius_tail": [
    4.8446713944243704
  ],
  "irregularity": [
    1.9800116238018417
  ],
  "irregularity_of_end_surface_head": [
    0.07614141752092927
  ],
  "irregularity_of_end_surface_tail": [
    0.06638682933853006
  ],
  "mean_curvature": [
    0.3719707195217577
  ],
  "fractal_dimension": [
    2.3487232521968484
  ]
}