{
  "volume": [
    14825.900591373444
  ],
  "volume_endpoints": [
    3696.3044986724854
  ],
  "streamlines_count": [
    4011
  ],
  "avg_length": [
    68.19124603271484
  ],
  "std_length": [
    5.953625202178955
  ],
  "min_length": [
    53.39235305786133
  ],
  "max_length": [
    87.80086517333984
  ],
  "span": [
    29.444732666015625
  ],
  "curl": [
    2.315906440930927
  ],
  "diameter": [
    16.63800644225098
  ],
  "elongation": [
    4.098522636675284
  ],
  "surface_area": [
    7768.439287678116
  ],
  "end_surface_area_head": [
    988.0059941934761
  ],
  "end_surface_area_tail": [
    2505.5315408305146
  ],
  "radius_head": [
    4.59673701078554
  ],
  "radius_tail": [
    7.165983326734069
  ],
  "irregularity": [
    2.179485524640404
  ],
  "irregularity_of_end_surface_head": [
    0.06718767431153318
  ],
  "irregularity_of_end_surface_tail": [
    0.06438750330339262
  ],
  "mean_curvature": [
    0.37124990654598
  ],
  "fractal_dimension": [
    2.4370214882988357
  ]
}