{
  "volume": [
    11728.211443901062
  ],
  "volume_endpoints": [
    2528.132793903351
  ],
  "streamlines_count": [
    1779
  ],
  "avg_length": [
    82.42050170898438
  ],
  "std_length": [
    5.625357627868652
  ],
  "min_length": [
    66.35651397705078
  ],
  "max_length": [
    99.35382080078125
  ],
  "span": [
    37.75764846801758
  ],
  "curl": [
    2.1828822782435258
  ],
  "diameter": [
    13.460256191109172
  ],
  "elongation": [
    6.123249107503996
  ],
  "surface_area": [
    7290.580179375389
  ],
  "end_surface_area_head": [
    1110.69954902796
  ],
  "end_surface_area_tail": [
    1879.148655622886
  ],
  "radius_head": [
    4.767213235915682
  ],
  "radius_tail": [
    5.921336593098361
  ],
  "irregularity": [
    2.091816758795878
  ],
  "irregularity_of_end_surface_head": [
    0.06428097176780502
  ],
  "irregularity_of_end_surface_tail": [
    0.05861762696915936
  ],
  "mean_curvature": [
    0.38894930646083137
  ],
  "fractal_dimension": [
    2.3542930014085317
  ]
}