{
  "volume": [
    9205.890449523926
  ],
  "volume_endpoints": [
    2225.9192185401917
  ],
  "streamlines_count": [
    2453
  ],
  "avg_length": [
    63.567405700683594
  ],
  "std_length": [
    5.350775718688965
  ],
  "min_length": [
    48.90726852416992
  ],
  "max_length": [
    80.65058135986328
  ],
  "span": [
    27.453990936279297
  ],
  "curl": [
    2.31541584785336
  ],
  "diameter": [
    13.579091565190655
  ],
  "elongation": [
    4.681270863776747
  ],
  "surface_area": [
    5256.450191329997
  ],
  "end_surface_area_head": [
    1117.1571045455644
  ],
  "end_surface_area_tail": [
    981.5484386758717
  ],
  "radius_head": [
    4.897556054531089
  ],
  "radius_tail": [
    4.602634344562306
  ],
  "irregularity": [
    1.9383735567813871
  ],
  "irregularity_of_end_surface_head": [
    0.06745194103436636
  ],
  "irregularity_of_end_surface_tail": [
    0.06780333937150902
  ],
  "mean_curvature": [
    0.3915788761897812
  ],
  "fractal_dimension": [
    2.3226503542245966
  ]
}