{
  "volume": [
    10629.781333446503
  ],
  "volume_endpoints": [
    2499.073796272278
  ],
  "streamlines_count": [
    2709
  ],
  "avg_length": [
    69.7418212890625
  ],
  "std_length": [
    4.573787689208984
  ],
  "min_length": [
    57.86216354370117
  ],
  "max_length": [
    85.43434143066406
  ],
  "span": [
    32.85429382324219
  ],
  "curl": [
    2.122761233715055
  ],
  "diameter": [
    13.93062438297984
  ],
  "elongation": [
    5.0063672217213515
  ],
  "surface_area": [
    6128.220186206594
  ],
  "end_surface_area_head": [
    1175.2751042040043
  ],
  "end_surface_area_tail": [
    1071.9542159223336
  ],
  "radius_head": [
    5.115754736041271
  ],
  "radius_tail": [
    4.90675408272883
  ],
  "irregularity": [
    2.0078007927035895
  ],
  "irregularity_of_end_surface_head": [
    0.06995677269816729
  ],
  "irregularity_of_end_surface_tail": [
    0.07056059284315852
  ],
  "mean_curvature": [
    0.38381887233622536
  ],
  "fractal_dimension": [
    2.3309932170852994
  ]
}