{
  "volume": [
    17981.70773410797
  ],
  "volume_endpoints": [
    2470.014798641205
  ],
  "streamlines_count": [
    1058
  ],
  "avg_length": [
    78.84346771240234
  ],
  "std_length": [
    6.856250286102295
  ],
  "min_length": [
    61.611019134521484
  ],
  "max_length": [
    99.6168212890625
  ],
  "span": [
    32.04145431518555
  ],
  "curl": [
    2.4606706966804475
  ],
  "diameter": [
    17.04070930596125
  ],
  "elongation": [
    4.626771473932778
  ],
  "surface_area": [
    9725.078609512255
  ],
  "end_surface_area_head": [
    1917.8939887285123
  ],
  "end_surface_area_tail": [
    994.4635497110805
  ],
  "radius_head": [
    5.9704895344425335
  ],
  "radius_tail": [
    4.617523219943677
  ],
  "irregularity": [
    2.3040391937854685
  ],
  "irregularity_of_end_surface_head": [
    0.05839089843180911
  ],
  "irregularity_of_end_surface_tail": [
    0.06735644838085808
  ],
  "mean_curvature": [
    0.3960468977520732
  ],
  "fractal_dimension": [
    2.3915369474671406
  ]
}