{
  "volume": [
    8130.707537174225
  ],
  "volume_endpoints": [
    1330.9020915031433
  ],
  "streamlines_count": [
    711
  ],
  "avg_length": [
    59.94122314453125
  ],
  "std_length": [
    4.939537525177002
  ],
  "min_length": [
    47.737586975097656
  ],
  "max_length": [
    75.27355194091797
  ],
  "span": [
    26.973419189453125
  ],
  "curl": [
    2.222233033325225
  ],
  "diameter": [
    13.141847666627474
  ],
  "elongation": [
    4.561095567767578
  ],
  "surface_area": [
    4636.524861639973
  ],
  "end_surface_area_head": [
    839.4822172885745
  ],
  "end_surface_area_tail": [
    781.3642176301347
  ],
  "radius_head": [
    4.006611258910221
  ],
  "radius_tail": [
    4.19121788666512
  ],
  "irregularity": [
    1.8735301680578047
  ],
  "irregularity_of_end_surface_head": [
    0.060074862568003026
  ],
  "irregularity_of_end_surface_tail": [
    0.07062798749944266
  ],
  "mean_curvature": [
    0.40037361914933817
  ],
  "fractal_dimension": [
    2.3195930181542783
  ]
}