{
  "volume": [
    10321.755958557129
  ],
  "volume_endpoints": [
    1760.9752564430237
  ],
  "streamlines_count": [
    2044
  ],
  "avg_length": [
    82.29693603515625
  ],
  "std_length": [
    6.040918350219727
  ],
  "min_length": [
    65.54314422607422
  ],
  "max_length": [
    101.70127868652344
  ],
  "span": [
    38.469757080078125
  ],
  "curl": [
    2.139263210418721
  ],
  "diameter": [
    12.636884596488102
  ],
  "elongation": [
    6.5124386795482225
  ],
  "surface_area": [
    6050.7295199953405
  ],
  "end_surface_area_head": [
    1020.2937717814982
  ],
  "end_surface_area_tail": [
    787.8217731477391
  ],
  "radius_head": [
    4.507273965704911
  ],
  "radius_tail": [
    4.406603652796264
  ],
  "irregularity": [
    1.8519709964018944
  ],
  "irregularity_of_end_surface_head": [
    0.06255363480483025
  ],
  "irregularity_of_end_surface_tail": [
    0.07743367540558732
  ],
  "mean_curvature": [
    0.37229541880160627
  ],
  "fractal_dimension": [
    2.3466080442377524
  ]
}