{
  "volume": [
    7921.482754230499
  ],
  "volume_endpoints": [
    1208.8543014526367
  ],
  "streamlines_count": [
    515
  ],
  "avg_length": [
    65.62269592285156
  ],
  "std_length": [
    6.094666957855225
  ],
  "min_length": [
    50.007301330566406
  ],
  "max_length": [
    84.80317687988281
  ],
  "span": [
    29.321168899536133
  ],
  "curl": [
    2.2380654791661367
  ],
  "diameter": [
    12.397418608749938
  ],
  "elongation": [
    5.293254829399397
  ],
  "surface_area": [
    5172.5019696011395
  ],
  "end_surface_area_head": [
    755.533995559717
  ],
  "end_surface_area_tail": [
    839.4822172885745
  ],
  "radius_head": [
    3.89629472189912
  ],
  "radius_tail": [
    4.719468914090788
  ],
  "irregularity": [
    2.023790058038134
  ],
  "irregularity_of_end_surface_head": [
    0.06312471969731326
  ],
  "irregularity_of_end_surface_tail": [
    0.08335365180820402
  ],
  "mean_curvature": [
    0.403365035543164
  ],
  "fractal_dimension": [
    2.288824122409078
  ]
}