{
  "volume": [
    12390.756589889526
  ],
  "volume_endpoints": [
    2156.1776242256165
  ],
  "streamlines_count": [
    1189
  ],
  "avg_length": [
    71.89031982421875
  ],
  "std_length": [
    6.815300464630127
  ],
  "min_length": [
    56.23973846435547
  ],
  "max_length": [
    95.39702606201172
  ],
  "span": [
    32.684486389160156
  ],
  "curl": [
    2.1995242320240727
  ],
  "diameter": [
    14.813878019216755
  ],
  "elongation": [
    4.852903455189903
  ],
  "surface_area": [
    6657.739738650156
  ],
  "end_surface_area_head": [
    904.0577724646187
  ],
  "end_surface_area_tail": [
    1569.185990777874
  ],
  "radius_head": [
    4.333919741001915
  ],
  "radius_tail": [
    6.2694087158044605
  ],
  "irregularity": [
    1.9899298250385289
  ],
  "irregularity_of_end_surface_head": [
    0.06527027121108861
  ],
  "irregularity_of_end_surface_tail": [
    0.07869164374162407
  ],
  "mean_curvature": [
    0.37680238229672985
  ],
  "fractal_dimension": [
    2.356856498408076
  ]
}