{
  "volume": [
    17662.05876016617
  ],
  "volume_endpoints": [
    2278.225414276123
  ],
  "streamlines_count": [
    925
  ],
  "avg_length": [
    76.91786193847656
  ],
  "std_length": [
    7.798847675323486
  ],
  "min_length": [
    60.77396774291992
  ],
  "max_length": [
    113.91040802001953
  ],
  "span": [
    33.86979293823242
  ],
  "curl": [
    2.2709870733119017
  ],
  "diameter": [
    17.098661710439025
  ],
  "elongation": [
    4.498472643126035
  ],
  "surface_area": [
    9524.894388466519
  ],
  "end_surface_area_head": [
    988.0059941934761
  ],
  "end_surface_area_tail": [
    1730.6248787179843
  ],
  "radius_head": [
    4.276345193865274
  ],
  "radius_tail": [
    6.026311525488781
  ],
  "irregularity": [
    2.305265614665464
  ],
  "irregularity_of_end_surface_head": [
    0.058148136751920175
  ],
  "irregularity_of_end_surface_tail": [
    0.06592499217341323
  ],
  "mean_curvature": [
    0.3826789807628941
  ],
  "fractal_dimension": [
    2.400446909101374
  ]
}