{
  "volume": [
    33749.11984872818
  ],
  "volume_endpoints": [
    8363.179518222809
  ],
  "streamlines_count": [
    8498
  ],
  "avg_length": [
    75.87223052978516
  ],
  "std_length": [
    10.133075714111328
  ],
  "min_length": [
    42.69941329956055
  ],
  "max_length": [
    119.92832946777344
  ],
  "span": [
    33.536102294921875
  ],
  "curl": [
    2.2624045532349752
  ],
  "diameter": [
    23.798241043150547
  ],
  "elongation": [
    3.1881444679972346
  ],
  "surface_area": [
    15052.5619115359
  ],
  "end_surface_area_head": [
    1756.455100788402
  ],
  "end_surface_area_tail": [
    5953.866187231274
  ],
  "radius_head": [
    5.929103539434673
  ],
  "radius_tail": [
    10.920198578497084
  ],
  "irregularity": [
    2.653583991918369
  ],
  "irregularity_of_end_surface_head": [
    0.0628768663065719
  ],
  "irregularity_of_end_surface_tail": [
    0.06292335559680066
  ],
  "mean_curvature": [
    0.3699830657708053
  ],
  "fractal_dimension": [
    2.4693260750087913
  ]
}