{
  "volume": [
    21922.10781288147
  ],
  "volume_endpoints": [
    5788.552328109741
  ],
  "streamlines_count": [
    4866
  ],
  "avg_length": [
    81.57463836669922
  ],
  "std_length": [
    11.647855758666992
  ],
  "min_length": [
    56.90406036376953
  ],
  "max_length": [
    133.68067932128906
  ],
  "span": [
    30.71708106994629
  ],
  "curl": [
    2.6556767611136123
  ],
  "diameter": [
    18.497738490640593
  ],
  "elongation": [
    4.409979004080634
  ],
  "surface_area": [
    14187.249472176909
  ],
  "end_surface_area_head": [
    7949.25084217104
  ],
  "end_surface_area_tail": [
    607.0102186548154
  ],
  "radius_head": [
    10.155753318152621
  ],
  "radius_tail": [
    3.624312932795271
  ],
  "irregularity": [
    2.992778259255729
  ],
  "irregularity_of_end_surface_head": [
    0.04076129355986387
  ],
  "irregularity_of_end_surface_tail": [
    0.06798377055291183
  ],
  "mean_curvature": [
    0.35968596384425344
  ],
  "fractal_dimension": [
    2.3048953615750882
  ]
}