{
  "volume": [
    7235.6904101371765
  ],
  "volume_endpoints": [
    1609.868468761444
  ],
  "streamlines_count": [
    1198
  ],
  "avg_length": [
    67.68009185791016
  ],
  "std_length": [
    5.308356285095215
  ],
  "min_length": [
    53.108055114746094
  ],
  "max_length": [
    84.45088195800781
  ],
  "span": [
    32.36151885986328
  ],
  "curl": [
    2.0913756289063152
  ],
  "diameter": [
    11.667144531589486
  ],
  "elongation": [
    5.800913126143445
  ],
  "surface_area": [
    4636.524861639973
  ],
  "end_surface_area_head": [
    936.3455500526408
  ],
  "end_surface_area_tail": [
    878.227550394201
  ],
  "radius_head": [
    4.177506925078917
  ],
  "radius_tail": [
    5.7586013825116105
  ],
  "irregularity": [
    1.8690340043181846
  ],
  "irregularity_of_end_surface_head": [
    0.058552855402219835
  ],
  "irregularity_of_end_surface_tail": [
    0.11862517060721825
  ],
  "mean_curvature": [
    0.37850241099355214
  ],
  "fractal_dimension": [
    2.2843697467204778
  ]
}