{
  "volume": [
    10873.876913547516
  ],
  "volume_endpoints": [
    2278.225414276123
  ],
  "streamlines_count": [
    3003
  ],
  "avg_length": [
    74.02198028564453
  ],
  "std_length": [
    6.319133758544922
  ],
  "min_length": [
    59.33985137939453
  ],
  "max_length": [
    93.95075225830078
  ],
  "span": [
    29.78098487854004
  ],
  "curl": [
    2.4855450747360686
  ],
  "diameter": [
    13.676246375608985
  ],
  "elongation": [
    5.412448580749441
  ],
  "surface_area": [
    6044.271964477736
  ],
  "end_surface_area_head": [
    878.227550394201
  ],
  "end_surface_area_tail": [
    1071.9542159223336
  ],
  "radius_head": [
    4.248628963803845
  ],
  "radius_tail": [
    4.912655148122812
  ],
  "irregularity": [
    1.9004940281325913
  ],
  "irregularity_of_end_surface_head": [
    0.06457143330203621
  ],
  "irregularity_of_end_surface_tail": [
    0.07073041307261878
  ],
  "mean_curvature": [
    0.3764638865724469
  ],
  "fractal_dimension": [
    2.3800053436141826
  ]
}