{
  "volume": [
    6910.229636669159
  ],
  "volume_endpoints": [
    1412.2672848701477
  ],
  "streamlines_count": [
    1114
  ],
  "avg_length": [
    64.74828338623047
  ],
  "std_length": [
    10.651609420776367
  ],
  "min_length": [
    41.222904205322266
  ],
  "max_length": [
    97.25084686279297
  ],
  "span": [
    29.718578338623047
  ],
  "curl": [
    2.178714023546742
  ],
  "diameter": [
    11.657010020942078
  ],
  "elongation": [
    5.554450349610126
  ],
  "surface_area": [
    4571.949306463928
  ],
  "end_surface_area_head": [
    904.0577724646187
  ],
  "end_surface_area_tail": [
    690.9584403836728
  ],
  "radius_head": [
    4.09357540356901
  ],
  "radius_tail": [
    6.777217727686205
  ],
  "irregularity": [
    1.928129081191372
  ],
  "irregularity_of_end_surface_head": [
    0.058231674311425285
  ],
  "irregularity_of_end_surface_tail": [
    0.20883381522315853
  ],
  "mean_curvature": [
    0.3950362906689276
  ],
  "fractal_dimension": [
    2.3906239445104
  ]
}