{
  "volume": [
    12111.790212631226
  ],
  "volume_endpoints": [
    2824.5345697402954
  ],
  "streamlines_count": [
    3059
  ],
  "avg_length": [
    77.2107162475586
  ],
  "std_length": [
    5.682570934295654
  ],
  "min_length": [
    61.640254974365234
  ],
  "max_length": [
    95.19733428955078
  ],
  "span": [
    31.823257446289062
  ],
  "curl": [
    2.4262354781836515
  ],
  "diameter": [
    14.1325470058142
  ],
  "elongation": [
    5.463326335712432
  ],
  "surface_area": [
    6987.075070047981
  ],
  "end_surface_area_head": [
    865.3124393589922
  ],
  "end_surface_area_tail": [
    1795.2004338940285
  ],
  "radius_head": [
    4.236883149496179
  ],
  "radius_tail": [
    6.56858487721032
  ],
  "irregularity": [
    2.038203377185843
  ],
  "irregularity_of_end_surface_head": [
    0.06517332809149386
  ],
  "irregularity_of_end_surface_tail": [
    0.07550584294088714
  ],
  "mean_curvature": [
    0.378639893287847
  ],
  "fractal_dimension": [
    2.3478888500587245
  ]
}