{
  "volume": [
    8264.37892627716
  ],
  "volume_endpoints": [
    1493.632478237152
  ],
  "streamlines_count": [
    1183
  ],
  "avg_length": [
    76.63105010986328
  ],
  "std_length": [
    6.135946750640869
  ],
  "min_length": [
    57.52227020263672
  ],
  "max_length": [
    93.34496307373047
  ],
  "span": [
    35.1401252746582
  ],
  "curl": [
    2.180727857709911
  ],
  "diameter": [
    11.718115697619297
  ],
  "elongation": [
    6.5395369091151725
  ],
  "surface_area": [
    5191.874636153952
  ],
  "end_surface_area_head": [
    820.1095507357612
  ],
  "end_surface_area_tail": [
    710.3311069364861
  ],
  "radius_head": [
    4.083046538577526
  ],
  "radius_tail": [
    4.715279616527679
  ],
  "irregularity": [
    1.8403980570320104
  ],
  "irregularity_of_end_surface_head": [
    0.06386260991976694
  ],
  "irregularity_of_end_surface_tail": [
    0.09833405352043126
  ],
  "mean_curvature": [
    0.3881841680556158
  ],
  "fractal_dimension": [
    2.3188052880347487
  ]
}