{
  "volume": [
    12634.85216999054
  ],
  "volume_endpoints": [
    1923.7056431770325
  ],
  "streamlines_count": [
    837
  ],
  "avg_length": [
    72.74092102050781
  ],
  "std_length": [
    8.745584487915039
  ],
  "min_length": [
    50.118316650390625
  ],
  "max_length": [
    95.69774627685547
  ],
  "span": [
    24.995067596435547
  ],
  "curl": [
    2.910211014227508
  ],
  "diameter": [
    14.871361951726552
  ],
  "elongation": [
    4.891342249393819
  ],
  "surface_area": [
    7975.081064241457
  ],
  "end_surface_area_head": [
    884.6851059118054
  ],
  "end_surface_area_tail": [
    1369.0017697321368
  ],
  "radius_head": [
    4.1312281558088255
  ],
  "radius_tail": [
    5.673951969841841
  ],
  "irregularity": [
    2.3466898445869213
  ],
  "irregularity_of_end_surface_head": [
    0.06060654374137917
  ],
  "irregularity_of_end_surface_tail": [
    0.07387834763941302
  ],
  "mean_curvature": [
    0.4158708829535093
  ],
  "fractal_dimension": [
    2.3079654574587587
  ]
}