{
  "volume": [
    8078.4013414382935
  ],
  "volume_endpoints": [
    1220.477900505066
  ],
  "streamlines_count": [
    540
  ],
  "avg_length": [
    64.62613677978516
  ],
  "std_length": [
    5.965496063232422
  ],
  "min_length": [
    51.06105041503906
  ],
  "max_length": [
    85.06625366210938
  ],
  "span": [
    28.23377799987793
  ],
  "curl": [
    2.288965252190641
  ],
  "diameter": [
    12.615767432676945
  ],
  "elongation": [
    5.122648077071607
  ],
  "surface_area": [
    5088.553747872282
  ],
  "end_surface_area_head": [
    929.8879945350363
  ],
  "end_surface_area_tail": [
    697.4159959012773
  ],
  "radius_head": [
    3.9835230432803783
  ],
  "radius_tail": [
    4.524389389563998
  ],
  "irregularity": [
    1.9866557731707029
  ],
  "irregularity_of_end_surface_head": [
    0.05361099892918298
  ],
  "irregularity_of_end_surface_tail": [
    0.09220997813231636
  ],
  "mean_curvature": [
    0.3962031160791715
  ],
  "fractal_dimension": [
    2.3042749364313733
  ]
}