{
  "volume": [
    8188.825532436371
  ],
  "volume_endpoints": [
    958.9469218254089
  ],
  "streamlines_count": [
    377
  ],
  "avg_length": [
    57.48571014404297
  ],
  "std_length": [
    6.250735282897949
  ],
  "min_length": [
    40.95582962036133
  ],
  "max_length": [
    76.45943450927734
  ],
  "span": [
    20.531217575073242
  ],
  "curl": [
    2.79991724474421
  ],
  "diameter": [
    13.467466939841062
  ],
  "elongation": [
    4.268487192196619
  ],
  "surface_area": [
    4759.218416474457
  ],
  "end_surface_area_head": [
    833.02466177097
  ],
  "end_surface_area_tail": [
    477.859108302727
  ],
  "radius_head": [
    3.8283298104877663
  ],
  "radius_tail": [
    3.2465197393302514
  ],
  "irregularity": [
    1.9567707368251503
  ],
  "irregularity_of_end_surface_head": [
    0.055272703091231556
  ],
  "irregularity_of_end_surface_tail": [
    0.06929247916609084
  ],
  "mean_curvature": [
    0.4242578941725926
  ],
  "fractal_dimension": [
    2.3881816278981733
  ]
}