{
  "volume": [
    4341.414246082306
  ],
  "volume_endpoints": [
    2005.0708365440369
  ],
  "streamlines_count": [
    3458
  ],
  "avg_length": [
    25.654767990112305
  ],
  "std_length": [
    4.043710708618164
  ],
  "min_length": [
    20.091047286987305
  ],
  "max_length": [
    40.61993408203125
  ],
  "span": [
    11.278738021850586
  ],
  "curl": [
    2.2746133424156736
  ],
  "diameter": [
    14.67866730122167
  ],
  "elongation": [
    1.7477586666179918
  ],
  "surface_area": [
    2750.9186504994823
  ],
  "end_surface_area_head": [
    865.3124393589922
  ],
  "end_surface_area_tail": [
    1013.8362162638938
  ],
  "radius_head": [
    4.26093581292746
  ],
  "radius_tail": [
    4.742149184992277
  ],
  "irregularity": [
    2.3252687577467626
  ],
  "irregularity_of_end_surface_head": [
    0.06591540270504932
  ],
  "irregularity_of_end_surface_tail": [
    0.06968390766686865
  ],
  "mean_curvature": [
    0.43811830877826835
  ],
  "fractal_dimension": [
    2.258886041193191
  ]
}