{
  "volume": [
    8630.52229642868
  ],
  "volume_endpoints": [
    1964.3882398605347
  ],
  "streamlines_count": [
    2844
  ],
  "avg_length": [
    71.76213073730469
  ],
  "std_length": [
    4.9968037605285645
  ],
  "min_length": [
    56.656211853027344
  ],
  "max_length": [
    87.73143768310547
  ],
  "span": [
    27.885278701782227
  ],
  "curl": [
    2.5734772639270114
  ],
  "diameter": [
    12.374450882520106
  ],
  "elongation": [
    5.79921738900547
  ],
  "surface_area": [
    5172.5019696011395
  ],
  "end_surface_area_head": [
    839.4822172885745
  ],
  "end_surface_area_tail": [
    942.8031055702452
  ],
  "radius_head": [
    4.253696520278331
  ],
  "radius_tail": [
    4.2484853363227675
  ],
  "irregularity": [
    1.8540845317395773
  ],
  "irregularity_of_end_surface_head": [
    0.06771289400826963
  ],
  "irregularity_of_end_surface_tail": [
    0.06014466573085837
  ],
  "mean_curvature": [
    0.36726507547661225
  ],
  "fractal_dimension": [
    2.2944816890690527
  ]
}