{
  "volume": [
    10478.674545764923
  ],
  "volume_endpoints": [
    953.1351222991943
  ],
  "streamlines_count": [
    225
  ],
  "avg_length": [
    63.62896728515625
  ],
  "std_length": [
    8.74783992767334
  ],
  "min_length": [
    47.09505844116211
  ],
  "max_length": [
    92.65896606445312
  ],
  "span": [
    23.62859344482422
  ],
  "curl": [
    2.692880024100377
  ],
  "diameter": [
    14.480407975961938
  ],
  "elongation": [
    4.394141890945538
  ],
  "surface_area": [
    7051.650625224025
  ],
  "end_surface_area_head": [
    716.7886624540905
  ],
  "end_surface_area_tail": [
    607.0102186548154
  ],
  "radius_head": [
    4.102382817572742
  ],
  "radius_tail": [
    3.737688514877771
  ],
  "irregularity": [
    2.4361568228698403
  ],
  "irregularity_of_end_surface_head": [
    0.07376173343633813
  ],
  "irregularity_of_end_surface_tail": [
    0.0723036268381628
  ],
  "mean_curvature": [
    0.419319406747818
  ],
  "fractal_dimension": [
    2.2654737720315645
  ]
}