{
  "volume": [
    4573.88622713089
  ],
  "volume_endpoints": [
    2220.107419013977
  ],
  "streamlines_count": [
    4057
  ],
  "avg_length": [
    27.236635208129883
  ],
  "std_length": [
    5.49495267868042
  ],
  "min_length": [
    20.069374084472656
  ],
  "max_length": [
    46.257022857666016
  ],
  "span": [
    12.534539222717285
  ],
  "curl": [
    2.1729267206541496
  ],
  "diameter": [
    14.622479158047945
  ],
  "elongation": [
    1.8626550883568425
  ],
  "surface_area": [
    2718.6308729114603
  ],
  "end_surface_area_head": [
    1104.2419935103558
  ],
  "end_surface_area_tail": [
    845.9397728061789
  ],
  "radius_head": [
    4.659405623193333
  ],
  "radius_tail": [
    4.624537362696904
  ],
  "irregularity": [
    2.1728307889344833
  ],
  "irregularity_of_end_surface_head": [
    0.06176559829999442
  ],
  "irregularity_of_end_surface_tail": [
    0.07942313279485806
  ],
  "mean_curvature": [
    0.4468182992921958
  ],
  "fractal_dimension": [
    2.2937810493129116
  ]
}