{
  "volume": [
    9107.089857578278
  ],
  "volume_endpoints": [
    1935.3292422294617
  ],
  "streamlines_count": [
    2309
  ],
  "avg_length": [
    71.81326293945312
  ],
  "std_length": [
    5.700711727142334
  ],
  "min_length": [
    57.85894012451172
  ],
  "max_length": [
    89.53218078613281
  ],
  "span": [
    30.294273376464844
  ],
  "curl": [
    2.3705227072798434
  ],
  "diameter": [
    12.706985670409724
  ],
  "elongation": [
    5.651479021234906
  ],
  "surface_area": [
    5321.025746506041
  ],
  "end_surface_area_head": [
    1000.921105228685
  ],
  "end_surface_area_tail": [
    729.7037734892994
  ],
  "radius_head": [
    4.535921844461015
  ],
  "radius_tail": [
    4.277355869180414
  ],
  "irregularity": [
    1.8560868227425502
  ],
  "irregularity_of_end_surface_head": [
    0.06457748864161164
  ],
  "irregularity_of_end_surface_tail": [
    0.07876876736066427
  ],
  "mean_curvature": [
    0.3782250579299737
  ],
  "fractal_dimension": [
    2.31764981375603
  ]
}