{
  "volume": [
    13047.489936351776
  ],
  "volume_endpoints": [
    2673.427782058716
  ],
  "streamlines_count": [
    3778
  ],
  "avg_length": [
    69.97888946533203
  ],
  "std_length": [
    5.423720359802246
  ],
  "min_length": [
    56.01705551147461
  ],
  "max_length": [
    87.14286804199219
  ],
  "span": [
    28.932086944580078
  ],
  "curl": [
    2.418729405845414
  ],
  "diameter": [
    15.407600936959572
  ],
  "elongation": [
    4.541842026649814
  ],
  "surface_area": [
    6877.296626248706
  ],
  "end_surface_area_head": [
    878.227550394201
  ],
  "end_surface_area_tail": [
    1446.4924359433899
  ],
  "radius_head": [
    4.1923101939742065
  ],
  "radius_tail": [
    6.093008170700246
  ],
  "irregularity": [
    2.03032618647811
  ],
  "irregularity_of_end_surface_head": [
    0.06287089371827684
  ],
  "irregularity_of_end_surface_tail": [
    0.08063010526026179
  ],
  "mean_curvature": [
    0.37683744723043344
  ],
  "fractal_dimension": [
    2.424885492168754
  ]
}