{
  "volume": [
    15145.549565315247
  ],
  "volume_endpoints": [
    3661.4337015151978
  ],
  "streamlines_count": [
    3635
  ],
  "avg_length": [
    74.50067138671875
  ],
  "std_length": [
    5.528135776519775
  ],
  "min_length": [
    56.97676086425781
  ],
  "max_length": [
    92.53791809082031
  ],
  "span": [
    33.52146911621094
  ],
  "curl": [
    2.2224763219190273
  ],
  "diameter": [
    16.088571478431223
  ],
  "elongation": [
    4.630657947885328
  ],
  "surface_area": [
    7987.996175276667
  ],
  "end_surface_area_head": [
    884.6851059118054
  ],
  "end_surface_area_tail": [
    2447.413541172075
  ],
  "radius_head": [
    4.39590393298168
  ],
  "radius_tail": [
    7.807907679003206
  ],
  "irregularity": [
    2.12134011514654
  ],
  "irregularity_of_end_surface_head": [
    0.06862107900885596
  ],
  "irregularity_of_end_surface_tail": [
    0.0782549562991052
  ],
  "mean_curvature": [
    0.3754113426234732
  ],
  "fractal_dimension": [
    2.4096076705359923
  ]
}