{
  "volume": [
    20608.64111995697
  ],
  "volume_endpoints": [
    5683.939936637878
  ],
  "streamlines_count": [
    5745
  ],
  "avg_length": [
    85.48194122314453
  ],
  "std_length": [
    7.224754333496094
  ],
  "min_length": [
    66.696533203125
  ],
  "max_length": [
    119.19990539550781
  ],
  "span": [
    34.73760223388672
  ],
  "curl": [
    2.4607899142721035
  ],
  "diameter": [
    17.520340794040973
  ],
  "elongation": [
    4.879011329061515
  ],
  "surface_area": [
    12869.908146585607
  ],
  "end_surface_area_head": [
    6535.046183815672
  ],
  "end_surface_area_tail": [
    639.2979962428375
  ],
  "radius_head": [
    9.136304036090168
  ],
  "radius_tail": [
    3.6805502513659123
  ],
  "irregularity": [
    2.7353232001530308
  ],
  "irregularity_of_end_surface_head": [
    0.04012751803239362
  ],
  "irregularity_of_end_surface_tail": [
    0.066568999953794
  ],
  "mean_curvature": [
    0.3567901683590327
  ],
  "fractal_dimension": [
    2.3350832070790632
  ]
}