{
  "volume": [
    9136.14885520935
  ],
  "volume_endpoints": [
    2214.2956194877625
  ],
  "streamlines_count": [
    1627
  ],
  "avg_length": [
    35.22264862060547
  ],
  "std_length": [
    10.889989852905273
  ],
  "min_length": [
    20.13454246520996
  ],
  "max_length": [
    74.26725006103516
  ],
  "span": [
    13.546974182128906
  ],
  "curl": [
    2.600038071015961
  ],
  "diameter": [
    18.17295861720201
  ],
  "elongation": [
    1.938190107760698
  ],
  "surface_area": [
    4823.793971650501
  ],
  "end_surface_area_head": [
    1123.614660063169
  ],
  "end_surface_area_tail": [
    1026.7513272991027
  ],
  "radius_head": [
    4.824993964566483
  ],
  "radius_tail": [
    4.497068448716466
  ],
  "irregularity": [
    2.3987844772999907
  ],
  "irregularity_of_end_surface_head": [
    0.06509176152485525
  ],
  "irregularity_of_end_surface_tail": [
    0.061879044014838104
  ],
  "mean_curvature": [
    0.4524346633087878
  ],
  "fractal_dimension": [
    2.4656650586479585
  ]
}