{
  "volume": [
    8450.356511116028
  ],
  "volume_endpoints": [
    1563.3740725517273
  ],
  "streamlines_count": [
    1029
  ],
  "avg_length": [
    73.34696197509766
  ],
  "std_length": [
    6.260759353637695
  ],
  "min_length": [
    53.67082595825195
  ],
  "max_length": [
    94.73847961425781
  ],
  "span": [
    33.26144790649414
  ],
  "curl": [
    2.205164434852429
  ],
  "diameter": [
    12.111599744220074
  ],
  "elongation": [
    6.0559268407214715
  ],
  "surface_area": [
    5217.704858224371
  ],
  "end_surface_area_head": [
    1188.190215239213
  ],
  "end_surface_area_tail": [
    329.33533139782537
  ],
  "radius_head": [
    4.8363543261847175
  ],
  "radius_tail": [
    3.5873239391932823
  ],
  "irregularity": [
    1.869588364205597
  ],
  "irregularity_of_end_surface_head": [
    0.06184436337590971
  ],
  "irregularity_of_end_surface_tail": [
    0.12275882966305446
  ],
  "mean_curvature": [
    0.3887589112778563
  ],
  "fractal_dimension": [
    2.334083522512895
  ]
}