{
  "volume": [
    8880.429676055908
  ],
  "volume_endpoints": [
    2318.9080109596252
  ],
  "streamlines_count": [
    2977
  ],
  "avg_length": [
    65.68305206298828
  ],
  "std_length": [
    5.058882713317871
  ],
  "min_length": [
    53.658626556396484
  ],
  "max_length": [
    82.66631317138672
  ],
  "span": [
    29.16067123413086
  ],
  "curl": [
    2.2524533655490795
  ],
  "diameter": [
    13.12034897861164
  ],
  "elongation": [
    5.006197027995416
  ],
  "surface_area": [
    5172.5019696011395
  ],
  "end_surface_area_head": [
    1078.411771439938
  ],
  "end_surface_area_tail": [
    1123.614660063169
  ],
  "radius_head": [
    4.865504490461232
  ],
  "radius_tail": [
    4.958836092233943
  ],
  "irregularity": [
    1.9105221652930229
  ],
  "irregularity_of_end_surface_head": [
    0.06896377215457443
  ],
  "irregularity_of_end_surface_tail": [
    0.06875305218883701
  ],
  "mean_curvature": [
    0.3848722231119801
  ],
  "fractal_dimension": [
    2.358190588266785
  ]
}