{
  "volume": [
    9688.269810199738
  ],
  "volume_endpoints": [
    1848.1522493362427
  ],
  "streamlines_count": [
    1453
  ],
  "avg_length": [
    81.78548431396484
  ],
  "std_length": [
    4.576391220092773
  ],
  "min_length": [
    69.33244323730469
  ],
  "max_length": [
    96.20947265625
  ],
  "span": [
    36.568214416503906
  ],
  "curl": [
    2.236518397711362
  ],
  "diameter": [
    12.281178875969312
  ],
  "elongation": [
    6.659416424102022
  ],
  "surface_area": [
    5798.884854808768
  ],
  "end_surface_area_head": [
    1194.6477707568174
  ],
  "end_surface_area_tail": [
    607.0102186548154
  ],
  "radius_head": [
    4.762909608155418
  ],
  "radius_tail": [
    4.128408264347729
  ],
  "irregularity": [
    1.8377157010036747
  ],
  "irregularity_of_end_surface_head": [
    0.05965607478538389
  ],
  "irregularity_of_end_surface_tail": [
    0.08821026930802424
  ],
  "mean_curvature": [
    0.3789398327254461
  ],
  "fractal_dimension": [
    2.356617190165437
  ]
}