{
  "volume": [
    15622.117126464844
  ],
  "volume_endpoints": [
    3806.7286896705627
  ],
  "streamlines_count": [
    3135
  ],
  "avg_length": [
    78.54734802246094
  ],
  "std_length": [
    5.811689853668213
  ],
  "min_length": [
    60.82410430908203
  ],
  "max_length": [
    97.4314956665039
  ],
  "span": [
    34.24208450317383
  ],
  "curl": [
    2.2938833649330124
  ],
  "diameter": [
    15.913263012295175
  ],
  "elongation": [
    4.935967435577
  ],
  "surface_area": [
    8646.666838072317
  ],
  "end_surface_area_head": [
    1117.1571045455644
  ],
  "end_surface_area_tail": [
    2686.3430953234383
  ],
  "radius_head": [
    4.909515321589283
  ],
  "radius_tail": [
    7.686338556550192
  ],
  "irregularity": [
    2.2019532061508826
  ],
  "irregularity_of_end_surface_head": [
    0.06778176295862307
  ],
  "irregularity_of_end_surface_tail": [
    0.06909194408334184
  ],
  "mean_curvature": [
    0.3829862709916189
  ],
  "fractal_dimension": [
    2.364259985376806
  ]
}