{
  "volume": [
    7020.653827667236
  ],
  "volume_endpoints": [
    1534.3150749206543
  ],
  "streamlines_count": [
    726
  ],
  "avg_length": [
    77.04364013671875
  ],
  "std_length": [
    4.561183452606201
  ],
  "min_length": [
    67.01687622070312
  ],
  "max_length": [
    93.39649200439453
  ],
  "span": [
    37.06174850463867
  ],
  "curl": [
    2.078791294131088
  ],
  "diameter": [
    10.771481553789187
  ],
  "elongation": [
    7.152557403732115
  ],
  "surface_area": [
    4901.284637861754
  ],
  "end_surface_area_head": [
    962.1757721230584
  ],
  "end_surface_area_tail": [
    833.02466177097
  ],
  "radius_head": [
    4.322215473111194
  ],
  "radius_tail": [
    3.96553728707529
  ],
  "irregularity": [
    1.8799565668138123
  ],
  "irregularity_of_end_surface_head": [
    0.06099697294829466
  ],
  "irregularity_of_end_surface_tail": [
    0.05930565261866349
  ],
  "mean_curvature": [
    0.37204300331018514
  ],
  "fractal_dimension": [
    2.1902621522455905
  ]
}