{
  "volume": [
    7090.3954219818115
  ],
  "volume_endpoints": [
    947.3233227729797
  ],
  "streamlines_count": [
    274
  ],
  "avg_length": [
    68.42835998535156
  ],
  "std_length": [
    10.108718872070312
  ],
  "min_length": [
    44.46596145629883
  ],
  "max_length": [
    90.09809112548828
  ],
  "span": [
    24.398487091064453
  ],
  "curl": [
    2.8046148816502776
  ],
  "diameter": [
    11.486090175673944
  ],
  "elongation": [
    5.957498064073534
  ],
  "surface_area": [
    4998.147970625821
  ],
  "end_surface_area_head": [
    839.4822172885745
  ],
  "end_surface_area_tail": [
    548.8922189963756
  ],
  "radius_head": [
    4.288941386520813
  ],
  "radius_tail": [
    3.7242589119983975
  ],
  "irregularity": [
    2.0241881758804525
  ],
  "irregularity_of_end_surface_head": [
    0.06883964055827885
  ],
  "irregularity_of_end_surface_tail": [
    0.07938574590146089
  ],
  "mean_curvature": [
    0.4030635696257988
  ],
  "fractal_dimension": [
    2.273067683917136
  ]
}