{
  "volume": [
    12152.472809314728
  ],
  "volume_endpoints": [
    3138.371744155884
  ],
  "streamlines_count": [
    2095
  ],
  "avg_length": [
    39.45183181762695
  ],
  "std_length": [
    15.94320011138916
  ],
  "min_length": [
    20.093233108520508
  ],
  "max_length": [
    87.77220153808594
  ],
  "span": [
    14.594820022583008
  ],
  "curl": [
    2.70313931631784
  ],
  "diameter": [
    19.804040317146896
  ],
  "elongation": [
    1.9921102555759012
  ],
  "surface_area": [
    6980.617514530377
  ],
  "end_surface_area_head": [
    1582.1011018130826
  ],
  "end_surface_area_tail": [
    1588.558657330687
  ],
  "radius_head": [
    6.077354014256465
  ],
  "radius_tail": [
    5.4142377203745164
  ],
  "irregularity": [
    2.843956799277481
  ],
  "irregularity_of_end_surface_head": [
    0.07334064251757016
  ],
  "irregularity_of_end_surface_tail": [
    0.05797239696871259
  ],
  "mean_curvature": [
    0.4194725437209828
  ],
  "fractal_dimension": [
    2.3927167770226427
  ]
}