{
  "volume": [
    22352.18097782135
  ],
  "volume_endpoints": [
    3853.2230858802795
  ],
  "streamlines_count": [
    2808
  ],
  "avg_length": [
    72.26678466796875
  ],
  "std_length": [
    6.795009613037109
  ],
  "min_length": [
    54.53977584838867
  ],
  "max_length": [
    94.30915069580078
  ],
  "span": [
    31.634157180786133
  ],
  "curl": [
    2.2844542452947647
  ],
  "diameter": [
    19.844750621618232
  ],
  "elongation": [
    3.641607095291167
  ],
  "surface_area": [
    10952.014157857095
  ],
  "end_surface_area_head": [
    1214.0204373096308
  ],
  "end_surface_area_tail": [
    3099.626648450121
  ],
  "radius_head": [
    4.867449287102552
  ],
  "radius_tail": [
    8.636203210320879
  ],
  "irregularity": [
    2.4308588721471844
  ],
  "irregularity_of_end_surface_head": [
    0.061309354774728625
  ],
  "irregularity_of_end_surface_tail": [
    0.07559380259436953
  ],
  "mean_curvature": [
    0.3950514824174748
  ],
  "fractal_dimension": [
    2.440925234838891
  ]
}