{
  "volume": [
    19399.786818504333
  ],
  "volume_endpoints": [
    4213.554656505585
  ],
  "streamlines_count": [
    2802
  ],
  "avg_length": [
    85.55628204345703
  ],
  "std_length": [
    7.868453502655029
  ],
  "min_length": [
    58.35667419433594
  ],
  "max_length": [
    110.25918579101562
  ],
  "span": [
    36.43630599975586
  ],
  "curl": [
    2.348105267422836
  ],
  "diameter": [
    16.991338280796278
  ],
  "elongation": [
    5.035288017316052
  ],
  "surface_area": [
    10022.126163322058
  ],
  "end_surface_area_head": [
    1297.968659038488
  ],
  "end_surface_area_tail": [
    2873.6122053339664
  ],
  "radius_head": [
    5.0786665735167364
  ],
  "radius_tail": [
    8.646603762893285
  ],
  "irregularity": [
    2.194474319833696
  ],
  "irregularity_of_end_surface_head": [
    0.06242881181720168
  ],
  "irregularity_of_end_surface_tail": [
    0.08173589608068856
  ],
  "mean_curvature": [
    0.37701645961495317
  ],
  "fractal_dimension": [
    2.433352533240833
  ]
}