{
  "volume": [
    11321.38547706604
  ],
  "volume_endpoints": [
    3179.054340839386
  ],
  "streamlines_count": [
    2389
  ],
  "avg_length": [
    74.45088958740234
  ],
  "std_length": [
    5.16800594329834
  ],
  "min_length": [
    60.172332763671875
  ],
  "max_length": [
    91.27733612060547
  ],
  "span": [
    34.94071960449219
  ],
  "curl": [
    2.130777225831104
  ],
  "diameter": [
    13.914573607109006
  ],
  "elongation": [
    5.350569244131571
  ],
  "surface_area": [
    6515.673517262859
  ],
  "end_surface_area_head": [
    1310.8837700736972
  ],
  "end_surface_area_tail": [
    1704.7946566475666
  ],
  "radius_head": [
    5.078611534894006
  ],
  "radius_tail": [
    5.755840121784445
  ],
  "irregularity": [
    2.0020257003770072
  ],
  "irregularity_of_end_surface_head": [
    0.061812409860765735
  ],
  "irregularity_of_end_surface_tail": [
    0.06105134575376733
  ],
  "mean_curvature": [
    0.3808423131142964
  ],
  "fractal_dimension": [
    2.388687704872642
  ]
}