{
  "volume": [
    5991.965311527252
  ],
  "volume_endpoints": [
    1232.1014995574951
  ],
  "streamlines_count": [
    261
  ],
  "avg_length": [
    61.568336486816406
  ],
  "std_length": [
    5.745716094970703
  ],
  "min_length": [
    49.7489013671875
  ],
  "max_length": [
    80.63288879394531
  ],
  "span": [
    25.472715377807617
  ],
  "curl": [
    2.4170307552078283
  ],
  "diameter": [
    11.131687215659415
  ],
  "elongation": [
    5.53090787533139
  ],
  "surface_area": [
    4358.8499743829825
  ],
  "end_surface_area_head": [
    1381.9168807673457
  ],
  "end_surface_area_tail": [
    587.6375521020021
  ],
  "radius_head": [
    4.601858507107619
  ],
  "radius_tail": [
    4.354071456973164
  ],
  "irregularity": [
    2.024434055111758
  ],
  "irregularity_of_end_surface_head": [
    0.04814314674929664
  ],
  "irregularity_of_end_surface_tail": [
    0.10135179300232995
  ],
  "mean_curvature": [
    0.4079284889487928
  ],
  "fractal_dimension": [
    2.213846213594151
  ]
}