{
  "volume": [
    11007.548302650452
  ],
  "volume_endpoints": [
    2551.3799920082092
  ],
  "streamlines_count": [
    2825
  ],
  "avg_length": [
    72.77970123291016
  ],
  "std_length": [
    4.647985935211182
  ],
  "min_length": [
    60.58921813964844
  ],
  "max_length": [
    87.80685424804688
  ],
  "span": [
    33.17742156982422
  ],
  "curl": [
    2.193651519294233
  ],
  "diameter": [
    13.876988393052114
  ],
  "elongation": [
    5.244632276939084
  ],
  "surface_area": [
    5915.120854125647
  ],
  "end_surface_area_head": [
    1201.105326274422
  ],
  "end_surface_area_tail": [
    910.5153279822231
  ],
  "radius_head": [
    5.015805235653355
  ],
  "radius_tail": [
    4.726408006719811
  ],
  "irregularity": [
    1.8642676184404643
  ],
  "irregularity_of_end_surface_head": [
    0.06580366893727131
  ],
  "irregularity_of_end_surface_tail": [
    0.07707704036700663
  ],
  "mean_curvature": [
    0.3796774446436789
  ],
  "fractal_dimension": [
    2.4268574122377973
  ]
}