{
  "volume": [
    14308.650433540344
  ],
  "volume_endpoints": [
    3463.8325176239014
  ],
  "streamlines_count": [
    3260
  ],
  "avg_length": [
    76.43335723876953
  ],
  "std_length": [
    5.4289093017578125
  ],
  "min_length": [
    60.21453094482422
  ],
  "max_length": [
    93.36930847167969
  ],
  "span": [
    35.66920471191406
  ],
  "curl": [
    2.142838839724386
  ],
  "diameter": [
    15.438778210863559
  ],
  "elongation": [
    4.950738730412416
  ],
  "surface_area": [
    7626.373066290819
  ],
  "end_surface_area_head": [
    1265.6808814504661
  ],
  "end_surface_area_tail": [
    2021.214877010183
  ],
  "radius_head": [
    5.160185787286341
  ],
  "radius_tail": [
    6.503551539696938
  ],
  "irregularity": [
    2.0571800756235765
  ],
  "irregularity_of_end_surface_head": [
    0.06609313148783862
  ],
  "irregularity_of_end_surface_tail": [
    0.06574134107911694
  ],
  "mean_curvature": [
    0.38049066544858956
  ],
  "fractal_dimension": [
    2.42944402945343
  ]
}