{
  "volume": [
    14244.720638751984
  ],
  "volume_endpoints": [
    2923.3351616859436
  ],
  "streamlines_count": [
    3195
  ],
  "avg_length": [
    73.04963684082031
  ],
  "std_length": [
    6.200009346008301
  ],
  "min_length": [
    57.592262268066406
  ],
  "max_length": [
    94.0335693359375
  ],
  "span": [
    29.88467788696289
  ],
  "curl": [
    2.444384280035624
  ],
  "diameter": [
    15.75698047760149
  ],
  "elongation": [
    4.636017474582785
  ],
  "surface_area": [
    7277.66506834018
  ],
  "end_surface_area_head": [
    1117.1571045455644
  ],
  "end_surface_area_tail": [
    1543.3557687074563
  ],
  "radius_head": [
    4.9320339284675345
  ],
  "radius_tail": [
    6.069574769748723
  ],
  "irregularity": [
    2.0125706448112806
  ],
  "irregularity_of_end_surface_head": [
    0.06840498185124812
  ],
  "irregularity_of_end_surface_tail": [
    0.07498948217131315
  ],
  "mean_curvature": [
    0.37577730605673154
  ],
  "fractal_dimension": [
    2.3984720586511736
  ]
}