{
  "volume": [
    26670.348025798798
  ],
  "volume_endpoints": [
    7787.8113651275635
  ],
  "streamlines_count": [
    6431
  ],
  "avg_length": [
    84.78965759277344
  ],
  "std_length": [
    10.596148490905762
  ],
  "min_length": [
    51.944297790527344
  ],
  "max_length": [
    130.48101806640625
  ],
  "span": [
    31.763883590698242
  ],
  "curl": [
    2.6693731372823475
  ],
  "diameter": [
    20.012344023598647
  ],
  "elongation": [
    4.236867879784052
  ],
  "surface_area": [
    16447.393903338456
  ],
  "end_surface_area_head": [
    9615.30016571298
  ],
  "end_surface_area_tail": [
    813.6519952181568
  ],
  "radius_head": [
    10.2664286726056
  ],
  "radius_tail": [
    4.231076156655199
  ],
  "irregularity": [
    3.0853637977169766
  ],
  "irregularity_of_end_surface_head": [
    0.034437039969933914
  ],
  "irregularity_of_end_surface_tail": [
    0.06912145378624837
  ],
  "mean_curvature": [
    0.35905671930669014
  ],
  "fractal_dimension": [
    2.3567580783380784
  ]
}