{
  "volume": [
    15889.459904670715
  ],
  "volume_endpoints": [
    7177.5724148750305
  ],
  "streamlines_count": [
    6647
  ],
  "avg_length": [
    46.307491302490234
  ],
  "std_length": [
    7.873934268951416
  ],
  "min_length": [
    22.854141235351562
  ],
  "max_length": [
    72.10498809814453
  ],
  "span": [
    21.57069969177246
  ],
  "curl": [
    2.146777432544431
  ],
  "diameter": [
    20.90181502907286
  ],
  "elongation": [
    2.2154770405383446
  ],
  "surface_area": [
    8756.445281871593
  ],
  "end_surface_area_head": [
    1039.6664383343114
  ],
  "end_surface_area_tail": [
    6218.625963453055
  ],
  "radius_head": [
    4.68414757742411
  ],
  "radius_tail": [
    12.305704964769149
  ],
  "irregularity": [
    2.879669930443598
  ],
  "irregularity_of_end_surface_head": [
    0.06630052796337017
  ],
  "irregularity_of_end_surface_tail": [
    0.0765012328158581
  ],
  "mean_curvature": [
    0.3906205044517091
  ],
  "fractal_dimension": [
    2.3989532698346725
  ]
}