{
  "volume": [
    7322.8674030303955
  ],
  "volume_endpoints": [
    1801.6578531265259
  ],
  "streamlines_count": [
    2321
  ],
  "avg_length": [
    59.554500579833984
  ],
  "std_length": [
    12.657675743103027
  ],
  "min_length": [
    34.7349739074707
  ],
  "max_length": [
    85.55453491210938
  ],
  "span": [
    27.16515350341797
  ],
  "curl": [
    2.192312315567837
  ],
  "diameter": [
    12.512334639224775
  ],
  "elongation": [
    4.7596633479684325
  ],
  "surface_area": [
    4681.727750263204
  ],
  "end_surface_area_head": [
    774.9066621125303
  ],
  "end_surface_area_tail": [
    1110.69954902796
  ],
  "radius_head": [
    4.031544705825235
  ],
  "radius_tail": [
    7.598615854510362
  ],
  "irregularity": [
    1.9998772706438905
  ],
  "irregularity_of_end_surface_head": [
    0.06589363078471595
  ],
  "irregularity_of_end_surface_tail": [
    0.16331356382124665
  ],
  "mean_curvature": [
    0.37861250679280317
  ],
  "fractal_dimension": [
    2.3555327159915875
  ]
}