{
  "volume": [
    3603.3157062530518
  ],
  "volume_endpoints": [
    1836.5286502838135
  ],
  "streamlines_count": [
    3687
  ],
  "avg_length": [
    24.90803337097168
  ],
  "std_length": [
    3.8070778846740723
  ],
  "min_length": [
    20.05967140197754
  ],
  "max_length": [
    39.11324691772461
  ],
  "span": [
    11.208681106567383
  ],
  "curl": [
    2.2222091193563873
  ],
  "diameter": [
    13.571770192152206
  ],
  "elongation": [
    1.8352825768722933
  ],
  "surface_area": [
    2318.2624308199865
  ],
  "end_surface_area_head": [
    852.3973283237833
  ],
  "end_surface_area_tail": [
    800.736884182948
  ],
  "radius_head": [
    4.323132024401694
  ],
  "radius_tail": [
    4.126848240836853
  ],
  "irregularity": [
    2.1829148152068307
  ],
  "irregularity_of_end_surface_head": [
    0.06888184802153736
  ],
  "irregularity_of_end_surface_tail": [
    0.0668185483251906
  ],
  "mean_curvature": [
    0.4542683273723593
  ],
  "fractal_dimension": [
    2.3025992074205077
  ]
}