{
  "volume": [
    14204.038042068481
  ],
  "volume_endpoints": [
    3144.1835436820984
  ],
  "streamlines_count": [
    3554
  ],
  "avg_length": [
    69.48666381835938
  ],
  "std_length": [
    5.6995625495910645
  ],
  "min_length": [
    52.04600143432617
  ],
  "max_length": [
    87.538330078125
  ],
  "span": [
    26.15385627746582
  ],
  "curl": [
    2.6568419999397617
  ],
  "diameter": [
    16.13281829160776
  ],
  "elongation": [
    4.30716211900224
  ],
  "surface_area": [
    7800.727065266138
  ],
  "end_surface_area_head": [
    923.4304390174319
  ],
  "end_surface_area_tail": [
    2072.8753211510184
  ],
  "radius_head": [
    4.408153745575223
  ],
  "radius_tail": [
    7.985401917575668
  ],
  "irregularity": [
    2.2149988600713173
  ],
  "irregularity_of_end_surface_head": [
    0.06610878159711275
  ],
  "irregularity_of_end_surface_tail": [
    0.09664296622938721
  ],
  "mean_curvature": [
    0.38186388719799685
  ],
  "fractal_dimension": [
    2.400105480818887
  ]
}