{
  "volume": [
    6898.60603761673
  ],
  "volume_endpoints": [
    1540.126874446869
  ],
  "streamlines_count": [
    2487
  ],
  "avg_length": [
    72.64520263671875
  ],
  "std_length": [
    3.91540789604187
  ],
  "min_length": [
    61.701114654541016
  ],
  "max_length": [
    86.21333312988281
  ],
  "span": [
    35.474849700927734
  ],
  "curl": [
    2.0477945149636234
  ],
  "diameter": [
    10.995937473494966
  ],
  "elongation": [
    6.6065492652923465
  ],
  "surface_area": [
    4500.91619577028
  ],
  "end_surface_area_head": [
    678.043329348464
  ],
  "end_surface_area_tail": [
    897.6002169470142
  ],
  "radius_head": [
    3.790808277949421
  ],
  "radius_tail": [
    4.386929569902141
  ],
  "irregularity": [
    1.79354324599281
  ],
  "irregularity_of_end_surface_head": [
    0.06658188183072145
  ],
  "irregularity_of_end_surface_tail": [
    0.06735785488730753
  ],
  "mean_curvature": [
    0.37026358876642473
  ],
  "fractal_dimension": [
    2.29202302334884
  ]
}