{
  "volume": [
    8880.429676055908
  ],
  "volume_endpoints": [
    2272.4136147499084
  ],
  "streamlines_count": [
    2459
  ],
  "avg_length": [
    69.49695587158203
  ],
  "std_length": [
    4.880488395690918
  ],
  "min_length": [
    53.73257064819336
  ],
  "max_length": [
    84.77474975585938
  ],
  "span": [
    30.60034942626953
  ],
  "curl": [
    2.2711164145047595
  ],
  "diameter": [
    12.755255374487895
  ],
  "elongation": [
    5.448495842002868
  ],
  "surface_area": [
    5314.568190988437
  ],
  "end_surface_area_head": [
    878.227550394201
  ],
  "end_surface_area_tail": [
    1265.6808814504661
  ],
  "radius_head": [
    4.295767394001034
  ],
  "radius_tail": [
    5.251091298384461
  ],
  "irregularity": [
    1.908372594401729
  ],
  "irregularity_of_end_surface_head": [
    0.06601221876345985
  ],
  "irregularity_of_end_surface_tail": [
    0.06844233082993861
  ],
  "mean_curvature": [
    0.3822207523463654
  ],
  "fractal_dimension": [
    2.3553535400198666
  ]
}