{
  "volume": [
    11117.972493648529
  ],
  "volume_endpoints": [
    2371.2142066955566
  ],
  "streamlines_count": [
    2767
  ],
  "avg_length": [
    76.19831085205078
  ],
  "std_length": [
    3.94268536567688
  ],
  "min_length": [
    64.8474349975586
  ],
  "max_length": [
    89.1958999633789
  ],
  "span": [
    34.137996673583984
  ],
  "curl": [
    2.232067440296317
  ],
  "diameter": [
    13.62997894286061
  ],
  "elongation": [
    5.59049365897689
  ],
  "surface_area": [
    6464.013073122023
  ],
  "end_surface_area_head": [
    871.7699948765966
  ],
  "end_surface_area_tail": [
    1601.473768365896
  ],
  "radius_head": [
    4.237883395800964
  ],
  "radius_tail": [
    5.494781235746103
  ],
  "irregularity": [
    1.9811247537120888
  ],
  "irregularity_of_end_surface_head": [
    0.064721110689276
  ],
  "irregularity_of_end_surface_tail": [
    0.05922851667116291
  ],
  "mean_curvature": [
    0.3859769922432419
  ],
  "fractal_dimension": [
    2.381535964596643
  ]
}