{
  "volume": [
    9647.587213516235
  ],
  "volume_endpoints": [
    2202.6720204353333
  ],
  "streamlines_count": [
    3180
  ],
  "avg_length": [
    78.12239837646484
  ],
  "std_length": [
    5.9059672355651855
  ],
  "min_length": [
    61.426822662353516
  ],
  "max_length": [
    96.36661529541016
  ],
  "span": [
    33.163368225097656
  ],
  "curl": [
    2.3556834711783803
  ],
  "diameter": [
    12.539396411176412
  ],
  "elongation": [
    6.230156206468921
  ],
  "surface_area": [
    6257.371296558682
  ],
  "end_surface_area_head": [
    891.1426614294098
  ],
  "end_surface_area_tail": [
    1698.3371011299623
  ],
  "radius_head": [
    4.444408397971461
  ],
  "radius_tail": [
    5.561530383065329
  ],
  "irregularity": [
    2.0332456562180368
  ],
  "irregularity_of_end_surface_head": [
    0.06963547730858866
  ],
  "irregularity_of_end_surface_tail": [
    0.057215619403338684
  ],
  "mean_curvature": [
    0.3504922776477142
  ],
  "fractal_dimension": [
    2.311188591832889
  ]
}