{
  "volume": [
    7793.623164653778
  ],
  "volume_endpoints": [
    1859.7758483886719
  ],
  "streamlines_count": [
    3045
  ],
  "avg_length": [
    82.02217864990234
  ],
  "std_length": [
    5.418754577636719
  ],
  "min_length": [
    65.17767333984375
  ],
  "max_length": [
    97.3284912109375
  ],
  "span": [
    32.42658996582031
  ],
  "curl": [
    2.5294728411577947
  ],
  "diameter": [
    10.99914963911779
  ],
  "elongation": [
    7.457138173499847
  ],
  "surface_area": [
    5159.586858565931
  ],
  "end_surface_area_head": [
    1136.5297710983778
  ],
  "end_surface_area_tail": [
    678.043329348464
  ],
  "radius_head": [
    4.66518792318824
  ],
  "radius_tail": [
    3.8749025994088226
  ],
  "irregularity": [
    1.8204327670977867
  ],
  "irregularity_of_end_surface_head": [
    0.060159932685599236
  ],
  "irregularity_of_end_surface_tail": [
    0.06956871888789394
  ],
  "mean_curvature": [
    0.33797492894828807
  ],
  "fractal_dimension": [
    2.2548030314594194
  ]
}