{
  "volume": [
    11542.233859062195
  ],
  "volume_endpoints": [
    2981.4531569480896
  ],
  "streamlines_count": [
    4408
  ],
  "avg_length": [
    82.35957336425781
  ],
  "std_length": [
    5.1064133644104
  ],
  "min_length": [
    66.7573013305664
  ],
  "max_length": [
    97.76986694335938
  ],
  "span": [
    35.197452545166016
  ],
  "curl": [
    2.3399299497193016
  ],
  "diameter": [
    13.358046467805895
  ],
  "elongation": [
    6.1655402653937355
  ],
  "surface_area": [
    7045.193069706421
  ],
  "end_surface_area_head": [
    936.3455500526408
  ],
  "end_surface_area_tail": [
    2001.84221045737
  ],
  "radius_head": [
    4.426720819302022
  ],
  "radius_tail": [
    6.2563339260850075
  ],
  "irregularity": [
    2.0383839373933994
  ],
  "irregularity_of_end_surface_head": [
    0.06574730990571229
  ],
  "irregularity_of_end_surface_tail": [
    0.06142708007682093
  ],
  "mean_curvature": [
    0.34548757127241086
  ],
  "fractal_dimension": [
    2.3163902504813634
  ]
}