{
  "volume": [
    4201.9310574531555
  ],
  "volume_endpoints": [
    424.26136541366577
  ],
  "streamlines_count": [
    82
  ],
  "avg_length": [
    87.94026947021484
  ],
  "std_length": [
    8.63476848602295
  ],
  "min_length": [
    69.0596694946289
  ],
  "max_length": [
    111.47647857666016
  ],
  "span": [
    29.222448348999023
  ],
  "curl": [
    3.0093395467743935
  ],
  "diameter": [
    7.7998387525466475
  ],
  "elongation": [
    11.274626599364295
  ],
  "surface_area": [
    3803.5001998690027
  ],
  "end_surface_area_head": [
    639.2979962428375
  ],
  "end_surface_area_tail": [
    258.30222070417676
  ],
  "radius_head": [
    3.5305997187589937
  ],
  "radius_tail": [
    3.235878618514672
  ],
  "irregularity": [
    1.7650627680834994
  ],
  "irregularity_of_end_surface_head": [
    0.06125527501389273
  ],
  "irregularity_of_end_surface_tail": [
    0.1273521195652908
  ],
  "mean_curvature": [
    0.35684184475642877
  ],
  "fractal_dimension": [
    2.108333146693732
  ]
}