{
  "volume": [
    14936.324782371521
  ],
  "volume_endpoints": [
    2429.3322019577026
  ],
  "streamlines_count": [
    3029
  ],
  "avg_length": [
    75.863525390625
  ],
  "std_length": [
    5.442235946655273
  ],
  "min_length": [
    61.97423553466797
  ],
  "max_length": [
    92.47138977050781
  ],
  "span": [
    31.15141487121582
  ],
  "curl": [
    2.43531556124353
  ],
  "diameter": [
    15.832898341754705
  ],
  "elongation": [
    4.7915121889311205
  ],
  "surface_area": [
    8588.548838413877
  ],
  "end_surface_area_head": [
    942.8031055702452
  ],
  "end_surface_area_tail": [
    1588.558657330687
  ],
  "radius_head": [
    4.454177273255628
  ],
  "radius_tail": [
    5.4941404157988085
  ],
  "irregularity": [
    2.2760220911621714
  ],
  "irregularity_of_end_surface_head": [
    0.06610949864684179
  ],
  "irregularity_of_end_surface_tail": [
    0.05969612296387589
  ],
  "mean_curvature": [
    0.35778208197481604
  ],
  "fractal_dimension": [
    2.3421713039135037
  ]
}