{
  "volume": [
    7834.30576133728
  ],
  "volume_endpoints": [
    2138.7422256469727
  ],
  "streamlines_count": [
    3178
  ],
  "avg_length": [
    73.03580474853516
  ],
  "std_length": [
    5.479150295257568
  ],
  "min_length": [
    59.62596130371094
  ],
  "max_length": [
    89.18946838378906
  ],
  "span": [
    36.33094787597656
  ],
  "curl": [
    2.0102917490030388
  ],
  "diameter": [
    11.68657925197434
  ],
  "elongation": [
    6.249545155499325
  ],
  "surface_area": [
    5133.756636495513
  ],
  "end_surface_area_head": [
    1142.987326615982
  ],
  "end_surface_area_tail": [
    1168.8175486863997
  ],
  "radius_head": [
    4.9162894270916215
  ],
  "radius_tail": [
    6.01114426794425
  ],
  "irregularity": [
    1.9145300049698655
  ],
  "irregularity_of_end_surface_head": [
    0.0664329200750599
  ],
  "irregularity_of_end_surface_tail": [
    0.09712196298698099
  ],
  "mean_curvature": [
    0.3414502693955594
  ],
  "fractal_dimension": [
    2.2571684329588355
  ]
}