{
  "volume": [
    10333.379557609558
  ],
  "volume_endpoints": [
    2417.7086029052734
  ],
  "streamlines_count": [
    3159
  ],
  "avg_length": [
    78.10128784179688
  ],
  "std_length": [
    5.00579309463501
  ],
  "min_length": [
    61.665157318115234
  ],
  "max_length": [
    94.2468490600586
  ],
  "span": [
    38.36885070800781
  ],
  "curl": [
    2.0355388915909503
  ],
  "diameter": [
    12.979176928364685
  ],
  "elongation": [
    6.017429939730182
  ],
  "surface_area": [
    5753.681966185537
  ],
  "end_surface_area_head": [
    1233.3931038624441
  ],
  "end_surface_area_tail": [
    1052.5815493695204
  ],
  "radius_head": [
    5.101410018440246
  ],
  "radius_tail": [
    4.816601906163568
  ],
  "irregularity": [
    1.8067190847952048
  ],
  "irregularity_of_end_surface_head": [
    0.06628706929384624
  ],
  "irregularity_of_end_surface_tail": [
    0.06924296019845452
  ],
  "mean_curvature": [
    0.3519978821183277
  ],
  "fractal_dimension": [
    2.4352195775321923
  ]
}