{
  "volume": [
    7566.962983131409
  ],
  "volume_endpoints": [
    1935.3292422294617
  ],
  "streamlines_count": [
    2942
  ],
  "avg_length": [
    75.56816864013672
  ],
  "std_length": [
    3.421236753463745
  ],
  "min_length": [
    66.18383026123047
  ],
  "max_length": [
    87.1267318725586
  ],
  "span": [
    38.27101135253906
  ],
  "curl": [
    1.9745537410555836
  ],
  "diameter": [
    11.29136419080671
  ],
  "elongation": [
    6.692563215848036
  ],
  "surface_area": [
    4830.251527168106
  ],
  "end_surface_area_head": [
    1084.8693269575424
  ],
  "end_surface_area_tail": [
    729.7037734892994
  ],
  "radius_head": [
    4.853431705536906
  ],
  "radius_tail": [
    3.9062300559120464
  ],
  "irregularity": [
    1.8019160807327366
  ],
  "irregularity_of_end_surface_head": [
    0.068213492865229
  ],
  "irregularity_of_end_surface_tail": [
    0.06569297276878454
  ],
  "mean_curvature": [
    0.3390051287748958
  ],
  "fractal_dimension": [
    2.367601413008799
  ]
}