{
  "volume": [
    12785.95895767212
  ],
  "volume_endpoints": [
    2191.048421382904
  ],
  "streamlines_count": [
    2895
  ],
  "avg_length": [
    73.03548431396484
  ],
  "std_length": [
    6.470068454742432
  ],
  "min_length": [
    55.65435791015625
  ],
  "max_length": [
    95.05755615234375
  ],
  "span": [
    29.69765281677246
  ],
  "curl": [
    2.4593015739182023
  ],
  "diameter": [
    14.929826320378293
  ],
  "elongation": [
    4.891917879464941
  ],
  "surface_area": [
    7445.561511797895
  ],
  "end_surface_area_head": [
    916.9728834998275
  ],
  "end_surface_area_tail": [
    1549.8133242250606
  ],
  "radius_head": [
    4.252982716992356
  ],
  "radius_tail": [
    7.341661632861139
  ],
  "irregularity": [
    2.173496344639338
  ],
  "irregularity_of_end_surface_head": [
    0.061969874325290726
  ],
  "irregularity_of_end_surface_tail": [
    0.10925950070452377
  ],
  "mean_curvature": [
    0.35861255042705303
  ],
  "fractal_dimension": [
    2.3435631506800374
  ]
}