{
  "volume": [
    14494.628018379211
  ],
  "volume_endpoints": [
    3411.52632188797
  ],
  "streamlines_count": [
    2897
  ],
  "avg_length": [
    85.28731536865234
  ],
  "std_length": [
    5.956295967102051
  ],
  "min_length": [
    64.63807678222656
  ],
  "max_length": [
    103.96298217773438
  ],
  "span": [
    38.56642532348633
  ],
  "curl": [
    2.211439474965126
  ],
  "diameter": [
    14.710125381133285
  ],
  "elongation": [
    5.797864610864501
  ],
  "surface_area": [
    8440.025061508975
  ],
  "end_surface_area_head": [
    1110.69954902796
  ],
  "end_surface_area_tail": [
    2460.3286522072835
  ],
  "radius_head": [
    4.727744143330244
  ],
  "radius_tail": [
    8.327708833378939
  ],
  "irregularity": [
    2.141376562359464
  ],
  "irregularity_of_end_surface_head": [
    0.06322097769053511
  ],
  "irregularity_of_end_surface_tail": [
    0.08855392451702052
  ],
  "mean_curvature": [
    0.3545211248863636
  ],
  "fractal_dimension": [
    2.381354657181311
  ]
}