{
  "volume": [
    15697.670520305634
  ],
  "volume_endpoints": [
    4050.824269771576
  ],
  "streamlines_count": [
    3027
  ],
  "avg_length": [
    74.9395980834961
  ],
  "std_length": [
    7.812624454498291
  ],
  "min_length": [
    55.45490646362305
  ],
  "max_length": [
    98.29889678955078
  ],
  "span": [
    32.69386672973633
  ],
  "curl": [
    2.2921607499958285
  ],
  "diameter": [
    16.331158139818807
  ],
  "elongation": [
    4.588749765442388
  ],
  "surface_area": [
    8233.383284945634
  ],
  "end_surface_area_head": [
    955.718216605454
  ],
  "end_surface_area_tail": [
    2757.376206017087
  ],
  "radius_head": [
    4.358035412483792
  ],
  "radius_tail": [
    8.01045110386999
  ],
  "irregularity": [
    2.141411432324578
  ],
  "irregularity_of_end_surface_head": [
    0.06243117640152762
  ],
  "irregularity_of_end_surface_tail": [
    0.07310848708650614
  ],
  "mean_curvature": [
    0.3761549320873113
  ],
  "fractal_dimension": [
    2.3579730121998703
  ]
}