{
  "volume": [
    6590.580662727356
  ],
  "volume_endpoints": [
    1429.7026834487915
  ],
  "streamlines_count": [
    1037
  ],
  "avg_length": [
    79.92349243164062
  ],
  "std_length": [
    4.506227016448975
  ],
  "min_length": [
    69.62902069091797
  ],
  "max_length": [
    95.09829711914062
  ],
  "span": [
    36.74827575683594
  ],
  "curl": [
    2.1748909516325594
  ],
  "diameter": [
    10.246597400590746
  ],
  "elongation": [
    7.800003191989646
  ],
  "surface_area": [
    4494.458640252676
  ],
  "end_surface_area_head": [
    1110.69954902796
  ],
  "end_surface_area_tail": [
    361.62310898584747
  ],
  "radius_head": [
    4.430052218829733
  ],
  "radius_tail": [
    2.9847079758748265
  ],
  "irregularity": [
    1.7469214996762428
  ],
  "irregularity_of_end_surface_head": [
    0.055509966863266216
  ],
  "irregularity_of_end_surface_tail": [
    0.07739223509740889
  ],
  "mean_curvature": [
    0.3684737375122832
  ],
  "fractal_dimension": [
    2.283156727651647
  ]
}