{
  "volume": [
    12855.700551986694
  ],
  "volume_endpoints": [
    3027.9475531578064
  ],
  "streamlines_count": [
    2888
  ],
  "avg_length": [
    77.72975158691406
  ],
  "std_length": [
    4.083853244781494
  ],
  "min_length": [
    64.69027709960938
  ],
  "max_length": [
    91.57660675048828
  ],
  "span": [
    35.69542694091797
  ],
  "curl": [
    2.1775829076248363
  ],
  "diameter": [
    14.51139933033588
  ],
  "elongation": [
    5.356461483657271
  ],
  "surface_area": [
    7348.698179033829
  ],
  "end_surface_area_head": [
    923.4304390174319
  ],
  "end_surface_area_tail": [
    2324.719986337591
  ],
  "radius_head": [
    4.343147384041183
  ],
  "radius_tail": [
    6.271026123990505
  ],
  "irregularity": [
    2.0737861270732556
  ],
  "irregularity_of_end_surface_head": [
    0.06417336628127632
  ],
  "irregularity_of_end_surface_tail": [
    0.053144269678365184
  ],
  "mean_curvature": [
    0.3783087119501383
  ],
  "fractal_dimension": [
    2.347374208375193
  ]
}