{
  "volume": [
    10891.31231212616
  ],
  "volume_endpoints": [
    2475.8265981674194
  ],
  "streamlines_count": [
    3064
  ],
  "avg_length": [
    63.24956130981445
  ],
  "std_length": [
    5.800184726715088
  ],
  "min_length": [
    48.31981658935547
  ],
  "max_length": [
    81.57520294189453
  ],
  "span": [
    28.238813400268555
  ],
  "curl": [
    2.239809457050803
  ],
  "diameter": [
    14.806977156353275
  ],
  "elongation": [
    4.271605246765426
  ],
  "surface_area": [
    5630.988411351053
  ],
  "end_surface_area_head": [
    839.4822172885745
  ],
  "end_surface_area_tail": [
    1459.4075469785987
  ],
  "radius_head": [
    4.226494192074039
  ],
  "radius_tail": [
    5.414909127874727
  ],
  "irregularity": [
    1.9138629575825732
  ],
  "irregularity_of_end_surface_head": [
    0.06684961721311643
  ],
  "irregularity_of_end_surface_tail": [
    0.0631183490043522
  ],
  "mean_curvature": [
    0.3884794830536718
  ],
  "fractal_dimension": [
    2.3776082295345526
  ]
}