{
  "volume": [
    14233.097039699554
  ],
  "volume_endpoints": [
    3237.172336101532
  ],
  "streamlines_count": [
    3375
  ],
  "avg_length": [
    77.43949890136719
  ],
  "std_length": [
    5.667509078979492
  ],
  "min_length": [
    63.18345260620117
  ],
  "max_length": [
    96.0223159790039
  ],
  "span": [
    31.908828735351562
  ],
  "curl": [
    2.4268988230073303
  ],
  "diameter": [
    15.297606925286406
  ],
  "elongation": [
    5.062196935741787
  ],
  "surface_area": [
    7613.45795525561
  ],
  "end_surface_area_head": [
    1071.9542159223336
  ],
  "end_surface_area_tail": [
    1872.6911001052815
  ],
  "radius_head": [
    4.618056463285027
  ],
  "radius_tail": [
    6.4594849993621715
  ],
  "irregularity": [
    2.0457193331999086
  ],
  "irregularity_of_end_surface_head": [
    0.06250174075422694
  ],
  "irregularity_of_end_surface_tail": [
    0.06999701405817642
  ],
  "mean_curvature": [
    0.3791668781262857
  ],
  "fractal_dimension": [
    2.3727976406536873
  ]
}