{
  "volume": [
    4486.709234237671
  ],
  "volume_endpoints": [
    592.8035516738892
  ],
  "streamlines_count": [
    842
  ],
  "avg_length": [
    77.84133911132812
  ],
  "std_length": [
    3.695829153060913
  ],
  "min_length": [
    69.42791748046875
  ],
  "max_length": [
    89.2207260131836
  ],
  "span": [
    38.966697692871094
  ],
  "curl": [
    1.99763756541189
  ],
  "diameter": [
    8.566706200848566
  ],
  "elongation": [
    9.086495706321484
  ],
  "surface_area": [
    3622.688645376079
  ],
  "end_surface_area_head": [
    284.13244277459444
  ],
  "end_surface_area_tail": [
    619.9253296900242
  ],
  "radius_head": [
    2.679891350499916
  ],
  "radius_tail": [
    4.166736853820713
  ],
  "irregularity": [
    1.729246740866637
  ],
  "irregularity_of_end_surface_head": [
    0.079407847093624
  ],
  "irregularity_of_end_surface_tail": [
    0.08798378453574068
  ],
  "mean_curvature": [
    0.33325100498995136
  ],
  "fractal_dimension": [
    2.078555061428868
  ]
}