{
  "volume": [
    9618.528215885162
  ],
  "volume_endpoints": [
    1755.163456916809
  ],
  "streamlines_count": [
    1844
  ],
  "avg_length": [
    82.47750854492188
  ],
  "std_length": [
    5.225545406341553
  ],
  "min_length": [
    68.49276733398438
  ],
  "max_length": [
    98.71890258789062
  ],
  "span": [
    39.74462127685547
  ],
  "curl": [
    2.0751866767177147
  ],
  "diameter": [
    12.185450905040948
  ],
  "elongation": [
    6.768523314209251
  ],
  "surface_area": [
    6244.456185523473
  ],
  "end_surface_area_head": [
    813.6519952181568
  ],
  "end_surface_area_tail": [
    1181.7326597216088
  ],
  "radius_head": [
    4.1531384019311695
  ],
  "radius_tail": [
    5.205423757151605
  ],
  "irregularity": [
    1.977732782228292
  ],
  "irregularity_of_end_surface_head": [
    0.06659842937273289
  ],
  "irregularity_of_end_surface_tail": [
    0.0720348761794146
  ],
  "mean_curvature": [
    0.35778358307164043
  ],
  "fractal_dimension": [
    2.263047484326217
  ]
}