{
  "volume": [
    12123.413811683655
  ],
  "volume_endpoints": [
    2632.7451853752136
  ],
  "streamlines_count": [
    3770
  ],
  "avg_length": [
    72.0745849609375
  ],
  "std_length": [
    4.876133441925049
  ],
  "min_length": [
    58.46135330200195
  ],
  "max_length": [
    87.21100616455078
  ],
  "span": [
    34.01913833618164
  ],
  "curl": [
    2.118648163533329
  ],
  "diameter": [
    14.634451472193767
  ],
  "elongation": [
    4.924993949918999
  ],
  "surface_area": [
    7387.443512139455
  ],
  "end_surface_area_head": [
    723.2462179716949
  ],
  "end_surface_area_tail": [
    2008.2997659749744
  ],
  "radius_head": [
    3.9416437931558823
  ],
  "radius_tail": [
    6.6354225350143325
  ],
  "irregularity": [
    2.229388216497814
  ],
  "irregularity_of_end_surface_head": [
    0.06748674009732028
  ],
  "irregularity_of_end_surface_tail": [
    0.06887450677743247
  ],
  "mean_curvature": [
    0.3625183314480263
  ],
  "fractal_dimension": [
    2.3288823405805514
  ]
}