{
  "volume": [
    10507.733543395996
  ],
  "volume_endpoints": [
    2161.989423751831
  ],
  "streamlines_count": [
    2050
  ],
  "avg_length": [
    86.20091247558594
  ],
  "std_length": [
    5.358514785766602
  ],
  "min_length": [
    70.31147003173828
  ],
  "max_length": [
    103.19625091552734
  ],
  "span": [
    39.439693450927734
  ],
  "curl": [
    2.1856385010405868
  ],
  "diameter": [
    12.458152807113793
  ],
  "elongation": [
    6.919237049842888
  ],
  "surface_area": [
    6547.961294850881
  ],
  "end_surface_area_head": [
    936.3455500526408
  ],
  "end_surface_area_tail": [
    1401.2895473201588
  ],
  "radius_head": [
    4.413109511970829
  ],
  "radius_tail": [
    6.64392815795447
  ],
  "irregularity": [
    1.9408443802228965
  ],
  "irregularity_of_end_surface_head": [
    0.06534361107518832
  ],
  "irregularity_of_end_surface_tail": [
    0.09896277063328522
  ],
  "mean_curvature": [
    0.3600318860571559
  ],
  "fractal_dimension": [
    2.3219151308416106
  ]
}