{
  "volume": [
    3225.548737049103
  ],
  "volume_endpoints": [
    860.1463298797607
  ],
  "streamlines_count": [
    413
  ],
  "avg_length": [
    59.60763931274414
  ],
  "std_length": [
    4.902459621429443
  ],
  "min_length": [
    48.91210174560547
  ],
  "max_length": [
    73.90397644042969
  ],
  "span": [
    29.74823570251465
  ],
  "curl": [
    2.003736958010772
  ],
  "diameter": [
    8.300531504190738
  ],
  "elongation": [
    7.181183431765747
  ],
  "surface_area": [
    2744.461094981878
  ],
  "end_surface_area_head": [
    652.2131072780463
  ],
  "end_surface_area_tail": [
    548.8922189963756
  ],
  "radius_head": [
    3.6273413264040038
  ],
  "radius_tail": [
    3.854307110976956
  ],
  "irregularity": [
    1.765628706773444
  ],
  "irregularity_of_end_surface_head": [
    0.06337780558868662
  ],
  "irregularity_of_end_surface_tail": [
    0.08502672095200224
  ],
  "mean_curvature": [
    0.3463517036334077
  ],
  "fractal_dimension": [
    1.9681870595887236
  ]
}