{
  "volume": [
    7503.033188343048
  ],
  "volume_endpoints": [
    1208.8543014526367
  ],
  "streamlines_count": [
    1576
  ],
  "avg_length": [
    70.59449005126953
  ],
  "std_length": [
    4.653209686279297
  ],
  "min_length": [
    58.161678314208984
  ],
  "max_length": [
    86.80278015136719
  ],
  "span": [
    31.18964195251465
  ],
  "curl": [
    2.2633953335773347
  ],
  "diameter": [
    11.632902560226288
  ],
  "elongation": [
    6.06851898619327
  ],
  "surface_area": [
    4946.487526484985
  ],
  "end_surface_area_head": [
    626.3828852076286
  ],
  "end_surface_area_tail": [
    774.9066621125303
  ],
  "radius_head": [
    3.7630260852406274
  ],
  "radius_tail": [
    5.60444818974231
  ],
  "irregularity": [
    1.917291512863547
  ],
  "irregularity_of_end_surface_head": [
    0.0710206180698301
  ],
  "irregularity_of_end_surface_tail": [
    0.12734039579782525
  ],
  "mean_curvature": [
    0.3557186964237448
  ],
  "fractal_dimension": [
    2.306216166344821
  ]
}