{
  "volume": [
    7253.12580871582
  ],
  "volume_endpoints": [
    2347.9670085906982
  ],
  "streamlines_count": [
    3173
  ],
  "avg_length": [
    38.018245697021484
  ],
  "std_length": [
    7.327162742614746
  ],
  "min_length": [
    21.132732391357422
  ],
  "max_length": [
    61.67890930175781
  ],
  "span": [
    16.729433059692383
  ],
  "curl": [
    2.272536407023978
  ],
  "diameter": [
    15.58553188913028
  ],
  "elongation": [
    2.4393293708209156
  ],
  "surface_area": [
    4339.47730783017
  ],
  "end_surface_area_head": [
    1252.7657704152573
  ],
  "end_surface_area_tail": [
    929.8879945350363
  ],
  "radius_head": [
    5.10165062600224
  ],
  "radius_tail": [
    4.687310196686189
  ],
  "irregularity": [
    2.3311694759958566
  ],
  "irregularity_of_end_surface_head": [
    0.06526816782068821
  ],
  "irregularity_of_end_surface_tail": [
    0.0742278057192427
  ],
  "mean_curvature": [
    0.42404909844264
  ],
  "fractal_dimension": [
    2.3274786323395893
  ]
}