{
  "volume": [
    8694.452091217041
  ],
  "volume_endpoints": [
    1697.045461654663
  ],
  "streamlines_count": [
    1481
  ],
  "avg_length": [
    80.34247589111328
  ],
  "std_length": [
    4.634408950805664
  ],
  "min_length": [
    68.74623107910156
  ],
  "max_length": [
    94.62688446044922
  ],
  "span": [
    38.79399108886719
  ],
  "curl": [
    2.0710031021832496
  ],
  "diameter": [
    11.73825562968947
  ],
  "elongation": [
    6.844498742036572
  ],
  "surface_area": [
    5450.17685685813
  ],
  "end_surface_area_head": [
    1020.2937717814982
  ],
  "end_surface_area_tail": [
    703.8735514188817
  ],
  "radius_head": [
    4.548747843941199
  ],
  "radius_tail": [
    4.180485656576507
  ],
  "irregularity": [
    1.839551489318258
  ],
  "irregularity_of_end_surface_head": [
    0.06371011112635058
  ],
  "irregularity_of_end_surface_tail": [
    0.07800253221136165
  ],
  "mean_curvature": [
    0.365074171036341
  ],
  "fractal_dimension": [
    2.2972513341748173
  ]
}