{
  "volume": [
    2824.5345697402954
  ],
  "volume_endpoints": [
    1482.008879184723
  ],
  "streamlines_count": [
    2594
  ],
  "avg_length": [
    27.09893035888672
  ],
  "std_length": [
    4.433435440063477
  ],
  "min_length": [
    20.121932983398438
  ],
  "max_length": [
    43.855613708496094
  ],
  "span": [
    13.028017044067383
  ],
  "curl": [
    2.080050269141063
  ],
  "diameter": [
    11.519998754186716
  ],
  "elongation": [
    2.352337959154566
  ],
  "surface_area": [
    2066.417765633414
  ],
  "end_surface_area_head": [
    897.6002169470142
  ],
  "end_surface_area_tail": [
    568.2648855491889
  ],
  "radius_head": [
    4.407196451895809
  ],
  "radius_tail": [
    3.867380166813411
  ],
  "irregularity": [
    2.1069958162978875
  ],
  "irregularity_of_end_surface_head": [
    0.06798165657794089
  ],
  "irregularity_of_end_surface_tail": [
    0.08268615235245515
  ],
  "mean_curvature": [
    0.419120210576903
  ],
  "fractal_dimension": [
    2.2426205995617936
  ]
}