{
  "volume": [
    10908.747710704803
  ],
  "volume_endpoints": [
    2964.017758369446
  ],
  "streamlines_count": [
    2843
  ],
  "avg_length": [
    69.68914031982422
  ],
  "std_length": [
    6.523928165435791
  ],
  "min_length": [
    53.65127944946289
  ],
  "max_length": [
    90.17630767822266
  ],
  "span": [
    32.58183288574219
  ],
  "curl": [
    2.138895640531021
  ],
  "diameter": [
    14.11757015822387
  ],
  "elongation": [
    4.936340994857985
  ],
  "surface_area": [
    6438.182851051606
  ],
  "end_surface_area_head": [
    1065.496660404729
  ],
  "end_surface_area_tail": [
    1859.7759890700727
  ],
  "radius_head": [
    4.769434774406428
  ],
  "radius_tail": [
    6.016528535342602
  ],
  "irregularity": [
    2.0829956953262974
  ],
  "irregularity_of_end_surface_head": [
    0.06707050982648148
  ],
  "irregularity_of_end_surface_tail": [
    0.061147850902230766
  ],
  "mean_curvature": [
    0.36695812888393675
  ],
  "fractal_dimension": [
    2.3272370296309313
  ]
}