{
  "volume": [
    9333.750039100647
  ],
  "volume_endpoints": [
    1801.6578531265259
  ],
  "streamlines_count": [
    1030
  ],
  "avg_length": [
    85.07401275634766
  ],
  "std_length": [
    7.176463603973389
  ],
  "min_length": [
    62.566192626953125
  ],
  "max_length": [
    104.3885269165039
  ],
  "span": [
    38.411277770996094
  ],
  "curl": [
    2.2148186077940384
  ],
  "diameter": [
    11.819107516878724
  ],
  "elongation": [
    7.198006502170701
  ],
  "surface_area": [
    5940.9510761960655
  ],
  "end_surface_area_head": [
    1233.3931038624441
  ],
  "end_surface_area_tail": [
    568.2648855491889
  ],
  "radius_head": [
    4.858892235634082
  ],
  "radius_tail": [
    4.7153208975680725
  ],
  "irregularity": [
    1.8807215542501121
  ],
  "irregularity_of_end_surface_head": [
    0.060134387374256616
  ],
  "irregularity_of_end_surface_tail": [
    0.12291971913229134
  ],
  "mean_curvature": [
    0.3710263889102102
  ],
  "fractal_dimension": [
    2.2969964914601886
  ]
}