{
  "volume": [
    18568.699486255646
  ],
  "volume_endpoints": [
    3591.6921072006226
  ],
  "streamlines_count": [
    3226
  ],
  "avg_length": [
    79.84696960449219
  ],
  "std_length": [
    5.952952861785889
  ],
  "min_length": [
    62.05636978149414
  ],
  "max_length": [
    99.56758117675781
  ],
  "span": [
    31.177135467529297
  ],
  "curl": [
    2.5610745954403695
  ],
  "diameter": [
    17.20745268541998
  ],
  "elongation": [
    4.640255072277328
  ],
  "surface_area": [
    9938.177941593201
  ],
  "end_surface_area_head": [
    1110.69954902796
  ],
  "end_surface_area_tail": [
    2473.2437632424926
  ],
  "radius_head": [
    4.806844414986154
  ],
  "radius_tail": [
    8.238382840316408
  ],
  "irregularity": [
    2.3024058151707107
  ],
  "irregularity_of_end_surface_head": [
    0.0653541857167294
  ],
  "irregularity_of_end_surface_tail": [
    0.08621183516568931
  ],
  "mean_curvature": [
    0.37551370500520526
  ],
  "fractal_dimension": [
    2.394401862282317
  ]
}