{
  "volume": [
    10746.017323970795
  ],
  "volume_endpoints": [
    2719.9221782684326
  ],
  "streamlines_count": [
    2830
  ],
  "avg_length": [
    72.77792358398438
  ],
  "std_length": [
    5.175298690795898
  ],
  "min_length": [
    58.14128112792969
  ],
  "max_length": [
    89.28630828857422
  ],
  "span": [
    32.71495056152344
  ],
  "curl": [
    2.2246074756285776
  ],
  "diameter": [
    13.711311491406416
  ],
  "elongation": [
    5.307874715675305
  ],
  "surface_area": [
    6024.899297924923
  ],
  "end_surface_area_head": [
    1117.1571045455644
  ],
  "end_surface_area_tail": [
    1401.2895473201588
  ],
  "radius_head": [
    4.932215387735186
  ],
  "radius_tail": [
    5.195477941780367
  ],
  "irregularity": [
    1.9218578494641594
  ],
  "irregularity_of_end_surface_head": [
    0.0684100154525715
  ],
  "irregularity_of_end_surface_tail": [
    0.060516388296003344
  ],
  "mean_curvature": [
    0.37282789790798837
  ],
  "fractal_dimension": [
    2.3950720303513733
  ]
}