{
  "volume": [
    9601.092817306519
  ],
  "volume_endpoints": [
    2127.1186265945435
  ],
  "streamlines_count": [
    2412
  ],
  "avg_length": [
    72.862060546875
  ],
  "std_length": [
    4.705104351043701
  ],
  "min_length": [
    60.17676544189453
  ],
  "max_length": [
    86.7400894165039
  ],
  "span": [
    32.61827087402344
  ],
  "curl": [
    2.2337805957979504
  ],
  "diameter": [
    12.952830097909581
  ],
  "elongation": [
    5.625184611865942
  ],
  "surface_area": [
    5857.002854467208
  ],
  "end_surface_area_head": [
    988.0059941934761
  ],
  "end_surface_area_tail": [
    1175.2751042040043
  ],
  "radius_head": [
    4.711383902488151
  ],
  "radius_tail": [
    5.3194108654825705
  ],
  "irregularity": [
    1.9754199938608705
  ],
  "irregularity_of_end_surface_head": [
    0.07058091443816135
  ],
  "irregularity_of_end_surface_tail": [
    0.07563754218855841
  ],
  "mean_curvature": [
    0.3718509691370463
  ],
  "fractal_dimension": [
    2.3445707916448253
  ]
}