{
  "volume": [
    9833.564798355103
  ],
  "volume_endpoints": [
    1784.222454547882
  ],
  "streamlines_count": [
    1864
  ],
  "avg_length": [
    74.97975158691406
  ],
  "std_length": [
    6.3373637199401855
  ],
  "min_length": [
    56.39439010620117
  ],
  "max_length": [
    93.1448745727539
  ],
  "span": [
    34.88018798828125
  ],
  "curl": [
    2.149637255742576
  ],
  "diameter": [
    12.922262312496226
  ],
  "elongation": [
    5.802370341484736
  ],
  "surface_area": [
    5882.833076537626
  ],
  "end_surface_area_head": [
    1071.9542159223336
  ],
  "end_surface_area_tail": [
    619.9253296900242
  ],
  "radius_head": [
    4.775880370082302
  ],
  "radius_tail": [
    4.230772919365293
  ],
  "irregularity": [
    1.9326539691985465
  ],
  "irregularity_of_end_surface_head": [
    0.06684678358062561
  ],
  "irregularity_of_end_surface_tail": [
    0.09070890465101979
  ],
  "mean_curvature": [
    0.37913226396996574
  ],
  "fractal_dimension": [
    2.328515154049881
  ]
}