{
  "volume": [
    2998.8885555267334
  ],
  "volume_endpoints": [
    1429.7026834487915
  ],
  "streamlines_count": [
    3150
  ],
  "avg_length": [
    24.920185089111328
  ],
  "std_length": [
    3.3508942127227783
  ],
  "min_length": [
    20.100831985473633
  ],
  "max_length": [
    37.004695892333984
  ],
  "span": [
    11.931112289428711
  ],
  "curl": [
    2.0886724124783647
  ],
  "diameter": [
    12.378259723654926
  ],
  "elongation": [
    2.013222023568362
  ],
  "surface_area": [
    1982.4695439045568
  ],
  "end_surface_area_head": [
    652.2131072780463
  ],
  "end_surface_area_tail": [
    768.4491065949259
  ],
  "radius_head": [
    3.8335827090529095
  ],
  "radius_tail": [
    4.0043920611478505
  ],
  "irregularity": [
    2.04571814309853
  ],
  "irregularity_of_end_surface_head": [
    0.07078969242598082
  ],
  "irregularity_of_end_surface_tail": [
    0.06555532066255006
  ],
  "mean_curvature": [
    0.42926586181398424
  ],
  "fractal_dimension": [
    2.1541309783097224
  ]
}