{
  "volume": [
    7898.235556125641
  ],
  "volume_endpoints": [
    1441.3262825012207
  ],
  "streamlines_count": [
    1377
  ],
  "avg_length": [
    67.17243957519531
  ],
  "std_length": [
    12.068880081176758
  ],
  "min_length": [
    41.49983215332031
  ],
  "max_length": [
    95.2026596069336
  ],
  "span": [
    30.59403419494629
  ],
  "curl": [
    2.1956058212908474
  ],
  "diameter": [
    12.235579399874972
  ],
  "elongation": [
    5.489927152602329
  ],
  "surface_area": [
    4933.572415449777
  ],
  "end_surface_area_head": [
    975.0908831582673
  ],
  "end_surface_area_tail": [
    626.3828852076286
  ],
  "radius_head": [
    4.397836801784967
  ],
  "radius_tail": [
    6.629249210549991
  ],
  "irregularity": [
    1.9107152662549824
  ],
  "irregularity_of_end_surface_head": [
    0.062313621953356754
  ],
  "irregularity_of_end_surface_tail": [
    0.22041374871571826
  ],
  "mean_curvature": [
    0.3870678094304292
  ],
  "fractal_dimension": [
    2.3496159953041684
  ]
}