{
  "volume": [
    10362.438555240631
  ],
  "volume_endpoints": [
    1952.7646408081055
  ],
  "streamlines_count": [
    2781
  ],
  "avg_length": [
    60.96046447753906
  ],
  "std_length": [
    4.570874214172363
  ],
  "min_length": [
    48.327911376953125
  ],
  "max_length": [
    76.53594207763672
  ],
  "span": [
    27.24842071533203
  ],
  "curl": [
    2.237210923686233
  ],
  "diameter": [
    14.711667805542907
  ],
  "elongation": [
    4.1436814155476664
  ],
  "surface_area": [
    5559.955300657405
  ],
  "end_surface_area_head": [
    1039.6664383343114
  ],
  "end_surface_area_tail": [
    736.1613290069038
  ],
  "radius_head": [
    4.547519660156641
  ],
  "radius_tail": [
    4.215414056877888
  ],
  "irregularity": [
    1.9733823983827656
  ],
  "irregularity_of_end_surface_head": [
    0.06248920775375019
  ],
  "irregularity_of_end_surface_tail": [
    0.07583284534038566
  ],
  "mean_curvature": [
    0.38723604318393473
  ],
  "fractal_dimension": [
    2.401369197616892
  ]
}