{
  "volume": [
    13204.40852355957
  ],
  "volume_endpoints": [
    2615.30978679657
  ],
  "streamlines_count": [
    3001
  ],
  "avg_length": [
    71.84456634521484
  ],
  "std_length": [
    5.853437423706055
  ],
  "min_length": [
    56.079917907714844
  ],
  "max_length": [
    90.69857025146484
  ],
  "span": [
    28.37445831298828
  ],
  "curl": [
    2.5320154327784405
  ],
  "diameter": [
    15.297398193557038
  ],
  "elongation": [
    4.696521946815397
  ],
  "surface_area": [
    7058.10818074163
  ],
  "end_surface_area_head": [
    988.0059941934761
  ],
  "end_surface_area_tail": [
    1433.577324908181
  ],
  "radius_head": [
    4.617526780968625
  ],
  "radius_tail": [
    5.822991458425593
  ],
  "irregularity": [
    2.0442167315060664
  ],
  "irregularity_of_end_surface_head": [
    0.06779679117495621
  ],
  "irregularity_of_end_surface_tail": [
    0.07430551622726266
  ],
  "mean_curvature": [
    0.38989865221765907
  ],
  "fractal_dimension": [
    2.4064671141186147
  ]
}