{
  "volume": [
    15058.372572422028
  ],
  "volume_endpoints": [
    3138.371744155884
  ],
  "streamlines_count": [
    3174
  ],
  "avg_length": [
    76.11951446533203
  ],
  "std_length": [
    6.838070869445801
  ],
  "min_length": [
    58.95885467529297
  ],
  "max_length": [
    98.95449829101562
  ],
  "span": [
    30.19062614440918
  ],
  "curl": [
    2.5212963156588306
  ],
  "diameter": [
    15.870699683440705
  ],
  "elongation": [
    4.796229276819736
  ],
  "surface_area": [
    8743.530170836384
  ],
  "end_surface_area_head": [
    1046.1239938519159
  ],
  "end_surface_area_tail": [
    2189.111320467898
  ],
  "radius_head": [
    4.651564792027225
  ],
  "radius_tail": [
    6.519546206440266
  ],
  "irregularity": [
    2.3038004413668154
  ],
  "irregularity_of_end_surface_head": [
    0.06497777842601048
  ],
  "irregularity_of_end_surface_tail": [
    0.06099816371399068
  ],
  "mean_curvature": [
    0.3847032463449161
  ],
  "fractal_dimension": [
    2.3383897344526425
  ]
}