{
  "volume": [
    49452.60216856003
  ],
  "volume_endpoints": [
    14041.307655334473
  ],
  "streamlines_count": [
    8943
  ],
  "avg_length": [
    63.12946701049805
  ],
  "std_length": [
    11.740219116210938
  ],
  "min_length": [
    29.959674835205078
  ],
  "max_length": [
    111.70455932617188
  ],
  "span": [
    27.618000030517578
  ],
  "curl": [
    2.285808781980618
  ],
  "diameter": [
    31.58155955179757
  ],
  "elongation": [
    1.9989344385275876
  ],
  "surface_area": [
    24887.41896484743
  ],
  "end_surface_area_head": [
    1924.3515442461169
  ],
  "end_surface_area_tail": [
    13728.763030426995
  ],
  "radius_head": [
    6.369582740872507
  ],
  "radius_tail": [
    18.129117152381962
  ],
  "irregularity": [
    3.9734183322134764
  ],
  "irregularity_of_end_surface_head": [
    0.0662349826568506
  ],
  "irregularity_of_end_surface_tail": [
    0.0752093395175015
  ],
  "mean_curvature": [
    0.3928980369866061
  ],
  "fractal_dimension": [
    2.4510996611406033
  ]
}