{
  "volume": [
    6009.400710105896
  ],
  "volume_endpoints": [
    1400.6436858177185
  ],
  "streamlines_count": [
    2502
  ],
  "avg_length": [
    56.34416198730469
  ],
  "std_length": [
    5.437744140625
  ],
  "min_length": [
    42.675025939941406
  ],
  "max_length": [
    74.51190948486328
  ],
  "span": [
    24.261188507080078
  ],
  "curl": [
    2.3223990848948692
  ],
  "diameter": [
    11.653226273043044
  ],
  "elongation": [
    4.835069762409355
  ],
  "surface_area": [
    3958.4815322915088
  ],
  "end_surface_area_head": [
    807.1944397005524
  ],
  "end_surface_area_tail": [
    510.1468858907491
  ],
  "radius_head": [
    4.181112753450589
  ],
  "radius_tail": [
    3.2674314513048586
  ],
  "irregularity": [
    1.9190383209044741
  ],
  "irregularity_of_end_surface_head": [
    0.06803861586307328
  ],
  "irregularity_of_end_surface_tail": [
    0.06574573774181468
  ],
  "mean_curvature": [
    0.36988380012942923
  ],
  "fractal_dimension": [
    2.3130698354339074
  ]
}