{
  "volume": [
    10827.382517337799
  ],
  "volume_endpoints": [
    2830.34636926651
  ],
  "streamlines_count": [
    3062
  ],
  "avg_length": [
    66.51738739013672
  ],
  "std_length": [
    4.3488898277282715
  ],
  "min_length": [
    54.77082061767578
  ],
  "max_length": [
    80.65602111816406
  ],
  "span": [
    31.256309509277344
  ],
  "curl": [
    2.1281267185556043
  ],
  "diameter": [
    14.39624429838962
  ],
  "elongation": [
    4.620468089554262
  ],
  "surface_area": [
    6179.880630347429
  ],
  "end_surface_area_head": [
    1000.921105228685
  ],
  "end_surface_area_tail": [
    1892.0637666580947
  ],
  "radius_head": [
    4.547500910819322
  ],
  "radius_tail": [
    5.886554923893178
  ],
  "irregularity": [
    2.0542146531469028
  ],
  "irregularity_of_end_surface_head": [
    0.06490760959909188
  ],
  "irregularity_of_end_surface_tail": [
    0.05753558123056439
  ],
  "mean_curvature": [
    0.37691515640329487
  ],
  "fractal_dimension": [
    2.4081524591801573
  ]
}