{
  "volume": [
    12756.899960041046
  ],
  "volume_endpoints": [
    1853.9640488624573
  ],
  "streamlines_count": [
    1112
  ],
  "avg_length": [
    77.65658569335938
  ],
  "std_length": [
    5.201577186584473
  ],
  "min_length": [
    62.234825134277344
  ],
  "max_length": [
    92.14114379882812
  ],
  "span": [
    36.26555633544922
  ],
  "curl": [
    2.141331708110344
  ],
  "diameter": [
    14.462337364599072
  ],
  "elongation": [
    5.369573654355987
  ],
  "surface_area": [
    7813.642176301347
  ],
  "end_surface_area_head": [
    1097.7844379927512
  ],
  "end_surface_area_tail": [
    1104.2419935103558
  ],
  "radius_head": [
    4.537855663180093
  ],
  "radius_tail": [
    9.075723093891707
  ],
  "irregularity": [
    2.214557015299479
  ],
  "irregularity_of_end_surface_head": [
    0.058929690310423305
  ],
  "irregularity_of_end_surface_tail": [
    0.23434089664351346
  ],
  "mean_curvature": [
    0.3710981811390077
  ],
  "fractal_dimension": [
    2.2958689015535914
  ]
}