{
  "volume": [
    17900.342540740967
  ],
  "volume_endpoints": [
    1627.303867340088
  ],
  "streamlines_count": [
    552
  ],
  "avg_length": [
    68.91288757324219
  ],
  "std_length": [
    11.833477020263672
  ],
  "min_length": [
    47.77936935424805
  ],
  "max_length": [
    100.58641052246094
  ],
  "span": [
    27.406675338745117
  ],
  "curl": [
    2.514456303855991
  ],
  "diameter": [
    18.185929626021917
  ],
  "elongation": [
    3.7893519325311797
  ],
  "surface_area": [
    10654.966604047291
  ],
  "end_surface_area_head": [
    1272.1384369680704
  ],
  "end_surface_area_tail": [
    1026.7513272991027
  ],
  "radius_head": [
    6.798870379657686
  ],
  "radius_tail": [
    4.698342417974246
  ],
  "irregularity": [
    2.706239732393367
  ],
  "irregularity_of_end_surface_head": [
    0.11415344455916815
  ],
  "irregularity_of_end_surface_tail": [
    0.0675420021373184
  ],
  "mean_curvature": [
    0.39792206105978595
  ],
  "fractal_dimension": [
    2.3861340313171704
  ]
}