{
  "volume": [
    39944.49814367294
  ],
  "volume_endpoints": [
    10891.31231212616
  ],
  "streamlines_count": [
    9089
  ],
  "avg_length": [
    63.465274810791016
  ],
  "std_length": [
    12.052414894104004
  ],
  "min_length": [
    29.925209045410156
  ],
  "max_length": [
    112.08036804199219
  ],
  "span": [
    27.920949935913086
  ],
  "curl": [
    2.273034225427959
  ],
  "diameter": [
    28.30840898350562
  ],
  "elongation": [
    2.241923057130132
  ],
  "surface_area": [
    19140.1945541795
  ],
  "end_surface_area_head": [
    1678.964434577149
  ],
  "end_surface_area_tail": [
    9608.842610195376
  ],
  "radius_head": [
    5.812787994028751
  ],
  "radius_tail": [
    18.18786533374228
  ],
  "irregularity": [
    3.391133201340545
  ],
  "irregularity_of_end_surface_head": [
    0.06322332658393144
  ],
  "irregularity_of_end_surface_tail": [
    0.1081539169743183
  ],
  "mean_curvature": [
    0.38262415680506007
  ],
  "fractal_dimension": [
    2.465069718169328
  ]
}