{
  "volume": [
    19353.292422294617
  ],
  "volume_endpoints": [
    906.6407260894775
  ],
  "streamlines_count": [
    1273
  ],
  "avg_length": [
    64.6990966796875
  ],
  "std_length": [
    34.508731842041016
  ],
  "min_length": [
    32.32535934448242
  ],
  "max_length": [
    168.36131286621094
  ],
  "span": [
    18.82869529724121
  ],
  "curl": [
    3.4361964893641486
  ],
  "diameter": [
    19.515666148838456
  ],
  "elongation": [
    3.3152389565517493
  ],
  "surface_area": [
    12133.746817578703
  ],
  "end_surface_area_head": [
    445.5713307147049
  ],
  "end_surface_area_tail": [
    684.5008848660684
  ],
  "radius_head": [
    3.0884035925491045
  ],
  "radius_tail": [
    4.86871571052324
  ],
  "irregularity": [
    3.0588871761376653
  ],
  "irregularity_of_end_surface_head": [
    0.06725130733930428
  ],
  "irregularity_of_end_surface_tail": [
    0.10879393659823156
  ],
  "mean_curvature": [
    0.408552228046606
  ],
  "fractal_dimension": [
    2.30623623051183
  ]
}