{
  "volume": [
    8491.03910779953
  ],
  "volume_endpoints": [
    1697.045461654663
  ],
  "streamlines_count": [
    1179
  ],
  "avg_length": [
    71.4241714477539
  ],
  "std_length": [
    6.685405254364014
  ],
  "min_length": [
    52.38493728637695
  ],
  "max_length": [
    95.92797088623047
  ],
  "span": [
    32.468353271484375
  ],
  "curl": [
    2.199808867747008
  ],
  "diameter": [
    12.303052418023757
  ],
  "elongation": [
    5.805402514835972
  ],
  "surface_area": [
    5237.0775247771835
  ],
  "end_surface_area_head": [
    1246.3082148976528
  ],
  "end_surface_area_tail": [
    535.9771079611668
  ],
  "radius_head": [
    4.8301921710396485
  ],
  "radius_tail": [
    4.3756742770679455
  ],
  "irregularity": [
    1.8970599029924116
  ],
  "irregularity_of_end_surface_head": [
    0.058810278277568
  ],
  "irregularity_of_end_surface_tail": [
    0.1122260308863349
  ],
  "mean_curvature": [
    0.3853582948623217
  ],
  "fractal_dimension": [
    2.32197346412188
  ]
}