{
  "volume": [
    11030.79550075531
  ],
  "volume_endpoints": [
    2969.8295578956604
  ],
  "streamlines_count": [
    1922
  ],
  "avg_length": [
    79.98269653320312
  ],
  "std_length": [
    5.3232293128967285
  ],
  "min_length": [
    67.3272933959961
  ],
  "max_length": [
    96.29696655273438
  ],
  "span": [
    36.84700012207031
  ],
  "curl": [
    2.1706705096270715
  ],
  "diameter": [
    13.251360074073913
  ],
  "elongation": [
    6.035810368604206
  ],
  "surface_area": [
    6386.522406910771
  ],
  "end_surface_area_head": [
    1155.9024376511911
  ],
  "end_surface_area_tail": [
    1762.9126563060063
  ],
  "radius_head": [
    4.962404555422952
  ],
  "radius_tail": [
    5.477054251576013
  ],
  "irregularity": [
    1.9180418136960513
  ],
  "irregularity_of_end_surface_head": [
    0.06692879820715446
  ],
  "irregularity_of_end_surface_tail": [
    0.05345805611196521
  ],
  "mean_curvature": [
    0.3835281679148977
  ],
  "fractal_dimension": [
    2.324081588998202
  ]
}