{
  "volume": [
    8212.07273054123
  ],
  "volume_endpoints": [
    1946.9528412818909
  ],
  "streamlines_count": [
    1792
  ],
  "avg_length": [
    68.07044982910156
  ],
  "std_length": [
    7.6521430015563965
  ],
  "min_length": [
    49.330810546875
  ],
  "max_length": [
    90.07989501953125
  ],
  "span": [
    31.67156410217285
  ],
  "curl": [
    2.1492607567313526
  ],
  "diameter": [
    12.393733191894405
  ],
  "elongation": [
    5.492328160946707
  ],
  "surface_area": [
    4927.114859932171
  ],
  "end_surface_area_head": [
    1097.7844379927512
  ],
  "end_surface_area_tail": [
    723.2462179716949
  ],
  "radius_head": [
    4.893285329722722
  ],
  "radius_tail": [
    4.881757297061142
  ],
  "irregularity": [
    1.8590113904103505
  ],
  "irregularity_of_end_surface_head": [
    0.0685226079158145
  ],
  "irregularity_of_end_surface_tail": [
    0.10351804693255184
  ],
  "mean_curvature": [
    0.3830601864028722
  ],
  "fractal_dimension": [
    2.3367812397410885
  ]
}