{
  "volume": [
    5904.788318634033
  ],
  "volume_endpoints": [
    1226.2897000312805
  ],
  "streamlines_count": [
    1216
  ],
  "avg_length": [
    63.292633056640625
  ],
  "std_length": [
    5.0887346267700195
  ],
  "min_length": [
    47.98526382446289
  ],
  "max_length": [
    80.31423950195312
  ],
  "span": [
    29.111751556396484
  ],
  "curl": [
    2.1741265871284843
  ],
  "diameter": [
    10.898849216981953
  ],
  "elongation": [
    5.807276694682749
  ],
  "surface_area": [
    4029.5146429851575
  ],
  "end_surface_area_head": [
    845.9397728061789
  ],
  "end_surface_area_tail": [
    406.8259976090784
  ],
  "radius_head": [
    4.095948924206224
  ],
  "radius_tail": [
    3.556844390258209
  ],
  "irregularity": [
    1.8593838653336994
  ],
  "irregularity_of_end_surface_head": [
    0.06230451121094131
  ],
  "irregularity_of_end_surface_tail": [
    0.09769467795119623
  ],
  "mean_curvature": [
    0.38123280748626903
  ],
  "fractal_dimension": [
    2.2290942654592074
  ]
}