{
  "volume": [
    7241.502209663391
  ],
  "volume_endpoints": [
    1592.4330701828003
  ],
  "streamlines_count": [
    2581
  ],
  "avg_length": [
    67.05934143066406
  ],
  "std_length": [
    5.195991039276123
  ],
  "min_length": [
    52.779239654541016
  ],
  "max_length": [
    84.35932159423828
  ],
  "span": [
    27.357574462890625
  ],
  "curl": [
    2.4512166282002514
  ],
  "diameter": [
    11.725726254887578
  ],
  "elongation": [
    5.718992578622756
  ],
  "surface_area": [
    4475.085973699863
  ],
  "end_surface_area_head": [
    736.1613290069038
  ],
  "end_surface_area_tail": [
    755.533995559717
  ],
  "radius_head": [
    3.973694309867545
  ],
  "radius_tail": [
    3.8902275503736856
  ],
  "irregularity": [
    1.81155896854759
  ],
  "irregularity_of_end_surface_head": [
    0.06738539549479056
  ],
  "irregularity_of_end_surface_tail": [
    0.06292828162412914
  ],
  "mean_curvature": [
    0.36471385697854763
  ],
  "fractal_dimension": [
    2.242425334635969
  ]
}