{
  "volume": [
    6195.378294944763
  ],
  "volume_endpoints": [
    1586.6212706565857
  ],
  "streamlines_count": [
    3185
  ],
  "avg_length": [
    57.35918426513672
  ],
  "std_length": [
    3.8899483680725098
  ],
  "min_length": [
    45.97712707519531
  ],
  "max_length": [
    70.28072357177734
  ],
  "span": [
    26.77773666381836
  ],
  "curl": [
    2.1420475145175177
  ],
  "diameter": [
    11.727015281461615
  ],
  "elongation": [
    4.8912006071836265
  ],
  "surface_area": [
    3803.5001998690027
  ],
  "end_surface_area_head": [
    826.5671062533656
  ],
  "end_surface_area_tail": [
    600.552663137211
  ],
  "radius_head": [
    4.207403221152931
  ],
  "radius_tail": [
    3.575267134229066
  ],
  "irregularity": [
    1.7998781851344472
  ],
  "irregularity_of_end_surface_head": [
    0.0672821753679404
  ],
  "irregularity_of_end_surface_tail": [
    0.0668676050743912
  ],
  "mean_curvature": [
    0.3759759717683777
  ],
  "fractal_dimension": [
    2.226879194248705
  ]
}