{
  "volume": [
    8647.957695007324
  ],
  "volume_endpoints": [
    2191.048421382904
  ],
  "streamlines_count": [
    3252
  ],
  "avg_length": [
    63.32118225097656
  ],
  "std_length": [
    4.456349849700928
  ],
  "min_length": [
    52.19301223754883
  ],
  "max_length": [
    78.12388610839844
  ],
  "span": [
    29.305383682250977
  ],
  "curl": [
    2.160735479103367
  ],
  "diameter": [
    13.186736560359845
  ],
  "elongation": [
    4.801884223676994
  ],
  "surface_area": [
    5353.313524094064
  ],
  "end_surface_area_head": [
    858.8548838413877
  ],
  "end_surface_area_tail": [
    1381.9168807673457
  ],
  "radius_head": [
    4.215507508087747
  ],
  "radius_tail": [
    5.394140313573561
  ],
  "irregularity": [
    2.0407342882815813
  ],
  "irregularity_of_end_surface_head": [
    0.06500246369434325
  ],
  "irregularity_of_end_surface_tail": [
    0.06614734680775457
  ],
  "mean_curvature": [
    0.3782627287047009
  ],
  "fractal_dimension": [
    2.2429992153741636
  ]
}