{
  "volume": [
    11594.540054798126
  ],
  "volume_endpoints": [
    2499.073796272278
  ],
  "streamlines_count": [
    2199
  ],
  "avg_length": [
    60.40936279296875
  ],
  "std_length": [
    5.494784832000732
  ],
  "min_length": [
    46.842044830322266
  ],
  "max_length": [
    79.71691131591797
  ],
  "span": [
    27.35932731628418
  ],
  "curl": [
    2.207998833253963
  ],
  "diameter": [
    15.632545253433708
  ],
  "elongation": [
    3.864333146881488
  ],
  "surface_area": [
    6302.574185181913
  ],
  "end_surface_area_head": [
    904.0577724646187
  ],
  "end_surface_area_tail": [
    1536.8982131898517
  ],
  "radius_head": [
    4.319372218080404
  ],
  "radius_tail": [
    5.712915724503887
  ],
  "irregularity": [
    2.124389490599219
  ],
  "irregularity_of_end_surface_head": [
    0.06483282556790983
  ],
  "irregularity_of_end_surface_tail": [
    0.06671452558040844
  ],
  "mean_curvature": [
    0.39539100016285583
  ],
  "fractal_dimension": [
    2.360632179437248
  ]
}