{
  "volume": [
    5986.153512001038
  ],
  "volume_endpoints": [
    1139.1127071380615
  ],
  "streamlines_count": [
    2049
  ],
  "avg_length": [
    63.83570861816406
  ],
  "std_length": [
    4.135061264038086
  ],
  "min_length": [
    51.005332946777344
  ],
  "max_length": [
    77.95774841308594
  ],
  "span": [
    28.780515670776367
  ],
  "curl": [
    2.2180182366566354
  ],
  "diameter": [
    10.926904374748172
  ],
  "elongation": [
    5.842067106003685
  ],
  "surface_area": [
    3926.193754703487
  ],
  "end_surface_area_head": [
    639.2979962428375
  ],
  "end_surface_area_tail": [
    555.34977451398
  ],
  "radius_head": [
    3.601066901457928
  ],
  "radius_tail": [
    4.076789799226019
  ],
  "irregularity": [
    1.7916824062551304
  ],
  "irregularity_of_end_surface_head": [
    0.06372486281575922
  ],
  "irregularity_of_end_surface_tail": [
    0.09401992753395015
  ],
  "mean_curvature": [
    0.374004884863435
  ],
  "fractal_dimension": [
    2.154302549468097
  ]
}