{
  "volume": [
    7845.9293603897095
  ],
  "volume_endpoints": [
    1859.7758483886719
  ],
  "streamlines_count": [
    2938
  ],
  "avg_length": [
    58.636783599853516
  ],
  "std_length": [
    5.077426910400391
  ],
  "min_length": [
    44.490272521972656
  ],
  "max_length": [
    75.51343536376953
  ],
  "span": [
    25.835485458374023
  ],
  "curl": [
    2.2696219002475777
  ],
  "diameter": [
    13.052454446791833
  ],
  "elongation": [
    4.492395191945364
  ],
  "surface_area": [
    4442.79819611184
  ],
  "end_surface_area_head": [
    800.736884182948
  ],
  "end_surface_area_tail": [
    897.6002169470142
  ],
  "radius_head": [
    4.0761780936315315
  ],
  "radius_tail": [
    4.35046244853825
  ],
  "irregularity": [
    1.8477550079598974
  ],
  "irregularity_of_end_surface_head": [
    0.06518780236742676
  ],
  "irregularity_of_end_surface_tail": [
    0.06624266139166307
  ],
  "mean_curvature": [
    0.39151183214010715
  ],
  "fractal_dimension": [
    2.3702142371425223
  ]
}