{
  "volume": [
    10036.977781772614
  ],
  "volume_endpoints": [
    2138.7422256469727
  ],
  "streamlines_count": [
    2326
  ],
  "avg_length": [
    74.87644958496094
  ],
  "std_length": [
    4.163564205169678
  ],
  "min_length": [
    63.175601959228516
  ],
  "max_length": [
    89.01809692382812
  ],
  "span": [
    35.50129318237305
  ],
  "curl": [
    2.109118932662945
  ],
  "diameter": [
    13.064233049460086
  ],
  "elongation": [
    5.731407982503451
  ],
  "surface_area": [
    5889.29063205523
  ],
  "end_surface_area_head": [
    852.3973283237833
  ],
  "end_surface_area_tail": [
    1304.4262145560926
  ],
  "radius_head": [
    4.190010228919904
  ],
  "radius_tail": [
    5.114479226434858
  ],
  "irregularity": [
    1.9163902467955733
  ],
  "irregularity_of_end_surface_head": [
    0.06470501753755022
  ],
  "irregularity_of_end_surface_tail": [
    0.06299893279644081
  ],
  "mean_curvature": [
    0.3743231988424693
  ],
  "fractal_dimension": [
    2.288232453218747
  ]
}