{
  "volume": [
    7340.302801609039
  ],
  "volume_endpoints": [
    1452.94988155365
  ],
  "streamlines_count": [
    1937
  ],
  "avg_length": [
    66.02338409423828
  ],
  "std_length": [
    6.194945812225342
  ],
  "min_length": [
    50.65226364135742
  ],
  "max_length": [
    86.04801940917969
  ],
  "span": [
    31.928836822509766
  ],
  "curl": [
    2.0678292936650897
  ],
  "diameter": [
    11.897703912366486
  ],
  "elongation": [
    5.549254257841591
  ],
  "surface_area": [
    4797.9637495800835
  ],
  "end_surface_area_head": [
    749.0764400421126
  ],
  "end_surface_area_tail": [
    755.533995559717
  ],
  "radius_head": [
    3.9108817626798036
  ],
  "radius_tail": [
    5.051408072167183
  ],
  "irregularity": [
    1.9442233385201155
  ],
  "irregularity_of_end_surface_head": [
    0.06414652098183522
  ],
  "irregularity_of_end_surface_tail": [
    0.10610131588876931
  ],
  "mean_curvature": [
    0.36614168840366723
  ],
  "fractal_dimension": [
    2.3170402955991762
  ]
}