{
  "volume": [
    8200.4491314888
  ],
  "volume_endpoints": [
    2016.694435596466
  ],
  "streamlines_count": [
    2515
  ],
  "avg_length": [
    69.38970947265625
  ],
  "std_length": [
    4.016117572784424
  ],
  "min_length": [
    57.78913879394531
  ],
  "max_length": [
    83.54192352294922
  ],
  "span": [
    31.812252044677734
  ],
  "curl": [
    2.181225943237342
  ],
  "diameter": [
    12.266660460444495
  ],
  "elongation": [
    5.656772655965554
  ],
  "surface_area": [
    5217.704858224371
  ],
  "end_surface_area_head": [
    749.0764400421126
  ],
  "end_surface_area_tail": [
    1356.086658696928
  ],
  "radius_head": [
    3.9429790262441564
  ],
  "radius_tail": [
    5.441681745937671
  ],
  "irregularity": [
    1.95122891601396
  ],
  "irregularity_of_end_surface_head": [
    0.06520376428360611
  ],
  "irregularity_of_end_surface_tail": [
    0.06860072518681652
  ],
  "mean_curvature": [
    0.3703280823131205
  ],
  "fractal_dimension": [
    2.2567104242684155
  ]
}