{
  "volume": [
    10315.944159030914
  ],
  "volume_endpoints": [
    2690.8631806373596
  ],
  "streamlines_count": [
    2969
  ],
  "avg_length": [
    62.177879333496094
  ],
  "std_length": [
    4.591794013977051
  ],
  "min_length": [
    49.20309829711914
  ],
  "max_length": [
    77.35224151611328
  ],
  "span": [
    28.70458221435547
  ],
  "curl": [
    2.1661307894737543
  ],
  "diameter": [
    14.534215584839416
  ],
  "elongation": [
    4.278034749832224
  ],
  "surface_area": [
    6044.271964477736
  ],
  "end_surface_area_head": [
    826.5671062533656
  ],
  "end_surface_area_tail": [
    1866.233544587677
  ],
  "radius_head": [
    4.186782825864973
  ],
  "radius_tail": [
    5.918278502492294
  ],
  "irregularity": [
    2.12895568332964
  ],
  "irregularity_of_end_surface_head": [
    0.0666242943869186
  ],
  "irregularity_of_end_surface_tail": [
    0.058962335553402793
  ],
  "mean_curvature": [
    0.38373470235127877
  ],
  "fractal_dimension": [
    2.321387772526626
  ]
}