{
  "volume": [
    11036.607300281525
  ],
  "volume_endpoints": [
    2609.497987270355
  ],
  "streamlines_count": [
    3557
  ],
  "avg_length": [
    59.896732330322266
  ],
  "std_length": [
    4.48452615737915
  ],
  "min_length": [
    48.08563995361328
  ],
  "max_length": [
    73.97896575927734
  ],
  "span": [
    26.985754013061523
  ],
  "curl": [
    2.2195686028017345
  ],
  "diameter": [
    15.31691454055606
  ],
  "elongation": [
    3.9104959534590313
  ],
  "surface_area": [
    6154.050408277011
  ],
  "end_surface_area_head": [
    813.6519952181568
  ],
  "end_surface_area_tail": [
    1782.2853228588197
  ],
  "radius_head": [
    4.131700137581469
  ],
  "radius_tail": [
    7.194988541542857
  ],
  "irregularity": [
    2.1351911329546143
  ],
  "irregularity_of_end_surface_head": [
    0.06591264931824876
  ],
  "irregularity_of_end_surface_tail": [
    0.09124999624750718
  ],
  "mean_curvature": [
    0.3848395965928471
  ],
  "fractal_dimension": [
    2.377702529659438
  ]
}