{
  "volume": [
    7165.948815822601
  ],
  "volume_endpoints": [
    1923.7056431770325
  ],
  "streamlines_count": [
    1348
  ],
  "avg_length": [
    66.60249328613281
  ],
  "std_length": [
    6.664407730102539
  ],
  "min_length": [
    47.49814224243164
  ],
  "max_length": [
    90.27958679199219
  ],
  "span": [
    25.6407470703125
  ],
  "curl": [
    2.5975254583454337
  ],
  "diameter": [
    11.704332921838644
  ],
  "elongation": [
    5.690413433290325
  ],
  "surface_area": [
    4714.015527851226
  ],
  "end_surface_area_head": [
    1117.1571045455644
  ],
  "end_surface_area_tail": [
    1026.7513272991027
  ],
  "radius_head": [
    4.722306214818596
  ],
  "radius_tail": [
    4.454903595227523
  ],
  "irregularity": [
    1.9248814272459334
  ],
  "irregularity_of_end_surface_head": [
    0.06271102673736394
  ],
  "irregularity_of_end_surface_tail": [
    0.060724118668443836
  ],
  "mean_curvature": [
    0.41264781775920256
  ],
  "fractal_dimension": [
    2.262404943053669
  ]
}