{
  "volume": [
    7189.19601392746
  ],
  "volume_endpoints": [
    1749.3516573905945
  ],
  "streamlines_count": [
    2269
  ],
  "avg_length": [
    72.10808563232422
  ],
  "std_length": [
    4.370210647583008
  ],
  "min_length": [
    59.92661666870117
  ],
  "max_length": [
    86.05789947509766
  ],
  "span": [
    35.60304260253906
  ],
  "curl": [
    2.0253349253690405
  ],
  "diameter": [
    11.266868845197614
  ],
  "elongation": [
    6.400011096522131
  ],
  "surface_area": [
    4894.82708234415
  ],
  "end_surface_area_head": [
    845.9397728061789
  ],
  "end_surface_area_tail": [
    975.0908831582673
  ],
  "radius_head": [
    4.117819966102475
  ],
  "radius_tail": [
    4.664802761980041
  ],
  "irregularity": [
    1.9177865873267768
  ],
  "irregularity_of_end_surface_head": [
    0.06297165950514806
  ],
  "irregularity_of_end_surface_tail": [
    0.07010860857526724
  ],
  "mean_curvature": [
    0.36384345135955676
  ],
  "fractal_dimension": [
    2.255751068843598
  ]
}