{
  "volume": [
    9356.997237205505
  ],
  "volume_endpoints": [
    2278.225414276123
  ],
  "streamlines_count": [
    2049
  ],
  "avg_length": [
    75.93009948730469
  ],
  "std_length": [
    5.2561469078063965
  ],
  "min_length": [
    60.434730529785156
  ],
  "max_length": [
    93.32086181640625
  ],
  "span": [
    35.454139709472656
  ],
  "curl": [
    2.141642699823221
  ],
  "diameter": [
    12.526113007578777
  ],
  "elongation": [
    6.061744728102331
  ],
  "surface_area": [
    6076.559742065759
  ],
  "end_surface_area_head": [
    955.718216605454
  ],
  "end_surface_area_tail": [
    1465.8651024962032
  ],
  "radius_head": [
    4.3870155456173725
  ],
  "radius_tail": [
    5.124476965219245
  ],
  "irregularity": [
    2.0336565272181164
  ],
  "irregularity_of_end_surface_head": [
    0.06326424876904345
  ],
  "irregularity_of_end_surface_tail": [
    0.056280112575219005
  ],
  "mean_curvature": [
    0.3667665931176651
  ],
  "fractal_dimension": [
    2.2467333017871782
  ]
}