{
  "volume": [
    7938.918152809143
  ],
  "volume_endpoints": [
    1935.3292422294617
  ],
  "streamlines_count": [
    2833
  ],
  "avg_length": [
    66.86933135986328
  ],
  "std_length": [
    3.871872663497925
  ],
  "min_length": [
    54.85964584350586
  ],
  "max_length": [
    79.7979736328125
  ],
  "span": [
    31.377819061279297
  ],
  "curl": [
    2.1311019490956604
  ],
  "diameter": [
    12.294821595841354
  ],
  "elongation": [
    5.438820794478336
  ],
  "surface_area": [
    4830.251527168106
  ],
  "end_surface_area_head": [
    955.718216605454
  ],
  "end_surface_area_tail": [
    852.3973283237833
  ],
  "radius_head": [
    4.389256372216798
  ],
  "radius_tail": [
    4.368202141186189
  ],
  "irregularity": [
    1.8701251117117987
  ],
  "irregularity_of_end_surface_head": [
    0.06332889427374014
  ],
  "irregularity_of_end_surface_tail": [
    0.07032556786025368
  ],
  "mean_curvature": [
    0.3626803862114404
  ],
  "fractal_dimension": [
    2.3056878860067704
  ]
}