{
  "volume": [
    13890.200867652893
  ],
  "volume_endpoints": [
    2632.7451853752136
  ],
  "streamlines_count": [
    3026
  ],
  "avg_length": [
    90.77315521240234
  ],
  "std_length": [
    5.5966339111328125
  ],
  "min_length": [
    76.54335021972656
  ],
  "max_length": [
    108.65917205810547
  ],
  "span": [
    42.42820739746094
  ],
  "curl": [
    2.139452990838226
  ],
  "diameter": [
    13.95823824125344
  ],
  "elongation": [
    6.503195721657992
  ],
  "surface_area": [
    8123.604841146359
  ],
  "end_surface_area_head": [
    858.8548838413877
  ],
  "end_surface_area_tail": [
    2053.5026545982055
  ],
  "radius_head": [
    4.4463231995627925
  ],
  "radius_tail": [
    6.000117434622972
  ],
  "irregularity": [
    2.040849027867245
  ],
  "irregularity_of_end_surface_head": [
    0.07231562418719606
  ],
  "irregularity_of_end_surface_tail": [
    0.055077485534428684
  ],
  "mean_curvature": [
    0.3511385576798281
  ],
  "fractal_dimension": [
    2.342106294957244
  ]
}