{
  "volume": [
    6096.577702999115
  ],
  "volume_endpoints": [
    1604.0566692352295
  ],
  "streamlines_count": [
    2058
  ],
  "avg_length": [
    72.42463684082031
  ],
  "std_length": [
    5.535501480102539
  ],
  "min_length": [
    58.48628234863281
  ],
  "max_length": [
    92.19561767578125
  ],
  "span": [
    35.81072998046875
  ],
  "curl": [
    2.022428386137922
  ],
  "diameter": [
    10.352731554164283
  ],
  "elongation": [
    6.995703159296951
  ],
  "surface_area": [
    4423.425529559027
  ],
  "end_surface_area_head": [
    852.3973283237833
  ],
  "end_surface_area_tail": [
    781.3642176301347
  ],
  "radius_head": [
    4.239399911492929
  ],
  "radius_tail": [
    5.2447916392487794
  ],
  "irregularity": [
    1.877878839911845
  ],
  "irregularity_of_end_surface_head": [
    0.0662394268060439
  ],
  "irregularity_of_end_surface_tail": [
    0.11059941578340647
  ],
  "mean_curvature": [
    0.33458497925535696
  ],
  "fractal_dimension": [
    2.1574476401728955
  ]
}