{
  "volume": [
    6416.226676940918
  ],
  "volume_endpoints": [
    1319.278492450714
  ],
  "streamlines_count": [
    2188
  ],
  "avg_length": [
    84.89189147949219
  ],
  "std_length": [
    4.572549819946289
  ],
  "min_length": [
    71.9546127319336
  ],
  "max_length": [
    98.67230224609375
  ],
  "span": [
    41.47364807128906
  ],
  "curl": [
    2.046887491873671
  ],
  "diameter": [
    9.80983727772383
  ],
  "elongation": [
    8.65375123726717
  ],
  "surface_area": [
    4649.439972675182
  ],
  "end_surface_area_head": [
    619.9253296900242
  ],
  "end_surface_area_tail": [
    962.1757721230584
  ],
  "radius_head": [
    3.6573823348912478
  ],
  "radius_tail": [
    4.925412375547992
  ],
  "irregularity": [
    1.777144568801066
  ],
  "irregularity_of_end_surface_head": [
    0.0677877496501882
  ],
  "irregularity_of_end_surface_tail": [
    0.07921011615873724
  ],
  "mean_curvature": [
    0.3369885273413968
  ],
  "fractal_dimension": [
    2.1360232964660053
  ]
}