{
  "volume": [
    10159.02557182312
  ],
  "volume_endpoints": [
    3219.736937522888
  ],
  "streamlines_count": [
    3635
  ],
  "avg_length": [
    75.32099151611328
  ],
  "std_length": [
    4.939321994781494
  ],
  "min_length": [
    58.14702606201172
  ],
  "max_length": [
    90.77090454101562
  ],
  "span": [
    37.83580780029297
  ],
  "curl": [
    1.990733009155683
  ],
  "diameter": [
    13.104578957641134
  ],
  "elongation": [
    5.74768497023664
  ],
  "surface_area": [
    6328.40440725233
  ],
  "end_surface_area_head": [
    878.227550394201
  ],
  "end_surface_area_tail": [
    2428.0408746192616
  ],
  "radius_head": [
    4.656848368779073
  ],
  "radius_tail": [
    6.478390818687229
  ],
  "irregularity": [
    2.0408225829438393
  ],
  "irregularity_of_end_surface_head": [
    0.07757593343976661
  ],
  "irregularity_of_end_surface_tail": [
    0.054303543153583086
  ],
  "mean_curvature": [
    0.33554589593016954
  ],
  "fractal_dimension": [
    2.3247542450012872
  ]
}