{
  "volume": [
    2964.017758369446
  ],
  "volume_endpoints": [
    1220.477900505066
  ],
  "streamlines_count": [
    431
  ],
  "avg_length": [
    28.376901626586914
  ],
  "std_length": [
    5.381750583648682
  ],
  "min_length": [
    20.107187271118164
  ],
  "max_length": [
    45.68306350708008
  ],
  "span": [
    12.177621841430664
  ],
  "curl": [
    2.3302498629119124
  ],
  "diameter": [
    11.532221429417856
  ],
  "elongation": [
    2.4606622236891416
  ],
  "surface_area": [
    2440.95598565447
  ],
  "end_surface_area_head": [
    1511.067991119434
  ],
  "end_surface_area_tail": [
    213.09933208094583
  ],
  "radius_head": [
    4.867652457678608
  ],
  "radius_tail": [
    2.7142455171701556
  ],
  "irregularity": [
    2.3742810621279684
  ],
  "irregularity_of_end_surface_head": [
    0.04926120058468764
  ],
  "irregularity_of_end_surface_tail": [
    0.1086090569232974
  ],
  "mean_curvature": [
    0.39361796861734855
  ],
  "fractal_dimension": [
    2.1565021122339796
  ]
}