{
  "volume": [
    11524.798460483551
  ],
  "volume_endpoints": [
    3010.5121545791626
  ],
  "streamlines_count": [
    3876
  ],
  "avg_length": [
    75.67460632324219
  ],
  "std_length": [
    5.240451335906982
  ],
  "min_length": [
    59.91259765625
  ],
  "max_length": [
    92.65961456298828
  ],
  "span": [
    36.81134033203125
  ],
  "curl": [
    2.055741672013888
  ],
  "diameter": [
    13.925046171932323
  ],
  "elongation": [
    5.434424086562373
  ],
  "surface_area": [
    6560.87640588609
  ],
  "end_surface_area_head": [
    1181.7326597216088
  ],
  "end_surface_area_tail": [
    1582.1011018130826
  ],
  "radius_head": [
    5.099041563903989
  ],
  "radius_tail": [
    5.8129547241577715
  ],
  "irregularity": [
    1.981824393579719
  ],
  "irregularity_of_end_surface_head": [
    0.06912063805009676
  ],
  "irregularity_of_end_surface_tail": [
    0.06709799151958935
  ],
  "mean_curvature": [
    0.35172130944066987
  ],
  "fractal_dimension": [
    2.4069037284306756
  ]
}