{
  "volume": [
    16912.336621284485
  ],
  "volume_endpoints": [
    3289.4785318374634
  ],
  "streamlines_count": [
    4619
  ],
  "avg_length": [
    76.26882934570312
  ],
  "std_length": [
    7.11442232131958
  ],
  "min_length": [
    58.16202163696289
  ],
  "max_length": [
    97.80929565429688
  ],
  "span": [
    32.81865310668945
  ],
  "curl": [
    2.323947576329913
  ],
  "diameter": [
    16.80286453842104
  ],
  "elongation": [
    4.539037327314554
  ],
  "surface_area": [
    9085.780613269417
  ],
  "end_surface_area_head": [
    1104.2419935103558
  ],
  "end_surface_area_tail": [
    1898.5213221756992
  ],
  "radius_head": [
    4.846981618771568
  ],
  "radius_tail": [
    7.049039422749532
  ],
  "irregularity": [
    2.2567422865513995
  ],
  "irregularity_of_end_surface_head": [
    0.06683875614589657
  ],
  "irregularity_of_end_surface_tail": [
    0.08222318062597228
  ],
  "mean_curvature": [
    0.3615883483363323
  ],
  "fractal_dimension": [
    2.4050651503604543
  ]
}