{
  "volume": [
    10036.977781772614
  ],
  "volume_endpoints": [
    2655.992383480072
  ],
  "streamlines_count": [
    2842
  ],
  "avg_length": [
    71.02360534667969
  ],
  "std_length": [
    5.826231479644775
  ],
  "min_length": [
    55.19169998168945
  ],
  "max_length": [
    90.7213363647461
  ],
  "span": [
    31.44530487060547
  ],
  "curl": [
    2.2586394261062273
  ],
  "diameter": [
    13.413903678686765
  ],
  "elongation": [
    5.2947752606520115
  ],
  "surface_area": [
    5973.238853784088
  ],
  "end_surface_area_head": [
    1117.1571045455644
  ],
  "end_surface_area_tail": [
    1517.5255466370386
  ],
  "radius_head": [
    4.986467039059827
  ],
  "radius_tail": [
    5.5569423020958935
  ],
  "irregularity": [
    1.9957314934969013
  ],
  "irregularity_of_end_surface_head": [
    0.06992323717918876
  ],
  "irregularity_of_end_surface_tail": [
    0.06392719322875379
  ],
  "mean_curvature": [
    0.3834247598129624
  ],
  "fractal_dimension": [
    2.3217093733450636
  ]
}