{
  "volume": [
    8775.817284584045
  ],
  "volume_endpoints": [
    2191.048421382904
  ],
  "streamlines_count": [
    1829
  ],
  "avg_length": [
    72.41665649414062
  ],
  "std_length": [
    5.875213146209717
  ],
  "min_length": [
    56.319366455078125
  ],
  "max_length": [
    91.61104583740234
  ],
  "span": [
    34.24970626831055
  ],
  "curl": [
    2.1143730672266803
  ],
  "diameter": [
    12.421659230907201
  ],
  "elongation": [
    5.829869838479844
  ],
  "surface_area": [
    5521.209967551778
  ],
  "end_surface_area_head": [
    975.0908831582673
  ],
  "end_surface_area_tail": [
    1007.3786607462894
  ],
  "radius_head": [
    4.644979972065145
  ],
  "radius_tail": [
    4.471734694823627
  ],
  "irregularity": [
    1.9537379407297861
  ],
  "irregularity_of_end_surface_head": [
    0.06951403021242608
  ],
  "irregularity_of_end_surface_tail": [
    0.06236044191913283
  ],
  "mean_curvature": [
    0.37805970673876554
  ],
  "fractal_dimension": [
    2.329819157987003
  ]
}