{
  "volume": [
    12995.183740615845
  ],
  "volume_endpoints": [
    3173.2425413131714
  ],
  "streamlines_count": [
    2463
  ],
  "avg_length": [
    77.92033386230469
  ],
  "std_length": [
    7.271857261657715
  ],
  "min_length": [
    57.49713134765625
  ],
  "max_length": [
    101.10799407958984
  ],
  "span": [
    33.220359802246094
  ],
  "curl": [
    2.345559600382063
  ],
  "diameter": [
    14.572057262823792
  ],
  "elongation": [
    5.347243183095013
  ],
  "surface_area": [
    8440.025061508975
  ],
  "end_surface_area_head": [
    1007.3786607462894
  ],
  "end_surface_area_tail": [
    2563.6495404889542
  ],
  "radius_head": [
    4.741119221344951
  ],
  "radius_tail": [
    7.295706535680889
  ],
  "irregularity": [
    2.3660405837814698
  ],
  "irregularity_of_end_surface_head": [
    0.07010013888008806
  ],
  "irregularity_of_end_surface_tail": [
    0.06522677860892222
  ],
  "mean_curvature": [
    0.3830096685470143
  ],
  "fractal_dimension": [
    2.2875618091725656
  ]
}