{
  "volume": [
    11478.304064273834
  ],
  "volume_endpoints": [
    2632.7451853752136
  ],
  "streamlines_count": [
    1913
  ],
  "avg_length": [
    77.89495086669922
  ],
  "std_length": [
    5.509789943695068
  ],
  "min_length": [
    59.48031997680664
  ],
  "max_length": [
    95.19397735595703
  ],
  "span": [
    33.751060485839844
  ],
  "curl": [
    2.307926025002379
  ],
  "diameter": [
    13.697435625847804
  ],
  "elongation": [
    5.686827300703441
  ],
  "surface_area": [
    6677.112405202969
  ],
  "end_surface_area_head": [
    1142.987326615982
  ],
  "end_surface_area_tail": [
    1575.6435462954782
  ],
  "radius_head": [
    4.923427954829077
  ],
  "radius_tail": [
    5.390465174707638
  ],
  "irregularity": [
    1.9920041502795731
  ],
  "irregularity_of_end_surface_head": [
    0.06662598337885803
  ],
  "irregularity_of_end_surface_tail": [
    0.05793545031424686
  ],
  "mean_curvature": [
    0.38833117461678124
  ],
  "fractal_dimension": [
    2.390123020692348
  ]
}