{
  "volume": [
    11083.101696491241
  ],
  "volume_endpoints": [
    3161.618942260742
  ],
  "streamlines_count": [
    2550
  ],
  "avg_length": [
    71.00655364990234
  ],
  "std_length": [
    5.829437732696533
  ],
  "min_length": [
    54.839271545410156
  ],
  "max_length": [
    89.77922821044922
  ],
  "span": [
    33.292076110839844
  ],
  "curl": [
    2.132836456744214
  ],
  "diameter": [
    14.097318156076744
  ],
  "elongation": [
    5.036883814620761
  ],
  "surface_area": [
    6541.503739333277
  ],
  "end_surface_area_head": [
    1039.6664383343114
  ],
  "end_surface_area_tail": [
    2260.144431161547
  ],
  "radius_head": [
    4.836703860009015
  ],
  "radius_tail": [
    6.057617619465317
  ],
  "irregularity": [
    2.080141055227838
  ],
  "irregularity_of_end_surface_head": [
    0.07068948908763872
  ],
  "irregularity_of_end_surface_tail": [
    0.051005544799827864
  ],
  "mean_curvature": [
    0.38661645113253124
  ],
  "fractal_dimension": [
    2.3768504483791704
  ]
}