{
  "volume": [
    2929.146961212158
  ],
  "volume_endpoints": [
    116.23599052429199
  ],
  "streamlines_count": [
    15
  ],
  "avg_length": [
    106.68417358398438
  ],
  "std_length": [
    12.172402381896973
  ],
  "min_length": [
    70.62545776367188
  ],
  "max_length": [
    125.67179870605469
  ],
  "span": [
    15.529542922973633
  ],
  "curl": [
    6.86975618748966
  ],
  "diameter": [
    5.912561096336324
  ],
  "elongation": [
    18.04364840307366
  ],
  "surface_area": [
    3480.622423988782
  ],
  "end_surface_area_head": [
    109.77844379927512
  ],
  "end_surface_area_tail": [
    206.6417765633414
  ],
  "radius_head": [
    1.908504187073877
  ],
  "radius_tail": [
    3.715612958380654
  ],
  "irregularity": [
    1.7564322486738264
  ],
  "irregularity_of_end_surface_head": [
    0.10423631193335747
  ],
  "irregularity_of_end_surface_tail": [
    0.20989045229487666
  ],
  "mean_curvature": [
    0.3528811017672221
  ],
  "fractal_dimension": [
    1.8620199035577947
  ]
}