{
  "volume": [
    5939.659115791321
  ],
  "volume_endpoints": [
    1313.4666929244995
  ],
  "streamlines_count": [
    1690
  ],
  "avg_length": [
    72.56953430175781
  ],
  "std_length": [
    4.77321195602417
  ],
  "min_length": [
    58.181800842285156
  ],
  "max_length": [
    86.98422241210938
  ],
  "span": [
    31.680932998657227
  ],
  "curl": [
    2.2906375359852444
  ],
  "diameter": [
    10.208422869137177
  ],
  "elongation": [
    7.108789989603109
  ],
  "surface_area": [
    4119.92042023162
  ],
  "end_surface_area_head": [
    891.1426614294098
  ],
  "end_surface_area_tail": [
    445.5713307147049
  ],
  "radius_head": [
    4.481748364200518
  ],
  "radius_tail": [
    3.2939754376928287
  ],
  "irregularity": [
    1.7702147975589035
  ],
  "irregularity_of_end_surface_head": [
    0.07081048597064013
  ],
  "irregularity_of_end_surface_tail": [
    0.07650209813006026
  ],
  "mean_curvature": [
    0.3400430651635108
  ],
  "fractal_dimension": [
    2.255031630493201
  ]
}