{
  "volume": [
    7909.85915517807
  ],
  "volume_endpoints": [
    1336.713891029358
  ],
  "streamlines_count": [
    3945
  ],
  "avg_length": [
    69.12142181396484
  ],
  "std_length": [
    4.822107315063477
  ],
  "min_length": [
    52.4354362487793
  ],
  "max_length": [
    84.22592163085938
  ],
  "span": [
    29.975078582763672
  ],
  "curl": [
    2.3059629893251117
  ],
  "diameter": [
    12.07071797649242
  ],
  "elongation": [
    5.7263720309411585
  ],
  "surface_area": [
    5062.7235258018645
  ],
  "end_surface_area_head": [
    652.2131072780463
  ],
  "end_surface_area_tail": [
    929.8879945350363
  ],
  "radius_head": [
    4.118253508611991
  ],
  "radius_tail": [
    4.790381420498586
  ],
  "irregularity": [
    1.931472693571998
  ],
  "irregularity_of_end_surface_head": [
    0.0816933121820421
  ],
  "irregularity_of_end_surface_tail": [
    0.07752814993830831
  ],
  "mean_curvature": [
    0.360185438069705
  ],
  "fractal_dimension": [
    2.294559360986375
  ]
}