{
  "volume": [
    2993.076756000519
  ],
  "volume_endpoints": [
    98.8005919456482
  ],
  "streamlines_count": [
    13
  ],
  "avg_length": [
    114.91604614257812
  ],
  "std_length": [
    5.804884433746338
  ],
  "min_length": [
    105.52210235595703
  ],
  "max_length": [
    125.34912872314453
  ],
  "span": [
    19.833942413330078
  ],
  "curl": [
    5.793908429689948
  ],
  "diameter": [
    5.758689318108976
  ],
  "elongation": [
    19.955243249745926
  ],
  "surface_area": [
    3726.0095336577497
  ],
  "end_surface_area_head": [
    219.55688759855025
  ],
  "end_surface_area_tail": [
    77.49066621125303
  ],
  "radius_head": [
    3.407998590630746
  ],
  "radius_tail": [
    1.49848076751673
  ],
  "irregularity": [
    1.792213585704931
  ],
  "irregularity_of_end_surface_head": [
    0.16618874952147858
  ],
  "irregularity_of_end_surface_tail": [
    0.09103383204278626
  ],
  "mean_curvature": [
    0.35093061740581805
  ],
  "fractal_dimension": [
    1.767555954599779
  ]
}