{
  "volume": [
    4428.591238975525
  ],
  "volume_endpoints": [
    941.5115232467651
  ],
  "streamlines_count": [
    966
  ],
  "avg_length": [
    75.91778564453125
  ],
  "std_length": [
    4.486929893493652
  ],
  "min_length": [
    63.99911117553711
  ],
  "max_length": [
    87.57212829589844
  ],
  "span": [
    36.72420883178711
  ],
  "curl": [
    2.0672408762369208
  ],
  "diameter": [
    8.618190536107207
  ],
  "elongation": [
    8.809016849472318
  ],
  "surface_area": [
    3538.7404236472216
  ],
  "end_surface_area_head": [
    716.7886624540905
  ],
  "end_surface_area_tail": [
    380.9957755386607
  ],
  "radius_head": [
    3.9101006314918774
  ],
  "radius_tail": [
    3.354490303328644
  ],
  "irregularity": [
    1.7216275776600882
  ],
  "irregularity_of_end_surface_head": [
    0.06700922801176873
  ],
  "irregularity_of_end_surface_tail": [
    0.09278607292895479
  ],
  "mean_curvature": [
    0.3320776355254231
  ],
  "fractal_dimension": [
    2.133460101467398
  ]
}