{
  "volume": [
    7392.608997344971
  ],
  "volume_endpoints": [
    1720.2926597595215
  ],
  "streamlines_count": [
    3502
  ],
  "avg_length": [
    72.02655792236328
  ],
  "std_length": [
    3.7206015586853027
  ],
  "min_length": [
    61.10702896118164
  ],
  "max_length": [
    83.65531158447266
  ],
  "span": [
    34.49799346923828
  ],
  "curl": [
    2.087847746466445
  ],
  "diameter": [
    11.431615199131942
  ],
  "elongation": [
    6.300645767698042
  ],
  "surface_area": [
    5172.5019696011395
  ],
  "end_surface_area_head": [
    878.227550394201
  ],
  "end_surface_area_tail": [
    884.6851059118054
  ],
  "radius_head": [
    4.523892484866019
  ],
  "radius_tail": [
    5.086144370732422
  ],
  "irregularity": [
    1.9996340992222312
  ],
  "irregularity_of_end_surface_head": [
    0.07320948731510116
  ],
  "irregularity_of_end_surface_tail": [
    0.09186255574454869
  ],
  "mean_curvature": [
    0.34484871046278287
  ],
  "fractal_dimension": [
    2.146562190267918
  ]
}