{
  "volume": [
    30395.711522102356
  ],
  "volume_endpoints": [
    7613.4573793411255
  ],
  "streamlines_count": [
    8695
  ],
  "avg_length": [
    67.26182556152344
  ],
  "std_length": [
    10.27429485321045
  ],
  "min_length": [
    30.812259674072266
  ],
  "max_length": [
    106.96147918701172
  ],
  "span": [
    31.61024284362793
  ],
  "curl": [
    2.127849061276106
  ],
  "diameter": [
    23.987052803888073
  ],
  "elongation": [
    2.80408877703479
  ],
  "surface_area": [
    15059.019467053506
  ],
  "end_surface_area_head": [
    1446.4924359433899
  ],
  "end_surface_area_tail": [
    7206.631957646532
  ],
  "radius_head": [
    5.742982161381951
  ],
  "radius_tail": [
    15.295429778977443
  ],
  "irregularity": [
    2.9709906187615256
  ],
  "irregularity_of_end_surface_head": [
    0.07163225784690902
  ],
  "irregularity_of_end_surface_tail": [
    0.10198607981774672
  ],
  "mean_curvature": [
    0.36441706426874393
  ],
  "fractal_dimension": [
    2.464862257494405
  ]
}