{
  "volume": [
    4108.942265033722
  ],
  "volume_endpoints": [
    918.2643251419067
  ],
  "streamlines_count": [
    1639
  ],
  "avg_length": [
    64.52094268798828
  ],
  "std_length": [
    6.322996139526367
  ],
  "min_length": [
    50.40362548828125
  ],
  "max_length": [
    86.66751861572266
  ],
  "span": [
    29.414772033691406
  ],
  "curl": [
    2.193487769141525
  ],
  "diameter": [
    9.004709917630091
  ],
  "elongation": [
    7.165243886609204
  ],
  "surface_area": [
    3177.117314661374
  ],
  "end_surface_area_head": [
    703.8735514188817
  ],
  "end_surface_area_tail": [
    316.42022036261653
  ],
  "radius_head": [
    3.8846465406125716
  ],
  "radius_tail": [
    2.7289719727873814
  ],
  "irregularity": [
    1.7406559856208372
  ],
  "irregularity_of_end_surface_head": [
    0.06735320153801516
  ],
  "irregularity_of_end_surface_tail": [
    0.07394074036082056
  ],
  "mean_curvature": [
    0.35079005605167846
  ],
  "fractal_dimension": [
    2.218245586158269
  ]
}