{
  "volume": [
    2964.017758369446
  ],
  "volume_endpoints": [
    865.9581294059753
  ],
  "streamlines_count": [
    502
  ],
  "avg_length": [
    56.997032165527344
  ],
  "std_length": [
    5.557541370391846
  ],
  "min_length": [
    44.15610122680664
  ],
  "max_length": [
    80.640625
  ],
  "span": [
    28.354148864746094
  ],
  "curl": [
    2.0101831459449713
  ],
  "diameter": [
    8.137094106514093
  ],
  "elongation": [
    7.00459296887064
  ],
  "surface_area": [
    2608.8524291121853
  ],
  "end_surface_area_head": [
    561.8073300315845
  ],
  "end_surface_area_tail": [
    535.9771079611668
  ],
  "radius_head": [
    3.7870265636418816
  ],
  "radius_tail": [
    3.6706143413094687
  ],
  "irregularity": [
    1.7905153963527418
  ],
  "irregularity_of_end_surface_head": [
    0.08019719422142309
  ],
  "irregularity_of_end_surface_tail": [
    0.07897345637222412
  ],
  "mean_curvature": [
    0.33606588338831983
  ],
  "fractal_dimension": [
    2.1090654413153462
  ]
}