{
  "volume": [
    13006.807339668274
  ],
  "volume_endpoints": [
    2952.3941593170166
  ],
  "streamlines_count": [
    3493
  ],
  "avg_length": [
    70.54203796386719
  ],
  "std_length": [
    6.912387847900391
  ],
  "min_length": [
    53.668235778808594
  ],
  "max_length": [
    93.37049865722656
  ],
  "span": [
    28.530664443969727
  ],
  "curl": [
    2.472498952921408
  ],
  "diameter": [
    15.322033652496375
  ],
  "elongation": [
    4.603960516192573
  ],
  "surface_area": [
    7574.712622149984
  ],
  "end_surface_area_head": [
    1065.496660404729
  ],
  "end_surface_area_tail": [
    1866.233544587677
  ],
  "radius_head": [
    4.78203525449976
  ],
  "radius_tail": [
    7.472600737899819
  ],
  "irregularity": [
    2.230754993783338
  ],
  "irregularity_of_end_surface_head": [
    0.06742536822619177
  ],
  "irregularity_of_end_surface_tail": [
    0.09399991009717627
  ],
  "mean_curvature": [
    0.36098799655507774
  ],
  "fractal_dimension": [
    2.3411337580818383
  ]
}