{
  "volume": [
    8601.463298797607
  ],
  "volume_endpoints": [
    2069.0006313323975
  ],
  "streamlines_count": [
    2196
  ],
  "avg_length": [
    74.33259582519531
  ],
  "std_length": [
    6.785702228546143
  ],
  "min_length": [
    58.43882369995117
  ],
  "max_length": [
    94.87448120117188
  ],
  "span": [
    31.318256378173828
  ],
  "curl": [
    2.373458947637929
  ],
  "diameter": [
    12.138124282377204
  ],
  "elongation": [
    6.1238947712139895
  ],
  "surface_area": [
    5669.73374445668
  ],
  "end_surface_area_head": [
    1162.3599931687954
  ],
  "end_surface_area_tail": [
    949.2606610878496
  ],
  "radius_head": [
    4.949507540942008
  ],
  "radius_tail": [
    4.454976595923792
  ],
  "irregularity": [
    2.0002391002419126
  ],
  "irregularity_of_end_surface_head": [
    0.06621146534788042
  ],
  "irregularity_of_end_surface_tail": [
    0.06568334217975696
  ],
  "mean_curvature": [
    0.36845919609286965
  ],
  "fractal_dimension": [
    2.32620212723924
  ]
}