{
  "volume": [
    15238.53835773468
  ],
  "volume_endpoints": [
    3341.784727573395
  ],
  "streamlines_count": [
    2728
  ],
  "avg_length": [
    84.40420532226562
  ],
  "std_length": [
    5.5766730308532715
  ],
  "min_length": [
    67.30261993408203
  ],
  "max_length": [
    102.8640365600586
  ],
  "span": [
    36.23625183105469
  ],
  "curl": [
    2.3292752715094753
  ],
  "diameter": [
    15.161587371060566
  ],
  "elongation": [
    5.566976811634564
  ],
  "surface_area": [
    8394.822172885744
  ],
  "end_surface_area_head": [
    1059.0391048871247
  ],
  "end_surface_area_tail": [
    2266.601986679151
  ],
  "radius_head": [
    4.82745095616322
  ],
  "radius_tail": [
    6.8733143722202374
  ],
  "irregularity": [
    2.088107580444557
  ],
  "irregularity_of_end_surface_head": [
    0.06913112376773231
  ],
  "irregularity_of_end_surface_tail": [
    0.06547975170452516
  ],
  "mean_curvature": [
    0.3768292875233983
  ],
  "fractal_dimension": [
    2.3755524522011626
  ]
}