{
  "volume": [
    11135.407892227173
  ],
  "volume_endpoints": [
    1912.0820441246033
  ],
  "streamlines_count": [
    740
  ],
  "avg_length": [
    74.87604522705078
  ],
  "std_length": [
    4.848443031311035
  ],
  "min_length": [
    62.27653503417969
  ],
  "max_length": [
    90.29802703857422
  ],
  "span": [
    33.8818473815918
  ],
  "curl": [
    2.2099162534960053
  ],
  "diameter": [
    13.760577965563503
  ],
  "elongation": [
    5.4413444998045595
  ],
  "surface_area": [
    6980.617514530377
  ],
  "end_surface_area_head": [
    1091.3268824751467
  ],
  "end_surface_area_tail": [
    1181.7326597216088
  ],
  "radius_head": [
    4.590122943865981
  ],
  "radius_tail": [
    4.88437430323831
  ],
  "irregularity": [
    2.1565741570976504
  ],
  "irregularity_of_end_surface_head": [
    0.06065179459475299
  ],
  "irregularity_of_end_surface_tail": [
    0.06342325248287593
  ],
  "mean_curvature": [
    0.3877508263732936
  ],
  "fractal_dimension": [
    2.279544279766857
  ]
}