{
  "volume": [
    18946.466455459595
  ],
  "volume_endpoints": [
    4248.425453662872
  ],
  "streamlines_count": [
    3041
  ],
  "avg_length": [
    94.72490692138672
  ],
  "std_length": [
    6.320080280303955
  ],
  "min_length": [
    74.31864166259766
  ],
  "max_length": [
    114.62583923339844
  ],
  "span": [
    41.02238845825195
  ],
  "curl": [
    2.309102674940228
  ],
  "diameter": [
    15.958316654596366
  ],
  "elongation": [
    5.935770606112377
  ],
  "surface_area": [
    10209.395273332586
  ],
  "end_surface_area_head": [
    1142.987326615982
  ],
  "end_surface_area_tail": [
    3131.914426038143
  ],
  "radius_head": [
    4.9183258554507185
  ],
  "radius_tail": [
    7.575024413655128
  ],
  "irregularity": [
    2.1498040677768784
  ],
  "irregularity_of_end_surface_head": [
    0.06648796724163741
  ],
  "irregularity_of_end_surface_tail": [
    0.05755831335384186
  ],
  "mean_curvature": [
    0.37611186563165044
  ],
  "fractal_dimension": [
    2.387105824243979
  ]
}