{
  "volume": [
    12838.26515340805
  ],
  "volume_endpoints": [
    2440.955801010132
  ],
  "streamlines_count": [
    2823
  ],
  "avg_length": [
    84.01000213623047
  ],
  "std_length": [
    4.530880928039551
  ],
  "min_length": [
    71.65255737304688
  ],
  "max_length": [
    99.26303100585938
  ],
  "span": [
    40.368682861328125
  ],
  "curl": [
    2.081068694384114
  ],
  "diameter": [
    13.948989006084222
  ],
  "elongation": [
    6.022658853597725
  ],
  "surface_area": [
    6728.772849343804
  ],
  "end_surface_area_head": [
    1188.190215239213
  ],
  "end_surface_area_tail": [
    1000.921105228685
  ],
  "radius_head": [
    4.847043189621166
  ],
  "radius_tail": [
    4.506551781657892
  ],
  "irregularity": [
    1.827730954657428
  ],
  "irregularity_of_end_surface_head": [
    0.06211803085399297
  ],
  "irregularity_of_end_surface_tail": [
    0.0637439184962015
  ],
  "mean_curvature": [
    0.3750823152601571
  ],
  "fractal_dimension": [
    2.4671632052925596
  ]
}