{
  "volume": [
    23514.54088306427
  ],
  "volume_endpoints": [
    5463.091554641724
  ],
  "streamlines_count": [
    3900
  ],
  "avg_length": [
    71.36592864990234
  ],
  "std_length": [
    7.370187759399414
  ],
  "min_length": [
    48.65239334106445
  ],
  "max_length": [
    95.15522766113281
  ],
  "span": [
    30.879915237426758
  ],
  "curl": [
    2.3110791626592984
  ],
  "diameter": [
    20.482258853633805
  ],
  "elongation": [
    3.484280184128283
  ],
  "surface_area": [
    11739.835931004834
  ],
  "end_surface_area_head": [
    1259.2233259328618
  ],
  "end_surface_area_tail": [
    4610.694639569555
  ],
  "radius_head": [
    4.826664725788639
  ],
  "radius_tail": [
    8.737417731013892
  ],
  "irregularity": [
    2.5564857893017154
  ],
  "irregularity_of_end_surface_head": [
    0.05812211075788547
  ],
  "irregularity_of_end_surface_tail": [
    0.05201752822057436
  ],
  "mean_curvature": [
    0.3979666779897152
  ],
  "fractal_dimension": [
    2.4542619921585986
  ]
}