{
  "volume": [
    18301.356708049774
  ],
  "volume_endpoints": [
    3882.2820835113525
  ],
  "streamlines_count": [
    3027
  ],
  "avg_length": [
    89.80118560791016
  ],
  "std_length": [
    6.156126499176025
  ],
  "min_length": [
    71.82701110839844
  ],
  "max_length": [
    109.06964111328125
  ],
  "span": [
    41.02969741821289
  ],
  "curl": [
    2.1886874936603316
  ],
  "diameter": [
    16.108520976934948
  ],
  "elongation": [
    5.574762930531757
  ],
  "surface_area": [
    9453.86127777287
  ],
  "end_surface_area_head": [
    1091.3268824751467
  ],
  "end_surface_area_tail": [
    2744.461094981878
  ],
  "radius_head": [
    4.871991929508471
  ],
  "radius_tail": [
    8.399733502735227
  ],
  "irregularity": [
    2.0802791445381508
  ],
  "irregularity_of_end_surface_head": [
    0.06832948380871076
  ],
  "irregularity_of_end_surface_tail": [
    0.08076511373086565
  ],
  "mean_curvature": [
    0.3747027399991265
  ],
  "fractal_dimension": [
    2.365697124697872
  ]
}