{
  "volume": [
    38601.97245311737
  ],
  "volume_endpoints": [
    9711.517008304596
  ],
  "streamlines_count": [
    9034
  ],
  "avg_length": [
    60.92063903808594
  ],
  "std_length": [
    10.56210994720459
  ],
  "min_length": [
    32.2818603515625
  ],
  "max_length": [
    102.7293930053711
  ],
  "span": [
    27.27564811706543
  ],
  "curl": [
    2.2335175603020776
  ],
  "diameter": [
    28.40387432445968
  ],
  "elongation": [
    2.1448003304825503
  ],
  "surface_area": [
    18604.217446218332
  ],
  "end_surface_area_head": [
    1575.6435462954782
  ],
  "end_surface_area_tail": [
    8543.345949790646
  ],
  "radius_head": [
    5.759221342284775
  ],
  "radius_tail": [
    15.772530526351202
  ],
  "irregularity": [
    3.4223112231447077
  ],
  "irregularity_of_end_surface_head": [
    0.06613318479130816
  ],
  "irregularity_of_end_surface_tail": [
    0.09147967923341936
  ],
  "mean_curvature": [
    0.3841752430553164
  ],
  "fractal_dimension": [
    2.4619641139827246
  ]
}