{
  "volume": [
    8630.52229642868
  ],
  "volume_endpoints": [
    2034.1298341751099
  ],
  "streamlines_count": [
    3043
  ],
  "avg_length": [
    69.0916976928711
  ],
  "std_length": [
    4.584936618804932
  ],
  "min_length": [
    55.53152847290039
  ],
  "max_length": [
    84.46690368652344
  ],
  "span": [
    32.78253936767578
  ],
  "curl": [
    2.1075761373445294
  ],
  "diameter": [
    12.611323515390861
  ],
  "elongation": [
    5.478544548361762
  ],
  "surface_area": [
    5049.808414766656
  ],
  "end_surface_area_head": [
    858.8548838413877
  ],
  "end_surface_area_tail": [
    962.1757721230584
  ],
  "radius_head": [
    4.18822543063417
  ],
  "radius_tail": [
    5.20151375266846
  ],
  "irregularity": [
    1.8447541591926082
  ],
  "irregularity_of_end_surface_head": [
    0.0641638156024363
  ],
  "irregularity_of_end_surface_tail": [
    0.0883395042723249
  ],
  "mean_curvature": [
    0.3749791685292253
  ],
  "fractal_dimension": [
    2.2971239385159747
  ]
}