{
  "volume": [
    8171.390133857727
  ],
  "volume_endpoints": [
    2516.5091948509216
  ],
  "streamlines_count": [
    2130
  ],
  "avg_length": [
    71.04252624511719
  ],
  "std_length": [
    6.096018314361572
  ],
  "min_length": [
    53.34540557861328
  ],
  "max_length": [
    89.43680572509766
  ],
  "span": [
    34.347015380859375
  ],
  "curl": [
    2.0683755329933904
  ],
  "diameter": [
    12.101628984620943
  ],
  "elongation": [
    5.870492834923285
  ],
  "surface_area": [
    5282.280413400415
  ],
  "end_surface_area_head": [
    1000.921105228685
  ],
  "end_surface_area_tail": [
    1672.5068790595446
  ],
  "radius_head": [
    4.450819563257375
  ],
  "radius_tail": [
    6.252609060273521
  ],
  "irregularity": [
    1.955732032999972
  ],
  "irregularity_of_end_surface_head": [
    0.06217703417337381
  ],
  "irregularity_of_end_surface_tail": [
    0.07343523874933183
  ],
  "mean_curvature": [
    0.3787870327631632
  ],
  "fractal_dimension": [
    2.1928404377016277
  ]
}