{
  "volume": [
    13617.046289920807
  ],
  "volume_endpoints": [
    2650.1805839538574
  ],
  "streamlines_count": [
    2334
  ],
  "avg_length": [
    70.41609954833984
  ],
  "std_length": [
    6.88950777053833
  ],
  "min_length": [
    53.412418365478516
  ],
  "max_length": [
    93.51055908203125
  ],
  "span": [
    29.897855758666992
  ],
  "curl": [
    2.355222398446656
  ],
  "diameter": [
    15.691358095234
  ],
  "elongation": [
    4.487572020278322
  ],
  "surface_area": [
    7852.387509406974
  ],
  "end_surface_area_head": [
    904.0577724646187
  ],
  "end_surface_area_tail": [
    1833.945766999655
  ],
  "radius_head": [
    4.284315865705683
  ],
  "radius_tail": [
    7.804290161536638
  ],
  "irregularity": [
    2.2621393378799337
  ],
  "irregularity_of_end_surface_head": [
    0.06378471989603496
  ],
  "irregularity_of_end_surface_tail": [
    0.10433504314768083
  ],
  "mean_curvature": [
    0.38595271563826206
  ],
  "fractal_dimension": [
    2.346331671495524
  ]
}