{
  "volume": [
    9711.517008304596
  ],
  "volume_endpoints": [
    2342.1552090644836
  ],
  "streamlines_count": [
    2379
  ],
  "avg_length": [
    73.7349853515625
  ],
  "std_length": [
    5.008093357086182
  ],
  "min_length": [
    61.149383544921875
  ],
  "max_length": [
    90.64899444580078
  ],
  "span": [
    34.37766647338867
  ],
  "curl": [
    2.144851379270895
  ],
  "diameter": [
    12.94976232803102
  ],
  "elongation": [
    5.693925763560614
  ],
  "surface_area": [
    5753.681966185537
  ],
  "end_surface_area_head": [
    897.6002169470142
  ],
  "end_surface_area_tail": [
    1246.3082148976528
  ],
  "radius_head": [
    4.2673600085346735
  ],
  "radius_tail": [
    5.719821878045547
  ],
  "irregularity": [
    1.918052913604185
  ],
  "irregularity_of_end_surface_head": [
    0.06373610060097025
  ],
  "irregularity_of_end_surface_tail": [
    0.08246875233375073
  ],
  "mean_curvature": [
    0.37699886441180663
  ],
  "fractal_dimension": [
    2.241396627590179
  ]
}