{
  "volume": [
    13279.96191740036
  ],
  "volume_endpoints": [
    2504.8855957984924
  ],
  "streamlines_count": [
    2204
  ],
  "avg_length": [
    69.31218719482422
  ],
  "std_length": [
    6.855970859527588
  ],
  "min_length": [
    54.59941482543945
  ],
  "max_length": [
    92.47848510742188
  ],
  "span": [
    29.720518112182617
  ],
  "curl": [
    2.332132533262021
  ],
  "diameter": [
    15.618836272728648
  ],
  "elongation": [
    4.4377305699687195
  ],
  "surface_area": [
    7316.410401445807
  ],
  "end_surface_area_head": [
    1407.7471028377634
  ],
  "end_surface_area_tail": [
    955.718216605454
  ],
  "radius_head": [
    5.469470676564217
  ],
  "radius_tail": [
    4.378943301137776
  ],
  "irregularity": [
    2.151245178168417
  ],
  "irregularity_of_end_surface_head": [
    0.06675992299319622
  ],
  "irregularity_of_end_surface_tail": [
    0.06303164660935487
  ],
  "mean_curvature": [
    0.39244895800272045
  ],
  "fractal_dimension": [
    2.353335825506882
  ]
}