{
  "volume": [
    10478.674545764923
  ],
  "volume_endpoints": [
    1644.7392659187317
  ],
  "streamlines_count": [
    2462
  ],
  "avg_length": [
    75.24303436279297
  ],
  "std_length": [
    5.2449870109558105
  ],
  "min_length": [
    60.30620193481445
  ],
  "max_length": [
    92.10780334472656
  ],
  "span": [
    29.839237213134766
  ],
  "curl": [
    2.521613867852901
  ],
  "diameter": [
    13.316039803871135
  ],
  "elongation": [
    5.650556432019593
  ],
  "surface_area": [
    5824.715076879186
  ],
  "end_surface_area_head": [
    768.4491065949259
  ],
  "end_surface_area_tail": [
    652.2131072780463
  ],
  "radius_head": [
    4.05876694195462
  ],
  "radius_tail": [
    3.6637823787652444
  ],
  "irregularity": [
    1.8504758753405315
  ],
  "irregularity_of_end_surface_head": [
    0.06734773456879802
  ],
  "irregularity_of_end_surface_tail": [
    0.0646576162606311
  ],
  "mean_curvature": [
    0.3862224476764495
  ],
  "fractal_dimension": [
    2.349705000630847
  ]
}