{
  "volume": [
    3812.5404891967773
  ],
  "volume_endpoints": [
    1197.2307024002075
  ],
  "streamlines_count": [
    972
  ],
  "avg_length": [
    52.06232452392578
  ],
  "std_length": [
    4.158281326293945
  ],
  "min_length": [
    42.70039367675781
  ],
  "max_length": [
    66.71044921875
  ],
  "span": [
    25.438426971435547
  ],
  "curl": [
    2.046601567871545
  ],
  "diameter": [
    9.656072416524683
  ],
  "elongation": [
    5.391666743802604
  ],
  "surface_area": [
    2834.86687222834
  ],
  "end_surface_area_head": [
    833.02466177097
  ],
  "end_surface_area_tail": [
    542.4346634787712
  ],
  "radius_head": [
    3.975322047863613
  ],
  "radius_tail": [
    3.7102324112811864
  ],
  "irregularity": [
    1.7949763344815481
  ],
  "irregularity_of_end_surface_head": [
    0.05959868102928526
  ],
  "irregularity_of_end_surface_tail": [
    0.0797268614547841
  ],
  "mean_curvature": [
    0.37686426177191634
  ],
  "fractal_dimension": [
    2.1600237979520793
  ]
}