{
  "volume": [
    15064.184371948242
  ],
  "volume_endpoints": [
    3545.1977109909058
  ],
  "streamlines_count": [
    3145
  ],
  "avg_length": [
    76.42668914794922
  ],
  "std_length": [
    6.478928089141846
  ],
  "min_length": [
    58.13039016723633
  ],
  "max_length": [
    97.55071258544922
  ],
  "span": [
    34.08957290649414
  ],
  "curl": [
    2.2419374205005003
  ],
  "diameter": [
    15.841829961789262
  ],
  "elongation": [
    4.8243598960657685
  ],
  "surface_area": [
    8239.84084046324
  ],
  "end_surface_area_head": [
    865.3124393589922
  ],
  "end_surface_area_tail": [
    2447.413541172075
  ],
  "radius_head": [
    4.296533988052892
  ],
  "radius_tail": [
    7.570903438574577
  ],
  "irregularity": [
    2.166299785700635
  ],
  "irregularity_of_end_surface_head": [
    0.06702138974053679
  ],
  "irregularity_of_end_surface_tail": [
    0.07357629729608509
  ],
  "mean_curvature": [
    0.3814712926579583
  ],
  "fractal_dimension": [
    2.3721556224969564
  ]
}