{
  "volume": [
    6358.108681678772
  ],
  "volume_endpoints": [
    319.648973941803
  ],
  "streamlines_count": [
    47
  ],
  "avg_length": [
    77.42475128173828
  ],
  "std_length": [
    12.56957721710205
  ],
  "min_length": [
    55.14787673950195
  ],
  "max_length": [
    112.27268981933594
  ],
  "span": [
    28.5775089263916
  ],
  "curl": [
    2.7092897243480794
  ],
  "diameter": [
    10.22537216072744
  ],
  "elongation": [
    7.571827222005994
  ],
  "surface_area": [
    7374.528401104247
  ],
  "end_surface_area_head": [
    187.26911001052815
  ],
  "end_surface_area_tail": [
    626.3828852076286
  ],
  "radius_head": [
    2.952231855909175
  ],
  "radius_tail": [
    5.156780894657212
  ],
  "irregularity": [
    2.9650050504969876
  ],
  "irregularity_of_end_surface_head": [
    0.14621254968170047
  ],
  "irregularity_of_end_surface_tail": [
    0.13337282437130527
  ],
  "mean_curvature": [
    0.41113070224193815
  ],
  "fractal_dimension": [
    1.9106880952136864
  ]
}