{
  "volume": [
    3527.762312412262
  ],
  "volume_endpoints": [
    557.9327545166016
  ],
  "streamlines_count": [
    614
  ],
  "avg_length": [
    77.0829086303711
  ],
  "std_length": [
    2.935335636138916
  ],
  "min_length": [
    69.11811065673828
  ],
  "max_length": [
    85.99458312988281
  ],
  "span": [
    38.286155700683594
  ],
  "curl": [
    2.013336341026132
  ],
  "diameter": [
    7.633534461068676
  ],
  "elongation": [
    10.097931570689429
  ],
  "surface_area": [
    3106.0842039677254
  ],
  "end_surface_area_head": [
    335.7928869154298
  ],
  "end_surface_area_tail": [
    497.23177485554027
  ],
  "radius_head": [
    2.9190344176155083
  ],
  "radius_tail": [
    3.277414730446547
  ],
  "irregularity": [
    1.6802719904445371
  ],
  "irregularity_of_end_surface_head": [
    0.07971807661566811
  ],
  "irregularity_of_end_surface_tail": [
    0.06786624202490492
  ],
  "mean_curvature": [
    0.3225597442409891
  ],
  "fractal_dimension": [
    2.087125182450694
  ]
}