{
  "volume": [
    2923.3351616859436
  ],
  "volume_endpoints": [
    807.8401341438293
  ],
  "streamlines_count": [
    194
  ],
  "avg_length": [
    64.63432312011719
  ],
  "std_length": [
    6.852084159851074
  ],
  "min_length": [
    47.78622817993164
  ],
  "max_length": [
    83.60480499267578
  ],
  "span": [
    30.468400955200195
  ],
  "curl": [
    2.121355932500479
  ],
  "diameter": [
    7.588619228521337
  ],
  "elongation": [
    8.517270556571509
  ],
  "surface_area": [
    2796.1215391227133
  ],
  "end_surface_area_head": [
    742.6188845245082
  ],
  "end_surface_area_tail": [
    529.5195524435624
  ],
  "radius_head": [
    3.830658548724034
  ],
  "radius_tail": [
    4.217518155126632
  ],
  "irregularity": [
    1.8145970700834784
  ],
  "irregularity_of_end_surface_head": [
    0.062077006807698905
  ],
  "irregularity_of_end_surface_tail": [
    0.10553142274743155
  ],
  "mean_curvature": [
    0.33601097255637963
  ],
  "fractal_dimension": [
    2.1057334615360226
  ]
}