{
  "volume": [
    4812.1700077056885
  ],
  "volume_endpoints": [
    691.6041436195374
  ],
  "streamlines_count": [
    846
  ],
  "avg_length": [
    71.51594543457031
  ],
  "std_length": [
    4.210947036743164
  ],
  "min_length": [
    61.47056198120117
  ],
  "max_length": [
    83.96353149414062
  ],
  "span": [
    31.15056610107422
  ],
  "curl": [
    2.2958152735498474
  ],
  "diameter": [
    9.256016031397621
  ],
  "elongation": [
    7.726428432273544
  ],
  "surface_area": [
    3706.6368671049368
  ],
  "end_surface_area_head": [
    439.1137751971005
  ],
  "end_surface_area_tail": [
    529.5195524435624
  ],
  "radius_head": [
    3.3795442324604266
  ],
  "radius_tail": [
    3.4380098107601977
  ],
  "irregularity": [
    1.782391842430469
  ],
  "irregularity_of_end_surface_head": [
    0.08171260976064912
  ],
  "irregularity_of_end_surface_tail": [
    0.07012648887836409
  ],
  "mean_curvature": [
    0.3402564332382335
  ],
  "fractal_dimension": [
    2.1473738334921917
  ]
}