{
  "volume": [
    8496.850907325745
  ],
  "volume_endpoints": [
    2254.9782161712646
  ],
  "streamlines_count": [
    3116
  ],
  "avg_length": [
    73.63339233398438
  ],
  "std_length": [
    3.9631540775299072
  ],
  "min_length": [
    60.75086975097656
  ],
  "max_length": [
    86.06673431396484
  ],
  "span": [
    36.54807662963867
  ],
  "curl": [
    2.014699517026605
  ],
  "diameter": [
    12.121228929075647
  ],
  "elongation": [
    6.074746444014203
  ],
  "surface_area": [
    5295.195524435623
  ],
  "end_surface_area_head": [
    1065.496660404729
  ],
  "end_surface_area_tail": [
    929.8879945350363
  ],
  "radius_head": [
    5.0339723373613765
  ],
  "radius_tail": [
    4.305155769829518
  ],
  "irregularity": [
    1.888472502223238
  ],
  "irregularity_of_end_surface_head": [
    0.07471700055661509
  ],
  "irregularity_of_end_surface_tail": [
    0.06261767980972867
  ],
  "mean_curvature": [
    0.3472185029489238
  ],
  "fractal_dimension": [
    2.2994966159221013
  ]
}