{
  "volume": [
    8932.73587179184
  ],
  "volume_endpoints": [
    2039.9416337013245
  ],
  "streamlines_count": [
    3721
  ],
  "avg_length": [
    61.83967590332031
  ],
  "std_length": [
    4.777719020843506
  ],
  "min_length": [
    47.982398986816406
  ],
  "max_length": [
    76.94354248046875
  ],
  "span": [
    26.865766525268555
  ],
  "curl": [
    2.301802029179294
  ],
  "diameter": [
    13.561686578636914
  ],
  "elongation": [
    4.559880922239675
  ],
  "surface_area": [
    4849.624193720919
  ],
  "end_surface_area_head": [
    968.6333276406629
  ],
  "end_surface_area_tail": [
    858.8548838413877
  ],
  "radius_head": [
    4.619028478195837
  ],
  "radius_tail": [
    4.781964578818156
  ],
  "irregularity": [
    1.8406758098352085
  ],
  "irregularity_of_end_surface_head": [
    0.06919771356794167
  ],
  "irregularity_of_end_surface_tail": [
    0.0836455406938824
  ],
  "mean_curvature": [
    0.3740057489286344
  ],
  "fractal_dimension": [
    2.351623855069581
  ]
}