{
  "volume": [
    9112.901657104492
  ],
  "volume_endpoints": [
    2510.697395324707
  ],
  "streamlines_count": [
    1421
  ],
  "avg_length": [
    69.48672485351562
  ],
  "std_length": [
    7.3869805335998535
  ],
  "min_length": [
    49.26353454589844
  ],
  "max_length": [
    94.16409301757812
  ],
  "span": [
    26.232946395874023
  ],
  "curl": [
    2.648834172300396
  ],
  "diameter": [
    12.922081621534877
  ],
  "elongation": [
    5.3773630974219175
  ],
  "surface_area": [
    5482.464634446152
  ],
  "end_surface_area_head": [
    1155.9024376511911
  ],
  "end_surface_area_tail": [
    1356.086658696928
  ],
  "radius_head": [
    5.056644320056791
  ],
  "radius_tail": [
    5.06237230574621
  ],
  "irregularity": [
    1.943531768453254
  ],
  "irregularity_of_end_surface_head": [
    0.06949499159181075
  ],
  "irregularity_of_end_surface_tail": [
    0.05937048443822867
  ],
  "mean_curvature": [
    0.4173085521342971
  ],
  "fractal_dimension": [
    2.307015349758904
  ]
}