{
  "volume": [
    16900.713022232056
  ],
  "volume_endpoints": [
    3068.6301498413086
  ],
  "streamlines_count": [
    1563
  ],
  "avg_length": [
    82.06349182128906
  ],
  "std_length": [
    7.7636399269104
  ],
  "min_length": [
    61.060611724853516
  ],
  "max_length": [
    106.96611785888672
  ],
  "span": [
    34.52262878417969
  ],
  "curl": [
    2.3770927855556416
  ],
  "diameter": [
    16.19319616006546
  ],
  "elongation": [
    5.067776059161709
  ],
  "surface_area": [
    9647.587943301001
  ],
  "end_surface_area_head": [
    1349.6291031793235
  ],
  "end_surface_area_tail": [
    2279.51709771436
  ],
  "radius_head": [
    5.097591212562159
  ],
  "radius_tail": [
    8.425090674878872
  ],
  "irregularity": [
    2.310927412231795
  ],
  "irregularity_of_end_surface_head": [
    0.06048747406299808
  ],
  "irregularity_of_end_surface_tail": [
    0.09782642571410172
  ],
  "mean_curvature": [
    0.3966012842862635
  ],
  "fractal_dimension": [
    2.3850834684207354
  ]
}