{
  "volume": [
    14395.827426433563
  ],
  "volume_endpoints": [
    3882.2820835113525
  ],
  "streamlines_count": [
    2971
  ],
  "avg_length": [
    74.8050537109375
  ],
  "std_length": [
    7.91743803024292
  ],
  "min_length": [
    53.07109069824219
  ],
  "max_length": [
    101.06368255615234
  ],
  "span": [
    29.833293914794922
  ],
  "curl": [
    2.507435281018037
  ],
  "diameter": [
    15.65337197684452
  ],
  "elongation": [
    4.778845977824712
  ],
  "surface_area": [
    8743.530170836384
  ],
  "end_surface_area_head": [
    1297.968659038488
  ],
  "end_surface_area_tail": [
    2880.069760851571
  ],
  "radius_head": [
    5.1406765334747675
  ],
  "radius_tail": [
    7.089747870330923
  ],
  "irregularity": [
    2.376829863623408
  ],
  "irregularity_of_end_surface_head": [
    0.06396261663671425
  ],
  "irregularity_of_end_surface_tail": [
    0.0548287628994587
  ],
  "mean_curvature": [
    0.38811503889904964
  ],
  "fractal_dimension": [
    2.3641793893367216
  ]
}