{
  "volume": [
    10536.79254102707
  ],
  "volume_endpoints": [
    2929.146961212158
  ],
  "streamlines_count": [
    2546
  ],
  "avg_length": [
    75.30625915527344
  ],
  "std_length": [
    7.341519355773926
  ],
  "min_length": [
    56.57365417480469
  ],
  "max_length": [
    97.5979995727539
  ],
  "span": [
    28.016204833984375
  ],
  "curl": [
    2.6879536183260986
  ],
  "diameter": [
    13.347309672747325
  ],
  "elongation": [
    5.642055290665394
  ],
  "surface_area": [
    6489.8432951924415
  ],
  "end_surface_area_head": [
    1136.5297710983778
  ],
  "end_surface_area_tail": [
    1814.5731004468416
  ],
  "radius_head": [
    4.906222423969964
  ],
  "radius_tail": [
    6.10095913992533
  ],
  "irregularity": [
    2.0552257209975644
  ],
  "irregularity_of_end_surface_head": [
    0.06653704700368847
  ],
  "irregularity_of_end_surface_tail": [
    0.06444238971143885
  ],
  "mean_curvature": [
    0.38776988578844707
  ],
  "fractal_dimension": [
    2.3121199324422013
  ]
}