{
  "volume": [
    14575.993211746216
  ],
  "volume_endpoints": [
    3893.9056825637817
  ],
  "streamlines_count": [
    2639
  ],
  "avg_length": [
    78.43701171875
  ],
  "std_length": [
    6.420127868652344
  ],
  "min_length": [
    59.59211349487305
  ],
  "max_length": [
    98.56192779541016
  ],
  "span": [
    35.068519592285156
  ],
  "curl": [
    2.2366787258395027
  ],
  "diameter": [
    15.382028730363572
  ],
  "elongation": [
    5.099263113708672
  ],
  "surface_area": [
    8433.567505991372
  ],
  "end_surface_area_head": [
    1252.7657704152573
  ],
  "end_surface_area_tail": [
    2763.8337615346913
  ],
  "radius_head": [
    5.049700265188629
  ],
  "radius_tail": [
    8.712381866977257
  ],
  "irregularity": [
    2.2249835018460247
  ],
  "irregularity_of_end_surface_head": [
    0.06394567780422437
  ],
  "irregularity_of_end_surface_tail": [
    0.08628032254369333
  ],
  "mean_curvature": [
    0.391114645956953
  ],
  "fractal_dimension": [
    2.338593990232615
  ]
}