{
  "volume": [
    10682.087529182434
  ],
  "volume_endpoints": [
    2284.0372138023376
  ],
  "streamlines_count": [
    2753
  ],
  "avg_length": [
    74.90119171142578
  ],
  "std_length": [
    4.521450996398926
  ],
  "min_length": [
    61.76742172241211
  ],
  "max_length": [
    90.38267517089844
  ],
  "span": [
    36.27518844604492
  ],
  "curl": [
    2.0648050339650887
  ],
  "diameter": [
    13.475309898459177
  ],
  "elongation": [
    5.558402164835578
  ],
  "surface_area": [
    6186.338185865034
  ],
  "end_surface_area_head": [
    1110.69954902796
  ],
  "end_surface_area_tail": [
    1188.190215239213
  ],
  "radius_head": [
    5.025974692443136
  ],
  "radius_tail": [
    4.802228325001471
  ],
  "irregularity": [
    1.9509956261700692
  ],
  "irregularity_of_end_surface_head": [
    0.07144862444854144
  ],
  "irregularity_of_end_surface_tail": [
    0.06097467737709917
  ],
  "mean_curvature": [
    0.37582912380765493
  ],
  "fractal_dimension": [
    2.288920770014483
  ]
}