{
  "volume": [
    13152.102327823639
  ],
  "volume_endpoints": [
    2719.9221782684326
  ],
  "streamlines_count": [
    3591
  ],
  "avg_length": [
    75.54816436767578
  ],
  "std_length": [
    7.535837650299072
  ],
  "min_length": [
    58.986183166503906
  ],
  "max_length": [
    98.20845794677734
  ],
  "span": [
    36.11326599121094
  ],
  "curl": [
    2.091978177383965
  ],
  "diameter": [
    14.888148454594734
  ],
  "elongation": [
    5.074382795018432
  ],
  "surface_area": [
    7490.764400421126
  ],
  "end_surface_area_head": [
    1155.9024376511911
  ],
  "end_surface_area_tail": [
    1762.9126563060063
  ],
  "radius_head": [
    5.13524945408859
  ],
  "radius_tail": [
    6.050264580432294
  ],
  "irregularity": [
    2.1198818571372375
  ],
  "irregularity_of_end_surface_head": [
    0.07167237291912566
  ],
  "irregularity_of_end_surface_tail": [
    0.06523306896645352
  ],
  "mean_curvature": [
    0.3794266023167127
  ],
  "fractal_dimension": [
    2.3034140768117033
  ]
}