{
  "volume": [
    8723.511088848114
  ],
  "volume_endpoints": [
    1865.5876479148865
  ],
  "streamlines_count": [
    2627
  ],
  "avg_length": [
    70.0775375366211
  ],
  "std_length": [
    5.338373184204102
  ],
  "min_length": [
    54.540672302246094
  ],
  "max_length": [
    89.00409698486328
  ],
  "span": [
    33.47781753540039
  ],
  "curl": [
    2.093252866992274
  ],
  "diameter": [
    12.589581733807837
  ],
  "elongation": [
    5.566311813873541
  ],
  "surface_area": [
    5127.2990809779085
  ],
  "end_surface_area_head": [
    1052.5815493695204
  ],
  "end_surface_area_tail": [
    736.1613290069038
  ],
  "radius_head": [
    4.813620226483738
  ],
  "radius_tail": [
    4.445953509330379
  ],
  "irregularity": [
    1.8499016679238465
  ],
  "irregularity_of_end_surface_head": [
    0.06915725810905964
  ],
  "irregularity_of_end_surface_tail": [
    0.08435419918278765
  ],
  "mean_curvature": [
    0.3681168814870764
  ],
  "fractal_dimension": [
    2.3129758499615725
  ]
}