{
  "volume": [
    10641.404932498932
  ],
  "volume_endpoints": [
    2115.4950275421143
  ],
  "streamlines_count": [
    1354
  ],
  "avg_length": [
    78.12498474121094
  ],
  "std_length": [
    7.289975643157959
  ],
  "min_length": [
    57.54877853393555
  ],
  "max_length": [
    103.1412582397461
  ],
  "span": [
    35.19856262207031
  ],
  "curl": [
    2.2195504282389296
  ],
  "diameter": [
    13.16920539702749
  ],
  "elongation": [
    5.932399289545978
  ],
  "surface_area": [
    6309.031740699517
  ],
  "end_surface_area_head": [
    1233.3931038624441
  ],
  "end_surface_area_tail": [
    897.6002169470142
  ],
  "radius_head": [
    4.91537690810444
  ],
  "radius_tail": [
    5.008713598768845
  ],
  "irregularity": [
    1.9519258823591938
  ],
  "irregularity_of_end_surface_head": [
    0.06154063973719133
  ],
  "irregularity_of_end_surface_tail": [
    0.08780501515216399
  ],
  "mean_curvature": [
    0.38691493915050035
  ],
  "fractal_dimension": [
    2.308343950992783
  ]
}