{
  "volume": [
    8328.308721065521
  ],
  "volume_endpoints": [
    1935.3292422294617
  ],
  "streamlines_count": [
    2192
  ],
  "avg_length": [
    70.62088012695312
  ],
  "std_length": [
    5.552744388580322
  ],
  "min_length": [
    54.599185943603516
  ],
  "max_length": [
    89.58733367919922
  ],
  "span": [
    27.809093475341797
  ],
  "curl": [
    2.539488753546474
  ],
  "diameter": [
    12.253690426480398
  ],
  "elongation": [
    5.763233578542216
  ],
  "surface_area": [
    4998.147970625821
  ],
  "end_surface_area_head": [
    1091.3268824751467
  ],
  "end_surface_area_tail": [
    703.8735514188817
  ],
  "radius_head": [
    4.6908875679179
  ],
  "radius_tail": [
    4.128961959015508
  ],
  "irregularity": [
    1.8384812567909434
  ],
  "irregularity_of_end_surface_head": [
    0.06334393913267476
  ],
  "irregularity_of_end_surface_tail": [
    0.07609164786524235
  ],
  "mean_curvature": [
    0.38312239572405815
  ],
  "fractal_dimension": [
    2.3206368282631673
  ]
}