{
  "volume": [
    9490.668626308441
  ],
  "volume_endpoints": [
    2063.188831806183
  ],
  "streamlines_count": [
    1463
  ],
  "avg_length": [
    85.8208999633789
  ],
  "std_length": [
    5.756351947784424
  ],
  "min_length": [
    68.98675537109375
  ],
  "max_length": [
    102.69818115234375
  ],
  "span": [
    40.12019348144531
  ],
  "curl": [
    2.1390948676024992
  ],
  "diameter": [
    11.86607071239115
  ],
  "elongation": [
    7.2324615320015235
  ],
  "surface_area": [
    5889.29063205523
  ],
  "end_surface_area_head": [
    1278.595992485675
  ],
  "end_surface_area_tail": [
    774.9066621125303
  ],
  "radius_head": [
    5.023607045721598
  ],
  "radius_tail": [
    4.842606653503652
  ],
  "irregularity": [
    1.840827602284862
  ],
  "irregularity_of_end_surface_head": [
    0.0620080188004458
  ],
  "irregularity_of_end_surface_tail": [
    0.09507336529039857
  ],
  "mean_curvature": [
    0.3770143922395439
  ],
  "fractal_dimension": [
    2.2794960781894535
  ]
}