{
  "volume": [
    10879.68871307373
  ],
  "volume_endpoints": [
    1912.0820441246033
  ],
  "streamlines_count": [
    2379
  ],
  "avg_length": [
    79.88153839111328
  ],
  "std_length": [
    5.7297749519348145
  ],
  "min_length": [
    66.0614013671875
  ],
  "max_length": [
    99.5553207397461
  ],
  "span": [
    37.4514045715332
  ],
  "curl": [
    2.132938385222305
  ],
  "diameter": [
    13.168614494657554
  ],
  "elongation": [
    6.066054893134039
  ],
  "surface_area": [
    6102.389964136176
  ],
  "end_surface_area_head": [
    1013.8362162638938
  ],
  "end_surface_area_tail": [
    910.5153279822231
  ],
  "radius_head": [
    4.603861549097021
  ],
  "radius_tail": [
    4.519618662243772
  ],
  "irregularity": [
    1.846560665775545
  ],
  "irregularity_of_end_surface_head": [
    0.06567900745617734
  ],
  "irregularity_of_end_surface_tail": [
    0.07048004909220179
  ],
  "mean_curvature": [
    0.3786608525037064
  ],
  "fractal_dimension": [
    2.3009549576188233
  ]
}