{
  "volume": [
    9577.84561920166
  ],
  "volume_endpoints": [
    2778.0401735305786
  ],
  "streamlines_count": [
    2876
  ],
  "avg_length": [
    61.52638626098633
  ],
  "std_length": [
    6.719341278076172
  ],
  "min_length": [
    45.58828353881836
  ],
  "max_length": [
    84.51722717285156
  ],
  "span": [
    29.290790557861328
  ],
  "curl": [
    2.100536895357825
  ],
  "diameter": [
    14.078561158203343
  ],
  "elongation": [
    4.370218346150802
  ],
  "surface_area": [
    5230.619969259579
  ],
  "end_surface_area_head": [
    1265.6808814504661
  ],
  "end_surface_area_tail": [
    1252.7657704152573
  ],
  "radius_head": [
    5.145860080815668
  ],
  "radius_tail": [
    5.38242383786578
  ],
  "irregularity": [
    1.9221337986725329
  ],
  "irregularity_of_end_surface_head": [
    0.06572666541677703
  ],
  "irregularity_of_end_surface_tail": [
    0.07265002708533809
  ],
  "mean_curvature": [
    0.3750053208751373
  ],
  "fractal_dimension": [
    2.363456660746168
  ]
}