{
  "volume": [
    11513.174861431122
  ],
  "volume_endpoints": [
    2481.638397693634
  ],
  "streamlines_count": [
    2165
  ],
  "avg_length": [
    83.3330078125
  ],
  "std_length": [
    4.701383113861084
  ],
  "min_length": [
    70.31327819824219
  ],
  "max_length": [
    98.69142150878906
  ],
  "span": [
    38.6430778503418
  ],
  "curl": [
    2.156479567575721
  ],
  "diameter": [
    13.263070586142238
  ],
  "elongation": [
    6.283085600069829
  ],
  "surface_area": [
    6954.78729245996
  ],
  "end_surface_area_head": [
    891.1426614294098
  ],
  "end_surface_area_tail": [
    1698.3371011299623
  ],
  "radius_head": [
    4.294780293687857
  ],
  "radius_tail": [
    5.303668299142801
  ],
  "irregularity": [
    2.002962603315216
  ],
  "irregularity_of_end_surface_head": [
    0.06502562588916194
  ],
  "irregularity_of_end_surface_tail": [
    0.052032978289464835
  ],
  "mean_curvature": [
    0.36938638460002926
  ],
  "fractal_dimension": [
    2.2612815850538146
  ]
}