{
  "volume": [
    7915.670954704285
  ],
  "volume_endpoints": [
    2214.2956194877625
  ],
  "streamlines_count": [
    3070
  ],
  "avg_length": [
    57.58237075805664
  ],
  "std_length": [
    4.179676532745361
  ],
  "min_length": [
    45.11410903930664
  ],
  "max_length": [
    72.10175323486328
  ],
  "span": [
    25.85831642150879
  ],
  "curl": [
    2.226841447038678
  ],
  "diameter": [
    13.229826689007297
  ],
  "elongation": [
    4.352465993065654
  ],
  "surface_area": [
    4617.152195087159
  ],
  "end_surface_area_head": [
    1052.5815493695204
  ],
  "end_surface_area_tail": [
    923.4304390174319
  ],
  "radius_head": [
    4.750199882207022
  ],
  "radius_tail": [
    4.238441402623094
  ],
  "irregularity": [
    1.929214961287344
  ],
  "irregularity_of_end_surface_head": [
    0.06734694326068262
  ],
  "irregularity_of_end_surface_tail": [
    0.06111644061336991
  ],
  "mean_curvature": [
    0.3801873601123642
  ],
  "fractal_dimension": [
    2.345336475137313
  ]
}