{
  "volume": [
    11030.79550075531
  ],
  "volume_endpoints": [
    2958.205958843231
  ],
  "streamlines_count": [
    3645
  ],
  "avg_length": [
    60.913330078125
  ],
  "std_length": [
    5.094552040100098
  ],
  "min_length": [
    46.214298248291016
  ],
  "max_length": [
    76.84659576416016
  ],
  "span": [
    27.574180603027344
  ],
  "curl": [
    2.2090712668878867
  ],
  "diameter": [
    15.184563240239761
  ],
  "elongation": [
    4.011529940927243
  ],
  "surface_area": [
    5876.375521020022
  ],
  "end_surface_area_head": [
    936.3455500526408
  ],
  "end_surface_area_tail": [
    1808.1155449292373
  ],
  "radius_head": [
    4.325751253664089
  ],
  "radius_tail": [
    5.867089747088307
  ],
  "irregularity": [
    2.0222973881669626
  ],
  "irregularity_of_end_surface_head": [
    0.06278223995504732
  ],
  "irregularity_of_end_surface_tail": [
    0.05980936008336215
  ],
  "mean_curvature": [
    0.37534295908381093
  ],
  "fractal_dimension": [
    2.38300234844871
  ]
}