{
  "volume": [
    10124.154774665833
  ],
  "volume_endpoints": [
    1801.6578531265259
  ],
  "streamlines_count": [
    1583
  ],
  "avg_length": [
    73.51736450195312
  ],
  "std_length": [
    7.002080917358398
  ],
  "min_length": [
    55.173587799072266
  ],
  "max_length": [
    95.0490493774414
  ],
  "span": [
    27.1571044921875
  ],
  "curl": [
    2.707113511423961
  ],
  "diameter": [
    13.241570050277318
  ],
  "elongation": [
    5.55201265581142
  ],
  "surface_area": [
    6315.489296217122
  ],
  "end_surface_area_head": [
    962.1757721230584
  ],
  "end_surface_area_tail": [
    1046.1239938519159
  ],
  "radius_head": [
    4.197208042961704
  ],
  "radius_tail": [
    4.876214183239877
  ],
  "irregularity": [
    2.0650364346192016
  ],
  "irregularity_of_end_surface_head": [
    0.0575196783073672
  ],
  "irregularity_of_end_surface_tail": [
    0.07140559728351564
  ],
  "mean_curvature": [
    0.38186118499960087
  ],
  "fractal_dimension": [
    2.2895294204263843
  ]
}