{
  "volume": [
    16604.31124639511
  ],
  "volume_endpoints": [
    4068.2596683502197
  ],
  "streamlines_count": [
    3312
  ],
  "avg_length": [
    76.69877624511719
  ],
  "std_length": [
    7.4163713455200195
  ],
  "min_length": [
    56.5373420715332
  ],
  "max_length": [
    98.42173767089844
  ],
  "span": [
    33.98366165161133
  ],
  "curl": [
    2.2569309049568096
  ],
  "diameter": [
    16.602415356565498
  ],
  "elongation": [
    4.619736020204212
  ],
  "surface_area": [
    8930.799280846912
  ],
  "end_surface_area_head": [
    1026.7513272991027
  ],
  "end_surface_area_tail": [
    3047.966204309286
  ],
  "radius_head": [
    4.50682801019488
  ],
  "radius_tail": [
    7.91925826871525
  ],
  "irregularity": [
    2.2324448892592237
  ],
  "irregularity_of_end_surface_head": [
    0.06214791590239621
  ],
  "irregularity_of_end_surface_tail": [
    0.0646411000981245
  ],
  "mean_curvature": [
    0.3758598702379327
  ],
  "fractal_dimension": [
    2.3766327103315565
  ]
}