{
  "volume": [
    11763.08224105835
  ],
  "volume_endpoints": [
    2894.2761640548706
  ],
  "streamlines_count": [
    3443
  ],
  "avg_length": [
    68.17198944091797
  ],
  "std_length": [
    7.297669887542725
  ],
  "min_length": [
    48.28620910644531
  ],
  "max_length": [
    91.71281433105469
  ],
  "span": [
    27.332948684692383
  ],
  "curl": [
    2.4941322733722173
  ],
  "diameter": [
    14.822199076936192
  ],
  "elongation": [
    4.599316814398731
  ],
  "surface_area": [
    6799.805960037454
  ],
  "end_surface_area_head": [
    871.7699948765966
  ],
  "end_surface_area_tail": [
    1737.0824342355886
  ],
  "radius_head": [
    4.230376516536298
  ],
  "radius_tail": [
    6.2529754133340205
  ],
  "irregularity": [
    2.142042271718918
  ],
  "irregularity_of_end_surface_head": [
    0.06449202309807212
  ],
  "irregularity_of_end_surface_tail": [
    0.07071359000074467
  ],
  "mean_curvature": [
    0.37947043283990467
  ],
  "fractal_dimension": [
    2.3596255522092116
  ]
}