{
  "volume": [
    5614.198342323303
  ],
  "volume_endpoints": [
    1046.123914718628
  ],
  "streamlines_count": [
    1222
  ],
  "avg_length": [
    87.89707946777344
  ],
  "std_length": [
    4.507920265197754
  ],
  "min_length": [
    71.79916381835938
  ],
  "max_length": [
    100.60490417480469
  ],
  "span": [
    43.888755798339844
  ],
  "curl": [
    2.0027243395015146
  ],
  "diameter": [
    9.018030764964204
  ],
  "elongation": [
    9.746815214831699
  ],
  "surface_area": [
    4061.8024205731795
  ],
  "end_surface_area_head": [
    755.533995559717
  ],
  "end_surface_area_tail": [
    439.1137751971005
  ],
  "radius_head": [
    4.0175778580075185
  ],
  "radius_tail": [
    3.8570278851084376
  ],
  "irregularity": [
    1.6311081723725123
  ],
  "irregularity_of_end_surface_head": [
    0.0671157528381739
  ],
  "irregularity_of_end_surface_tail": [
    0.10643350609062092
  ],
  "mean_curvature": [
    0.3415861497777964
  ],
  "fractal_dimension": [
    2.1741626645851615
  ]
}