{
  "volume": [
    6166.31929731369
  ],
  "volume_endpoints": [
    1365.772888660431
  ],
  "streamlines_count": [
    2692
  ],
  "avg_length": [
    69.90113067626953
  ],
  "std_length": [
    4.75008487701416
  ],
  "min_length": [
    56.74591827392578
  ],
  "max_length": [
    85.63624572753906
  ],
  "span": [
    34.90727615356445
  ],
  "curl": [
    2.002480238468328
  ],
  "diameter": [
    10.598049985799973
  ],
  "elongation": [
    6.595659651532884
  ],
  "surface_area": [
    4268.444197136521
  ],
  "end_surface_area_head": [
    639.2979962428375
  ],
  "end_surface_area_tail": [
    904.0577724646187
  ],
  "radius_head": [
    3.8047661546747102
  ],
  "radius_tail": [
    5.637905173422324
  ],
  "irregularity": [
    1.8340432428855054
  ],
  "irregularity_of_end_surface_head": [
    0.0711381339465279
  ],
  "irregularity_of_end_surface_tail": [
    0.1104559772461078
  ],
  "mean_curvature": [
    0.33104178942131074
  ],
  "fractal_dimension": [
    2.2223954271779376
  ]
}