{
  "volume": [
    8932.73587179184
  ],
  "volume_endpoints": [
    2336.343409538269
  ],
  "streamlines_count": [
    3647
  ],
  "avg_length": [
    68.85562133789062
  ],
  "std_length": [
    5.171121120452881
  ],
  "min_length": [
    54.08222198486328
  ],
  "max_length": [
    84.87088012695312
  ],
  "span": [
    32.92804718017578
  ],
  "curl": [
    2.0910933758423704
  ],
  "diameter": [
    12.852203836493711
  ],
  "elongation": [
    5.357495275819991
  ],
  "surface_area": [
    5327.483302023646
  ],
  "end_surface_area_head": [
    1026.7513272991027
  ],
  "end_surface_area_tail": [
    1110.69954902796
  ],
  "radius_head": [
    4.821893862169163
  ],
  "radius_tail": [
    4.902417302672499
  ],
  "irregularity": [
    1.9162634582463576
  ],
  "irregularity_of_end_surface_head": [
    0.07114098810324573
  ],
  "irregularity_of_end_surface_tail": [
    0.06797885260988198
  ],
  "mean_curvature": [
    0.34928454143693094
  ],
  "fractal_dimension": [
    2.348108249324637
  ]
}