{
  "volume": [
    11530.610260009766
  ],
  "volume_endpoints": [
    2435.1440014839172
  ],
  "streamlines_count": [
    1311
  ],
  "avg_length": [
    87.72793579101562
  ],
  "std_length": [
    4.889712333679199
  ],
  "min_length": [
    73.53578186035156
  ],
  "max_length": [
    102.9239501953125
  ],
  "span": [
    38.80827331542969
  ],
  "curl": [
    2.2605472569720355
  ],
  "diameter": [
    12.936364695859625
  ],
  "elongation": [
    6.781498346215732
  ],
  "surface_area": [
    7813.642176301347
  ],
  "end_surface_area_head": [
    587.6375521020021
  ],
  "end_surface_area_tail": [
    2499.0739853129103
  ],
  "radius_head": [
    4.184446894242169
  ],
  "radius_tail": [
    7.636378965335279
  ],
  "irregularity": [
    2.1915606051257455
  ],
  "irregularity_of_end_surface_head": [
    0.0936087514651836
  ],
  "irregularity_of_end_surface_tail": [
    0.07330704347086045
  ],
  "mean_curvature": [
    0.35635993793936377
  ],
  "fractal_dimension": [
    2.273994473047391
  ]
}