{
  "volume": [
    25746.271901130676
  ],
  "volume_endpoints": [
    8467.791909694672
  ],
  "streamlines_count": [
    9089
  ],
  "avg_length": [
    56.39479064941406
  ],
  "std_length": [
    9.860614776611328
  ],
  "min_length": [
    25.48610496520996
  ],
  "max_length": [
    96.1277084350586
  ],
  "span": [
    25.384521484375
  ],
  "curl": [
    2.221621182976677
  ],
  "diameter": [
    24.109751862239623
  ],
  "elongation": [
    2.33908631543151
  ],
  "surface_area": [
    13011.974367972904
  ],
  "end_surface_area_head": [
    1452.9499914609942
  ],
  "end_surface_area_tail": [
    6683.569960720573
  ],
  "radius_head": [
    5.457200694998855
  ],
  "radius_tail": [
    14.524170129570697
  ],
  "irregularity": [
    3.0462223273952116
  ],
  "irregularity_of_end_surface_head": [
    0.06439305910407027
  ],
  "irregularity_of_end_surface_tail": [
    0.09915714849379846
  ],
  "mean_curvature": [
    0.38655600681637026
  ],
  "fractal_dimension": [
    2.4284454246253815
  ]
}