{
  "volume": [
    9647.587213516235
  ],
  "volume_endpoints": [
    1226.2897000312805
  ],
  "streamlines_count": [
    581
  ],
  "avg_length": [
    62.61349105834961
  ],
  "std_length": [
    6.273483753204346
  ],
  "min_length": [
    45.95058822631836
  ],
  "max_length": [
    82.27172088623047
  ],
  "span": [
    26.190988540649414
  ],
  "curl": [
    2.390650164317818
  ],
  "diameter": [
    14.0065267978779
  ],
  "elongation": [
    4.470308161466271
  ],
  "surface_area": [
    5191.874636153952
  ],
  "end_surface_area_head": [
    904.0577724646187
  ],
  "end_surface_area_tail": [
    697.4159959012773
  ],
  "radius_head": [
    4.402092227739665
  ],
  "radius_tail": [
    4.40827750603131
  ],
  "irregularity": [
    1.8844123824201418
  ],
  "irregularity_of_end_surface_head": [
    0.0673398217901518
  ],
  "irregularity_of_end_surface_tail": [
    0.08753783888517525
  ],
  "mean_curvature": [
    0.4072796114545681
  ],
  "fractal_dimension": [
    2.3754207836080163
  ]
}