{
  "volume": [
    12379.132990837097
  ],
  "volume_endpoints": [
    1708.6690607070923
  ],
  "streamlines_count": [
    1411
  ],
  "avg_length": [
    57.717132568359375
  ],
  "std_length": [
    7.038612365722656
  ],
  "min_length": [
    42.66351318359375
  ],
  "max_length": [
    79.67259216308594
  ],
  "span": [
    24.410511016845703
  ],
  "curl": [
    2.364437701796933
  ],
  "diameter": [
    16.52524093759516
  ],
  "elongation": [
    3.4926651167337637
  ],
  "surface_area": [
    6160.5079637946155
  ],
  "end_surface_area_head": [
    858.8548838413877
  ],
  "end_surface_area_tail": [
    949.2606610878496
  ],
  "radius_head": [
    4.489246965177193
  ],
  "radius_tail": [
    4.1662282628510106
  ],
  "irregularity": [
    2.055957361372439
  ],
  "irregularity_of_end_surface_head": [
    0.0737185999461262
  ],
  "irregularity_of_end_surface_tail": [
    0.05744477210409656
  ],
  "mean_curvature": [
    0.4196620048528694
  ],
  "fractal_dimension": [
    2.4436357101248456
  ]
}