{
  "volume": [
    19475.340212345123
  ],
  "volume_endpoints": [
    4318.1670479774475
  ],
  "streamlines_count": [
    2956
  ],
  "avg_length": [
    92.02991485595703
  ],
  "std_length": [
    6.770270347595215
  ],
  "min_length": [
    74.69631958007812
  ],
  "max_length": [
    113.8376235961914
  ],
  "span": [
    41.213504791259766
  ],
  "curl": [
    2.2330038496379956
  ],
  "diameter": [
    16.41470475803117
  ],
  "elongation": [
    5.606553161483446
  ],
  "surface_area": [
    10106.074385050915
  ],
  "end_surface_area_head": [
    1162.3599931687954
  ],
  "end_surface_area_tail": [
    2783.2064280875047
  ],
  "radius_head": [
    5.088910406858649
  ],
  "radius_tail": [
    8.175131480305867
  ],
  "irregularity": [
    2.129465075893233
  ],
  "irregularity_of_end_surface_head": [
    0.06999368019190526
  ],
  "irregularity_of_end_surface_tail": [
    0.07543865663768046
  ],
  "mean_curvature": [
    0.3684717246680363
  ],
  "fractal_dimension": [
    2.4027519951261795
  ]
}