{
  "volume": [
    16691.48823928833
  ],
  "volume_endpoints": [
    3777.6696920394897
  ],
  "streamlines_count": [
    4012
  ],
  "avg_length": [
    79.33195495605469
  ],
  "std_length": [
    9.902101516723633
  ],
  "min_length": [
    57.44612121582031
  ],
  "max_length": [
    109.34539794921875
  ],
  "span": [
    33.790199279785156
  ],
  "curl": [
    2.3477800263674293
  ],
  "diameter": [
    16.36735534840472
  ],
  "elongation": [
    4.846962338591064
  ],
  "surface_area": [
    8543.345949790646
  ],
  "end_surface_area_head": [
    1000.921105228685
  ],
  "end_surface_area_tail": [
    2621.7675401473944
  ],
  "radius_head": [
    4.733593854630554
  ],
  "radius_tail": [
    7.179367639266015
  ],
  "irregularity": [
    2.0943605659955775
  ],
  "irregularity_of_end_surface_head": [
    0.07032860625101885
  ],
  "irregularity_of_end_surface_tail": [
    0.06176295649050181
  ],
  "mean_curvature": [
    0.38335809644203955
  ],
  "fractal_dimension": [
    2.4040900178560887
  ]
}