{
  "volume": [
    5730.434332847595
  ],
  "volume_endpoints": [
    1232.1014995574951
  ],
  "streamlines_count": [
    474
  ],
  "avg_length": [
    63.352630615234375
  ],
  "std_length": [
    8.097764015197754
  ],
  "min_length": [
    42.40020751953125
  ],
  "max_length": [
    83.81732940673828
  ],
  "span": [
    29.64596939086914
  ],
  "curl": [
    2.136972813401972
  ],
  "diameter": [
    10.731650066154423
  ],
  "elongation": [
    5.903344800166051
  ],
  "surface_area": [
    4294.274419206939
  ],
  "end_surface_area_head": [
    1097.7844379927512
  ],
  "end_surface_area_tail": [
    510.1468858907491
  ],
  "radius_head": [
    4.80214517107031
  ],
  "radius_tail": [
    4.344994100865722
  ],
  "irregularity": [
    2.0105217021161983
  ],
  "irregularity_of_end_surface_head": [
    0.06599383587847958
  ],
  "irregularity_of_end_surface_tail": [
    0.11626072183999688
  ],
  "mean_curvature": [
    0.3561590576725167
  ],
  "fractal_dimension": [
    2.2418163676328997
  ]
}