{
  "volume": [
    8502.66270685196
  ],
  "volume_endpoints": [
    1092.6183109283447
  ],
  "streamlines_count": [
    302
  ],
  "avg_length": [
    87.93022918701172
  ],
  "std_length": [
    7.098434925079346
  ],
  "min_length": [
    69.66344451904297
  ],
  "max_length": [
    109.17529296875
  ],
  "span": [
    30.141393661499023
  ],
  "curl": [
    2.917258245405189
  ],
  "diameter": [
    11.09592295208031
  ],
  "elongation": [
    7.9245529701994
  ],
  "surface_area": [
    5960.323742748878
  ],
  "end_surface_area_head": [
    878.227550394201
  ],
  "end_surface_area_tail": [
    761.9915510773214
  ],
  "radius_head": [
    4.838359198396874
  ],
  "radius_tail": [
    4.525767327491764
  ],
  "irregularity": [
    1.9445465291037796
  ],
  "irregularity_of_end_surface_head": [
    0.08374117106878741
  ],
  "irregularity_of_end_surface_tail": [
    0.08444698768857174
  ],
  "mean_curvature": [
    0.3759338485681458
  ],
  "fractal_dimension": [
    2.2469917346072035
  ]
}