{
  "volume": [
    7944.729952335358
  ],
  "volume_endpoints": [
    1650.5510654449463
  ],
  "streamlines_count": [
    1411
  ],
  "avg_length": [
    84.23257446289062
  ],
  "std_length": [
    5.430742263793945
  ],
  "min_length": [
    69.19215393066406
  ],
  "max_length": [
    101.7127685546875
  ],
  "span": [
    38.86628723144531
  ],
  "curl": [
    2.1672400546338033
  ],
  "diameter": [
    10.958587809763648
  ],
  "elongation": [
    7.686444268653201
  ],
  "surface_area": [
    5495.37974548136
  ],
  "end_surface_area_head": [
    1059.0391048871247
  ],
  "end_surface_area_tail": [
    607.0102186548154
  ],
  "radius_head": [
    4.757860334104551
  ],
  "radius_tail": [
    5.2401576865611315
  ],
  "irregularity": [
    1.8950172583006397
  ],
  "irregularity_of_end_surface_head": [
    0.06715235605192767
  ],
  "irregularity_of_end_surface_tail": [
    0.14211587140929427
  ],
  "mean_curvature": [
    0.3509656807828845
  ],
  "fractal_dimension": [
    2.1869939545535466
  ]
}