{
  "volume": [
    8985.042067527771
  ],
  "volume_endpoints": [
    2307.284411907196
  ],
  "streamlines_count": [
    2817
  ],
  "avg_length": [
    70.54171752929688
  ],
  "std_length": [
    5.678842544555664
  ],
  "min_length": [
    56.07509994506836
  ],
  "max_length": [
    90.41456604003906
  ],
  "span": [
    29.516206741333008
  ],
  "curl": [
    2.389931678805929
  ],
  "diameter": [
    12.734799213759002
  ],
  "elongation": [
    5.539287769302385
  ],
  "surface_area": [
    5566.412856175009
  ],
  "end_surface_area_head": [
    1130.0722155807734
  ],
  "end_surface_area_tail": [
    1310.8837700736972
  ],
  "radius_head": [
    4.882637822227537
  ],
  "radius_tail": [
    6.078086797499177
  ],
  "irregularity": [
    1.972365558544905
  ],
  "irregularity_of_end_surface_head": [
    0.06627545184703462
  ],
  "irregularity_of_end_surface_tail": [
    0.08853591531377468
  ],
  "mean_curvature": [
    0.35854163119502636
  ],
  "fractal_dimension": [
    2.3122170236756623
  ]
}