{
  "volume": [
    21538.529044151306
  ],
  "volume_endpoints": [
    7584.3983817100525
  ],
  "streamlines_count": [
    6445
  ],
  "avg_length": [
    57.12254333496094
  ],
  "std_length": [
    8.99168872833252
  ],
  "min_length": [
    30.008081436157227
  ],
  "max_length": [
    85.00416564941406
  ],
  "span": [
    27.476577758789062
  ],
  "curl": [
    2.078954076320108
  ],
  "diameter": [
    21.910854328320074
  ],
  "elongation": [
    2.60704317955915
  ],
  "surface_area": [
    11268.434378219712
  ],
  "end_surface_area_head": [
    1278.595992485675
  ],
  "end_surface_area_tail": [
    7245.377290752158
  ],
  "radius_head": [
    5.130687907364624
  ],
  "radius_tail": [
    12.579496408847245
  ],
  "irregularity": [
    2.865806477119326
  ],
  "irregularity_of_end_surface_head": [
    0.06467966020353057
  ],
  "irregularity_of_end_surface_tail": [
    0.06861441708020552
  ],
  "mean_curvature": [
    0.3668099117935675
  ],
  "fractal_dimension": [
    2.4465072754409207
  ]
}