{
  "volume": [
    10234.57896566391
  ],
  "volume_endpoints": [
    1964.3882398605347
  ],
  "streamlines_count": [
    1366
  ],
  "avg_length": [
    82.47166442871094
  ],
  "std_length": [
    7.056140422821045
  ],
  "min_length": [
    60.48289489746094
  ],
  "max_length": [
    105.41716766357422
  ],
  "span": [
    38.30661392211914
  ],
  "curl": [
    2.152935380725203
  ],
  "diameter": [
    12.570069246565284
  ],
  "elongation": [
    6.560955457842522
  ],
  "surface_area": [
    6347.777073805144
  ],
  "end_surface_area_head": [
    1026.7513272991027
  ],
  "end_surface_area_tail": [
    975.0908831582673
  ],
  "radius_head": [
    4.527884524882684
  ],
  "radius_tail": [
    5.9954823891234215
  ],
  "irregularity": [
    1.9490786491360603
  ],
  "irregularity_of_end_surface_head": [
    0.06272999958655173
  ],
  "irregularity_of_end_surface_tail": [
    0.11581186090257503
  ],
  "mean_curvature": [
    0.3821381222713046
  ],
  "fractal_dimension": [
    2.3485173496630605
  ]
}