{
  "volume": [
    8415.48571395874
  ],
  "volume_endpoints": [
    1952.7646408081055
  ],
  "streamlines_count": [
    2399
  ],
  "avg_length": [
    71.27598571777344
  ],
  "std_length": [
    4.517923831939697
  ],
  "min_length": [
    57.555118560791016
  ],
  "max_length": [
    86.33296203613281
  ],
  "span": [
    34.430355072021484
  ],
  "curl": [
    2.07014959818678
  ],
  "diameter": [
    12.260919379666102
  ],
  "elongation": [
    5.813265996673936
  ],
  "surface_area": [
    4933.572415449777
  ],
  "end_surface_area_head": [
    1039.6664383343114
  ],
  "end_surface_area_tail": [
    678.043329348464
  ],
  "radius_head": [
    4.647649936915169
  ],
  "radius_tail": [
    4.104987532329207
  ],
  "irregularity": [
    1.7969887804348441
  ],
  "irregularity_of_end_surface_head": [
    0.06527136074601211
  ],
  "irregularity_of_end_surface_tail": [
    0.0780757401222716
  ],
  "mean_curvature": [
    0.37947199357306277
  ],
  "fractal_dimension": [
    2.3977298122669337
  ]
}