{
  "volume": [
    10949.430307388306
  ],
  "volume_endpoints": [
    2400.2732043266296
  ],
  "streamlines_count": [
    3148
  ],
  "avg_length": [
    67.30596160888672
  ],
  "std_length": [
    5.550554275512695
  ],
  "min_length": [
    50.10957336425781
  ],
  "max_length": [
    84.80455017089844
  ],
  "span": [
    28.601016998291016
  ],
  "curl": [
    2.353271620128348
  ],
  "diameter": [
    14.392096238306152
  ],
  "elongation": [
    4.676591963701887
  ],
  "surface_area": [
    5928.035965160857
  ],
  "end_surface_area_head": [
    923.4304390174319
  ],
  "end_surface_area_tail": [
    1562.7284352602694
  ],
  "radius_head": [
    4.301939021620739
  ],
  "radius_tail": [
    6.395730742170121
  ],
  "irregularity": [
    1.9479749566780247
  ],
  "irregularity_of_end_surface_head": [
    0.06296137252827905
  ],
  "irregularity_of_end_surface_tail": [
    0.08223310743457901
  ],
  "mean_curvature": [
    0.3868516546400711
  ],
  "fractal_dimension": [
    2.342848540417191
  ]
}