{
  "volume": [
    7787.8113651275635
  ],
  "volume_endpoints": [
    1348.337490081787
  ],
  "streamlines_count": [
    786
  ],
  "avg_length": [
    78.13835906982422
  ],
  "std_length": [
    6.789658546447754
  ],
  "min_length": [
    58.80524826049805
  ],
  "max_length": [
    96.02872467041016
  ],
  "span": [
    37.00566482543945
  ],
  "curl": [
    2.1115242609047304
  ],
  "diameter": [
    11.264985259460056
  ],
  "elongation": [
    6.936392482556118
  ],
  "surface_area": [
    4959.402637520194
  ],
  "end_surface_area_head": [
    916.9728834998275
  ],
  "end_surface_area_tail": [
    529.5195524435624
  ],
  "radius_head": [
    4.238987272553242
  ],
  "radius_tail": [
    3.858528731729263
  ],
  "irregularity": [
    1.7934306247310214
  ],
  "irregularity_of_end_surface_head": [
    0.06156269236874449
  ],
  "irregularity_of_end_surface_tail": [
    0.08833063420682156
  ],
  "mean_curvature": [
    0.36884501364091576
  ],
  "fractal_dimension": [
    2.3212149207014514
  ]
}