{
  "volume": [
    6520.839068412781
  ],
  "volume_endpoints": [
    1522.691475868225
  ],
  "streamlines_count": [
    1392
  ],
  "avg_length": [
    79.61444854736328
  ],
  "std_length": [
    4.702707290649414
  ],
  "min_length": [
    66.73384094238281
  ],
  "max_length": [
    94.85697174072266
  ],
  "span": [
    38.17225646972656
  ],
  "curl": [
    2.085662622813599
  ],
  "diameter": [
    10.212001142898147
  ],
  "elongation": [
    7.79616526019785
  ],
  "surface_area": [
    4481.543529217467
  ],
  "end_surface_area_head": [
    897.6002169470142
  ],
  "end_surface_area_tail": [
    723.2462179716949
  ],
  "radius_head": [
    4.282991901405968
  ],
  "radius_tail": [
    3.9927552908431685
  ],
  "irregularity": [
    1.7545873760328912
  ],
  "irregularity_of_end_surface_head": [
    0.06420390304171626
  ],
  "irregularity_of_end_surface_tail": [
    0.06924829567227453
  ],
  "mean_curvature": [
    0.3605882600163934
  ],
  "fractal_dimension": [
    2.2505646172677616
  ]
}