{
  "volume": [
    9606.904616832733
  ],
  "volume_endpoints": [
    1801.6578531265259
  ],
  "streamlines_count": [
    2249
  ],
  "avg_length": [
    68.09354400634766
  ],
  "std_length": [
    5.257641792297363
  ],
  "min_length": [
    54.01301574707031
  ],
  "max_length": [
    85.011474609375
  ],
  "span": [
    28.993532180786133
  ],
  "curl": [
    2.348577040622629
  ],
  "diameter": [
    13.402747309850154
  ],
  "elongation": [
    5.080566128132797
  ],
  "surface_area": [
    5366.228635129272
  ],
  "end_surface_area_head": [
    910.5153279822231
  ],
  "end_surface_area_tail": [
    710.3311069364861
  ],
  "radius_head": [
    4.508053019666157
  ],
  "radius_tail": [
    3.752527441277623
  ],
  "irregularity": [
    1.8716279923686672
  ],
  "irregularity_of_end_surface_head": [
    0.07011979565385389
  ],
  "irregularity_of_end_surface_tail": [
    0.062278306214674284
  ],
  "mean_curvature": [
    0.3740679280076254
  ],
  "fractal_dimension": [
    2.3661768098919027
  ]
}