{
  "volume": [
    14605.052209377289
  ],
  "volume_endpoints": [
    3864.8466849327087
  ],
  "streamlines_count": [
    3609
  ],
  "avg_length": [
    66.88006591796875
  ],
  "std_length": [
    5.054605484008789
  ],
  "min_length": [
    47.994998931884766
  ],
  "max_length": [
    83.55149841308594
  ],
  "span": [
    30.00639533996582
  ],
  "curl": [
    2.2288603866020025
  ],
  "diameter": [
    16.674709247659738
  ],
  "elongation": [
    4.010868490996641
  ],
  "surface_area": [
    7258.2924017873665
  ],
  "end_surface_area_head": [
    929.8879945350363
  ],
  "end_surface_area_tail": [
    2666.970428770625
  ],
  "radius_head": [
    4.542437581992
  ],
  "radius_tail": [
    6.674134187662183
  ],
  "irregularity": [
    2.0717131595838114
  ],
  "irregularity_of_end_surface_head": [
    0.06971033481958193
  ],
  "irregularity_of_end_surface_tail": [
    0.052471265757310086
  ],
  "mean_curvature": [
    0.3924259694453652
  ],
  "fractal_dimension": [
    2.458101414303131
  ]
}