{
  "volume": [
    4690.122217655182
  ],
  "volume_endpoints": [
    1069.3711128234863
  ],
  "streamlines_count": [
    1257
  ],
  "avg_length": [
    72.76720428466797
  ],
  "std_length": [
    3.76370906829834
  ],
  "min_length": [
    59.99563980102539
  ],
  "max_length": [
    84.53287506103516
  ],
  "span": [
    35.92726516723633
  ],
  "curl": [
    2.0254033794653434
  ],
  "diameter": [
    9.058979866813685
  ],
  "elongation": [
    8.032604703233806
  ],
  "surface_area": [
    3577.485756752848
  ],
  "end_surface_area_head": [
    858.8548838413877
  ],
  "end_surface_area_tail": [
    303.5051093274077
  ],
  "radius_head": [
    4.343444053097835
  ],
  "radius_tail": [
    2.864909529708153
  ],
  "irregularity": [
    1.727480113537386
  ],
  "irregularity_of_end_surface_head": [
    0.0690078579424988
  ],
  "irregularity_of_end_surface_tail": [
    0.08495827584800676
  ],
  "mean_curvature": [
    0.3362159853713704
  ],
  "fractal_dimension": [
    2.1015358846910006
  ]
}