{
  "volume": [
    8839.747079372406
  ],
  "volume_endpoints": [
    2231.7310180664062
  ],
  "streamlines_count": [
    3096
  ],
  "avg_length": [
    78.2691421508789
  ],
  "std_length": [
    4.073163032531738
  ],
  "min_length": [
    64.05707550048828
  ],
  "max_length": [
    91.51831817626953
  ],
  "span": [
    36.29145812988281
  ],
  "curl": [
    2.156682210749509
  ],
  "diameter": [
    11.991670646231317
  ],
  "elongation": [
    6.526958958423108
  ],
  "surface_area": [
    5721.3941885975155
  ],
  "end_surface_area_head": [
    929.8879945350363
  ],
  "end_surface_area_tail": [
    1440.0348804257856
  ],
  "radius_head": [
    4.452503033762062
  ],
  "radius_tail": [
    5.228092149758702
  ],
  "irregularity": [
    1.9403574030704704
  ],
  "irregularity_of_end_surface_head": [
    0.06697730676429528
  ],
  "irregularity_of_end_surface_tail": [
    0.05962979669242823
  ],
  "mean_curvature": [
    0.3611267364032817
  ],
  "fractal_dimension": [
    2.3104875036804815
  ]
}