{
  "volume": [
    10728.58192539215
  ],
  "volume_endpoints": [
    2609.497987270355
  ],
  "streamlines_count": [
    3384
  ],
  "avg_length": [
    70.54007720947266
  ],
  "std_length": [
    6.345024108886719
  ],
  "min_length": [
    51.43536376953125
  ],
  "max_length": [
    88.67828369140625
  ],
  "span": [
    29.871244430541992
  ],
  "curl": [
    2.3614709917256955
  ],
  "diameter": [
    13.91580245285921
  ],
  "elongation": [
    5.069062847682143
  ],
  "surface_area": [
    6205.710852417847
  ],
  "end_surface_area_head": [
    807.1944397005524
  ],
  "end_surface_area_tail": [
    1846.8608780348638
  ],
  "radius_head": [
    4.253632776113411
  ],
  "radius_tail": [
    6.337040198069738
  ],
  "irregularity": [
    2.012322012879973
  ],
  "irregularity_of_end_surface_head": [
    0.07041929917124023
  ],
  "irregularity_of_end_surface_tail": [
    0.06831068101025878
  ],
  "mean_curvature": [
    0.36757535298947186
  ],
  "fractal_dimension": [
    2.341201016258184
  ]
}