{
  "volume": [
    8258.567126750946
  ],
  "volume_endpoints": [
    2522.3209943771362
  ],
  "streamlines_count": [
    2487
  ],
  "avg_length": [
    60.285797119140625
  ],
  "std_length": [
    5.097424030303955
  ],
  "min_length": [
    44.523475646972656
  ],
  "max_length": [
    79.04161071777344
  ],
  "span": [
    26.09977149963379
  ],
  "curl": [
    2.3098208779332228
  ],
  "diameter": [
    13.206870124867354
  ],
  "elongation": [
    4.5647300646674696
  ],
  "surface_area": [
    4972.317748555402
  ],
  "end_surface_area_head": [
    1220.477992827235
  ],
  "end_surface_area_tail": [
    1110.69954902796
  ],
  "radius_head": [
    5.129205629442106
  ],
  "radius_tail": [
    5.36073793050028
  ],
  "irregularity": [
    1.987897952419356
  ],
  "irregularity_of_end_surface_head": [
    0.06772049757002523
  ],
  "irregularity_of_end_surface_tail": [
    0.08128350643534933
  ],
  "mean_curvature": [
    0.37626455215550736
  ],
  "fractal_dimension": [
    2.303765166216306
  ]
}