{
  "volume": [
    11112.160694122314
  ],
  "volume_endpoints": [
    2621.1215863227844
  ],
  "streamlines_count": [
    2262
  ],
  "avg_length": [
    74.19094848632812
  ],
  "std_length": [
    6.214914321899414
  ],
  "min_length": [
    57.808326721191406
  ],
  "max_length": [
    94.19813537597656
  ],
  "span": [
    33.95470428466797
  ],
  "curl": [
    2.184997632856092
  ],
  "diameter": [
    13.809528613324284
  ],
  "elongation": [
    5.37244612497085
  ],
  "surface_area": [
    6296.116629664309
  ],
  "end_surface_area_head": [
    1181.7326597216088
  ],
  "end_surface_area_tail": [
    1407.7471028377634
  ],
  "radius_head": [
    5.045338519274483
  ],
  "radius_tail": [
    5.306813399050538
  ],
  "irregularity": [
    1.956109282962532
  ],
  "irregularity_of_end_surface_head": [
    0.06767234964003023
  ],
  "irregularity_of_end_surface_tail": [
    0.06284820299040497
  ],
  "mean_curvature": [
    0.38120475822481614
  ],
  "fractal_dimension": [
    2.3670601581800996
  ]
}