{
  "volume": [
    12873.135950565338
  ],
  "volume_endpoints": [
    3853.2230858802795
  ],
  "streamlines_count": [
    3278
  ],
  "avg_length": [
    74.4226303100586
  ],
  "std_length": [
    5.382058620452881
  ],
  "min_length": [
    58.66850662231445
  ],
  "max_length": [
    90.84689331054688
  ],
  "span": [
    30.964052200317383
  ],
  "curl": [
    2.4035171439639855
  ],
  "diameter": [
    14.840370024290326
  ],
  "elongation": [
    5.014877000253066
  ],
  "surface_area": [
    7929.878175618227
  ],
  "end_surface_area_head": [
    1123.614660063169
  ],
  "end_surface_area_tail": [
    2608.8524291121853
  ],
  "radius_head": [
    5.0437271939792225
  ],
  "radius_tail": [
    6.789565741374835
  ],
  "irregularity": [
    2.285424600999235
  ],
  "irregularity_of_end_surface_head": [
    0.07112719015798007
  ],
  "irregularity_of_end_surface_tail": [
    0.055511677906964346
  ],
  "mean_curvature": [
    0.3716112686556385
  ],
  "fractal_dimension": [
    2.3476907290567777
  ]
}