{
  "volume": [
    14174.979044437408
  ],
  "volume_endpoints": [
    4265.860852241516
  ],
  "streamlines_count": [
    2582
  ],
  "avg_length": [
    75.97657012939453
  ],
  "std_length": [
    5.878830432891846
  ],
  "min_length": [
    60.47854232788086
  ],
  "max_length": [
    94.89302825927734
  ],
  "span": [
    32.310943603515625
  ],
  "curl": [
    2.3514191062228162
  ],
  "diameter": [
    15.41261854996197
  ],
  "elongation": [
    4.929504346267104
  ],
  "surface_area": [
    8730.615059801174
  ],
  "end_surface_area_head": [
    1394.8319918025545
  ],
  "end_surface_area_tail": [
    2931.7302049924065
  ],
  "radius_head": [
    5.2358141410703345
  ],
  "radius_tail": [
    6.624814113469762
  ],
  "irregularity": [
    2.3732246658254144
  ],
  "irregularity_of_end_surface_head": [
    0.06174423531530588
  ],
  "irregularity_of_end_surface_tail": [
    0.04702981440905979
  ],
  "mean_curvature": [
    0.3785185673202682
  ],
  "fractal_dimension": [
    2.3333916716458765
  ]
}