{
  "volume": [
    10478.674545764923
  ],
  "volume_endpoints": [
    2086.4360299110413
  ],
  "streamlines_count": [
    2587
  ],
  "avg_length": [
    77.42053985595703
  ],
  "std_length": [
    5.4662957191467285
  ],
  "min_length": [
    61.025978088378906
  ],
  "max_length": [
    94.46879577636719
  ],
  "span": [
    35.47359085083008
  ],
  "curl": [
    2.18248387036762
  ],
  "diameter": [
    13.127442890510114
  ],
  "elongation": [
    5.897610105919766
  ],
  "surface_area": [
    5895.7481875728345
  ],
  "end_surface_area_head": [
    1046.1239938519159
  ],
  "end_surface_area_tail": [
    833.02466177097
  ],
  "radius_head": [
    5.000650404037959
  ],
  "radius_tail": [
    5.039141922682532
  ],
  "irregularity": [
    1.8465144921518584
  ],
  "irregularity_of_end_surface_head": [
    0.07509650020063886
  ],
  "irregularity_of_end_surface_tail": [
    0.09576464295865503
  ],
  "mean_curvature": [
    0.37395491868914166
  ],
  "fractal_dimension": [
    2.3650527399473225
  ]
}