{
  "volume": [
    15837.153708934784
  ],
  "volume_endpoints": [
    3841.5994868278503
  ],
  "streamlines_count": [
    2986
  ],
  "avg_length": [
    81.47554779052734
  ],
  "std_length": [
    5.309595584869385
  ],
  "min_length": [
    64.96771240234375
  ],
  "max_length": [
    99.37403106689453
  ],
  "span": [
    37.04253005981445
  ],
  "curl": [
    2.1995135769334504
  ],
  "diameter": [
    15.731856659648026
  ],
  "elongation": [
    5.179016663653623
  ],
  "surface_area": [
    8943.71439188212
  ],
  "end_surface_area_head": [
    1175.2751042040043
  ],
  "end_surface_area_tail": [
    2679.885539805834
  ],
  "radius_head": [
    5.107290441355245
  ],
  "radius_tail": [
    7.261345876448692
  ],
  "irregularity": [
    2.2210624996735016
  ],
  "irregularity_of_end_surface_head": [
    0.06972546963132834
  ],
  "irregularity_of_end_surface_tail": [
    0.061811299616388454
  ],
  "mean_curvature": [
    0.37767763904932755
  ],
  "fractal_dimension": [
    2.340883530442106
  ]
}