{
  "volume": [
    13012.619139194489
  ],
  "volume_endpoints": [
    2510.697395324707
  ],
  "streamlines_count": [
    3072
  ],
  "avg_length": [
    80.5298080444336
  ],
  "std_length": [
    4.598849296569824
  ],
  "min_length": [
    68.44879150390625
  ],
  "max_length": [
    95.753662109375
  ],
  "span": [
    38.12517166137695
  ],
  "curl": [
    2.11224774958889
  ],
  "diameter": [
    14.343630425463498
  ],
  "elongation": [
    5.61432535946222
  ],
  "surface_area": [
    6845.008848660684
  ],
  "end_surface_area_head": [
    1407.7471028377634
  ],
  "end_surface_area_tail": [
    936.3455500526408
  ],
  "radius_head": [
    5.317266511781245
  ],
  "radius_tail": [
    4.292573971086599
  ],
  "irregularity": [
    1.8862896879938573
  ],
  "irregularity_of_end_surface_head": [
    0.06309603773612785
  ],
  "irregularity_of_end_surface_tail": [
    0.06182288922057345
  ],
  "mean_curvature": [
    0.3779926085747623
  ],
  "fractal_dimension": [
    2.431682810238811
  ]
}