{
  "volume": [
    21160.762074947357
  ],
  "volume_endpoints": [
    5515.397750377655
  ],
  "streamlines_count": [
    4182
  ],
  "avg_length": [
    76.24974822998047
  ],
  "std_length": [
    7.22437858581543
  ],
  "min_length": [
    57.54997253417969
  ],
  "max_length": [
    99.53045654296875
  ],
  "span": [
    34.632362365722656
  ],
  "curl": [
    2.2016906448590574
  ],
  "diameter": [
    18.797561067143
  ],
  "elongation": [
    4.056363905807994
  ],
  "surface_area": [
    10590.391048871246
  ],
  "end_surface_area_head": [
    1485.2377690490164
  ],
  "end_surface_area_tail": [
    3990.7693098795307
  ],
  "radius_head": [
    5.450024502462384
  ],
  "radius_tail": [
    8.027124766217208
  ],
  "irregularity": [
    2.3519181606149346
  ],
  "irregularity_of_end_surface_head": [
    0.06282764738842013
  ],
  "irregularity_of_end_surface_tail": [
    0.05072397450414117
  ],
  "mean_curvature": [
    0.3794885159237199
  ],
  "fractal_dimension": [
    2.4597552962087046
  ]
}