{
  "volume": [
    19998.402169704437
  ],
  "volume_endpoints": [
    5015.5829911231995
  ],
  "streamlines_count": [
    3979
  ],
  "avg_length": [
    74.90251922607422
  ],
  "std_length": [
    7.3270487785339355
  ],
  "min_length": [
    54.24342346191406
  ],
  "max_length": [
    98.09442138671875
  ],
  "span": [
    35.42681884765625
  ],
  "curl": [
    2.114288600062367
  ],
  "diameter": [
    18.43760454475358
  ],
  "elongation": [
    4.06248648213836
  ],
  "surface_area": [
    9821.941942276322
  ],
  "end_surface_area_head": [
    1465.8651024962032
  ],
  "end_surface_area_tail": [
    3248.150425355023
  ],
  "radius_head": [
    5.436965871161471
  ],
  "radius_tail": [
    8.389706015966597
  ],
  "irregularity": [
    2.2638443793719367
  ],
  "irregularity_of_end_surface_head": [
    0.06335327649897818
  ],
  "irregularity_of_end_surface_tail": [
    0.06807806840963351
  ],
  "mean_curvature": [
    0.37558208612318345
  ],
  "fractal_dimension": [
    2.4705581203848777
  ]
}