{
  "volume": [
    8630.52229642868
  ],
  "volume_endpoints": [
    1958.57644033432
  ],
  "streamlines_count": [
    2424
  ],
  "avg_length": [
    73.05304718017578
  ],
  "std_length": [
    4.534632205963135
  ],
  "min_length": [
    61.085689544677734
  ],
  "max_length": [
    89.0516586303711
  ],
  "span": [
    33.221073150634766
  ],
  "curl": [
    2.198997210262605
  ],
  "diameter": [
    12.264629431923499
  ],
  "elongation": [
    5.956400687494612
  ],
  "surface_area": [
    5346.855968576459
  ],
  "end_surface_area_head": [
    761.9915510773214
  ],
  "end_surface_area_tail": [
    1033.208882816707
  ],
  "radius_head": [
    3.9893924730735053
  ],
  "radius_tail": [
    4.940274829465593
  ],
  "irregularity": [
    1.8995723789391805
  ],
  "irregularity_of_end_surface_head": [
    0.06561652770068313
  ],
  "irregularity_of_end_surface_tail": [
    0.07421026126240517
  ],
  "mean_curvature": [
    0.3694709308150381
  ],
  "fractal_dimension": [
    2.2702037982923335
  ]
}