{
  "volume": [
    10682.087529182434
  ],
  "volume_endpoints": [
    2208.483819961548
  ],
  "streamlines_count": [
    2497
  ],
  "avg_length": [
    62.8829231262207
  ],
  "std_length": [
    4.827979564666748
  ],
  "min_length": [
    48.87476348876953
  ],
  "max_length": [
    79.13014221191406
  ],
  "span": [
    26.39263916015625
  ],
  "curl": [
    2.382593220201796
  ],
  "diameter": [
    14.706751850628178
  ],
  "elongation": [
    4.2757859631346635
  ],
  "surface_area": [
    5811.799965843977
  ],
  "end_surface_area_head": [
    981.5484386758717
  ],
  "end_surface_area_tail": [
    962.1757721230584
  ],
  "radius_head": [
    4.797196912834808
  ],
  "radius_tail": [
    4.575292881819967
  ],
  "irregularity": [
    2.0003744509126493
  ],
  "irregularity_of_end_surface_head": [
    0.07365686445737858
  ],
  "irregularity_of_end_surface_tail": [
    0.0683491717060081
  ],
  "mean_curvature": [
    0.3861622892000888
  ],
  "fractal_dimension": [
    2.401115112438601
  ]
}