{
  "volume": [
    7072.960023403168
  ],
  "volume_endpoints": [
    1580.809471130371
  ],
  "streamlines_count": [
    1525
  ],
  "avg_length": [
    66.91643524169922
  ],
  "std_length": [
    10.643089294433594
  ],
  "min_length": [
    40.617427825927734
  ],
  "max_length": [
    93.63048553466797
  ],
  "span": [
    29.730239868164062
  ],
  "curl": [
    2.250786927331694
  ],
  "diameter": [
    11.600835336322653
  ],
  "elongation": [
    5.76824282921949
  ],
  "surface_area": [
    4881.91197130894
  ],
  "end_surface_area_head": [
    929.8879945350363
  ],
  "end_surface_area_tail": [
    845.9397728061789
  ],
  "radius_head": [
    4.28263053897099
  ],
  "radius_tail": [
    7.124901989105184
  ],
  "irregularity": [
    2.0017876786446074
  ],
  "irregularity_of_end_surface_head": [
    0.061964143514335074
  ],
  "irregularity_of_end_surface_tail": [
    0.1885246822408673
  ],
  "mean_curvature": [
    0.37238346049043
  ],
  "fractal_dimension": [
    2.159227090372726
  ]
}