{
  "volume": [
    13663.540686130524
  ],
  "volume_endpoints": [
    2841.969968318939
  ],
  "streamlines_count": [
    3077
  ],
  "avg_length": [
    78.62442779541016
  ],
  "std_length": [
    5.895922660827637
  ],
  "min_length": [
    62.62484359741211
  ],
  "max_length": [
    97.82861328125
  ],
  "span": [
    31.971416473388672
  ],
  "curl": [
    2.4592100215782744
  ],
  "diameter": [
    14.875032990014368
  ],
  "elongation": [
    5.285664095547946
  ],
  "surface_area": [
    7613.45795525561
  ],
  "end_surface_area_head": [
    949.2606610878496
  ],
  "end_surface_area_tail": [
    1730.6248787179843
  ],
  "radius_head": [
    4.433960700555806
  ],
  "radius_tail": [
    6.376826474672633
  ],
  "irregularity": [
    2.0721283167742874
  ],
  "irregularity_of_end_surface_head": [
    0.06506509502049734
  ],
  "irregularity_of_end_surface_tail": [
    0.07381695536171774
  ],
  "mean_curvature": [
    0.36919153686812606
  ],
  "fractal_dimension": [
    2.3889751453604307
  ]
}