{
  "volume": [
    4015.9534726142883
  ],
  "volume_endpoints": [
    1993.4472374916077
  ],
  "streamlines_count": [
    3264
  ],
  "avg_length": [
    25.279935836791992
  ],
  "std_length": [
    3.557422637939453
  ],
  "min_length": [
    20.07914924621582
  ],
  "max_length": [
    38.26881790161133
  ],
  "span": [
    11.605009078979492
  ],
  "curl": [
    2.1783641585065463
  ],
  "diameter": [
    14.222024155902822
  ],
  "elongation": [
    1.7775202432277972
  ],
  "surface_area": [
    2544.276873936141
  ],
  "end_surface_area_head": [
    1142.987326615982
  ],
  "end_surface_area_tail": [
    574.7224410667933
  ],
  "radius_head": [
    4.748064832433499
  ],
  "radius_tail": [
    3.6527164403538492
  ],
  "irregularity": [
    2.2525638934301018
  ],
  "irregularity_of_end_surface_head": [
    0.06196432719265275
  ],
  "irregularity_of_end_surface_tail": [
    0.0729329257784751
  ],
  "mean_curvature": [
    0.42966561880894005
  ],
  "fractal_dimension": [
    2.2044732697252343
  ]
}