{
  "volume": [
    5149.254380226135
  ],
  "volume_endpoints": [
    900.8289265632629
  ],
  "streamlines_count": [
    960
  ],
  "avg_length": [
    72.348388671875
  ],
  "std_length": [
    2.783831834793091
  ],
  "min_length": [
    65.40349578857422
  ],
  "max_length": [
    79.89108276367188
  ],
  "span": [
    35.91975784301758
  ],
  "curl": [
    2.0141669380975173
  ],
  "diameter": [
    9.519470696840939
  ],
  "elongation": [
    7.600043214155174
  ],
  "surface_area": [
    3803.5001998690027
  ],
  "end_surface_area_head": [
    284.13244277459444
  ],
  "end_surface_area_tail": [
    858.8548838413877
  ],
  "radius_head": [
    2.597936475513231
  ],
  "radius_tail": [
    4.223590307732476
  ],
  "irregularity": [
    1.757890852951585
  ],
  "irregularity_of_end_surface_head": [
    0.07462530216900984
  ],
  "irregularity_of_end_surface_tail": [
    0.06525197367212787
  ],
  "mean_curvature": [
    0.3585408606256048
  ],
  "fractal_dimension": [
    2.1410355564387724
  ]
}