{
  "volume": [
    3022.135753631592
  ],
  "volume_endpoints": [
    412.6377663612366
  ],
  "streamlines_count": [
    721
  ],
  "avg_length": [
    59.688720703125
  ],
  "std_length": [
    2.095468282699585
  ],
  "min_length": [
    53.91901779174805
  ],
  "max_length": [
    65.51713562011719
  ],
  "span": [
    28.81465721130371
  ],
  "curl": [
    2.071470788821659
  ],
  "diameter": [
    8.029082277080162
  ],
  "elongation": [
    7.434065145092929
  ],
  "surface_area": [
    2428.0408746192616
  ],
  "end_surface_area_head": [
    284.13244277459444
  ],
  "end_surface_area_tail": [
    309.9626648450121
  ],
  "radius_head": [
    2.5999756451094256
  ],
  "radius_tail": [
    2.617312758718437
  ],
  "irregularity": [
    1.6126790408906482
  ],
  "irregularity_of_end_surface_head": [
    0.07474249777461087
  ],
  "irregularity_of_end_surface_tail": [
    0.06943072995195283
  ],
  "mean_curvature": [
    0.35780666493675084
  ],
  "fractal_dimension": [
    2.030522261743483
  ]
}