{
  "volume": [
    11844.447434425354
  ],
  "volume_endpoints": [
    999.6295185089111
  ],
  "streamlines_count": [
    482
  ],
  "avg_length": [
    61.238468170166016
  ],
  "std_length": [
    8.191964149475098
  ],
  "min_length": [
    42.73534393310547
  ],
  "max_length": [
    84.68174743652344
  ],
  "span": [
    22.553346633911133
  ],
  "curl": [
    2.715271891316035
  ],
  "diameter": [
    15.692795035428414
  ],
  "elongation": [
    3.9023302115341876
  ],
  "surface_area": [
    6560.87640588609
  ],
  "end_surface_area_head": [
    607.0102186548154
  ],
  "end_surface_area_tail": [
    678.043329348464
  ],
  "radius_head": [
    3.798506086297553
  ],
  "radius_tail": [
    3.5742582667557943
  ],
  "irregularity": [
    2.1731382840010003
  ],
  "irregularity_of_end_surface_head": [
    0.07467573806327438
  ],
  "irregularity_of_end_surface_tail": [
    0.05919217327264792
  ],
  "mean_curvature": [
    0.4180010493489222
  ],
  "fractal_dimension": [
    2.3765760813210353
  ]
}