{
  "volume": [
    8874.617876529694
  ],
  "volume_endpoints": [
    1830.7168507575989
  ],
  "streamlines_count": [
    1669
  ],
  "avg_length": [
    67.72661590576172
  ],
  "std_length": [
    4.48148775100708
  ],
  "min_length": [
    53.66355514526367
  ],
  "max_length": [
    83.02706909179688
  ],
  "span": [
    31.00884246826172
  ],
  "curl": [
    2.1841065488039906
  ],
  "diameter": [
    12.9166592444975
  ],
  "elongation": [
    5.243353921766827
  ],
  "surface_area": [
    5178.959525118744
  ],
  "end_surface_area_head": [
    962.1757721230584
  ],
  "end_surface_area_tail": [
    833.02466177097
  ],
  "radius_head": [
    4.492380732195351
  ],
  "radius_tail": [
    4.214348697298284
  ],
  "irregularity": [
    1.8844432616055857
  ],
  "irregularity_of_end_surface_head": [
    0.06589440903618522
  ],
  "irregularity_of_end_surface_tail": [
    0.06698120353224561
  ],
  "mean_curvature": [
    0.3869482047762108
  ],
  "fractal_dimension": [
    2.32204448847442
  ]
}