{
  "volume": [
    7956.353551387787
  ],
  "volume_endpoints": [
    1435.514482975006
  ],
  "streamlines_count": [
    1195
  ],
  "avg_length": [
    79.17847442626953
  ],
  "std_length": [
    4.833734512329102
  ],
  "min_length": [
    66.45784759521484
  ],
  "max_length": [
    94.2235336303711
  ],
  "span": [
    35.06842803955078
  ],
  "curl": [
    2.257827876886032
  ],
  "diameter": [
    11.311196084447678
  ],
  "elongation": [
    7.000009003038673
  ],
  "surface_area": [
    5288.737968918019
  ],
  "end_surface_area_head": [
    1033.208882816707
  ],
  "end_surface_area_tail": [
    452.02888623230933
  ],
  "radius_head": [
    4.426927322462952
  ],
  "radius_tail": [
    3.6614280293909696
  ],
  "irregularity": [
    1.8796912373024453
  ],
  "irregularity_of_end_surface_head": [
    0.05958905878163399
  ],
  "irregularity_of_end_surface_tail": [
    0.09317184334446361
  ],
  "mean_curvature": [
    0.37962948717332784
  ],
  "fractal_dimension": [
    2.2123780200726006
  ]
}