{
  "volume": [
    8153.954735279083
  ],
  "volume_endpoints": [
    1656.362864971161
  ],
  "streamlines_count": [
    2192
  ],
  "avg_length": [
    71.69174194335938
  ],
  "std_length": [
    4.764101982116699
  ],
  "min_length": [
    56.98015594482422
  ],
  "max_length": [
    88.61270904541016
  ],
  "span": [
    32.39510726928711
  ],
  "curl": [
    2.2130422766442974
  ],
  "diameter": [
    12.033851308598475
  ],
  "elongation": [
    5.957506047306228
  ],
  "surface_area": [
    5133.756636495513
  ],
  "end_surface_area_head": [
    923.4304390174319
  ],
  "end_surface_area_tail": [
    690.9584403836728
  ],
  "radius_head": [
    4.389811349620511
  ],
  "radius_tail": [
    4.0319385548371836
  ],
  "irregularity": [
    1.8941380601128375
  ],
  "irregularity_of_end_surface_head": [
    0.06555976688123505
  ],
  "irregularity_of_end_surface_tail": [
    0.07391383845239011
  ],
  "mean_curvature": [
    0.37703822825076805
  ],
  "fractal_dimension": [
    2.2699430485446213
  ]
}