{
  "volume": [
    8926.924072265625
  ],
  "volume_endpoints": [
    1522.691475868225
  ],
  "streamlines_count": [
    879
  ],
  "avg_length": [
    63.44280242919922
  ],
  "std_length": [
    8.552752494812012
  ],
  "min_length": [
    41.51784133911133
  ],
  "max_length": [
    90.10943603515625
  ],
  "span": [
    25.842994689941406
  ],
  "curl": [
    2.454932301398196
  ],
  "diameter": [
    13.384889816685876
  ],
  "elongation": [
    4.7398823074441845
  ],
  "surface_area": [
    5611.6157447982405
  ],
  "end_surface_area_head": [
    968.6333276406629
  ],
  "end_surface_area_tail": [
    639.2979962428375
  ],
  "radius_head": [
    4.351757569045658
  ],
  "radius_tail": [
    3.8912476372062934
  ],
  "irregularity": [
    2.1034921387720846
  ],
  "irregularity_of_end_surface_head": [
    0.061421419869185916
  ],
  "irregularity_of_end_surface_tail": [
    0.07440879464861441
  ],
  "mean_curvature": [
    0.40113310612509273
  ],
  "fractal_dimension": [
    2.2752168992252138
  ]
}