{
  "volume": [
    9606.904616832733
  ],
  "volume_endpoints": [
    2388.6496052742004
  ],
  "streamlines_count": [
    2330
  ],
  "avg_length": [
    75.42205047607422
  ],
  "std_length": [
    4.93383264541626
  ],
  "min_length": [
    62.57429122924805
  ],
  "max_length": [
    90.4465103149414
  ],
  "span": [
    33.36368179321289
  ],
  "curl": [
    2.2606033393897547
  ],
  "diameter": [
    12.734961345315984
  ],
  "elongation": [
    5.922440471624598
  ],
  "surface_area": [
    5837.630187914395
  ],
  "end_surface_area_head": [
    1052.5815493695204
  ],
  "end_surface_area_tail": [
    1420.6622138729722
  ],
  "radius_head": [
    4.545188912236311
  ],
  "radius_tail": [
    5.951439276456017
  ],
  "irregularity": [
    1.9345980249736525
  ],
  "irregularity_of_end_surface_head": [
    0.0616592157798439
  ],
  "irregularity_of_end_surface_tail": [
    0.07832547851418978
  ],
  "mean_curvature": [
    0.3638675885650733
  ],
  "fractal_dimension": [
    2.344857684252819
  ]
}