{
  "volume": [
    8363.179518222809
  ],
  "volume_endpoints": [
    2301.4726123809814
  ],
  "streamlines_count": [
    2870
  ],
  "avg_length": [
    60.06352233886719
  ],
  "std_length": [
    4.738025665283203
  ],
  "min_length": [
    48.38172912597656
  ],
  "max_length": [
    76.07209777832031
  ],
  "span": [
    29.010475158691406
  ],
  "curl": [
    2.070408085710807
  ],
  "diameter": [
    13.314822164863477
  ],
  "elongation": [
    4.511027003978242
  ],
  "surface_area": [
    4927.114859932171
  ],
  "end_surface_area_head": [
    988.0059941934761
  ],
  "end_surface_area_tail": [
    1136.5297710983778
  ],
  "radius_head": [
    4.525885919464561
  ],
  "radius_tail": [
    4.894937599073405
  ],
  "irregularity": [
    1.9610860320200914
  ],
  "irregularity_of_end_surface_head": [
    0.06513246262085451
  ],
  "irregularity_of_end_surface_tail": [
    0.06623131467738244
  ],
  "mean_curvature": [
    0.3731262770990877
  ],
  "fractal_dimension": [
    2.338785890789464
  ]
}