{
  "volume": [
    10176.460970401764
  ],
  "volume_endpoints": [
    2621.1215863227844
  ],
  "streamlines_count": [
    2724
  ],
  "avg_length": [
    67.16666412353516
  ],
  "std_length": [
    4.619082927703857
  ],
  "min_length": [
    52.43577194213867
  ],
  "max_length": [
    81.56570434570312
  ],
  "span": [
    32.17104721069336
  ],
  "curl": [
    2.0877985004233737
  ],
  "diameter": [
    13.889178369689812
  ],
  "elongation": [
    4.835899024100098
  ],
  "surface_area": [
    6179.880630347429
  ],
  "end_surface_area_head": [
    1046.1239938519159
  ],
  "end_surface_area_tail": [
    1601.473768365896
  ],
  "radius_head": [
    4.633302737063206
  ],
  "radius_tail": [
    5.730096720432931
  ],
  "irregularity": [
    2.1086275628613222
  ],
  "irregularity_of_end_surface_head": [
    0.06446857412069273
  ],
  "irregularity_of_end_surface_tail": [
    0.06441009630945124
  ],
  "mean_curvature": [
    0.3780969172584853
  ],
  "fractal_dimension": [
    2.337028875527112
  ]
}