{
  "volume": [
    12977.748342037201
  ],
  "volume_endpoints": [
    2406.0850038528442
  ],
  "streamlines_count": [
    3335
  ],
  "avg_length": [
    61.16518783569336
  ],
  "std_length": [
    5.84866189956665
  ],
  "min_length": [
    45.67626190185547
  ],
  "max_length": [
    80.55228424072266
  ],
  "span": [
    26.274364471435547
  ],
  "curl": [
    2.3279416673308972
  ],
  "diameter": [
    16.43624387621538
  ],
  "elongation": [
    3.721360445631043
  ],
  "surface_area": [
    6360.692184840353
  ],
  "end_surface_area_head": [
    949.2606610878496
  ],
  "end_surface_area_tail": [
    1310.8837700736972
  ],
  "radius_head": [
    4.371200953518278
  ],
  "radius_tail": [
    6.051338691599156
  ],
  "irregularity": [
    2.0139450468640003
  ],
  "irregularity_of_end_surface_head": [
    0.0632362247200162
  ],
  "irregularity_of_end_surface_tail": [
    0.0877583820976556
  ],
  "mean_curvature": [
    0.3988448465781948
  ],
  "fractal_dimension": [
    2.432984870357174
  ]
}