{
  "volume": [
    4213.554656505585
  ],
  "volume_endpoints": [
    1848.1522493362427
  ],
  "streamlines_count": [
    3413
  ],
  "avg_length": [
    26.45496940612793
  ],
  "std_length": [
    4.488515853881836
  ],
  "min_length": [
    20.086849212646484
  ],
  "max_length": [
    43.24583053588867
  ],
  "span": [
    11.720744132995605
  ],
  "curl": [
    2.2571066398125126
  ],
  "diameter": [
    14.240516567391108
  ],
  "elongation": [
    1.8577254048990257
  ],
  "surface_area": [
    2524.904207383328
  ],
  "end_surface_area_head": [
    729.7037734892994
  ],
  "end_surface_area_tail": [
    1039.6664383343114
  ],
  "radius_head": [
    4.331218737219988
  ],
  "radius_tail": [
    4.7133761678299635
  ],
  "irregularity": [
    2.1333495781764125
  ],
  "irregularity_of_end_surface_head": [
    0.08076505906858021
  ],
  "irregularity_of_end_surface_tail": [
    0.06713052616448943
  ],
  "mean_curvature": [
    0.46526933780800656
  ],
  "fractal_dimension": [
    2.3589091299596676
  ]
}