{
  "volume": [
    9298.87924194336
  ],
  "volume_endpoints": [
    1627.303867340088
  ],
  "streamlines_count": [
    1428
  ],
  "avg_length": [
    78.4845962524414
  ],
  "std_length": [
    6.05086088180542
  ],
  "min_length": [
    58.397216796875
  ],
  "max_length": [
    95.73487091064453
  ],
  "span": [
    36.69635009765625
  ],
  "curl": [
    2.1387575615443595
  ],
  "diameter": [
    12.282256108569936
  ],
  "elongation": [
    6.390079766996458
  ],
  "surface_area": [
    5656.8186334214715
  ],
  "end_surface_area_head": [
    1168.8175486863997
  ],
  "end_surface_area_tail": [
    484.3166638203314
  ],
  "radius_head": [
    4.862870198175914
  ],
  "radius_tail": [
    4.074666093501605
  ],
  "irregularity": [
    1.8679265911429581
  ],
  "irregularity_of_end_surface_head": [
    0.06356067547209401
  ],
  "irregularity_of_end_surface_tail": [
    0.10769722460455138
  ],
  "mean_curvature": [
    0.37737278391917545
  ],
  "fractal_dimension": [
    2.3155152848642175
  ]
}