{
  "volume": [
    7642.5163769721985
  ],
  "volume_endpoints": [
    1702.8572611808777
  ],
  "streamlines_count": [
    931
  ],
  "avg_length": [
    57.09397506713867
  ],
  "std_length": [
    6.457614421844482
  ],
  "min_length": [
    40.841224670410156
  ],
  "max_length": [
    78.08409118652344
  ],
  "span": [
    26.654333114624023
  ],
  "curl": [
    2.142014764414188
  ],
  "diameter": [
    13.05503702389801
  ],
  "elongation": [
    4.373329233967304
  ],
  "surface_area": [
    4623.6097506047645
  ],
  "end_surface_area_head": [
    1175.2751042040043
  ],
  "end_surface_area_tail": [
    697.4159959012773
  ],
  "radius_head": [
    4.835794979538261
  ],
  "radius_tail": [
    4.511056604334791
  ],
  "irregularity": [
    1.9745262391611305
  ],
  "irregularity_of_end_surface_head": [
    0.06250951023053274
  ],
  "irregularity_of_end_surface_tail": [
    0.09166731733781038
  ],
  "mean_curvature": [
    0.40777465656287687
  ],
  "fractal_dimension": [
    2.343065672910683
  ]
}