{
  "volume": [
    9420.927031993866
  ],
  "volume_endpoints": [
    2115.4950275421143
  ],
  "streamlines_count": [
    2009
  ],
  "avg_length": [
    79.15042877197266
  ],
  "std_length": [
    5.829250335693359
  ],
  "min_length": [
    63.07276153564453
  ],
  "max_length": [
    97.8030776977539
  ],
  "span": [
    34.91998291015625
  ],
  "curl": [
    2.266622780876341
  ],
  "diameter": [
    12.310487270994054
  ],
  "elongation": [
    6.429512254845244
  ],
  "surface_area": [
    5785.9697437735595
  ],
  "end_surface_area_head": [
    1175.2751042040043
  ],
  "end_surface_area_tail": [
    949.2606610878496
  ],
  "radius_head": [
    4.988010732371107
  ],
  "radius_tail": [
    4.333022450904448
  ],
  "irregularity": [
    1.8901565270378242
  ],
  "irregularity_of_end_surface_head": [
    0.06650665336958497
  ],
  "irregularity_of_end_surface_tail": [
    0.06213642574755739
  ],
  "mean_curvature": [
    0.37030990275653103
  ],
  "fractal_dimension": [
    2.343263675930295
  ]
}