{
  "volume": [
    8618.898697376251
  ],
  "volume_endpoints": [
    1778.4106550216675
  ],
  "streamlines_count": [
    1254
  ],
  "avg_length": [
    83.06531524658203
  ],
  "std_length": [
    4.907608509063721
  ],
  "min_length": [
    69.35551452636719
  ],
  "max_length": [
    100.19993591308594
  ],
  "span": [
    38.3243293762207
  ],
  "curl": [
    2.1674303659993592
  ],
  "diameter": [
    11.493997242928762
  ],
  "elongation": [
    7.226843150470108
  ],
  "surface_area": [
    5359.771079611668
  ],
  "end_surface_area_head": [
    1226.9355483448396
  ],
  "end_surface_area_tail": [
    503.6893303731447
  ],
  "radius_head": [
    4.968743914624748
  ],
  "radius_tail": [
    3.7070309979848206
  ],
  "irregularity": [
    1.7869218613318767
  ],
  "irregularity_of_end_surface_head": [
    0.06321517598783423
  ],
  "irregularity_of_end_surface_tail": [
    0.08571159098018803
  ],
  "mean_curvature": [
    0.3815568394162818
  ],
  "fractal_dimension": [
    2.357161593404933
  ]
}