{
  "volume": [
    11245.83208322525
  ],
  "volume_endpoints": [
    2481.638397693634
  ],
  "streamlines_count": [
    1317
  ],
  "avg_length": [
    68.65205383300781
  ],
  "std_length": [
    8.123160362243652
  ],
  "min_length": [
    44.5263786315918
  ],
  "max_length": [
    95.19871520996094
  ],
  "span": [
    24.620216369628906
  ],
  "curl": [
    2.7884423435732213
  ],
  "diameter": [
    14.441891883919745
  ],
  "elongation": [
    4.753674545192248
  ],
  "surface_area": [
    6386.522406910771
  ],
  "end_surface_area_head": [
    1265.6808814504661
  ],
  "end_surface_area_tail": [
    1356.086658696928
  ],
  "radius_head": [
    4.970733641881248
  ],
  "radius_tail": [
    5.270624391734277
  ],
  "irregularity": [
    2.0503922126939704
  ],
  "irregularity_of_end_surface_head": [
    0.061329106378070035
  ],
  "irregularity_of_end_surface_tail": [
    0.06435563271304276
  ],
  "mean_curvature": [
    0.4014991745635607
  ],
  "fractal_dimension": [
    2.379558171100806
  ]
}