{
  "volume": [
    9798.694001197815
  ],
  "volume_endpoints": [
    2069.0006313323975
  ],
  "streamlines_count": [
    1582
  ],
  "avg_length": [
    68.71036529541016
  ],
  "std_length": [
    5.985567092895508
  ],
  "min_length": [
    53.11075210571289
  ],
  "max_length": [
    89.80126953125
  ],
  "span": [
    26.436912536621094
  ],
  "curl": [
    2.5990313808479257
  ],
  "diameter": [
    13.474976868596888
  ],
  "elongation": [
    5.099108218548265
  ],
  "surface_area": [
    5585.785522727822
  ],
  "end_surface_area_head": [
    942.8031055702452
  ],
  "end_surface_area_tail": [
    1084.8693269575424
  ],
  "radius_head": [
    4.624539453988632
  ],
  "radius_tail": [
    4.89748062563278
  ],
  "irregularity": [
    1.9203663953201267
  ],
  "irregularity_of_end_surface_head": [
    0.07126328634408942
  ],
  "irregularity_of_end_surface_tail": [
    0.06945729975981599
  ],
  "mean_curvature": [
    0.38962446676870965
  ],
  "fractal_dimension": [
    2.3624175146200677
  ]
}