{
  "volume": [
    8258.567126750946
  ],
  "volume_endpoints": [
    1720.2926597595215
  ],
  "streamlines_count": [
    1037
  ],
  "avg_length": [
    83.584228515625
  ],
  "std_length": [
    5.427359580993652
  ],
  "min_length": [
    68.99282836914062
  ],
  "max_length": [
    100.67845916748047
  ],
  "span": [
    38.36952590942383
  ],
  "curl": [
    2.178401388459588
  ],
  "diameter": [
    11.216187009525033
  ],
  "elongation": [
    7.452107248625886
  ],
  "surface_area": [
    5424.346634787712
  ],
  "end_surface_area_head": [
    1097.7844379927512
  ],
  "end_surface_area_tail": [
    619.9253296900242
  ],
  "radius_head": [
    4.755884245079615
  ],
  "radius_tail": [
    4.148032496789787
  ],
  "irregularity": [
    1.8417385645263384
  ],
  "irregularity_of_end_surface_head": [
    0.06472847184161393
  ],
  "irregularity_of_end_surface_tail": [
    0.08719564433294251
  ],
  "mean_curvature": [
    0.38034744748958854
  ],
  "fractal_dimension": [
    2.2441831738941382
  ]
}