{
  "volume": [
    8717.6992893219
  ],
  "volume_endpoints": [
    1702.8572611808777
  ],
  "streamlines_count": [
    654
  ],
  "avg_length": [
    59.83833694458008
  ],
  "std_length": [
    7.189190864562988
  ],
  "min_length": [
    43.333316802978516
  ],
  "max_length": [
    85.10445404052734
  ],
  "span": [
    25.049856185913086
  ],
  "curl": [
    2.388769679972473
  ],
  "diameter": [
    13.61965930930402
  ],
  "elongation": [
    4.393526709122791
  ],
  "surface_area": [
    5585.785522727822
  ],
  "end_surface_area_head": [
    1265.6808814504661
  ],
  "end_surface_area_tail": [
    684.5008848660684
  ],
  "radius_head": [
    4.903782725548185
  ],
  "radius_tail": [
    4.543254561537016
  ],
  "irregularity": [
    2.181667813650669
  ],
  "irregularity_of_end_surface_head": [
    0.059688146312657245
  ],
  "irregularity_of_end_surface_tail": [
    0.09473490008383652
  ],
  "mean_curvature": [
    0.4019353752015927
  ],
  "fractal_dimension": [
    2.27806538209761
  ]
}