{
  "volume": [
    17255.232793331146
  ],
  "volume_endpoints": [
    2237.542817592621
  ],
  "streamlines_count": [
    1018
  ],
  "avg_length": [
    66.05316925048828
  ],
  "std_length": [
    15.080598831176758
  ],
  "min_length": [
    40.01091766357422
  ],
  "max_length": [
    99.36320495605469
  ],
  "span": [
    21.069652557373047
  ],
  "curl": [
    3.134990910297372
  ],
  "diameter": [
    18.237640082367584
  ],
  "elongation": [
    3.6218046278010196
  ],
  "surface_area": [
    8788.733059459615
  ],
  "end_surface_area_head": [
    1226.9355483448396
  ],
  "end_surface_area_tail": [
    1336.7139921441149
  ],
  "radius_head": [
    5.146053816123832
  ],
  "radius_tail": [
    4.9884961663151515
  ],
  "irregularity": [
    2.3222774250309954
  ],
  "irregularity_of_end_surface_head": [
    0.06780734976313002
  ],
  "irregularity_of_end_surface_tail": [
    0.05848583089423928
  ],
  "mean_curvature": [
    0.4053900642338811
  ],
  "fractal_dimension": [
    2.4558103341298425
  ]
}