{
  "volume": [
    12431.439186573029
  ],
  "volume_endpoints": [
    2987.264956474304
  ],
  "streamlines_count": [
    3246
  ],
  "avg_length": [
    69.97521209716797
  ],
  "std_length": [
    7.613918304443359
  ],
  "min_length": [
    52.445308685302734
  ],
  "max_length": [
    94.79554748535156
  ],
  "span": [
    28.834064483642578
  ],
  "curl": [
    2.4268244297249373
  ],
  "diameter": [
    15.039855112127702
  ],
  "elongation": [
    4.652652008644817
  ],
  "surface_area": [
    6748.145515896618
  ],
  "end_surface_area_head": [
    1117.1571045455644
  ],
  "end_surface_area_tail": [
    1691.8795456123578
  ],
  "radius_head": [
    5.075925839041877
  ],
  "radius_tail": [
    5.420954145690143
  ],
  "irregularity": [
    2.041017321314215
  ],
  "irregularity_of_end_surface_head": [
    0.07245463241907861
  ],
  "irregularity_of_end_surface_tail": [
    0.05456722899126356
  ],
  "mean_curvature": [
    0.39126564826740573
  ],
  "fractal_dimension": [
    2.444096224831363
  ]
}