{
  "volume": [
    20416.85173559189
  ],
  "volume_endpoints": [
    1522.691475868225
  ],
  "streamlines_count": [
    6466
  ],
  "avg_length": [
    49.09729766845703
  ],
  "std_length": [
    22.48143768310547
  ],
  "min_length": [
    22.52152442932129
  ],
  "max_length": [
    145.7686767578125
  ],
  "span": [
    16.154939651489258
  ],
  "curl": [
    3.0391507939759435
  ],
  "diameter": [
    23.010213712011513
  ],
  "elongation": [
    2.133717586587553
  ],
  "surface_area": [
    11404.043044089403
  ],
  "end_surface_area_head": [
    445.5713307147049
  ],
  "end_surface_area_tail": [
    1065.496660404729
  ],
  "radius_head": [
    3.10926756749131
  ],
  "radius_tail": [
    5.511737486541612
  ],
  "irregularity": [
    3.213148028694692
  ],
  "irregularity_of_end_surface_head": [
    0.06816302048172437
  ],
  "irregularity_of_end_surface_tail": [
    0.08957252757979363
  ],
  "mean_curvature": [
    0.4169711301174099
  ],
  "fractal_dimension": [
    2.4015995853175376
  ]
}