{
  "volume": [
    10089.283977508545
  ],
  "volume_endpoints": [
    1935.3292422294617
  ],
  "streamlines_count": [
    2509
  ],
  "avg_length": [
    79.84077453613281
  ],
  "std_length": [
    4.027161121368408
  ],
  "min_length": [
    69.68362426757812
  ],
  "max_length": [
    93.27786254882812
  ],
  "span": [
    37.95304489135742
  ],
  "curl": [
    2.1036724395810986
  ],
  "diameter": [
    12.684485654992887
  ],
  "elongation": [
    6.294364368231657
  ],
  "surface_area": [
    5798.884854808768
  ],
  "end_surface_area_head": [
    994.4635497110805
  ],
  "end_surface_area_tail": [
    871.7699948765966
  ],
  "radius_head": [
    4.533186516517894
  ],
  "radius_tail": [
    4.61719034188152
  ],
  "irregularity": [
    1.822623684687416
  ],
  "irregularity_of_end_surface_head": [
    0.06491845566320338
  ],
  "irregularity_of_end_surface_tail": [
    0.07682516694212033
  ],
  "mean_curvature": [
    0.3704163908673359
  ],
  "fractal_dimension": [
    2.252296943067266
  ]
}