{
  "volume": [
    11263.267481803894
  ],
  "volume_endpoints": [
    2946.582359790802
  ],
  "streamlines_count": [
    3438
  ],
  "avg_length": [
    73.764404296875
  ],
  "std_length": [
    4.804244041442871
  ],
  "min_length": [
    59.872337341308594
  ],
  "max_length": [
    88.95755767822266
  ],
  "span": [
    34.034584045410156
  ],
  "curl": [
    2.1673367360228615
  ],
  "diameter": [
    13.943244357949037
  ],
  "elongation": [
    5.290332895501608
  ],
  "surface_area": [
    6173.423074829825
  ],
  "end_surface_area_head": [
    942.8031055702452
  ],
  "end_surface_area_tail": [
    1672.5068790595446
  ],
  "radius_head": [
    4.44005196889978
  ],
  "radius_tail": [
    5.4311102397499695
  ],
  "irregularity": [
    1.9105811567649864
  ],
  "irregularity_of_end_surface_head": [
    0.06569086416091384
  ],
  "irregularity_of_end_surface_tail": [
    0.055406305999102394
  ],
  "mean_curvature": [
    0.3687227088535435
  ],
  "fractal_dimension": [
    2.343558791919842
  ]
}