{
  "volume": [
    13320.644514083862
  ],
  "volume_endpoints": [
    3097.6891474723816
  ],
  "streamlines_count": [
    3871
  ],
  "avg_length": [
    63.65264129638672
  ],
  "std_length": [
    6.233821868896484
  ],
  "min_length": [
    46.580387115478516
  ],
  "max_length": [
    82.59892272949219
  ],
  "span": [
    27.920639038085938
  ],
  "curl": [
    2.2797702162031297
  ],
  "diameter": [
    16.323356428491362
  ],
  "elongation": [
    3.8994824119189824
  ],
  "surface_area": [
    6709.4001827909915
  ],
  "end_surface_area_head": [
    1020.2937717814982
  ],
  "end_surface_area_tail": [
    1691.8795456123578
  ],
  "radius_head": [
    4.581980627469314
  ],
  "radius_tail": [
    7.15788583874135
  ],
  "irregularity": [
    2.0554547959238665
  ],
  "irregularity_of_end_surface_head": [
    0.0646444335752645
  ],
  "irregularity_of_end_surface_tail": [
    0.09513711289068591
  ],
  "mean_curvature": [
    0.3757903472116461
  ],
  "fractal_dimension": [
    2.378769172028321
  ]
}