{
  "volume": [
    4940.02959728241
  ],
  "volume_endpoints": [
    1342.5256905555725
  ],
  "streamlines_count": [
    2277
  ],
  "avg_length": [
    58.91131591796875
  ],
  "std_length": [
    4.035261631011963
  ],
  "min_length": [
    46.84263610839844
  ],
  "max_length": [
    72.02198028564453
  ],
  "span": [
    28.1763916015625
  ],
  "curl": [
    2.0908041296069246
  ],
  "diameter": [
    10.332858280103927
  ],
  "elongation": [
    5.701357196721005
  ],
  "surface_area": [
    3428.9619798479466
  ],
  "end_surface_area_head": [
    904.0577724646187
  ],
  "end_surface_area_tail": [
    406.8259976090784
  ],
  "radius_head": [
    4.312132667810829
  ],
  "radius_tail": [
    3.239225689334634
  ],
  "irregularity": [
    1.7930549548288421
  ],
  "irregularity_of_end_surface_head": [
    0.06461567958618106
  ],
  "irregularity_of_end_surface_tail": [
    0.08102584906680523
  ],
  "mean_curvature": [
    0.35524545238894434
  ],
  "fractal_dimension": [
    2.2601574047022965
  ]
}