{
  "volume": [
    9072.21906042099
  ],
  "volume_endpoints": [
    1865.5876479148865
  ],
  "streamlines_count": [
    2966
  ],
  "avg_length": [
    71.31855010986328
  ],
  "std_length": [
    4.667012691497803
  ],
  "min_length": [
    58.43122482299805
  ],
  "max_length": [
    87.1637954711914
  ],
  "span": [
    33.7990608215332
  ],
  "curl": [
    2.1100749067094378
  ],
  "diameter": [
    12.726546560166643
  ],
  "elongation": [
    5.603920102966993
  ],
  "surface_area": [
    5159.586858565931
  ],
  "end_surface_area_head": [
    929.8879945350363
  ],
  "end_surface_area_tail": [
    826.5671062533656
  ],
  "radius_head": [
    4.420744601001556
  ],
  "radius_tail": [
    4.769883001040763
  ],
  "irregularity": [
    1.809472466147554
  ],
  "irregularity_of_end_surface_head": [
    0.0660252542674535
  ],
  "irregularity_of_end_surface_tail": [
    0.08647433032165992
  ],
  "mean_curvature": [
    0.36813356924804574
  ],
  "fractal_dimension": [
    2.349139815456879
  ]
}