{
  "volume": [
    9281.443843364716
  ],
  "volume_endpoints": [
    1168.1717047691345
  ],
  "streamlines_count": [
    578
  ],
  "avg_length": [
    69.3821029663086
  ],
  "std_length": [
    4.429842472076416
  ],
  "min_length": [
    59.32567596435547
  ],
  "max_length": [
    82.96257019042969
  ],
  "span": [
    30.511934280395508
  ],
  "curl": [
    2.273933285536994
  ],
  "diameter": [
    13.050859084033979
  ],
  "elongation": [
    5.316286270471538
  ],
  "surface_area": [
    5476.007078928547
  ],
  "end_surface_area_head": [
    813.6519952181568
  ],
  "end_surface_area_tail": [
    458.48644174991375
  ],
  "radius_head": [
    4.040046681700165
  ],
  "radius_tail": [
    3.1597249351473202
  ],
  "irregularity": [
    1.9249859702959988
  ],
  "irregularity_of_end_surface_head": [
    0.06302080488281739
  ],
  "irregularity_of_end_surface_tail": [
    0.06841036856836122
  ],
  "mean_curvature": [
    0.3834500358694565
  ],
  "fractal_dimension": [
    2.292522000976308
  ]
}