{
  "volume": [
    17417.963180065155
  ],
  "volume_endpoints": [
    3638.1865034103394
  ],
  "streamlines_count": [
    3816
  ],
  "avg_length": [
    78.5811538696289
  ],
  "std_length": [
    5.818181037902832
  ],
  "min_length": [
    64.64617156982422
  ],
  "max_length": [
    96.87220764160156
  ],
  "span": [
    31.020824432373047
  ],
  "curl": [
    2.5331742565688335
  ],
  "diameter": [
    16.799429849318013
  ],
  "elongation": [
    4.677608381621295
  ],
  "surface_area": [
    8530.430838755437
  ],
  "end_surface_area_head": [
    826.5671062533656
  ],
  "end_surface_area_tail": [
    2053.5026545982055
  ],
  "radius_head": [
    4.110860956437319
  ],
  "radius_tail": [
    6.927143619048758
  ],
  "irregularity": [
    2.0568761826317474
  ],
  "irregularity_of_end_surface_head": [
    0.06422991241299633
  ],
  "irregularity_of_end_surface_tail": [
    0.07341131233991272
  ],
  "mean_curvature": [
    0.38542335162591385
  ],
  "fractal_dimension": [
    2.4232515724512984
  ]
}