{
  "volume": [
    9542.974822044373
  ],
  "volume_endpoints": [
    2580.438989639282
  ],
  "streamlines_count": [
    2729
  ],
  "avg_length": [
    74.02180480957031
  ],
  "std_length": [
    5.672085285186768
  ],
  "min_length": [
    56.68590545654297
  ],
  "max_length": [
    92.0616455078125
  ],
  "span": [
    35.346736907958984
  ],
  "curl": [
    2.094162326845591
  ],
  "diameter": [
    12.812005409432956
  ],
  "elongation": [
    5.777534620385898
  ],
  "surface_area": [
    6070.102186548154
  ],
  "end_surface_area_head": [
    833.02466177097
  ],
  "end_surface_area_tail": [
    1846.8608780348638
  ],
  "radius_head": [
    4.281009112256812
  ],
  "radius_tail": [
    6.077730290758588
  ],
  "irregularity": [
    2.0373673697172454
  ],
  "irregularity_of_end_surface_head": [
    0.06911691068359184
  ],
  "irregularity_of_end_surface_tail": [
    0.06283455420554598
  ],
  "mean_curvature": [
    0.36184231175219633
  ],
  "fractal_dimension": [
    2.3331829817507375
  ]
}