{
  "volume": [
    13303.209115505219
  ],
  "volume_endpoints": [
    2347.9670085906982
  ],
  "streamlines_count": [
    2455
  ],
  "avg_length": [
    88.75045776367188
  ],
  "std_length": [
    4.239804744720459
  ],
  "min_length": [
    77.40162658691406
  ],
  "max_length": [
    103.21556854248047
  ],
  "span": [
    39.23740005493164
  ],
  "curl": [
    2.261884264488036
  ],
  "diameter": [
    13.814907054801864
  ],
  "elongation": [
    6.4242529762676535
  ],
  "surface_area": [
    7684.491065949259
  ],
  "end_surface_area_head": [
    929.8879945350363
  ],
  "end_surface_area_tail": [
    1401.2895473201588
  ],
  "radius_head": [
    4.4473681421379085
  ],
  "radius_tail": [
    5.454590838544958
  ],
  "irregularity": [
    1.9950173096920576
  ],
  "irregularity_of_end_surface_head": [
    0.06682291140793237
  ],
  "irregularity_of_end_surface_tail": [
    0.0667031506231008
  ],
  "mean_curvature": [
    0.3766124868465781
  ],
  "fractal_dimension": [
    2.3393532674661963
  ]
}