{
  "volume": [
    9362.80903673172
  ],
  "volume_endpoints": [
    1760.9752564430237
  ],
  "streamlines_count": [
    1954
  ],
  "avg_length": [
    70.05621337890625
  ],
  "std_length": [
    5.226927757263184
  ],
  "min_length": [
    56.580955505371094
  ],
  "max_length": [
    87.89136505126953
  ],
  "span": [
    32.700408935546875
  ],
  "curl": [
    2.1423650547303055
  ],
  "diameter": [
    13.04472152648991
  ],
  "elongation": [
    5.370464462322413
  ],
  "surface_area": [
    5482.464634446152
  ],
  "end_surface_area_head": [
    910.5153279822231
  ],
  "end_surface_area_tail": [
    929.8879945350363
  ],
  "radius_head": [
    4.328070947937334
  ],
  "radius_tail": [
    5.271023504885457
  ],
  "irregularity": [
    1.9096091823139414
  ],
  "irregularity_of_end_surface_head": [
    0.06463255941270286
  ],
  "irregularity_of_end_surface_tail": [
    0.09386617861752751
  ],
  "mean_curvature": [
    0.37087647746504876
  ],
  "fractal_dimension": [
    2.3249828878688352
  ]
}