{
  "volume": [
    8781.62908411026
  ],
  "volume_endpoints": [
    1929.517442703247
  ],
  "streamlines_count": [
    1932
  ],
  "avg_length": [
    75.06816864013672
  ],
  "std_length": [
    7.739547252655029
  ],
  "min_length": [
    53.17145919799805
  ],
  "max_length": [
    97.51508331298828
  ],
  "span": [
    33.03258514404297
  ],
  "curl": [
    2.2725490091917426
  ],
  "diameter": [
    12.204351113776351
  ],
  "elongation": [
    6.15093485432415
  ],
  "surface_area": [
    5669.73374445668
  ],
  "end_surface_area_head": [
    994.4635497110805
  ],
  "end_surface_area_tail": [
    942.8031055702452
  ],
  "radius_head": [
    4.4776254932422095
  ],
  "radius_tail": [
    5.648399870646029
  ],
  "irregularity": [
    1.9698913685667816
  ],
  "irregularity_of_end_surface_head": [
    0.06333686108308154
  ],
  "irregularity_of_end_surface_tail": [
    0.10631137545960014
  ],
  "mean_curvature": [
    0.36331736907270384
  ],
  "fractal_dimension": [
    2.2991238132434466
  ]
}