{
  "volume": [
    13448.504103660583
  ],
  "volume_endpoints": [
    2272.4136147499084
  ],
  "streamlines_count": [
    3232
  ],
  "avg_length": [
    79.2528305053711
  ],
  "std_length": [
    5.269941329956055
  ],
  "min_length": [
    62.2304573059082
  ],
  "max_length": [
    95.9498291015625
  ],
  "span": [
    35.077606201171875
  ],
  "curl": [
    2.2593568686201686
  ],
  "diameter": [
    14.69889400781209
  ],
  "elongation": [
    5.391754676457305
  ],
  "surface_area": [
    7058.10818074163
  ],
  "end_surface_area_head": [
    910.5153279822231
  ],
  "end_surface_area_tail": [
    1356.086658696928
  ],
  "radius_head": [
    4.2987175505606405
  ],
  "radius_tail": [
    5.5137678953149125
  ],
  "irregularity": [
    1.9285859461528072
  ],
  "irregularity_of_end_surface_head": [
    0.06375884372017053
  ],
  "irregularity_of_end_surface_tail": [
    0.07043027594845766
  ],
  "mean_curvature": [
    0.37354789484329154
  ],
  "fractal_dimension": [
    2.417495066562935
  ]
}