{
  "volume": [
    7572.774782657623
  ],
  "volume_endpoints": [
    586.9917521476746
  ],
  "streamlines_count": [
    122
  ],
  "avg_length": [
    65.06474304199219
  ],
  "std_length": [
    8.455059051513672
  ],
  "min_length": [
    50.136260986328125
  ],
  "max_length": [
    95.16197967529297
  ],
  "span": [
    24.914260864257812
  ],
  "curl": [
    2.6115461902116697
  ],
  "diameter": [
    12.173339111652902
  ],
  "elongation": [
    5.34485587275796
  ],
  "surface_area": [
    5630.988411351053
  ],
  "end_surface_area_head": [
    484.3166638203314
  ],
  "end_surface_area_tail": [
    626.3828852076286
  ],
  "radius_head": [
    3.962893478694448
  ],
  "radius_tail": [
    4.137768917288369
  ],
  "irregularity": [
    2.2629727356392966
  ],
  "irregularity_of_end_surface_head": [
    0.10186975420218794
  ],
  "irregularity_of_end_surface_tail": [
    0.08587019627512911
  ],
  "mean_curvature": [
    0.3937633465059468
  ],
  "fractal_dimension": [
    2.1988283434358458
  ]
}