{
  "volume": [
    4509.956432342529
  ],
  "volume_endpoints": [
    1383.2082872390747
  ],
  "streamlines_count": [
    2369
  ],
  "avg_length": [
    61.65026092529297
  ],
  "std_length": [
    4.530462741851807
  ],
  "min_length": [
    46.30656433105469
  ],
  "max_length": [
    76.54805755615234
  ],
  "span": [
    23.241899490356445
  ],
  "curl": [
    2.6525482975637584
  ],
  "diameter": [
    9.651032387217143
  ],
  "elongation": [
    6.3879446728361575
  ],
  "surface_area": [
    3416.0468688127376
  ],
  "end_surface_area_head": [
    787.8217731477391
  ],
  "end_surface_area_tail": [
    626.3828852076286
  ],
  "radius_head": [
    4.20974703140525
  ],
  "radius_tail": [
    3.8988591808685804
  ],
  "irregularity": [
    1.8275331182101493
  ],
  "irregularity_of_end_surface_head": [
    0.07066980486164157
  ],
  "irregularity_of_end_surface_tail": [
    0.07624038645266627
  ],
  "mean_curvature": [
    0.35120761910285964
  ],
  "fractal_dimension": [
    2.093227934555736
  ]
}