{
  "volume": [
    5527.021349430084
  ],
  "volume_endpoints": [
    185.9775848388672
  ],
  "streamlines_count": [
    25
  ],
  "avg_length": [
    110.16227722167969
  ],
  "std_length": [
    11.370590209960938
  ],
  "min_length": [
    94.35436248779297
  ],
  "max_length": [
    132.6197509765625
  ],
  "span": [
    28.16775131225586
  ],
  "curl": [
    3.9109361624386327
  ],
  "diameter": [
    7.992528212738832
  ],
  "elongation": [
    13.783157755527013
  ],
  "surface_area": [
    6309.031740699517
  ],
  "end_surface_area_head": [
    406.8259976090784
  ],
  "end_surface_area_tail": [
    161.43888794011048
  ],
  "radius_head": [
    4.278020013955965
  ],
  "radius_tail": [
    2.409606129629844
  ],
  "irregularity": [
    2.2808449160326307
  ],
  "irregularity_of_end_surface_head": [
    0.1413275397080955
  ],
  "irregularity_of_end_surface_tail": [
    0.11298839355601493
  ],
  "mean_curvature": [
    0.3642933416366577
  ],
  "fractal_dimension": [
    1.9497946819435763
  ]
}