{
  "volume": [
    9130.337055683136
  ],
  "volume_endpoints": [
    2231.7310180664062
  ],
  "streamlines_count": [
    4205
  ],
  "avg_length": [
    73.08258056640625
  ],
  "std_length": [
    3.8957509994506836
  ],
  "min_length": [
    60.19903564453125
  ],
  "max_length": [
    85.46324157714844
  ],
  "span": [
    35.62812805175781
  ],
  "curl": [
    2.0512607471332056
  ],
  "diameter": [
    12.612219701561896
  ],
  "elongation": [
    5.794585116318241
  ],
  "surface_area": [
    5488.922189963756
  ],
  "end_surface_area_head": [
    1194.6477707568174
  ],
  "end_surface_area_tail": [
    929.8879945350363
  ],
  "radius_head": [
    5.2454674424419085
  ],
  "radius_tail": [
    4.363868898282984
  ],
  "irregularity": [
    1.8955349666283903
  ],
  "irregularity_of_end_surface_head": [
    0.0723566392970411
  ],
  "irregularity_of_end_surface_tail": [
    0.06433726894523446
  ],
  "mean_curvature": [
    0.34582732152215934
  ],
  "fractal_dimension": [
    2.3026808043102784
  ]
}