{
  "volume": [
    10519.357142448425
  ],
  "volume_endpoints": [
    2493.2619967460632
  ],
  "streamlines_count": [
    3675
  ],
  "avg_length": [
    69.19107818603516
  ],
  "std_length": [
    5.556857109069824
  ],
  "min_length": [
    55.9743766784668
  ],
  "max_length": [
    88.62397766113281
  ],
  "span": [
    27.78885841369629
  ],
  "curl": [
    2.4898855921311602
  ],
  "diameter": [
    13.91312254261948
  ],
  "elongation": [
    4.973080483844303
  ],
  "surface_area": [
    6031.356853442528
  ],
  "end_surface_area_head": [
    878.227550394201
  ],
  "end_surface_area_tail": [
    1485.2377690490164
  ],
  "radius_head": [
    4.522093883318094
  ],
  "radius_tail": [
    5.611049674734795
  ],
  "irregularity": [
    1.9942997909443099
  ],
  "irregularity_of_end_surface_head": [
    0.0731512858781103
  ],
  "irregularity_of_end_surface_tail": [
    0.06659507542399806
  ],
  "mean_curvature": [
    0.36064750503520576
  ],
  "fractal_dimension": [
    2.3644865559086945
  ]
}