{
  "volume": [
    8171.390133857727
  ],
  "volume_endpoints": [
    1633.1156668663025
  ],
  "streamlines_count": [
    1668
  ],
  "avg_length": [
    67.293701171875
  ],
  "std_length": [
    5.103870868682861
  ],
  "min_length": [
    54.049774169921875
  ],
  "max_length": [
    82.90934753417969
  ],
  "span": [
    31.374526977539062
  ],
  "curl": [
    2.1448514975237836
  ],
  "diameter": [
    12.434142053008914
  ],
  "elongation": [
    5.412010003182385
  ],
  "surface_area": [
    4688.185305780808
  ],
  "end_surface_area_head": [
    878.227550394201
  ],
  "end_surface_area_tail": [
    626.3828852076286
  ],
  "radius_head": [
    4.269074124546932
  ],
  "radius_tail": [
    3.8247931067275256
  ],
  "irregularity": [
    1.783465270534914
  ],
  "irregularity_of_end_surface_head": [
    0.06519438710637097
  ],
  "irregularity_of_end_surface_tail": [
    0.07337124454258384
  ],
  "mean_curvature": [
    0.38538356205756713
  ],
  "fractal_dimension": [
    2.3139127113204974
  ]
}