{
  "volume": [
    11594.540054798126
  ],
  "volume_endpoints": [
    2266.601815223694
  ],
  "streamlines_count": [
    1782
  ],
  "avg_length": [
    66.48503875732422
  ],
  "std_length": [
    5.134167671203613
  ],
  "min_length": [
    52.48603820800781
  ],
  "max_length": [
    82.74757385253906
  ],
  "span": [
    29.32019805908203
  ],
  "curl": [
    2.267550806558425
  ],
  "diameter": [
    14.901152481098515
  ],
  "elongation": [
    4.461738032790262
  ],
  "surface_area": [
    6212.168407935451
  ],
  "end_surface_area_head": [
    813.6519952181568
  ],
  "end_surface_area_tail": [
    1698.3371011299623
  ],
  "radius_head": [
    4.053975632094458
  ],
  "radius_tail": [
    5.781808807930062
  ],
  "irregularity": [
    1.9959495643512368
  ],
  "irregularity_of_end_surface_head": [
    0.06345611019596602
  ],
  "irregularity_of_end_surface_tail": [
    0.06183771428699412
  ],
  "mean_curvature": [
    0.3991408454783169
  ],
  "fractal_dimension": [
    2.3748300059079237
  ]
}