{
  "volume": [
    7462.350591659546
  ],
  "volume_endpoints": [
    1691.2336621284485
  ],
  "streamlines_count": [
    1746
  ],
  "avg_length": [
    66.86804962158203
  ],
  "std_length": [
    6.970625400543213
  ],
  "min_length": [
    52.750343322753906
  ],
  "max_length": [
    88.38041687011719
  ],
  "span": [
    30.48084259033203
  ],
  "curl": [
    2.193773004253871
  ],
  "diameter": [
    11.920200373043548
  ],
  "elongation": [
    5.609641409451309
  ],
  "surface_area": [
    4546.119084393511
  ],
  "end_surface_area_head": [
    923.4304390174319
  ],
  "end_surface_area_tail": [
    729.7037734892994
  ],
  "radius_head": [
    4.360549819917215
  ],
  "radius_tail": [
    4.6326674666835395
  ],
  "irregularity": [
    1.8154685222862366
  ],
  "irregularity_of_end_surface_head": [
    0.06468866552201379
  ],
  "irregularity_of_end_surface_tail": [
    0.09239863082378659
  ],
  "mean_curvature": [
    0.38320594194760166
  ],
  "fractal_dimension": [
    2.3034021331062613
  ]
}