{
  "volume": [
    6852.111641407013
  ],
  "volume_endpoints": [
    1255.3486976623535
  ],
  "streamlines_count": [
    670
  ],
  "avg_length": [
    66.52620697021484
  ],
  "std_length": [
    5.627434253692627
  ],
  "min_length": [
    54.33831787109375
  ],
  "max_length": [
    84.4501953125
  ],
  "span": [
    29.371076583862305
  ],
  "curl": [
    2.2650244631062355
  ],
  "diameter": [
    11.451724545848817
  ],
  "elongation": [
    5.809274114467781
  ],
  "surface_area": [
    4597.779528534346
  ],
  "end_surface_area_head": [
    826.5671062533656
  ],
  "end_surface_area_tail": [
    697.4159959012773
  ],
  "radius_head": [
    4.076486250812247
  ],
  "radius_tail": [
    4.410883187437525
  ],
  "irregularity": [
    1.9210320642304328
  ],
  "irregularity_of_end_surface_head": [
    0.06316023222937066
  ],
  "irregularity_of_end_surface_tail": [
    0.08764135466029169
  ],
  "mean_curvature": [
    0.39251319935072715
  ],
  "fractal_dimension": [
    2.2661732309206832
  ]
}