{
  "volume": [
    7508.844987869263
  ],
  "volume_endpoints": [
    1958.57644033432
  ],
  "streamlines_count": [
    1435
  ],
  "avg_length": [
    64.08721923828125
  ],
  "std_length": [
    8.680161476135254
  ],
  "min_length": [
    40.264713287353516
  ],
  "max_length": [
    90.01150512695312
  ],
  "span": [
    24.405515670776367
  ],
  "curl": [
    2.6259317812743665
  ],
  "diameter": [
    12.213943729349944
  ],
  "elongation": [
    5.247053749255493
  ],
  "surface_area": [
    4675.270194745599
  ],
  "end_surface_area_head": [
    1084.8693269575424
  ],
  "end_surface_area_tail": [
    975.0908831582673
  ],
  "radius_head": [
    5.015983386962137
  ],
  "radius_tail": [
    4.5041133702585645
  ],
  "irregularity": [
    1.9012074150678926
  ],
  "irregularity_of_end_surface_head": [
    0.07285923738896274
  ],
  "irregularity_of_end_surface_tail": [
    0.06536170965725975
  ],
  "mean_curvature": [
    0.4261948294132844
  ],
  "fractal_dimension": [
    2.2402021334266813
  ]
}