{
  "volume": [
    12844.076952934265
  ],
  "volume_endpoints": [
    2411.896803379059
  ],
  "streamlines_count": [
    3410
  ],
  "avg_length": [
    72.83638763427734
  ],
  "std_length": [
    7.695398807525635
  ],
  "min_length": [
    48.948341369628906
  ],
  "max_length": [
    97.54889678955078
  ],
  "span": [
    27.595800399780273
  ],
  "curl": [
    2.6394011617382653
  ],
  "diameter": [
    14.984156816327724
  ],
  "elongation": [
    4.8608933106539585
  ],
  "surface_area": [
    6573.791516921298
  ],
  "end_surface_area_head": [
    897.6002169470142
  ],
  "end_surface_area_tail": [
    1239.8506593800485
  ],
  "radius_head": [
    4.3393145844235175
  ],
  "radius_tail": [
    5.082435429533945
  ],
  "irregularity": [
    1.9172791343501414
  ],
  "irregularity_of_end_surface_head": [
    0.06590360867903619
  ],
  "irregularity_of_end_surface_tail": [
    0.06545219791687307
  ],
  "mean_curvature": [
    0.3889026366458261
  ],
  "fractal_dimension": [
    2.428340028756914
  ]
}