{
  "volume": [
    8142.331136226654
  ],
  "volume_endpoints": [
    2156.1776242256165
  ],
  "streamlines_count": [
    1827
  ],
  "avg_length": [
    69.26372528076172
  ],
  "std_length": [
    6.262692451477051
  ],
  "min_length": [
    53.084320068359375
  ],
  "max_length": [
    89.55443572998047
  ],
  "span": [
    33.130943298339844
  ],
  "curl": [
    2.090605288749278
  ],
  "diameter": [
    12.234226499744407
  ],
  "elongation": [
    5.6614715513243725
  ],
  "surface_area": [
    5082.096192354677
  ],
  "end_surface_area_head": [
    929.8879945350363
  ],
  "end_surface_area_tail": [
    1407.7471028377634
  ],
  "radius_head": [
    4.325056549912035
  ],
  "radius_tail": [
    6.149901142861276
  ],
  "irregularity": [
    1.9090207359083573
  ],
  "irregularity_of_end_surface_head": [
    0.0631979240160583
  ],
  "irregularity_of_end_surface_tail": [
    0.08440370286296218
  ],
  "mean_curvature": [
    0.3695866399993646
  ],
  "fractal_dimension": [
    2.2783912695575803
  ]
}