{
  "volume": [
    11954.871625423431
  ],
  "volume_endpoints": [
    2382.837805747986
  ],
  "streamlines_count": [
    2835
  ],
  "avg_length": [
    74.22150421142578
  ],
  "std_length": [
    5.661671161651611
  ],
  "min_length": [
    59.56947326660156
  ],
  "max_length": [
    93.33677673339844
  ],
  "span": [
    32.234039306640625
  ],
  "curl": [
    2.3025815506818965
  ],
  "diameter": [
    14.320647074812223
  ],
  "elongation": [
    5.18283174103004
  ],
  "surface_area": [
    6690.027516238179
  ],
  "end_surface_area_head": [
    936.3455500526408
  ],
  "end_surface_area_tail": [
    1149.4448821335866
  ],
  "radius_head": [
    4.386932104899588
  ],
  "radius_tail": [
    5.335523028255953
  ],
  "irregularity": [
    2.0034828892910888
  ],
  "irregularity_of_end_surface_head": [
    0.06457070793036636
  ],
  "irregularity_of_end_surface_tail": [
    0.07780647122500077
  ],
  "mean_curvature": [
    0.3729244687044221
  ],
  "fractal_dimension": [
    2.395038187184687
  ]
}