{
  "volume": [
    15755.78851556778
  ],
  "volume_endpoints": [
    3301.1021308898926
  ],
  "streamlines_count": [
    4046
  ],
  "avg_length": [
    72.59524536132812
  ],
  "std_length": [
    6.854591369628906
  ],
  "min_length": [
    54.799095153808594
  ],
  "max_length": [
    93.74457550048828
  ],
  "span": [
    28.5800838470459
  ],
  "curl": [
    2.540064114221685
  ],
  "diameter": [
    16.62344542672931
  ],
  "elongation": [
    4.36703965380126
  ],
  "surface_area": [
    8620.8366160019
  ],
  "end_surface_area_head": [
    988.0059941934761
  ],
  "end_surface_area_tail": [
    2324.719986337591
  ],
  "radius_head": [
    4.4822137576393715
  ],
  "radius_tail": [
    7.567345090886091
  ],
  "irregularity": [
    2.273894557502777
  ],
  "irregularity_of_end_surface_head": [
    0.06388154656475159
  ],
  "irregularity_of_end_surface_tail": [
    0.0773866954820782
  ],
  "mean_curvature": [
    0.38403568993213444
  ],
  "fractal_dimension": [
    2.3727091400291695
  ]
}