{
  "volume": [
    6201.190094470978
  ],
  "volume_endpoints": [
    1563.3740725517273
  ],
  "streamlines_count": [
    1297
  ],
  "avg_length": [
    71.04190826416016
  ],
  "std_length": [
    5.432416915893555
  ],
  "min_length": [
    54.208187103271484
  ],
  "max_length": [
    85.4686508178711
  ],
  "span": [
    34.27037811279297
  ],
  "curl": [
    2.0729829134170115
  ],
  "diameter": [
    10.542297613235817
  ],
  "elongation": [
    6.738750021149782
  ],
  "surface_area": [
    4145.750642302037
  ],
  "end_surface_area_head": [
    929.8879945350363
  ],
  "end_surface_area_tail": [
    678.043329348464
  ],
  "radius_head": [
    4.324262654684901
  ],
  "radius_tail": [
    4.182196191931379
  ],
  "irregularity": [
    1.7619898936971767
  ],
  "irregularity_of_end_surface_head": [
    0.06317472527870178
  ],
  "irregularity_of_end_surface_tail": [
    0.08104033534870916
  ],
  "mean_curvature": [
    0.3683672802165185
  ],
  "fractal_dimension": [
    2.323790668011913
  ]
}