{
  "volume": [
    8862.994277477264
  ],
  "volume_endpoints": [
    1958.57644033432
  ],
  "streamlines_count": [
    2356
  ],
  "avg_length": [
    59.83599090576172
  ],
  "std_length": [
    5.31876277923584
  ],
  "min_length": [
    46.541412353515625
  ],
  "max_length": [
    76.53369903564453
  ],
  "span": [
    25.510679244995117
  ],
  "curl": [
    2.345527154769931
  ],
  "diameter": [
    13.732956677410595
  ],
  "elongation": [
    4.357109128887461
  ],
  "surface_area": [
    4868.996860273732
  ],
  "end_surface_area_head": [
    1033.208882816707
  ],
  "end_surface_area_tail": [
    716.7886624540905
  ],
  "radius_head": [
    4.581947048321159
  ],
  "radius_tail": [
    5.383704281409564
  ],
  "irregularity": [
    1.8860929176753296
  ],
  "irregularity_of_end_surface_head": [
    0.06383544250633405
  ],
  "irregularity_of_end_surface_tail": [
    0.12703434093435026
  ],
  "mean_curvature": [
    0.39158687677316634
  ],
  "fractal_dimension": [
    2.349893839042937
  ]
}