{
  "volume": [
    5346.855564117432
  ],
  "volume_endpoints": [
    1313.4666929244995
  ],
  "streamlines_count": [
    513
  ],
  "avg_length": [
    56.136348724365234
  ],
  "std_length": [
    7.235408782958984
  ],
  "min_length": [
    37.33464050292969
  ],
  "max_length": [
    76.95997619628906
  ],
  "span": [
    26.520601272583008
  ],
  "curl": [
    2.116707240057901
  ],
  "diameter": [
    11.012405759593522
  ],
  "elongation": [
    5.097555425204137
  ],
  "surface_area": [
    3751.8397557281673
  ],
  "end_surface_area_head": [
    1091.3268824751467
  ],
  "end_surface_area_tail": [
    568.2648855491889
  ],
  "radius_head": [
    4.63088371796467
  ],
  "radius_tail": [
    4.120102430147367
  ],
  "irregularity": [
    1.93182615649506
  ],
  "irregularity_of_end_surface_head": [
    0.0617337659881199
  ],
  "irregularity_of_end_surface_tail": [
    0.09384585130826145
  ],
  "mean_curvature": [
    0.4110437721653059
  ],
  "fractal_dimension": [
    2.2156015929631327
  ]
}