{
  "volume": [
    13047.489936351776
  ],
  "volume_endpoints": [
    3086.0655484199524
  ],
  "streamlines_count": [
    2962
  ],
  "avg_length": [
    70.91107177734375
  ],
  "std_length": [
    5.045075416564941
  ],
  "min_length": [
    57.831321716308594
  ],
  "max_length": [
    88.14118957519531
  ],
  "span": [
    27.487560272216797
  ],
  "curl": [
    2.5797513884496146
  ],
  "diameter": [
    15.305993333374898
  ],
  "elongation": [
    4.632895770490199
  ],
  "surface_area": [
    7445.561511797895
  ],
  "end_surface_area_head": [
    923.4304390174319
  ],
  "end_surface_area_tail": [
    2118.0782097742494
  ],
  "radius_head": [
    4.446412071659281
  ],
  "radius_tail": [
    6.673885819284619
  ],
  "irregularity": [
    2.1835946112765554
  ],
  "irregularity_of_end_surface_head": [
    0.06726127625630919
  ],
  "irregularity_of_end_surface_tail": [
    0.06606408507453052
  ],
  "mean_curvature": [
    0.37738412465701465
  ],
  "fractal_dimension": [
    2.4001933983088013
  ]
}