{
  "volume": [
    7061.3364243507385
  ],
  "volume_endpoints": [
    1731.9162588119507
  ],
  "streamlines_count": [
    1923
  ],
  "avg_length": [
    71.71160125732422
  ],
  "std_length": [
    6.392858505249023
  ],
  "min_length": [
    56.93317794799805
  ],
  "max_length": [
    93.14908599853516
  ],
  "span": [
    33.62517547607422
  ],
  "curl": [
    2.1326758966165147
  ],
  "diameter": [
    11.197054726884245
  ],
  "elongation": [
    6.404505738919354
  ],
  "surface_area": [
    4752.760860956852
  ],
  "end_surface_area_head": [
    807.1944397005524
  ],
  "end_surface_area_tail": [
    981.5484386758717
  ],
  "radius_head": [
    4.307236511765269
  ],
  "radius_tail": [
    4.932749722837376
  ],
  "irregularity": [
    1.884095313757142
  ],
  "irregularity_of_end_surface_head": [
    0.07220531224610056
  ],
  "irregularity_of_end_surface_tail": [
    0.07787827042162583
  ],
  "mean_curvature": [
    0.359273125402517
  ],
  "fractal_dimension": [
    2.277139271659043
  ]
}