{
  "volume": [
    6334.861483573914
  ],
  "volume_endpoints": [
    1999.2590370178223
  ],
  "streamlines_count": [
    2699
  ],
  "avg_length": [
    63.461570739746094
  ],
  "std_length": [
    5.932314872741699
  ],
  "min_length": [
    46.61745834350586
  ],
  "max_length": [
    82.12166595458984
  ],
  "span": [
    31.570831298828125
  ],
  "curl": [
    2.010133028777792
  ],
  "diameter": [
    11.273745129916774
  ],
  "elongation": [
    5.629147191853767
  ],
  "surface_area": [
    4442.79819611184
  ],
  "end_surface_area_head": [
    684.5008848660684
  ],
  "end_surface_area_tail": [
    1498.1528800842252
  ],
  "radius_head": [
    3.991550004869123
  ],
  "radius_tail": [
    5.867580894288973
  ],
  "irregularity": [
    1.9766404781104034
  ],
  "irregularity_of_end_surface_head": [
    0.07312384299332637
  ],
  "irregularity_of_end_surface_tail": [
    0.07219579627086842
  ],
  "mean_curvature": [
    0.36404614122367074
  ],
  "fractal_dimension": [
    2.2798459108978952
  ]
}