{
  "volume": [
    8624.710496902466
  ],
  "volume_endpoints": [
    1917.8938436508179
  ],
  "streamlines_count": [
    2478
  ],
  "avg_length": [
    71.49639129638672
  ],
  "std_length": [
    4.218317031860352
  ],
  "min_length": [
    59.349143981933594
  ],
  "max_length": [
    85.03695678710938
  ],
  "span": [
    33.59980010986328
  ],
  "curl": [
    2.1278814475863155
  ],
  "diameter": [
    12.393251455391262
  ],
  "elongation": [
    5.768977701592963
  ],
  "surface_area": [
    5249.992635812393
  ],
  "end_surface_area_head": [
    1013.8362162638938
  ],
  "end_surface_area_tail": [
    807.1944397005524
  ],
  "radius_head": [
    4.861335050540164
  ],
  "radius_tail": [
    4.475259193195899
  ],
  "irregularity": [
    1.8859902282500678
  ],
  "irregularity_of_end_surface_head": [
    0.07323069912779026
  ],
  "irregularity_of_end_surface_tail": [
    0.077948560224139
  ],
  "mean_curvature": [
    0.3677757249617403
  ],
  "fractal_dimension": [
    2.3088981892241254
  ]
}