{
  "volume": [
    3312.725729942322
  ],
  "volume_endpoints": [
    1708.6690607070923
  ],
  "streamlines_count": [
    3171
  ],
  "avg_length": [
    24.771133422851562
  ],
  "std_length": [
    3.3539230823516846
  ],
  "min_length": [
    20.058507919311523
  ],
  "max_length": [
    37.38916015625
  ],
  "span": [
    11.318415641784668
  ],
  "curl": [
    2.1885689841078935
  ],
  "diameter": [
    13.048928771120123
  ],
  "elongation": [
    1.8983269705383796
  ],
  "surface_area": [
    2214.941542538316
  ],
  "end_surface_area_head": [
    833.02466177097
  ],
  "end_surface_area_tail": [
    716.7886624540905
  ],
  "radius_head": [
    4.205522238869637
  ],
  "radius_tail": [
    4.145230123651864
  ],
  "irregularity": [
    2.1811807539286265
  ],
  "irregularity_of_end_surface_head": [
    0.06670092881162691
  ],
  "irregularity_of_end_surface_tail": [
    0.07531058763927706
  ],
  "mean_curvature": [
    0.4442319031141038
  ],
  "fractal_dimension": [
    2.23093640430317
  ]
}