{
  "volume": [
    10792.511720180511
  ],
  "volume_endpoints": [
    2748.9811758995056
  ],
  "streamlines_count": [
    3212
  ],
  "avg_length": [
    70.67591857910156
  ],
  "std_length": [
    5.921881675720215
  ],
  "min_length": [
    54.53074645996094
  ],
  "max_length": [
    89.90287780761719
  ],
  "span": [
    29.25802230834961
  ],
  "curl": [
    2.4156081991547382
  ],
  "diameter": [
    13.943782276575204
  ],
  "elongation": [
    5.068633257264298
  ],
  "surface_area": [
    6438.182851051606
  ],
  "end_surface_area_head": [
    1020.2937717814982
  ],
  "end_surface_area_tail": [
    1666.04932354194
  ],
  "radius_head": [
    4.840095310047903
  ],
  "radius_tail": [
    5.816686155304565
  ],
  "irregularity": [
    2.0795117545246984
  ],
  "irregularity_of_end_surface_head": [
    0.07213274584957936
  ],
  "irregularity_of_end_surface_tail": [
    0.06379891331268779
  ],
  "mean_curvature": [
    0.3643362335257631
  ],
  "fractal_dimension": [
    2.3439851514345027
  ]
}