{
  "volume": [
    9304.691041469574
  ],
  "volume_endpoints": [
    2388.6496052742004
  ],
  "streamlines_count": [
    3306
  ],
  "avg_length": [
    56.11008071899414
  ],
  "std_length": [
    6.635303974151611
  ],
  "min_length": [
    40.01918029785156
  ],
  "max_length": [
    77.5736312866211
  ],
  "span": [
    24.960186004638672
  ],
  "curl": [
    2.247983276589625
  ],
  "diameter": [
    14.530668372040578
  ],
  "elongation": [
    3.861493448364651
  ],
  "surface_area": [
    4946.487526484985
  ],
  "end_surface_area_head": [
    1252.7657704152573
  ],
  "end_surface_area_tail": [
    891.1426614294098
  ],
  "radius_head": [
    5.088820292268845
  ],
  "radius_tail": [
    4.445825405158412
  ],
  "irregularity": [
    1.9311702434140312
  ],
  "irregularity_of_end_surface_head": [
    0.06494028987818565
  ],
  "irregularity_of_end_surface_tail": [
    0.0696798880346281
  ],
  "mean_curvature": [
    0.39749210594245615
  ],
  "fractal_dimension": [
    2.3955671181526674
  ]
}