{
  "volume": [
    14244.720638751984
  ],
  "volume_endpoints": [
    3318.5375294685364
  ],
  "streamlines_count": [
    3872
  ],
  "avg_length": [
    74.68717956542969
  ],
  "std_length": [
    6.922253131866455
  ],
  "min_length": [
    52.135990142822266
  ],
  "max_length": [
    96.04888916015625
  ],
  "span": [
    30.243810653686523
  ],
  "curl": [
    2.469502947913933
  ],
  "diameter": [
    15.583284440066835
  ],
  "elongation": [
    4.79277522352081
  ],
  "surface_area": [
    7942.793286653436
  ],
  "end_surface_area_head": [
    1039.6664383343114
  ],
  "end_surface_area_tail": [
    2047.0450990806007
  ],
  "radius_head": [
    4.907899706173947
  ],
  "radius_tail": [
    6.974516814748516
  ],
  "irregularity": [
    2.1722926369270312
  ],
  "irregularity_of_end_surface_head": [
    0.07278589163961303
  ],
  "irregularity_of_end_surface_tail": [
    0.07465359273027357
  ],
  "mean_curvature": [
    0.38086092801502913
  ],
  "fractal_dimension": [
    2.406789217687345
  ]
}