{
  "volume": [
    17202.926597595215
  ],
  "volume_endpoints": [
    3417.3381214141846
  ],
  "streamlines_count": [
    4783
  ],
  "avg_length": [
    69.91207122802734
  ],
  "std_length": [
    6.724948406219482
  ],
  "min_length": [
    50.34870529174805
  ],
  "max_length": [
    90.70704650878906
  ],
  "span": [
    26.81620979309082
  ],
  "curl": [
    2.607082498513274
  ],
  "diameter": [
    17.7002802667856
  ],
  "elongation": [
    3.9497719908546673
  ],
  "surface_area": [
    8795.190614977219
  ],
  "end_surface_area_head": [
    1162.3599931687954
  ],
  "end_surface_area_tail": [
    1879.148655622886
  ],
  "radius_head": [
    4.99926846932371
  ],
  "radius_tail": [
    7.555577875709034
  ],
  "irregularity": [
    2.262367074603765
  ],
  "irregularity_of_end_surface_head": [
    0.06754949995559645
  ],
  "irregularity_of_end_surface_tail": [
    0.09543861044980156
  ],
  "mean_curvature": [
    0.3866691714533946
  ],
  "fractal_dimension": [
    2.425945941184159
  ]
}